behavior agent random 第一次
2025-07-15 Tuesday 11:24:11  random_test.py : INFO  === Evaluate Testcase ===
 def testcase(self):
    ego = NPC(lane_id=1, offset=27.60382598, initial_speed=3.97113094)
    vehicle2 = NPC(lane_id=4, offset=13.21949994, initial_speed=19.9111016)
    vehicle3 = NPC(lane_id=1, offset=46.19593743, initial_speed=23.7824306)
    vehicle3.accelerate(trigger_sequence=2, target_speed=41.39505951)
    vehicle2.changeLane(trigger_sequence=3, target_lane=1, target_speed=18.1553085)
    vehicle3.accelerate(trigger_sequence=3, target_speed=56.05377205)
    vehicle3.decelerate(trigger_sequence=4, target_speed=1.26128451)
    vehicle2.decelerate(trigger_sequence=5, target_speed=9.50676372)
    vehicle3.changeLane(trigger_sequence=5, target_lane=3, target_speed=56.88185573)

2025-07-15 Tuesday 11:24:11  random_test.py : INFO  === Evaluation Finished === 
 Fitness: [12.556656515352755, -0.0], Collision: False
2025-07-15 Tuesday 11:24:16  random_test.py : INFO  === Evaluate Testcase === 
 def testcase(self):
    vehicle1 = NPC(lane_id=2, offset=18.91762201, initial_speed=39.59175873)
    ego = NPC(lane_id=4, offset=7.13675893, initial_speed=23.64697939)
    vehicle1.decelerate(trigger_sequence=4, target_speed=22.29094967)
    vehicle1.decelerate(trigger_sequence=5, target_speed=15.67961968)

2025-07-15 Tuesday 11:24:16  random_test.py : INFO  === Evaluation Finished === 
 Fitness: [6.999707039185866, -0.0], Collision: False
2025-07-15 Tuesday 11:24:21  random_test.py : INFO  === Evaluate Testcase === 
 def testcase(self):
    vehicle1 = NPC(lane_id=4, offset=14.19910561, initial_speed=8.17701245)
    ego = NPC(lane_id=5, offset=34.24639318, initial_speed=30.96480171)
    vehicle1.accelerate(trigger_sequence=5, target_speed=57.13520687)

2025-07-15 Tuesday 11:24:21  random_test.py : INFO  === Evaluation Finished === 
 Fitness: [21.509024231938408, -0.0], Collision: False
2025-07-15 Tuesday 11:24:27  random_test.py : INFO  === Evaluate Testcase === 
 def testcase(self):
    vehicle1 = NPC(lane_id=1, offset=43.19562975, initial_speed=1.47248754)
    ego = NPC(lane_id=5, offset=16.9226503, initial_speed=38.40299544)
    vehicle3 = NPC(lane_id=2, offset=35.59584547, initial_speed=11.54582207)
    vehicle3.decelerate(trigger_sequence=1, target_speed=2.74718162)
    vehicle3.decelerate(trigger_sequence=2, target_speed=27.33900867)
    vehicle1.decelerate(trigger_sequence=4, target_speed=18.42511966)
    vehicle1.accelerate(trigger_sequence=5, target_speed=59.92834258)
    vehicle3.changeLane(trigger_sequence=5, target_lane=3, target_speed=24.31310814)

2025-07-15 Tuesday 11:24:27  random_test.py : INFO  === Evaluation Finished === 
 Fitness: [10.500257653526575, -0.0], Collision: False
2025-07-15 Tuesday 11:24:32  random_test.py : INFO  === Evaluate Testcase === 
 def testcase(self):
    vehicle1 = NPC(lane_id=3, offset=26.61094959, initial_speed=25.26261739)
    ego = NPC(lane_id=1, offset=38.89634724, initial_speed=37.54288878)
    vehicle3 = NPC(lane_id=3, offset=2.695567, initial_speed=7.30315837)
    vehicle4 = NPC(lane_id=3, offset=45.09964952, initial_speed=1.77521549)
    vehicle4.decelerate(trigger_sequence=1, target_speed=0.98258348)
    vehicle1.decelerate(trigger_sequence=2, target_speed=16.33902302)
    vehicle1.accelerate(trigger_sequence=3, target_speed=46.14524716)
    vehicle3.decelerate(trigger_sequence=3, target_speed=6.67636983)
    vehicle4.accelerate(trigger_sequence=4, target_speed=49.14766294)
    vehicle1.accelerate(trigger_sequence=5, target_speed=36.7652432)
    vehicle3.accelerate(trigger_sequence=5, target_speed=31.68894166)
    vehicle4.decelerate(trigger_sequence=5, target_speed=7.38718295)

2025-07-15 Tuesday 11:24:32  random_test.py : INFO  === Evaluation Finished === 
 Fitness: [7.006898533777427, -0.0], Collision: False
2025-07-15 Tuesday 11:24:38  random_test.py : INFO  === Evaluate Testcase === 
 def testcase(self):
    vehicle1 = NPC(lane_id=1, offset=35.57531627, initial_speed=1.299979)
    ego = NPC(lane_id=5, offset=3.98479988, initial_speed=35.19039409)
    vehicle3 = NPC(lane_id=1, offset=48.71099825, initial_speed=14.37767176)
    vehicle1.changeLane(trigger_sequence=1, target_lane=3, target_speed=3.70125271)
    vehicle3.accelerate(trigger_sequence=2, target_speed=51.68611118)
    vehicle3.accelerate(trigger_sequence=3, target_speed=51.52049662)
    vehicle1.changeLane(trigger_sequence=4, target_lane=3, target_speed=14.53108424)

2025-07-15 Tuesday 11:24:38  random_test.py : INFO  === Evaluation Finished === 
 Fitness: [13.999733198186902, -0.0], Collision: False
2025-07-15 Tuesday 11:24:42  random_test.py : INFO  === Evaluate Testcase === 
 def testcase(self):
    vehicle1 = NPC(lane_id=4, offset=26.08268115, initial_speed=24.90854321)
    vehicle2 = NPC(lane_id=3, offset=12.25674313, initial_speed=12.26012654)
    ego = NPC(lane_id=3, offset=12.6279584, initial_speed=37.95232099)
    vehicle4 = NPC(lane_id=3, offset=12.12733603, initial_speed=23.15487441)
    vehicle1.accelerate(trigger_sequence=1, target_speed=57.92590019)
    vehicle2.changeLane(trigger_sequence=1, target_lane=1, target_speed=34.10481228)
    vehicle1.decelerate(trigger_sequence=2, target_speed=5.86704825)
    vehicle2.accelerate(trigger_sequence=2, target_speed=48.99991185)
    vehicle4.changeLane(trigger_sequence=2, target_lane=1, target_speed=25.15769002)
    vehicle1.accelerate(trigger_sequence=3, target_speed=49.85089591)
    vehicle2.decelerate(trigger_sequence=3, target_speed=21.64422385)
    vehicle4.changeLane(trigger_sequence=3, target_lane=3, target_speed=30.19378427)
    vehicle1.decelerate(trigger_sequence=4, target_speed=9.07570428)
    vehicle4.changeLane(trigger_sequence=4, target_lane=3, target_speed=16.15338815)
    vehicle1.changeLane(trigger_sequence=5, target_lane=1, target_speed=56.12336595)
    vehicle4.changeLane(trigger_sequence=5, target_lane=3, target_speed=6.69456582)

2025-07-15 Tuesday 11:24:42  random_test.py : INFO  === Evaluation Finished === 
 Fitness: [inf, 0], Collision: False
2025-07-15 Tuesday 11:24:47  random_test.py : INFO  === Evaluate Testcase === 
 def testcase(self):
    ego = NPC(lane_id=4, offset=35.63455529, initial_speed=33.90898603)
    vehicle2 = NPC(lane_id=2, offset=13.52052921, initial_speed=22.43953613)
    vehicle2.decelerate(trigger_sequence=1, target_speed=14.43877239)
    vehicle2.decelerate(trigger_sequence=2, target_speed=24.05712468)
    vehicle2.accelerate(trigger_sequence=3, target_speed=59.93693818)
    vehicle2.accelerate(trigger_sequence=4, target_speed=33.8675668)
    vehicle2.accelerate(trigger_sequence=5, target_speed=55.48453055)

2025-07-15 Tuesday 11:24:47  random_test.py : INFO  === Evaluation Finished === 
 Fitness: [24.244995735767354, -0.0], Collision: False
2025-07-15 Tuesday 11:24:51  random_test.py : INFO  === Evaluate Testcase === 
 def testcase(self):
    vehicle1 = NPC(lane_id=4, offset=11.9817489, initial_speed=14.05404503)
    vehicle2 = NPC(lane_id=5, offset=13.02535348, initial_speed=9.91430341)
    ego = NPC(lane_id=2, offset=0.31602464, initial_speed=26.21499712)
    vehicle4 = NPC(lane_id=2, offset=1.10307968, initial_speed=27.71533623)
    vehicle1.changeLane(trigger_sequence=1, target_lane=3, target_speed=31.56803928)
    vehicle1.decelerate(trigger_sequence=2, target_speed=23.94621598)
    vehicle1.decelerate(trigger_sequence=3, target_speed=17.57216621)
    vehicle2.changeLane(trigger_sequence=4, target_lane=1, target_speed=17.66171184)
    vehicle1.decelerate(trigger_sequence=5, target_speed=6.65302037)
    vehicle2.changeLane(trigger_sequence=5, target_lane=3, target_speed=29.25731759)
    vehicle4.changeLane(trigger_sequence=5, target_lane=1, target_speed=11.49661173)

2025-07-15 Tuesday 11:24:51  random_test.py : INFO  === Evaluation Finished === 
 Fitness: [inf, 0], Collision: False
2025-07-15 Tuesday 11:24:56  random_test.py : INFO  === Evaluate Testcase === 
 def testcase(self):
    ego = NPC(lane_id=3, offset=4.81766316, initial_speed=8.98689587)
    vehicle2 = NPC(lane_id=2, offset=30.35195627, initial_speed=4.73424771)
    vehicle2.accelerate(trigger_sequence=3, target_speed=54.56916637)
    vehicle2.changeLane(trigger_sequence=4, target_lane=3, target_speed=20.60776023)
    vehicle2.decelerate(trigger_sequence=5, target_speed=26.41103614)

2025-07-15 Tuesday 11:24:56  random_test.py : INFO  === Evaluation Finished === 
 Fitness: [3.5002646966130917, -0.002857142857142857], Collision: False
2025-07-15 Tuesday 11:25:00  random_test.py : INFO  === Evaluate Testcase === 
 def testcase(self):
    vehicle1 = NPC(lane_id=1, offset=3.90142073, initial_speed=25.36362871)
    ego = NPC(lane_id=4, offset=31.64156087, initial_speed=21.69001362)
    vehicle3 = NPC(lane_id=4, offset=37.19803578, initial_speed=10.25791735)
    vehicle1.decelerate(trigger_sequence=1, target_speed=11.35142787)
    vehicle1.decelerate(trigger_sequence=2, target_speed=11.61951661)
    vehicle3.changeLane(trigger_sequence=2, target_lane=3, target_speed=8.51230948)
    vehicle3.decelerate(trigger_sequence=3, target_speed=17.23555002)

2025-07-15 Tuesday 11:25:00  random_test.py : INFO  === Evaluation Finished === 
 Fitness: [inf, 0], Collision: False
2025-07-15 Tuesday 11:25:06  random_test.py : INFO  === Evaluate Testcase === 
 def testcase(self):
    vehicle1 = NPC(lane_id=4, offset=48.70683572, initial_speed=36.93509724)
    ego = NPC(lane_id=5, offset=45.44609611, initial_speed=14.81499357)
    vehicle3 = NPC(lane_id=1, offset=31.15921613, initial_speed=2.42648955)
    vehicle4 = NPC(lane_id=4, offset=4.00990178, initial_speed=14.95796064)
    vehicle3.decelerate(trigger_sequence=1, target_speed=12.53820539)
    vehicle1.accelerate(trigger_sequence=3, target_speed=33.90988312)
    vehicle3.changeLane(trigger_sequence=4, target_lane=3, target_speed=36.02191241)
    vehicle1.decelerate(trigger_sequence=5, target_speed=8.38471362)
    vehicle3.decelerate(trigger_sequence=5, target_speed=23.89888554)
    vehicle4.changeLane(trigger_sequence=5, target_lane=3, target_speed=14.34855085)

2025-07-15 Tuesday 11:25:06  random_test.py : INFO  === Evaluation Finished === 
 Fitness: [5.03181294226655, -0.0], Collision: False
2025-07-15 Tuesday 11:25:11  random_test.py : INFO  === Evaluate Testcase === 
 def testcase(self):
    vehicle1 = NPC(lane_id=4, offset=37.67397452, initial_speed=13.72141274)
    ego = NPC(lane_id=2, offset=18.00933233, initial_speed=24.23408498)

2025-07-15 Tuesday 11:25:11  random_test.py : INFO  === Evaluation Finished === 
 Fitness: [7.000606939044272, -0.9615384615384616], Collision: False
2025-07-15 Tuesday 11:25:18  random_test.py : INFO  === Evaluate Testcase === 
 def testcase(self):
    vehicle1 = NPC(lane_id=1, offset=48.07789443, initial_speed=28.51651815)
    ego = NPC(lane_id=5, offset=15.92055238, initial_speed=15.64548846)
    vehicle3 = NPC(lane_id=5, offset=27.2457536, initial_speed=1.88655759)
    vehicle4 = NPC(lane_id=2, offset=29.08084382, initial_speed=27.51177404)
    vehicle1.changeLane(trigger_sequence=1, target_lane=3, target_speed=21.9090232)
    vehicle4.accelerate(trigger_sequence=1, target_speed=55.07548166)
    vehicle1.changeLane(trigger_sequence=2, target_lane=1, target_speed=50.60720058)
    vehicle3.changeLane(trigger_sequence=2, target_lane=3, target_speed=39.24816293)
    vehicle4.changeLane(trigger_sequence=2, target_lane=1, target_speed=5.40933517)
    vehicle1.accelerate(trigger_sequence=3, target_speed=47.607918)
    vehicle4.decelerate(trigger_sequence=3, target_speed=27.66678186)
    vehicle3.changeLane(trigger_sequence=4, target_lane=1, target_speed=38.01264123)

2025-07-15 Tuesday 11:25:18  random_test.py : INFO  === Evaluation Finished === 
 Fitness: [9.474183599933026, -0.0035650623885918], Collision: False
2025-07-15 Tuesday 11:25:24  random_test.py : INFO  === Evaluate Testcase === 
 def testcase(self):
    ego = NPC(lane_id=3, offset=22.88475855, initial_speed=11.19888801)
    vehicle2 = NPC(lane_id=5, offset=5.02490842, initial_speed=34.10883464)
    vehicle3 = NPC(lane_id=5, offset=28.42814614, initial_speed=6.42129049)
    vehicle2.accelerate(trigger_sequence=1, target_speed=48.92314875)
    vehicle3.changeLane(trigger_sequence=3, target_lane=3, target_speed=25.23493038)
    vehicle2.decelerate(trigger_sequence=4, target_speed=19.92634756)
    vehicle2.decelerate(trigger_sequence=5, target_speed=4.4216433)

2025-07-15 Tuesday 11:25:24  random_test.py : INFO  === Evaluation Finished === 
 Fitness: [7.0024653484152495, -0.0], Collision: False
2025-07-15 Tuesday 11:25:29  random_test.py : INFO  === Evaluate Testcase === 
 def testcase(self):
    vehicle1 = NPC(lane_id=4, offset=21.54671891, initial_speed=27.71729859)
    ego = NPC(lane_id=2, offset=47.22000199, initial_speed=14.5139927)
    vehicle1.changeLane(trigger_sequence=1, target_lane=1, target_speed=46.44413728)

2025-07-15 Tuesday 11:25:29  random_test.py : INFO  === Evaluation Finished === 
 Fitness: [10.46784329766956, -0.0], Collision: False
2025-07-15 Tuesday 11:25:35  random_test.py : INFO  === Evaluate Testcase === 
 def testcase(self):
    vehicle1 = NPC(lane_id=5, offset=12.41986043, initial_speed=34.07355679)
    ego = NPC(lane_id=5, offset=42.48160382, initial_speed=12.38463578)
    vehicle3 = NPC(lane_id=4, offset=46.36111072, initial_speed=13.22822131)
    vehicle1.changeLane(trigger_sequence=1, target_lane=3, target_speed=47.36523507)
    vehicle3.decelerate(trigger_sequence=3, target_speed=21.33117266)
    vehicle1.changeLane(trigger_sequence=4, target_lane=3, target_speed=31.47304897)
    vehicle3.changeLane(trigger_sequence=5, target_lane=3, target_speed=32.40277097)

2025-07-15 Tuesday 11:25:35  random_test.py : INFO  === Evaluation Finished === 
 Fitness: [3.500514435502473, -0.0], Collision: False
2025-07-15 Tuesday 11:25:40  random_test.py : INFO  === Evaluate Testcase === 
 def testcase(self):
    ego = NPC(lane_id=1, offset=16.65849904, initial_speed=32.39919586)
    vehicle2 = NPC(lane_id=5, offset=3.8401176, initial_speed=33.26279232)
    vehicle2.decelerate(trigger_sequence=1, target_speed=15.13200164)
    vehicle2.decelerate(trigger_sequence=3, target_speed=11.01608437)
    vehicle2.changeLane(trigger_sequence=4, target_lane=3, target_speed=9.81866959)

2025-07-15 Tuesday 11:25:40  random_test.py : INFO  === Evaluation Finished === 
 Fitness: [19.4623730961779, -0.0], Collision: False
2025-07-15 Tuesday 11:25:46  random_test.py : INFO  === Evaluate Testcase === 
 def testcase(self):
    ego = NPC(lane_id=4, offset=35.52316571, initial_speed=1.03105561)
    vehicle2 = NPC(lane_id=2, offset=45.5444642, initial_speed=6.52611855)
    vehicle3 = NPC(lane_id=2, offset=37.53634334, initial_speed=11.47509919)
    vehicle4 = NPC(lane_id=2, offset=1.99468766, initial_speed=2.26908147)
    vehicle2.decelerate(trigger_sequence=1, target_speed=28.39485608)
    vehicle4.changeLane(trigger_sequence=2, target_lane=3, target_speed=38.18735068)
    vehicle2.changeLane(trigger_sequence=3, target_lane=3, target_speed=58.34159849)
    vehicle4.decelerate(trigger_sequence=3, target_speed=22.79398686)
    vehicle2.decelerate(trigger_sequence=4, target_speed=24.37061121)
    vehicle4.accelerate(trigger_sequence=4, target_speed=41.79588825)
    vehicle2.changeLane(trigger_sequence=5, target_lane=1, target_speed=13.94123056)
    vehicle3.accelerate(trigger_sequence=5, target_speed=43.68529167)
    vehicle4.accelerate(trigger_sequence=5, target_speed=58.72843068)

2025-07-15 Tuesday 11:25:46  random_test.py : INFO  === Evaluation Finished === 
 Fitness: [6.999934169025374, -0.0], Collision: False
2025-07-15 Tuesday 11:25:51  random_test.py : INFO  === Evaluate Testcase === 
 def testcase(self):
    vehicle1 = NPC(lane_id=3, offset=23.40881052, initial_speed=6.28912163)
    ego = NPC(lane_id=1, offset=12.8001874, initial_speed=19.89661172)
    vehicle1.decelerate(trigger_sequence=1, target_speed=12.96995998)
    vehicle1.decelerate(trigger_sequence=3, target_speed=11.82571835)
    vehicle1.changeLane(trigger_sequence=4, target_lane=1, target_speed=38.2873693)

2025-07-15 Tuesday 11:25:51  random_test.py : INFO  === Evaluation Finished === 
 Fitness: [6.99942096924805, -0.0029069767441860465], Collision: False
2025-07-15 Tuesday 11:25:56  random_test.py : INFO  === Evaluate Testcase === 
 def testcase(self):
    ego = NPC(lane_id=4, offset=41.08139422, initial_speed=32.83092649)
    vehicle2 = NPC(lane_id=1, offset=34.48938514, initial_speed=12.4618795)
    vehicle3 = NPC(lane_id=5, offset=45.73885788, initial_speed=39.1077605)
    vehicle4 = NPC(lane_id=3, offset=2.40097586, initial_speed=17.75763906)
    vehicle2.decelerate(trigger_sequence=1, target_speed=19.81096674)
    vehicle4.changeLane(trigger_sequence=4, target_lane=3, target_speed=24.37118733)
    vehicle2.changeLane(trigger_sequence=5, target_lane=3, target_speed=36.33095838)
    vehicle4.accelerate(trigger_sequence=5, target_speed=56.40220176)

2025-07-15 Tuesday 11:25:56  random_test.py : INFO  === Evaluation Finished === 
 Fitness: [4.262784094503137, -0.0], Collision: False
2025-07-15 Tuesday 11:26:00  random_test.py : INFO  === Evaluate Testcase === 
 def testcase(self):
    ego = NPC(lane_id=3, offset=37.52132655, initial_speed=30.26553615)
    vehicle2 = NPC(lane_id=3, offset=39.1524184, initial_speed=1.4803502)
    vehicle3 = NPC(lane_id=4, offset=17.11055053, initial_speed=24.2993263)
    vehicle3.changeLane(trigger_sequence=1, target_lane=1, target_speed=17.05849757)
    vehicle2.changeLane(trigger_sequence=2, target_lane=1, target_speed=57.15269678)
    vehicle2.accelerate(trigger_sequence=3, target_speed=45.38542347)
    vehicle3.changeLane(trigger_sequence=3, target_lane=3, target_speed=37.60520037)

2025-07-15 Tuesday 11:26:00  random_test.py : INFO  === Evaluation Finished === 
 Fitness: [inf, 0], Collision: False
2025-07-15 Tuesday 11:26:04  random_test.py : INFO  === Evaluate Testcase === 
 def testcase(self):
    vehicle1 = NPC(lane_id=4, offset=30.12377962, initial_speed=15.27069747)
    ego = NPC(lane_id=4, offset=27.97968065, initial_speed=33.62283061)
    vehicle3 = NPC(lane_id=1, offset=12.24369669, initial_speed=30.56995685)
    vehicle4 = NPC(lane_id=2, offset=34.30311419, initial_speed=39.44876367)
    vehicle1.accelerate(trigger_sequence=2, target_speed=34.28742336)
    vehicle3.decelerate(trigger_sequence=2, target_speed=21.45048479)
    vehicle4.decelerate(trigger_sequence=2, target_speed=13.8179615)
    vehicle3.decelerate(trigger_sequence=3, target_speed=12.98877233)
    vehicle1.accelerate(trigger_sequence=4, target_speed=47.28007425)
    vehicle3.changeLane(trigger_sequence=4, target_lane=3, target_speed=35.18698907)

2025-07-15 Tuesday 11:26:04  random_test.py : INFO  === Evaluation Finished === 
 Fitness: [inf, 0], Collision: False
2025-07-15 Tuesday 11:26:10  random_test.py : INFO  === Evaluate Testcase === 
 def testcase(self):
    vehicle1 = NPC(lane_id=4, offset=9.6726164, initial_speed=1.38442217)
    vehicle2 = NPC(lane_id=5, offset=5.6674526, initial_speed=10.76023889)
    ego = NPC(lane_id=4, offset=36.5518709, initial_speed=34.28181727)
    vehicle4 = NPC(lane_id=2, offset=6.83161576, initial_speed=7.50738723)
    vehicle2.decelerate(trigger_sequence=2, target_speed=11.12648145)
    vehicle2.accelerate(trigger_sequence=3, target_speed=54.75027456)
    vehicle4.changeLane(trigger_sequence=3, target_lane=3, target_speed=8.27168262)
    vehicle4.accelerate(trigger_sequence=4, target_speed=34.49344963)
    vehicle2.accelerate(trigger_sequence=5, target_speed=43.20592719)
    vehicle4.decelerate(trigger_sequence=5, target_speed=12.85338938)

2025-07-15 Tuesday 11:26:10  random_test.py : INFO  === Evaluation Finished === 
 Fitness: [29.20184140173156, -0.0], Collision: False
2025-07-15 Tuesday 11:26:15  random_test.py : INFO  === Evaluate Testcase === 
 def testcase(self):
    vehicle1 = NPC(lane_id=2, offset=15.96156013, initial_speed=33.74238732)
    vehicle2 = NPC(lane_id=5, offset=22.7563242, initial_speed=21.38470001)
    ego = NPC(lane_id=4, offset=28.78909465, initial_speed=13.71210575)
    vehicle1.decelerate(trigger_sequence=1, target_speed=26.32858737)
    vehicle2.accelerate(trigger_sequence=1, target_speed=46.37290654)
    vehicle1.decelerate(trigger_sequence=2, target_speed=13.62528065)
    vehicle1.changeLane(trigger_sequence=3, target_lane=1, target_speed=57.83642978)
    vehicle2.changeLane(trigger_sequence=4, target_lane=1, target_speed=42.39675132)
    vehicle2.accelerate(trigger_sequence=5, target_speed=42.36478451)

2025-07-15 Tuesday 11:26:15  random_test.py : INFO  === Evaluation Finished === 
 Fitness: [6.220046178206019, -0.0], Collision: False
2025-07-15 Tuesday 11:26:21  random_test.py : INFO  === Evaluate Testcase === 
 def testcase(self):
    vehicle1 = NPC(lane_id=2, offset=0.19680076, initial_speed=27.92521687)
    ego = NPC(lane_id=3, offset=2.12160942, initial_speed=35.8500016)
    vehicle3 = NPC(lane_id=5, offset=19.32622857, initial_speed=27.0995336)
    vehicle1.changeLane(trigger_sequence=1, target_lane=1, target_speed=22.02850695)
    vehicle3.accelerate(trigger_sequence=1, target_speed=53.40513313)
    vehicle1.decelerate(trigger_sequence=2, target_speed=6.09335398)
    vehicle1.decelerate(trigger_sequence=3, target_speed=22.67926898)
    vehicle3.changeLane(trigger_sequence=3, target_lane=3, target_speed=40.71382393)

2025-07-15 Tuesday 11:26:21  random_test.py : INFO  === Evaluation Finished === 
 Fitness: [4.696108062226456, -0.0], Collision: False
2025-07-15 Tuesday 11:26:26  random_test.py : INFO  === Evaluate Testcase === 
 def testcase(self):
    vehicle1 = NPC(lane_id=2, offset=23.1545153, initial_speed=16.3073338)
    ego = NPC(lane_id=3, offset=38.33374261, initial_speed=38.69183739)
    vehicle1.accelerate(trigger_sequence=1, target_speed=47.60110805)
    vehicle1.changeLane(trigger_sequence=3, target_lane=3, target_speed=9.57583299)
    vehicle1.decelerate(trigger_sequence=5, target_speed=7.46350642)

2025-07-15 Tuesday 11:26:26  random_test.py : INFO  === Evaluation Finished === 
 Fitness: [16.92865620825306, -0.0], Collision: False
2025-07-15 Tuesday 11:26:32  random_test.py : INFO  === Evaluate Testcase === 
 def testcase(self):
    ego = NPC(lane_id=2, offset=44.79611714, initial_speed=31.6115783)
    vehicle2 = NPC(lane_id=3, offset=36.17713657, initial_speed=34.44932618)
    vehicle3 = NPC(lane_id=4, offset=16.62202976, initial_speed=38.00573131)
    vehicle4 = NPC(lane_id=4, offset=41.10243595, initial_speed=25.62506348)
    vehicle2.changeLane(trigger_sequence=1, target_lane=3, target_speed=3.96090983)
    vehicle3.decelerate(trigger_sequence=1, target_speed=0.05112789)
    vehicle4.changeLane(trigger_sequence=1, target_lane=3, target_speed=31.01424704)
    vehicle2.decelerate(trigger_sequence=2, target_speed=6.31507587)
    vehicle3.accelerate(trigger_sequence=2, target_speed=49.30033953)
    vehicle4.accelerate(trigger_sequence=2, target_speed=36.41275777)
    vehicle2.changeLane(trigger_sequence=3, target_lane=1, target_speed=55.27588588)
    vehicle3.changeLane(trigger_sequence=3, target_lane=1, target_speed=12.89278985)
    vehicle2.accelerate(trigger_sequence=4, target_speed=53.86873507)
    vehicle3.changeLane(trigger_sequence=4, target_lane=1, target_speed=34.61557996)
    vehicle4.accelerate(trigger_sequence=4, target_speed=49.9920417)
    vehicle2.accelerate(trigger_sequence=5, target_speed=51.00715171)
    vehicle3.changeLane(trigger_sequence=5, target_lane=1, target_speed=30.37412756)
    vehicle4.accelerate(trigger_sequence=5, target_speed=50.51661274)

2025-07-15 Tuesday 11:26:32  random_test.py : INFO  === Evaluation Finished === 
 Fitness: [8.929125918904678, -0.0], Collision: False
2025-07-15 Tuesday 11:26:37  random_test.py : INFO  === Evaluate Testcase === 
 def testcase(self):
    ego = NPC(lane_id=4, offset=47.12252643, initial_speed=15.26513053)
    vehicle2 = NPC(lane_id=4, offset=18.09103567, initial_speed=20.0687416)
    vehicle2.decelerate(trigger_sequence=1, target_speed=11.9109193)
    vehicle2.decelerate(trigger_sequence=2, target_speed=2.83357689)
    vehicle2.decelerate(trigger_sequence=3, target_speed=17.60905293)
    vehicle2.changeLane(trigger_sequence=4, target_lane=3, target_speed=11.84307386)
    vehicle2.decelerate(trigger_sequence=5, target_speed=21.23818123)

2025-07-15 Tuesday 11:26:37  random_test.py : INFO  === Evaluation Finished === 
 Fitness: [28.58258557564534, -0.0], Collision: False
2025-07-15 Tuesday 11:26:42  random_test.py : INFO  === Evaluate Testcase === 
 def testcase(self):
    ego = NPC(lane_id=2, offset=45.12345812, initial_speed=26.81753879)
    vehicle2 = NPC(lane_id=4, offset=14.27194398, initial_speed=20.9895376)
    vehicle3 = NPC(lane_id=1, offset=44.69684311, initial_speed=26.78878886)
    vehicle4 = NPC(lane_id=1, offset=17.88664771, initial_speed=10.50011537)
    vehicle4.decelerate(trigger_sequence=2, target_speed=22.07521334)
    vehicle2.accelerate(trigger_sequence=3, target_speed=48.03552232)
    vehicle3.accelerate(trigger_sequence=3, target_speed=31.51117406)
    vehicle2.decelerate(trigger_sequence=4, target_speed=24.17446225)
    vehicle3.decelerate(trigger_sequence=5, target_speed=26.05852301)

2025-07-15 Tuesday 11:26:42  random_test.py : INFO  === Evaluation Finished === 
 Fitness: [3.8064522710082125, -0.0], Collision: False
2025-07-15 Tuesday 11:26:47  random_test.py : INFO  === Evaluate Testcase === 
 def testcase(self):
    vehicle1 = NPC(lane_id=3, offset=15.90838623, initial_speed=36.48620361)
    ego = NPC(lane_id=4, offset=32.68241718, initial_speed=31.70190234)
    vehicle1.accelerate(trigger_sequence=3, target_speed=39.84545931)
    vehicle1.accelerate(trigger_sequence=4, target_speed=57.14930385)

2025-07-15 Tuesday 11:26:47  random_test.py : INFO  === Evaluation Finished === 
 Fitness: [3.500516756507022, -0.0], Collision: False
2025-07-15 Tuesday 11:26:52  random_test.py : INFO  === Evaluate Testcase === 
 def testcase(self):
    ego = NPC(lane_id=1, offset=44.49817661, initial_speed=0.36069337)
    vehicle2 = NPC(lane_id=1, offset=36.65007152, initial_speed=1.36309531)
    vehicle2.decelerate(trigger_sequence=1, target_speed=13.03614305)
    vehicle2.accelerate(trigger_sequence=2, target_speed=56.47337828)
    vehicle2.decelerate(trigger_sequence=5, target_speed=17.98101371)

2025-07-15 Tuesday 11:26:52  random_test.py : INFO  === Evaluation Finished === 
 Fitness: [7.677399995975848, -0.0], Collision: False
2025-07-15 Tuesday 11:26:59  random_test.py : INFO  === Evaluate Testcase === 
 def testcase(self):
    vehicle1 = NPC(lane_id=1, offset=32.62333751, initial_speed=11.99974834)
    ego = NPC(lane_id=2, offset=2.5795824, initial_speed=0.78341692)
    vehicle3 = NPC(lane_id=2, offset=33.3440904, initial_speed=21.24955252)
    vehicle4 = NPC(lane_id=3, offset=39.09866801, initial_speed=10.28509539)
    vehicle4.changeLane(trigger_sequence=1, target_lane=3, target_speed=40.43209242)
    vehicle1.changeLane(trigger_sequence=3, target_lane=1, target_speed=22.3535016)
    vehicle4.decelerate(trigger_sequence=3, target_speed=8.945128)
    vehicle1.accelerate(trigger_sequence=4, target_speed=47.97980728)
    vehicle4.decelerate(trigger_sequence=4, target_speed=22.46698105)
    vehicle1.accelerate(trigger_sequence=5, target_speed=52.44925803)

2025-07-15 Tuesday 11:26:59  random_test.py : INFO  === Evaluation Finished === 
 Fitness: [3.499790109953119, -0.01415929203539823], Collision: False
2025-07-15 Tuesday 11:27:04  random_test.py : INFO  === Evaluate Testcase === 
 def testcase(self):
    ego = NPC(lane_id=4, offset=12.49113008, initial_speed=27.8005911)
    vehicle2 = NPC(lane_id=2, offset=35.5429711, initial_speed=20.43532998)
    vehicle3 = NPC(lane_id=3, offset=30.06300306, initial_speed=31.42034253)
    vehicle2.changeLane(trigger_sequence=1, target_lane=3, target_speed=36.51177109)
    vehicle2.accelerate(trigger_sequence=2, target_speed=35.29779709)
    vehicle3.accelerate(trigger_sequence=2, target_speed=47.83732832)
    vehicle2.changeLane(trigger_sequence=4, target_lane=3, target_speed=11.87956498)

2025-07-15 Tuesday 11:27:04  random_test.py : INFO  === Evaluation Finished === 
 Fitness: [3.49999164632589, -0.0], Collision: False
2025-07-15 Tuesday 11:27:10  random_test.py : INFO  === Evaluate Testcase === 
 def testcase(self):
    ego = NPC(lane_id=2, offset=37.72852198, initial_speed=14.42367276)
    vehicle2 = NPC(lane_id=3, offset=39.52352066, initial_speed=3.66699024)
    vehicle3 = NPC(lane_id=1, offset=49.31984235, initial_speed=18.49931844)
    vehicle4 = NPC(lane_id=5, offset=27.41460406, initial_speed=8.9592327)
    vehicle2.changeLane(trigger_sequence=2, target_lane=3, target_speed=39.34141366)
    vehicle3.changeLane(trigger_sequence=2, target_lane=1, target_speed=9.60420074)
    vehicle2.accelerate(trigger_sequence=3, target_speed=53.38964587)
    vehicle3.accelerate(trigger_sequence=3, target_speed=44.39128378)
    vehicle4.changeLane(trigger_sequence=3, target_lane=3, target_speed=54.47551582)
    vehicle2.changeLane(trigger_sequence=4, target_lane=1, target_speed=4.97109329)
    vehicle4.accelerate(trigger_sequence=4, target_speed=54.18191714)
    vehicle3.accelerate(trigger_sequence=5, target_speed=56.51724597)
    vehicle4.decelerate(trigger_sequence=5, target_speed=14.29891284)

2025-07-15 Tuesday 11:27:10  random_test.py : INFO  === Evaluation Finished === 
 Fitness: [3.501413362812424, -0.0], Collision: False
2025-07-15 Tuesday 11:27:15  random_test.py : INFO  === Evaluate Testcase === 
 def testcase(self):
    vehicle1 = NPC(lane_id=4, offset=27.32228114, initial_speed=7.79895939)
    ego = NPC(lane_id=1, offset=47.49444825, initial_speed=0.30761158)
    vehicle1.changeLane(trigger_sequence=1, target_lane=3, target_speed=46.45619606)
    vehicle1.accelerate(trigger_sequence=3, target_speed=34.42384537)

2025-07-15 Tuesday 11:27:15  random_test.py : INFO  === Evaluation Finished === 
 Fitness: [21.583273609365023, -0.0], Collision: False
2025-07-15 Tuesday 11:27:20  random_test.py : INFO  === Evaluate Testcase === 
 def testcase(self):
    ego = NPC(lane_id=2, offset=49.09248349, initial_speed=30.02677245)
    vehicle2 = NPC(lane_id=3, offset=36.43893097, initial_speed=12.38842478)
    vehicle3 = NPC(lane_id=3, offset=45.91992752, initial_speed=23.74951421)
    vehicle2.accelerate(trigger_sequence=1, target_speed=39.04622175)
    vehicle3.changeLane(trigger_sequence=1, target_lane=3, target_speed=29.95908313)
    vehicle2.accelerate(trigger_sequence=2, target_speed=49.02363151)
    vehicle2.accelerate(trigger_sequence=3, target_speed=52.3948941)
    vehicle2.changeLane(trigger_sequence=4, target_lane=1, target_speed=45.66982587)
    vehicle3.accelerate(trigger_sequence=4, target_speed=50.75603009)

2025-07-15 Tuesday 11:27:20  random_test.py : INFO  === Evaluation Finished === 
 Fitness: [5.714617716833529, -0.0], Collision: False
2025-07-15 Tuesday 11:27:26  random_test.py : INFO  === Evaluate Testcase === 
 def testcase(self):
    vehicle1 = NPC(lane_id=2, offset=9.02500525, initial_speed=36.27155696)
    ego = NPC(lane_id=1, offset=17.41655191, initial_speed=3.35003483)
    vehicle3 = NPC(lane_id=3, offset=48.45070398, initial_speed=37.6797047)
    vehicle4 = NPC(lane_id=4, offset=49.3779483, initial_speed=33.31997239)
    vehicle3.decelerate(trigger_sequence=1, target_speed=3.60691582)
    vehicle4.changeLane(trigger_sequence=2, target_lane=3, target_speed=31.93219452)
    vehicle3.changeLane(trigger_sequence=3, target_lane=1, target_speed=28.47264114)
    vehicle4.decelerate(trigger_sequence=3, target_speed=23.79261015)
    vehicle1.accelerate(trigger_sequence=4, target_speed=32.50745285)
    vehicle4.changeLane(trigger_sequence=4, target_lane=3, target_speed=10.4959737)
    vehicle1.decelerate(trigger_sequence=5, target_speed=12.87164606)
    vehicle4.changeLane(trigger_sequence=5, target_lane=3, target_speed=59.8053763)

2025-07-15 Tuesday 11:27:26  random_test.py : INFO  === Evaluation Finished === 
 Fitness: [3.500145777718265, -0.0], Collision: False
2025-07-15 Tuesday 11:27:31  random_test.py : INFO  === Evaluate Testcase === 
 def testcase(self):
    vehicle1 = NPC(lane_id=3, offset=20.39062163, initial_speed=39.63994477)
    ego = NPC(lane_id=3, offset=2.44966385, initial_speed=6.45847164)
    vehicle1.decelerate(trigger_sequence=2, target_speed=24.09302887)
    vehicle1.accelerate(trigger_sequence=3, target_speed=35.22776625)
    vehicle1.decelerate(trigger_sequence=4, target_speed=13.08541923)
    vehicle1.decelerate(trigger_sequence=5, target_speed=19.87381526)

2025-07-15 Tuesday 11:27:31  random_test.py : INFO  === Evaluation Finished === 
 Fitness: [18.22240471060827, -0.002824858757062147], Collision: False
2025-07-15 Tuesday 11:27:37  random_test.py : INFO  === Evaluate Testcase === 
 def testcase(self):
    vehicle1 = NPC(lane_id=5, offset=13.30715157, initial_speed=37.5050529)
    vehicle2 = NPC(lane_id=2, offset=37.62968422, initial_speed=27.84312059)
    vehicle3 = NPC(lane_id=1, offset=8.19356904, initial_speed=16.44537154)
    ego = NPC(lane_id=3, offset=14.74181994, initial_speed=2.13429139)
    vehicle1.changeLane(trigger_sequence=1, target_lane=3, target_speed=17.4615542)
    vehicle1.changeLane(trigger_sequence=2, target_lane=1, target_speed=4.47718089)
    vehicle1.accelerate(trigger_sequence=3, target_speed=32.76695177)
    vehicle3.accelerate(trigger_sequence=4, target_speed=39.98652504)
    vehicle3.accelerate(trigger_sequence=5, target_speed=56.73735125)
# 1 主车 不知道能不能算一次，看着办
2025-07-15 Tuesday 11:27:37  random_test.py : INFO  === Evaluation Finished === 
 Fitness: [3.499805257958881, -0.005025125628140704], Collision: True
2025-07-15 Tuesday 11:27:37  random_test.py : INFO  === Find a collision ===
2025-07-15 Tuesday 11:27:42  random_test.py : INFO  === Evaluate Testcase === 
 def testcase(self):
    vehicle1 = NPC(lane_id=2, offset=29.40947064, initial_speed=29.5197811)
    vehicle2 = NPC(lane_id=5, offset=3.35053471, initial_speed=6.95029376)
    ego = NPC(lane_id=2, offset=22.08065199, initial_speed=11.43178667)
    vehicle2.accelerate(trigger_sequence=2, target_speed=41.43521476)
    vehicle1.accelerate(trigger_sequence=3, target_speed=57.37229017)
    vehicle1.decelerate(trigger_sequence=4, target_speed=18.58464916)
    vehicle2.accelerate(trigger_sequence=5, target_speed=47.83549304)

2025-07-15 Tuesday 11:27:42  random_test.py : INFO  === Evaluation Finished === 
 Fitness: [7.513644103568956, -0.010050251256281407], Collision: False
2025-07-15 Tuesday 11:27:46  random_test.py : INFO  === Evaluate Testcase === 
 def testcase(self):
    ego = NPC(lane_id=5, offset=8.247785, initial_speed=8.85301135)
    vehicle2 = NPC(lane_id=4, offset=49.26066314, initial_speed=21.75169463)
    vehicle3 = NPC(lane_id=5, offset=13.00651581, initial_speed=36.67346028)
    vehicle2.decelerate(trigger_sequence=1, target_speed=0.00462803)
    vehicle3.changeLane(trigger_sequence=2, target_lane=3, target_speed=1.80210585)
    vehicle2.accelerate(trigger_sequence=3, target_speed=37.14962194)
    vehicle3.changeLane(trigger_sequence=3, target_lane=1, target_speed=22.77675891)

2025-07-15 Tuesday 11:27:46  random_test.py : INFO  === Evaluation Finished === 
 Fitness: [inf, 0], Collision: False
2025-07-15 Tuesday 11:27:50  random_test.py : INFO  === Evaluate Testcase === 
 def testcase(self):
    ego = NPC(lane_id=1, offset=16.31734101, initial_speed=34.51449425)
    vehicle2 = NPC(lane_id=5, offset=17.50742717, initial_speed=34.30173037)
    vehicle3 = NPC(lane_id=1, offset=26.7077552, initial_speed=39.85024723)
    vehicle4 = NPC(lane_id=5, offset=18.7776034, initial_speed=36.68613029)
    vehicle2.decelerate(trigger_sequence=2, target_speed=0.35931167)
    vehicle3.decelerate(trigger_sequence=2, target_speed=6.81281847)
    vehicle2.accelerate(trigger_sequence=3, target_speed=33.14654598)
    vehicle2.changeLane(trigger_sequence=5, target_lane=3, target_speed=19.76362334)
    vehicle3.decelerate(trigger_sequence=5, target_speed=17.38500379)
    vehicle4.accelerate(trigger_sequence=5, target_speed=53.1915667)

2025-07-15 Tuesday 11:27:50  random_test.py : INFO  === Evaluation Finished === 
 Fitness: [inf, 0], Collision: False
2025-07-15 Tuesday 11:27:56  random_test.py : INFO  === Evaluate Testcase === 
 def testcase(self):
    vehicle1 = NPC(lane_id=4, offset=34.95095862, initial_speed=14.12815019)
    ego = NPC(lane_id=2, offset=32.6488544, initial_speed=37.36598774)
    vehicle1.decelerate(trigger_sequence=1, target_speed=21.60391952)
    vehicle1.changeLane(trigger_sequence=2, target_lane=1, target_speed=40.36173342)
    vehicle1.decelerate(trigger_sequence=3, target_speed=28.54625112)
    vehicle1.decelerate(trigger_sequence=5, target_speed=21.78297796)

2025-07-15 Tuesday 11:27:56  random_test.py : INFO  === Evaluation Finished === 
 Fitness: [7.0081887744360145, -0.0], Collision: False
2025-07-15 Tuesday 11:28:02  random_test.py : INFO  === Evaluate Testcase === 
 def testcase(self):
    vehicle1 = NPC(lane_id=2, offset=33.08726255, initial_speed=18.46149992)
    vehicle2 = NPC(lane_id=4, offset=32.18326623, initial_speed=14.9408143)
    ego = NPC(lane_id=3, offset=42.68397048, initial_speed=2.30898772)
    vehicle4 = NPC(lane_id=4, offset=11.18464611, initial_speed=27.66915827)
    vehicle2.changeLane(trigger_sequence=2, target_lane=1, target_speed=23.19276577)
    vehicle4.changeLane(trigger_sequence=2, target_lane=3, target_speed=17.52758891)
    vehicle2.decelerate(trigger_sequence=3, target_speed=2.15903523)
    vehicle2.changeLane(trigger_sequence=4, target_lane=3, target_speed=5.78011645)
    vehicle4.accelerate(trigger_sequence=4, target_speed=58.10963928)
    vehicle1.decelerate(trigger_sequence=5, target_speed=23.73328601)
    vehicle4.decelerate(trigger_sequence=5, target_speed=29.60445982)

2025-07-15 Tuesday 11:28:02  random_test.py : INFO  === Evaluation Finished === 
 Fitness: [6.770241603465947, -0.0], Collision: False
2025-07-15 Tuesday 11:28:07  random_test.py : INFO  === Evaluate Testcase === 
 def testcase(self):
    vehicle1 = NPC(lane_id=4, offset=30.62304478, initial_speed=9.87165541)
    ego = NPC(lane_id=2, offset=41.47453688, initial_speed=9.10424263)
    vehicle1.decelerate(trigger_sequence=2, target_speed=24.49558391)
    vehicle1.decelerate(trigger_sequence=4, target_speed=3.21697501)
    vehicle1.accelerate(trigger_sequence=5, target_speed=39.52852323)

2025-07-15 Tuesday 11:28:07  random_test.py : INFO  === Evaluation Finished === 
 Fitness: [13.02632223798648, -0.002857142857142857], Collision: False
2025-07-15 Tuesday 11:28:12  random_test.py : INFO  === Evaluate Testcase === 
 def testcase(self):
    vehicle1 = NPC(lane_id=1, offset=46.19632053, initial_speed=30.57888188)
    ego = NPC(lane_id=1, offset=22.75394113, initial_speed=6.20116832)
    vehicle1.changeLane(trigger_sequence=3, target_lane=3, target_speed=32.97833991)

2025-07-15 Tuesday 11:28:12  random_test.py : INFO  === Evaluation Finished === 
 Fitness: [7.000225787933147, -0.002840909090909091], Collision: False
2025-07-15 Tuesday 11:28:18  random_test.py : INFO  === Evaluate Testcase === 
 def testcase(self):
    vehicle1 = NPC(lane_id=3, offset=24.07121301, initial_speed=25.27380733)
    ego = NPC(lane_id=2, offset=47.01898567, initial_speed=19.46364982)
    vehicle3 = NPC(lane_id=5, offset=46.72472214, initial_speed=31.83886446)
    vehicle1.changeLane(trigger_sequence=3, target_lane=1, target_speed=51.94970539)
    vehicle1.changeLane(trigger_sequence=4, target_lane=3, target_speed=21.79763132)
    vehicle1.accelerate(trigger_sequence=5, target_speed=35.34269781)

2025-07-15 Tuesday 11:28:18  random_test.py : INFO  === Evaluation Finished === 
 Fitness: [3.7622236993174134, -0.005813953488372093], Collision: False
2025-07-15 Tuesday 11:28:24  random_test.py : INFO  === Evaluate Testcase === 
 def testcase(self):
    vehicle1 = NPC(lane_id=1, offset=3.24315168, initial_speed=25.96031201)
    ego = NPC(lane_id=4, offset=45.05162111, initial_speed=25.9275393)
    vehicle3 = NPC(lane_id=1, offset=45.86800586, initial_speed=20.00900753)
    vehicle1.decelerate(trigger_sequence=1, target_speed=7.48469363)
    vehicle3.changeLane(trigger_sequence=1, target_lane=3, target_speed=24.71259213)
    vehicle1.accelerate(trigger_sequence=2, target_speed=39.24246674)
    vehicle1.decelerate(trigger_sequence=3, target_speed=7.41187613)
    vehicle3.changeLane(trigger_sequence=3, target_lane=1, target_speed=16.49890344)
    vehicle1.changeLane(trigger_sequence=4, target_lane=1, target_speed=8.4284527)
    vehicle1.changeLane(trigger_sequence=5, target_lane=3, target_speed=28.62794801)
    vehicle3.decelerate(trigger_sequence=5, target_speed=25.49252737)

2025-07-15 Tuesday 11:28:24  random_test.py : INFO  === Evaluation Finished === 
 Fitness: [10.49698876598688, -0.0], Collision: False
2025-07-15 Tuesday 11:28:29  random_test.py : INFO  === Evaluate Testcase === 
 def testcase(self):
    vehicle1 = NPC(lane_id=3, offset=11.9582933, initial_speed=18.08759582)
    ego = NPC(lane_id=5, offset=30.56651874, initial_speed=5.92968438)
    vehicle3 = NPC(lane_id=5, offset=13.47966557, initial_speed=17.1968644)
    vehicle1.changeLane(trigger_sequence=2, target_lane=3, target_speed=8.40003194)
    vehicle3.accelerate(trigger_sequence=3, target_speed=56.75082178)
    vehicle3.decelerate(trigger_sequence=4, target_speed=5.16009692)
    vehicle1.decelerate(trigger_sequence=5, target_speed=27.06178511)

2025-07-15 Tuesday 11:28:29  random_test.py : INFO  === Evaluation Finished === 
 Fitness: [15.174161297375916, -0.0], Collision: False
2025-07-15 Tuesday 11:28:35  random_test.py : INFO  === Evaluate Testcase === 
 def testcase(self):
    vehicle1 = NPC(lane_id=1, offset=32.81306163, initial_speed=14.87969161)
    vehicle2 = NPC(lane_id=5, offset=28.19000688, initial_speed=17.05382808)
    vehicle3 = NPC(lane_id=4, offset=9.02685013, initial_speed=14.05039947)
    ego = NPC(lane_id=5, offset=38.56243378, initial_speed=10.33555851)
    vehicle2.accelerate(trigger_sequence=1, target_speed=36.49026904)
    vehicle3.accelerate(trigger_sequence=1, target_speed=38.0798)
    vehicle1.changeLane(trigger_sequence=2, target_lane=3, target_speed=27.98646242)
    vehicle3.changeLane(trigger_sequence=2, target_lane=1, target_speed=7.20438373)
    vehicle1.accelerate(trigger_sequence=3, target_speed=49.16441048)
    vehicle3.decelerate(trigger_sequence=3, target_speed=21.18710421)
    vehicle3.decelerate(trigger_sequence=4, target_speed=3.82017857)
    vehicle1.decelerate(trigger_sequence=5, target_speed=14.55280046)

2025-07-15 Tuesday 11:28:35  random_test.py : INFO  === Evaluation Finished === 
 Fitness: [9.521185122164407, -0.0], Collision: False
2025-07-15 Tuesday 11:28:40  random_test.py : INFO  === Evaluate Testcase === 
 def testcase(self):
    vehicle1 = NPC(lane_id=3, offset=28.76169152, initial_speed=15.55041926)
    ego = NPC(lane_id=2, offset=28.21805448, initial_speed=38.34085516)
    vehicle3 = NPC(lane_id=3, offset=42.8008375, initial_speed=14.63551494)
    vehicle4 = NPC(lane_id=2, offset=20.01912049, initial_speed=29.85506332)
    vehicle4.accelerate(trigger_sequence=1, target_speed=38.71331034)
    vehicle1.decelerate(trigger_sequence=2, target_speed=23.23633458)
    vehicle3.decelerate(trigger_sequence=2, target_speed=16.81093126)
    vehicle1.decelerate(trigger_sequence=3, target_speed=12.16697329)
    vehicle1.decelerate(trigger_sequence=4, target_speed=27.60819203)

2025-07-15 Tuesday 11:28:40  random_test.py : INFO  === Evaluation Finished === 
 Fitness: [3.499763942013293, -0.0], Collision: False
2025-07-15 Tuesday 11:28:44  random_test.py : INFO  === Evaluate Testcase === 
 def testcase(self):
    ego = NPC(lane_id=2, offset=46.09040437, initial_speed=28.22536977)
    vehicle2 = NPC(lane_id=4, offset=45.94595417, initial_speed=32.51838431)
    vehicle3 = NPC(lane_id=4, offset=42.31271389, initial_speed=31.4954633)
    vehicle4 = NPC(lane_id=1, offset=25.98161507, initial_speed=29.73208324)
    vehicle2.accelerate(trigger_sequence=2, target_speed=33.81061783)
    vehicle3.decelerate(trigger_sequence=2, target_speed=20.497547)
    vehicle4.accelerate(trigger_sequence=2, target_speed=39.26626843)
    vehicle2.accelerate(trigger_sequence=3, target_speed=53.92397642)
    vehicle4.accelerate(trigger_sequence=3, target_speed=40.97853322)
    vehicle3.changeLane(trigger_sequence=4, target_lane=3, target_speed=3.65160588)
    vehicle4.decelerate(trigger_sequence=4, target_speed=1.19708454)
    vehicle2.changeLane(trigger_sequence=5, target_lane=1, target_speed=19.48255387)

2025-07-15 Tuesday 11:28:44  random_test.py : INFO  === Evaluation Finished === 
 Fitness: [inf, 0], Collision: False
2025-07-15 Tuesday 11:28:51  random_test.py : INFO  === Evaluate Testcase === 
 def testcase(self):
    vehicle1 = NPC(lane_id=4, offset=39.45264449, initial_speed=19.00710671)
    vehicle2 = NPC(lane_id=3, offset=34.3159437, initial_speed=11.02216061)
    ego = NPC(lane_id=3, offset=3.54680726, initial_speed=20.23014074)
    vehicle2.decelerate(trigger_sequence=2, target_speed=20.11292892)
    vehicle1.changeLane(trigger_sequence=3, target_lane=1, target_speed=10.69397591)
    vehicle1.accelerate(trigger_sequence=4, target_speed=30.65105937)
    vehicle2.changeLane(trigger_sequence=4, target_lane=1, target_speed=28.35862767)
    vehicle1.changeLane(trigger_sequence=5, target_lane=1, target_speed=59.87003436)
    vehicle2.decelerate(trigger_sequence=5, target_speed=6.25561327)

2025-07-15 Tuesday 11:28:51  random_test.py : INFO  === Evaluation Finished === 
 Fitness: [3.5005101624133657, -0.00398406374501992], Collision: False
2025-07-15 Tuesday 11:28:56  random_test.py : INFO  === Evaluate Testcase === 
 def testcase(self):
    ego = NPC(lane_id=2, offset=20.43120739, initial_speed=9.89693031)
    vehicle2 = NPC(lane_id=1, offset=20.96366172, initial_speed=24.29523218)
    vehicle2.changeLane(trigger_sequence=2, target_lane=1, target_speed=42.31087327)
    vehicle2.changeLane(trigger_sequence=3, target_lane=3, target_speed=4.03363253)
    vehicle2.changeLane(trigger_sequence=4, target_lane=3, target_speed=37.43308625)

2025-07-15 Tuesday 11:28:56  random_test.py : INFO  === Evaluation Finished === 
 Fitness: [3.5013780803221586, -0.0028653295128939827], Collision: False
2025-07-15 Tuesday 11:29:01  random_test.py : INFO  === Evaluate Testcase === 
 def testcase(self):
    ego = NPC(lane_id=5, offset=0.69058449, initial_speed=4.22024353)
    vehicle2 = NPC(lane_id=3, offset=29.75079845, initial_speed=9.08237626)
    vehicle2.decelerate(trigger_sequence=1, target_speed=18.7785638)
    vehicle2.accelerate(trigger_sequence=2, target_speed=38.69466447)
    vehicle2.changeLane(trigger_sequence=3, target_lane=1, target_speed=48.29484638)
    vehicle2.decelerate(trigger_sequence=5, target_speed=0.0484291)

2025-07-15 Tuesday 11:29:01  random_test.py : INFO  === Evaluation Finished === 
 Fitness: [7.001872497989537, -0.0], Collision: False
2025-07-15 Tuesday 11:29:07  random_test.py : INFO  === Evaluate Testcase === 
 def testcase(self):
    vehicle1 = NPC(lane_id=4, offset=30.12297853, initial_speed=4.51815551)
    vehicle2 = NPC(lane_id=4, offset=15.99398711, initial_speed=17.35231613)
    vehicle3 = NPC(lane_id=4, offset=37.55835915, initial_speed=24.12947131)
    ego = NPC(lane_id=5, offset=34.30758207, initial_speed=36.18681387)
    vehicle1.accelerate(trigger_sequence=1, target_speed=34.69008106)
    vehicle2.changeLane(trigger_sequence=1, target_lane=1, target_speed=3.57748422)
    vehicle3.changeLane(trigger_sequence=1, target_lane=1, target_speed=7.20780711)
    vehicle1.accelerate(trigger_sequence=4, target_speed=39.33737628)
    vehicle2.changeLane(trigger_sequence=4, target_lane=1, target_speed=4.69143607)
    vehicle1.accelerate(trigger_sequence=5, target_speed=48.47606393)
    vehicle3.changeLane(trigger_sequence=5, target_lane=3, target_speed=47.44845389)

2025-07-15 Tuesday 11:29:07  random_test.py : INFO  === Evaluation Finished === 
 Fitness: [3.4938193523893903, -0.0], Collision: False
2025-07-15 Tuesday 11:29:10  simulate.py : INFO  Rear-end collision with vehicle 583 ignored
2025-07-15 Tuesday 11:29:12  random_test.py : INFO  === Evaluate Testcase === 
 def testcase(self):
    vehicle1 = NPC(lane_id=4, offset=2.78527658, initial_speed=28.01586602)
    vehicle2 = NPC(lane_id=5, offset=6.79592587, initial_speed=38.87909297)
    ego = NPC(lane_id=5, offset=13.43803346, initial_speed=2.65860751)
    vehicle1.decelerate(trigger_sequence=2, target_speed=19.99782344)
    vehicle2.accelerate(trigger_sequence=2, target_speed=31.41187109)
    vehicle1.decelerate(trigger_sequence=3, target_speed=4.18727062)
    vehicle2.decelerate(trigger_sequence=3, target_speed=6.71569497)
    vehicle2.accelerate(trigger_sequence=4, target_speed=55.39888463)
    vehicle1.accelerate(trigger_sequence=5, target_speed=58.65527417)
    vehicle2.decelerate(trigger_sequence=5, target_speed=28.26781448)

2025-07-15 Tuesday 11:29:12  random_test.py : INFO  === Evaluation Finished === 
 Fitness: [4.740872155553228, -0.0], Collision: False
2025-07-15 Tuesday 11:29:18  random_test.py : INFO  === Evaluate Testcase === 
 def testcase(self):
    vehicle1 = NPC(lane_id=5, offset=0.2230061, initial_speed=10.38941575)
    ego = NPC(lane_id=1, offset=17.94109834, initial_speed=20.37904228)
    vehicle3 = NPC(lane_id=2, offset=0.45074191, initial_speed=31.14492203)
    vehicle4 = NPC(lane_id=5, offset=48.31027995, initial_speed=12.0263007)
    vehicle4.changeLane(trigger_sequence=1, target_lane=1, target_speed=34.23228457)
    vehicle3.changeLane(trigger_sequence=3, target_lane=1, target_speed=5.98032256)
    vehicle4.decelerate(trigger_sequence=3, target_speed=23.56399216)
    vehicle3.accelerate(trigger_sequence=4, target_speed=36.23881371)
    vehicle4.changeLane(trigger_sequence=4, target_lane=1, target_speed=46.04511769)
    vehicle1.accelerate(trigger_sequence=5, target_speed=57.24454036)
    vehicle3.changeLane(trigger_sequence=5, target_lane=1, target_speed=51.66797989)

2025-07-15 Tuesday 11:29:18  random_test.py : INFO  === Evaluation Finished === 
 Fitness: [14.00010839223179, -0.0], Collision: False
2025-07-15 Tuesday 11:29:24  random_test.py : INFO  === Evaluate Testcase === 
 def testcase(self):
    ego = NPC(lane_id=1, offset=10.17851945, initial_speed=30.25336767)
    vehicle2 = NPC(lane_id=1, offset=1.9346334, initial_speed=32.30831661)
    vehicle3 = NPC(lane_id=4, offset=7.21824304, initial_speed=18.48972806)
    vehicle4 = NPC(lane_id=5, offset=23.64575659, initial_speed=33.92472044)
    vehicle2.accelerate(trigger_sequence=2, target_speed=37.88931558)
    vehicle3.changeLane(trigger_sequence=3, target_lane=1, target_speed=40.37860254)
    vehicle3.changeLane(trigger_sequence=4, target_lane=3, target_speed=24.20750504)
    vehicle4.decelerate(trigger_sequence=4, target_speed=18.16484615)
    vehicle2.accelerate(trigger_sequence=5, target_speed=52.55156805)
    vehicle3.decelerate(trigger_sequence=5, target_speed=18.56496271)

2025-07-15 Tuesday 11:29:24  random_test.py : INFO  === Evaluation Finished === 
 Fitness: [8.590013689834935, -0.0], Collision: False
2025-07-15 Tuesday 11:29:29  random_test.py : INFO  === Evaluate Testcase === 
 def testcase(self):
    ego = NPC(lane_id=1, offset=34.91137637, initial_speed=33.25287082)
    vehicle2 = NPC(lane_id=5, offset=39.98831877, initial_speed=16.13249322)
    vehicle3 = NPC(lane_id=2, offset=16.10137608, initial_speed=25.25728423)
    vehicle2.decelerate(trigger_sequence=1, target_speed=12.12560127)
    vehicle2.decelerate(trigger_sequence=2, target_speed=1.52312642)
    vehicle3.changeLane(trigger_sequence=2, target_lane=3, target_speed=55.34010885)
    vehicle2.accelerate(trigger_sequence=3, target_speed=34.83456647)

2025-07-15 Tuesday 11:29:29  random_test.py : INFO  === Evaluation Finished === 
 Fitness: [14.00339542881946, -0.0], Collision: False
2025-07-15 Tuesday 11:29:35  random_test.py : INFO  === Evaluate Testcase === 
 def testcase(self):
    vehicle1 = NPC(lane_id=3, offset=16.46786783, initial_speed=15.75564648)
    vehicle2 = NPC(lane_id=1, offset=46.27304366, initial_speed=1.49132181)
    vehicle3 = NPC(lane_id=2, offset=33.19280745, initial_speed=33.60985004)
    ego = NPC(lane_id=4, offset=44.34186391, initial_speed=34.08111077)
    vehicle2.decelerate(trigger_sequence=1, target_speed=17.20339526)
    vehicle3.accelerate(trigger_sequence=1, target_speed=57.53226222)
    vehicle1.changeLane(trigger_sequence=2, target_lane=3, target_speed=48.18021453)
    vehicle3.changeLane(trigger_sequence=2, target_lane=3, target_speed=20.44167917)
    vehicle2.decelerate(trigger_sequence=4, target_speed=12.81846524)
    vehicle2.decelerate(trigger_sequence=5, target_speed=29.86724352)
    vehicle3.changeLane(trigger_sequence=5, target_lane=1, target_speed=25.74726861)

2025-07-15 Tuesday 11:29:35  random_test.py : INFO  === Evaluation Finished === 
 Fitness: [4.387514228340081, -0.0], Collision: False
2025-07-15 Tuesday 11:29:39  random_test.py : INFO  === Evaluate Testcase === 
 def testcase(self):
    vehicle1 = NPC(lane_id=5, offset=19.03371679, initial_speed=29.51369257)
    ego = NPC(lane_id=3, offset=39.65906262, initial_speed=29.35921982)
    vehicle3 = NPC(lane_id=3, offset=41.30222831, initial_speed=5.03129464)
    vehicle3.changeLane(trigger_sequence=1, target_lane=1, target_speed=28.24321193)
    vehicle1.accelerate(trigger_sequence=2, target_speed=59.88980338)
    vehicle3.decelerate(trigger_sequence=2, target_speed=7.98215084)
    vehicle1.accelerate(trigger_sequence=3, target_speed=38.67429035)
    vehicle1.changeLane(trigger_sequence=4, target_lane=3, target_speed=4.91560078)
    vehicle1.changeLane(trigger_sequence=5, target_lane=3, target_speed=11.79900556)
    vehicle3.changeLane(trigger_sequence=5, target_lane=3, target_speed=46.93061779)

2025-07-15 Tuesday 11:29:39  random_test.py : INFO  === Evaluation Finished === 
 Fitness: [inf, 0], Collision: False
2025-07-15 Tuesday 11:29:44  random_test.py : INFO  === Evaluate Testcase === 
 def testcase(self):
    vehicle1 = NPC(lane_id=4, offset=46.64434389, initial_speed=24.86538219)
    ego = NPC(lane_id=2, offset=28.83167197, initial_speed=30.5066875)
    vehicle1.changeLane(trigger_sequence=1, target_lane=1, target_speed=47.98093144)
    vehicle1.accelerate(trigger_sequence=5, target_speed=33.32584961)

2025-07-15 Tuesday 11:29:44  random_test.py : INFO  === Evaluation Finished === 
 Fitness: [3.5002281916711904, -0.0], Collision: False
2025-07-15 Tuesday 11:29:50  random_test.py : INFO  === Evaluate Testcase === 
 def testcase(self):
    vehicle1 = NPC(lane_id=4, offset=15.99272529, initial_speed=31.21749275)
    vehicle2 = NPC(lane_id=5, offset=25.23690596, initial_speed=31.95864997)
    ego = NPC(lane_id=5, offset=5.21215141, initial_speed=29.78660234)
    vehicle1.decelerate(trigger_sequence=1, target_speed=3.96974035)
    vehicle2.decelerate(trigger_sequence=1, target_speed=13.9588366)
    vehicle1.accelerate(trigger_sequence=2, target_speed=48.75861322)
    vehicle2.changeLane(trigger_sequence=2, target_lane=1, target_speed=24.56663773)
    vehicle1.decelerate(trigger_sequence=3, target_speed=4.5801771)
    vehicle2.changeLane(trigger_sequence=4, target_lane=3, target_speed=5.48869889)
    vehicle1.decelerate(trigger_sequence=5, target_speed=17.4307499)
    vehicle2.accelerate(trigger_sequence=5, target_speed=39.41197348)

2025-07-15 Tuesday 11:29:50  random_test.py : INFO  === Evaluation Finished === 
 Fitness: [3.4999619302863816, -0.005479452054794521], Collision: False
2025-07-15 Tuesday 11:29:55  random_test.py : INFO  === Evaluate Testcase === 
 def testcase(self):
    ego = NPC(lane_id=4, offset=28.80658483, initial_speed=30.38742446)
    vehicle2 = NPC(lane_id=5, offset=10.20778093, initial_speed=9.34473676)
    vehicle2.changeLane(trigger_sequence=1, target_lane=1, target_speed=1.83136679)
    vehicle2.changeLane(trigger_sequence=2, target_lane=1, target_speed=3.59179143)
    vehicle2.decelerate(trigger_sequence=3, target_speed=22.35751055)
    vehicle2.decelerate(trigger_sequence=4, target_speed=18.29755393)
    vehicle2.decelerate(trigger_sequence=5, target_speed=18.56319392)

2025-07-15 Tuesday 11:29:55  random_test.py : INFO  === Evaluation Finished === 
 Fitness: [20.04453891468896, -0.0], Collision: False
2025-07-15 Tuesday 11:30:01  random_test.py : INFO  === Evaluate Testcase === 
 def testcase(self):
    vehicle1 = NPC(lane_id=3, offset=14.55100585, initial_speed=0.81231578)
    vehicle2 = NPC(lane_id=5, offset=23.7724643, initial_speed=33.78826367)
    ego = NPC(lane_id=5, offset=38.34935711, initial_speed=21.83067704)
    vehicle1.accelerate(trigger_sequence=2, target_speed=51.07342611)
    vehicle2.decelerate(trigger_sequence=2, target_speed=11.32632008)
    vehicle1.accelerate(trigger_sequence=3, target_speed=44.67443073)
    vehicle2.accelerate(trigger_sequence=3, target_speed=37.05244537)
    vehicle2.changeLane(trigger_sequence=4, target_lane=1, target_speed=41.13412457)
    vehicle1.changeLane(trigger_sequence=5, target_lane=3, target_speed=24.36747008)
    vehicle2.accelerate(trigger_sequence=5, target_speed=49.00267379)

2025-07-15 Tuesday 11:30:01  random_test.py : INFO  === Evaluation Finished === 
 Fitness: [11.610428734952512, -0.0], Collision: False
2025-07-15 Tuesday 11:30:06  random_test.py : INFO  === Evaluate Testcase === 
 def testcase(self):
    ego = NPC(lane_id=4, offset=43.68587633, initial_speed=39.51829213)
    vehicle2 = NPC(lane_id=4, offset=49.95260595, initial_speed=33.01338848)
    vehicle2.accelerate(trigger_sequence=4, target_speed=50.73721556)
# 刹车已经踩到底了但是也没有办法阻止碰撞，这个应该不算是主车的问题吧
2025-07-15 Tuesday 11:30:06  random_test.py : INFO  === Evaluation Finished === 
 Fitness: [4.676090449054531, -0.0027100271002710027], Coollision: True
2025-07-15 Tuesday 11:30:06  random_test.py : INFO  === Find a coollision ===
2025-07-15 Tuesday 11:30:11  random_test.py : INFO  === Evaluate Testcase === 
 def testcase(self):
    ego = NPC(lane_id=1, offset=41.48581161, initial_speed=39.25954397)
    vehicle2 = NPC(lane_id=1, offset=30.82573894, initial_speed=13.39262524)
    vehicle2.changeLane(trigger_sequence=2, target_lane=3, target_speed=50.8284888)

2025-07-15 Tuesday 11:30:11  random_test.py : INFO  === Evaluation Finished === 
 Fitness: [12.109725073690328, -0.0], Collision: False
2025-07-15 Tuesday 11:30:16  random_test.py : INFO  === Evaluate Testcase === 
 def testcase(self):
    ego = NPC(lane_id=1, offset=18.37159089, initial_speed=21.04604811)
    vehicle2 = NPC(lane_id=1, offset=41.01783777, initial_speed=37.96155995)
    vehicle2.accelerate(trigger_sequence=1, target_speed=31.43559955)
    vehicle2.decelerate(trigger_sequence=3, target_speed=29.871543)
    vehicle2.decelerate(trigger_sequence=4, target_speed=21.93655888)
    vehicle2.decelerate(trigger_sequence=5, target_speed=25.21369428)

2025-07-15 Tuesday 11:30:16  random_test.py : INFO  === Evaluation Finished === 
 Fitness: [11.394531978343398, -0.0], Collision: False
2025-07-15 Tuesday 11:30:21  random_test.py : INFO  === Evaluate Testcase === 
 def testcase(self):
    vehicle1 = NPC(lane_id=5, offset=24.23116699, initial_speed=3.71494572)
    ego = NPC(lane_id=1, offset=8.89113268, initial_speed=14.33832432)
    vehicle1.decelerate(trigger_sequence=3, target_speed=3.38258255)
    vehicle1.accelerate(trigger_sequence=5, target_speed=43.46271402)

2025-07-15 Tuesday 11:30:21  random_test.py : INFO  === Evaluation Finished === 
 Fitness: [13.999697314681352, -0.0], Collision: False
2025-07-15 Tuesday 11:30:26  random_test.py : INFO  === Evaluate Testcase === 
 def testcase(self):
    vehicle1 = NPC(lane_id=1, offset=43.21652402, initial_speed=16.88544544)
    vehicle2 = NPC(lane_id=2, offset=9.54071194, initial_speed=27.86947687)
    ego = NPC(lane_id=5, offset=15.22904921, initial_speed=21.19184848)
    vehicle1.accelerate(trigger_sequence=1, target_speed=42.04166197)
    vehicle2.decelerate(trigger_sequence=1, target_speed=16.83546823)
    vehicle1.accelerate(trigger_sequence=2, target_speed=44.56387737)
    vehicle1.decelerate(trigger_sequence=4, target_speed=29.13747494)
    vehicle2.accelerate(trigger_sequence=4, target_speed=53.69623288)
    vehicle1.changeLane(trigger_sequence=5, target_lane=3, target_speed=43.53329593)

2025-07-15 Tuesday 11:30:26  random_test.py : INFO  === Evaluation Finished === 
 Fitness: [8.9922328693384, -0.0], Collision: False
2025-07-15 Tuesday 11:30:32  random_test.py : INFO  === Evaluate Testcase === 
 def testcase(self):
    vehicle1 = NPC(lane_id=1, offset=10.27368215, initial_speed=32.25672527)
    ego = NPC(lane_id=2, offset=37.18378621, initial_speed=0.95641814)
    vehicle1.decelerate(trigger_sequence=3, target_speed=24.97402027)
    vehicle1.changeLane(trigger_sequence=4, target_lane=1, target_speed=22.20401313)

2025-07-15 Tuesday 11:30:32  random_test.py : INFO  === Evaluation Finished === 
 Fitness: [16.78121517710174, -0.0], Collision: False
2025-07-15 Tuesday 11:30:36  random_test.py : INFO  === Evaluate Testcase === 
 def testcase(self):
    ego = NPC(lane_id=1, offset=24.90835684, initial_speed=23.68415076)
    vehicle2 = NPC(lane_id=2, offset=40.03210521, initial_speed=30.0417415)
    vehicle3 = NPC(lane_id=2, offset=36.36876925, initial_speed=15.57600733)
    vehicle4 = NPC(lane_id=3, offset=43.66097432, initial_speed=39.17513719)
    vehicle3.decelerate(trigger_sequence=1, target_speed=20.87283195)
    vehicle4.changeLane(trigger_sequence=1, target_lane=3, target_speed=15.41839803)
    vehicle3.decelerate(trigger_sequence=2, target_speed=8.3117485)
    vehicle4.changeLane(trigger_sequence=2, target_lane=3, target_speed=35.65205497)
    vehicle2.changeLane(trigger_sequence=3, target_lane=1, target_speed=39.58001359)
    vehicle2.decelerate(trigger_sequence=4, target_speed=25.45174317)
    vehicle3.decelerate(trigger_sequence=4, target_speed=19.32789196)
    vehicle4.changeLane(trigger_sequence=4, target_lane=1, target_speed=15.20806808)

2025-07-15 Tuesday 11:30:36  random_test.py : INFO  === Evaluation Finished === 
 Fitness: [inf, 0], Collision: False
2025-07-15 Tuesday 11:30:42  random_test.py : INFO  === Evaluate Testcase === 
 def testcase(self):
    ego = NPC(lane_id=5, offset=15.2008635, initial_speed=37.66082858)
    vehicle2 = NPC(lane_id=1, offset=43.88871878, initial_speed=21.62997804)
    vehicle3 = NPC(lane_id=4, offset=0.89987241, initial_speed=8.22158954)
    vehicle4 = NPC(lane_id=1, offset=7.76761192, initial_speed=2.29223392)
    vehicle4.accelerate(trigger_sequence=1, target_speed=38.75369195)
    vehicle2.accelerate(trigger_sequence=2, target_speed=46.90158306)
    vehicle4.changeLane(trigger_sequence=2, target_lane=3, target_speed=15.19114312)
    vehicle3.changeLane(trigger_sequence=4, target_lane=3, target_speed=10.27554222)
    vehicle3.accelerate(trigger_sequence=5, target_speed=34.4865911)
    vehicle4.decelerate(trigger_sequence=5, target_speed=3.12799076)

2025-07-15 Tuesday 11:30:42  random_test.py : INFO  === Evaluation Finished === 
 Fitness: [13.999956380940345, -0.0], Collision: False
2025-07-15 Tuesday 11:30:47  random_test.py : INFO  === Evaluate Testcase === 
 def testcase(self):
    vehicle1 = NPC(lane_id=2, offset=42.24288148, initial_speed=21.5270129)
    vehicle2 = NPC(lane_id=4, offset=12.36219416, initial_speed=28.06593584)
    ego = NPC(lane_id=3, offset=34.19077852, initial_speed=12.82813802)
    vehicle2.decelerate(trigger_sequence=1, target_speed=5.43162504)
    vehicle1.changeLane(trigger_sequence=2, target_lane=1, target_speed=0.80627207)
    vehicle1.accelerate(trigger_sequence=3, target_speed=55.41920012)
    vehicle2.accelerate(trigger_sequence=3, target_speed=43.61375681)

2025-07-15 Tuesday 11:30:47  random_test.py : INFO  === Evaluation Finished === 
 Fitness: [3.5011998809300096, -0.0], Collision: False
2025-07-15 Tuesday 11:30:53  random_test.py : INFO  === Evaluate Testcase === 
 def testcase(self):
    vehicle1 = NPC(lane_id=4, offset=6.5921585, initial_speed=35.73753405)
    vehicle2 = NPC(lane_id=2, offset=15.99649437, initial_speed=1.47732761)
    ego = NPC(lane_id=2, offset=4.44574455, initial_speed=18.7912504)
    vehicle1.accelerate(trigger_sequence=2, target_speed=53.93130616)
    vehicle2.changeLane(trigger_sequence=3, target_lane=1, target_speed=40.23856988)
    vehicle1.decelerate(trigger_sequence=4, target_speed=10.92869726)
    vehicle2.decelerate(trigger_sequence=4, target_speed=22.55745359)
    vehicle1.changeLane(trigger_sequence=5, target_lane=3, target_speed=7.00025835)

2025-07-15 Tuesday 11:30:53  random_test.py : INFO  === Evaluation Finished === 
 Fitness: [7.315301830783365, -0.0035650623885918], Collision: False
2025-07-15 Tuesday 11:30:58  random_test.py : INFO  === Evaluate Testcase === 
 def testcase(self):
    vehicle1 = NPC(lane_id=2, offset=2.82458493, initial_speed=33.31856108)
    ego = NPC(lane_id=5, offset=37.02309224, initial_speed=24.90108802)
    vehicle1.changeLane(trigger_sequence=2, target_lane=3, target_speed=56.47099408)
    vehicle1.decelerate(trigger_sequence=4, target_speed=10.2007555)

2025-07-15 Tuesday 11:30:58  random_test.py : INFO  === Evaluation Finished === 
 Fitness: [3.4998328335176994, -0.0], Collision: False
2025-07-15 Tuesday 11:31:04  random_test.py : INFO  === Evaluate Testcase === 
 def testcase(self):
    vehicle1 = NPC(lane_id=3, offset=9.48479017, initial_speed=9.35454147)
    ego = NPC(lane_id=5, offset=48.722774, initial_speed=20.97795932)
    vehicle1.changeLane(trigger_sequence=2, target_lane=1, target_speed=15.18578357)
    vehicle1.accelerate(trigger_sequence=3, target_speed=30.08001121)

2025-07-15 Tuesday 11:31:04  random_test.py : INFO  === Evaluation Finished === 
 Fitness: [40.58870470183629, -0.0], Collision: False
2025-07-15 Tuesday 11:31:09  random_test.py : INFO  === Evaluate Testcase === 
 def testcase(self):
    vehicle1 = NPC(lane_id=5, offset=28.65628888, initial_speed=29.36385785)
    ego = NPC(lane_id=2, offset=0.46230015, initial_speed=39.77649205)
    vehicle3 = NPC(lane_id=4, offset=36.07350398, initial_speed=17.40411311)
    vehicle4 = NPC(lane_id=4, offset=45.93800913, initial_speed=2.77755786)
    vehicle3.accelerate(trigger_sequence=1, target_speed=37.43379066)
    vehicle4.changeLane(trigger_sequence=2, target_lane=1, target_speed=6.34571323)
    vehicle3.decelerate(trigger_sequence=5, target_speed=7.2795515)

2025-07-15 Tuesday 11:31:09  random_test.py : INFO  === Evaluation Finished === 
 Fitness: [7.0020565552700385, -0.0], Collision: False
2025-07-15 Tuesday 11:31:14  random_test.py : INFO  === Evaluate Testcase === 
 def testcase(self):
    vehicle1 = NPC(lane_id=1, offset=42.44951478, initial_speed=32.47928056)
    ego = NPC(lane_id=2, offset=26.16788394, initial_speed=32.42731491)
    vehicle3 = NPC(lane_id=4, offset=15.87405088, initial_speed=24.40051635)
    vehicle3.changeLane(trigger_sequence=1, target_lane=3, target_speed=2.58525541)
    vehicle3.decelerate(trigger_sequence=2, target_speed=25.15320816)
    vehicle3.decelerate(trigger_sequence=3, target_speed=11.97120234)
    vehicle1.changeLane(trigger_sequence=4, target_lane=1, target_speed=25.13015349)
    vehicle1.changeLane(trigger_sequence=5, target_lane=3, target_speed=16.90191325)
    vehicle3.accelerate(trigger_sequence=5, target_speed=58.6236365)

2025-07-15 Tuesday 11:31:14  random_test.py : INFO  === Evaluation Finished === 
 Fitness: [3.4997892793297805, -0.0], Collision: False
2025-07-15 Tuesday 11:31:20  random_test.py : INFO  === Evaluate Testcase === 
 def testcase(self):
    vehicle1 = NPC(lane_id=4, offset=35.7016995, initial_speed=9.71182287)
    vehicle2 = NPC(lane_id=3, offset=26.82452165, initial_speed=6.8445553)
    ego = NPC(lane_id=2, offset=7.66323986, initial_speed=6.8993045)
    vehicle1.changeLane(trigger_sequence=1, target_lane=3, target_speed=58.72548317)
    vehicle2.accelerate(trigger_sequence=1, target_speed=49.31034673)
    vehicle2.accelerate(trigger_sequence=2, target_speed=36.33875571)
    vehicle1.accelerate(trigger_sequence=3, target_speed=30.0685062)
    vehicle2.decelerate(trigger_sequence=4, target_speed=17.82838216)
    vehicle2.changeLane(trigger_sequence=5, target_lane=3, target_speed=54.74328086)

2025-07-15 Tuesday 11:31:20  random_test.py : INFO  === Evaluation Finished === 
 Fitness: [3.5020519728055013, -0.0], Collision: False
2025-07-15 Tuesday 11:31:25  random_test.py : INFO  === Evaluate Testcase === 
 def testcase(self):
    vehicle1 = NPC(lane_id=1, offset=23.08398058, initial_speed=2.16911756)
    ego = NPC(lane_id=4, offset=28.89181967, initial_speed=37.61622749)
    vehicle3 = NPC(lane_id=3, offset=26.57491751, initial_speed=18.17136189)
    vehicle1.changeLane(trigger_sequence=1, target_lane=3, target_speed=0.89964648)
    vehicle3.decelerate(trigger_sequence=1, target_speed=12.37828123)
    vehicle1.decelerate(trigger_sequence=2, target_speed=8.77497067)
    vehicle3.accelerate(trigger_sequence=2, target_speed=44.69856632)
    vehicle3.accelerate(trigger_sequence=3, target_speed=30.85234812)
    vehicle1.accelerate(trigger_sequence=4, target_speed=31.72505738)
    vehicle3.changeLane(trigger_sequence=5, target_lane=3, target_speed=31.85335342)

2025-07-15 Tuesday 11:31:25  random_test.py : INFO  === Evaluation Finished === 
 Fitness: [5.426447657770008, -0.0], Collision: False
2025-07-15 Tuesday 11:31:31  random_test.py : INFO  === Evaluate Testcase === 
 def testcase(self):
    vehicle1 = NPC(lane_id=5, offset=2.34641051, initial_speed=10.71147869)
    ego = NPC(lane_id=1, offset=7.62678352, initial_speed=34.08273661)
    vehicle3 = NPC(lane_id=5, offset=8.61116634, initial_speed=0.27268213)
    vehicle1.changeLane(trigger_sequence=4, target_lane=1, target_speed=51.03389895)
    vehicle3.changeLane(trigger_sequence=5, target_lane=3, target_speed=22.406049)

2025-07-15 Tuesday 11:31:31  random_test.py : INFO  === Evaluation Finished === 
 Fitness: [14.037763560576128, -0.0], Collision: False
2025-07-15 Tuesday 11:31:36  random_test.py : INFO  === Evaluate Testcase === 
 def testcase(self):
    vehicle1 = NPC(lane_id=3, offset=7.73971473, initial_speed=22.42444835)
    ego = NPC(lane_id=5, offset=34.77160267, initial_speed=27.62223017)
    vehicle3 = NPC(lane_id=2, offset=10.07487555, initial_speed=22.89462118)
    vehicle1.decelerate(trigger_sequence=2, target_speed=18.40105942)
    vehicle1.changeLane(trigger_sequence=3, target_lane=1, target_speed=0.11163187)
    vehicle1.decelerate(trigger_sequence=4, target_speed=14.24006895)
    vehicle1.decelerate(trigger_sequence=5, target_speed=9.43718392)

2025-07-15 Tuesday 11:31:36  random_test.py : INFO  === Evaluation Finished === 
 Fitness: [27.956408000738843, -0.0], Collision: False
2025-07-15 Tuesday 11:31:41  random_test.py : INFO  === Evaluate Testcase === 
 def testcase(self):
    ego = NPC(lane_id=5, offset=26.60596186, initial_speed=23.17188462)
    vehicle2 = NPC(lane_id=4, offset=26.07044192, initial_speed=8.24813045)
    vehicle2.decelerate(trigger_sequence=4, target_speed=29.05572008)

2025-07-15 Tuesday 11:31:41  random_test.py : INFO  === Evaluation Finished === 
 Fitness: [3.7563326593489803, -0.0], Collision: False
2025-07-15 Tuesday 11:31:47  random_test.py : INFO  === Evaluate Testcase === 
 def testcase(self):
    ego = NPC(lane_id=1, offset=26.81242637, initial_speed=33.76911649)
    vehicle2 = NPC(lane_id=2, offset=12.47172813, initial_speed=9.5381805)
    vehicle2.changeLane(trigger_sequence=2, target_lane=3, target_speed=16.92944988)
    vehicle2.changeLane(trigger_sequence=3, target_lane=3, target_speed=36.29132837)

2025-07-15 Tuesday 11:31:47  random_test.py : INFO  === Evaluation Finished === 
 Fitness: [16.00449466872756, -0.0], Collision: False
2025-07-15 Tuesday 11:31:52  random_test.py : INFO  === Evaluate Testcase === 
 def testcase(self):
    vehicle1 = NPC(lane_id=5, offset=25.8027979, initial_speed=6.23735558)
    vehicle2 = NPC(lane_id=3, offset=2.75277291, initial_speed=17.87398459)
    ego = NPC(lane_id=3, offset=28.17619436, initial_speed=28.33423567)
    vehicle1.decelerate(trigger_sequence=1, target_speed=18.54160542)
    vehicle1.accelerate(trigger_sequence=2, target_speed=48.46981499)
    vehicle2.changeLane(trigger_sequence=2, target_lane=3, target_speed=43.92548441)
    vehicle1.accelerate(trigger_sequence=3, target_speed=58.45717802)
    vehicle1.accelerate(trigger_sequence=5, target_speed=42.65424164)
    vehicle2.decelerate(trigger_sequence=5, target_speed=28.79655735)

2025-07-15 Tuesday 11:31:52  random_test.py : INFO  === Evaluation Finished === 
 Fitness: [7.960239696295788, -0.0], Collision: False
2025-07-15 Tuesday 11:31:58  random_test.py : INFO  === Evaluate Testcase === 
 def testcase(self):
    vehicle1 = NPC(lane_id=2, offset=22.70515006, initial_speed=9.30243604)
    ego = NPC(lane_id=2, offset=47.08606831, initial_speed=24.83782687)
    vehicle3 = NPC(lane_id=5, offset=4.55621516, initial_speed=25.31431239)
    vehicle1.changeLane(trigger_sequence=1, target_lane=3, target_speed=35.13884264)
    vehicle3.changeLane(trigger_sequence=1, target_lane=3, target_speed=10.54990561)
    vehicle1.changeLane(trigger_sequence=2, target_lane=3, target_speed=1.93030533)
    vehicle3.changeLane(trigger_sequence=2, target_lane=3, target_speed=43.96373424)
    vehicle1.accelerate(trigger_sequence=3, target_speed=57.58462565)
    vehicle1.decelerate(trigger_sequence=4, target_speed=25.93204697)

2025-07-15 Tuesday 11:31:58  random_test.py : INFO  === Evaluation Finished === 
 Fitness: [25.50227952337831, -0.0], Collision: False
2025-07-15 Tuesday 11:32:03  random_test.py : INFO  === Evaluate Testcase === 
 def testcase(self):
    vehicle1 = NPC(lane_id=1, offset=43.29198448, initial_speed=8.60876901)
    ego = NPC(lane_id=5, offset=47.20271839, initial_speed=38.75793483)
    vehicle1.accelerate(trigger_sequence=1, target_speed=38.11276842)
    vehicle1.changeLane(trigger_sequence=3, target_lane=1, target_speed=2.78621184)

2025-07-15 Tuesday 11:32:03  random_test.py : INFO  === Evaluation Finished === 
 Fitness: [14.999377377077208, -0.0], Collision: False
2025-07-15 Tuesday 11:32:08  random_test.py : INFO  === Evaluate Testcase === 
 def testcase(self):
    vehicle1 = NPC(lane_id=1, offset=41.8578383, initial_speed=3.14420609)
    vehicle2 = NPC(lane_id=4, offset=44.69912381, initial_speed=37.22478395)
    ego = NPC(lane_id=5, offset=17.75950685, initial_speed=39.92609256)
    vehicle2.accelerate(trigger_sequence=1, target_speed=50.80543948)
    vehicle1.decelerate(trigger_sequence=2, target_speed=8.78048117)
    vehicle2.changeLane(trigger_sequence=3, target_lane=1, target_speed=25.03000376)
    vehicle1.accelerate(trigger_sequence=4, target_speed=53.68255026)
    vehicle2.decelerate(trigger_sequence=4, target_speed=27.92144532)

2025-07-15 Tuesday 11:32:08  random_test.py : INFO  === Evaluation Finished === 
 Fitness: [14.00054728800068, -0.0], Collision: False
2025-07-15 Tuesday 11:32:13  random_test.py : INFO  === Evaluate Testcase === 
 def testcase(self):
    vehicle1 = NPC(lane_id=1, offset=21.55416128, initial_speed=12.09576698)
    vehicle2 = NPC(lane_id=3, offset=0.75463043, initial_speed=31.63900162)
    ego = NPC(lane_id=3, offset=31.36021292, initial_speed=19.65802641)
    vehicle1.accelerate(trigger_sequence=1, target_speed=49.41592278)
    vehicle1.decelerate(trigger_sequence=2, target_speed=25.98287163)
    vehicle1.decelerate(trigger_sequence=3, target_speed=15.34873148)
    vehicle2.decelerate(trigger_sequence=3, target_speed=13.94009009)
    vehicle1.changeLane(trigger_sequence=4, target_lane=1, target_speed=29.47372014)
    vehicle2.changeLane(trigger_sequence=4, target_lane=3, target_speed=50.12572604)
    vehicle1.accelerate(trigger_sequence=5, target_speed=43.8620733)
    vehicle2.accelerate(trigger_sequence=5, target_speed=34.73849363)

2025-07-15 Tuesday 11:32:13  random_test.py : INFO  === Evaluation Finished === 
 Fitness: [12.66624975673042, -0.005813953488372093], Collision: False
2025-07-15 Tuesday 11:32:17  random_test.py : INFO  === Evaluate Testcase === 
 def testcase(self):
    vehicle1 = NPC(lane_id=1, offset=40.926179, initial_speed=11.53168455)
    vehicle2 = NPC(lane_id=3, offset=15.19817532, initial_speed=37.36204116)
    vehicle3 = NPC(lane_id=3, offset=44.1529021, initial_speed=30.31031753)
    ego = NPC(lane_id=3, offset=15.07989455, initial_speed=22.11427093)
    vehicle1.changeLane(trigger_sequence=1, target_lane=1, target_speed=57.93124251)
    vehicle2.decelerate(trigger_sequence=1, target_speed=13.3085403)
    vehicle3.decelerate(trigger_sequence=1, target_speed=21.17298309)
    vehicle1.decelerate(trigger_sequence=2, target_speed=9.01296761)
    vehicle3.accelerate(trigger_sequence=2, target_speed=39.61314097)
    vehicle1.changeLane(trigger_sequence=3, target_lane=3, target_speed=32.02420326)
    vehicle1.changeLane(trigger_sequence=4, target_lane=3, target_speed=47.16002592)
    vehicle3.accelerate(trigger_sequence=4, target_speed=41.93599607)
    vehicle1.accelerate(trigger_sequence=5, target_speed=47.61837944)
    vehicle3.changeLane(trigger_sequence=5, target_lane=1, target_speed=52.86833345)

2025-07-15 Tuesday 11:32:17  random_test.py : INFO  === Evaluation Finished === 
 Fitness: [inf, 0], Collision: False
2025-07-15 Tuesday 11:32:23  random_test.py : INFO  === Evaluate Testcase === 
 def testcase(self):
    vehicle1 = NPC(lane_id=5, offset=45.6718342, initial_speed=32.9687043)
    vehicle2 = NPC(lane_id=2, offset=32.47876555, initial_speed=26.09816481)
    ego = NPC(lane_id=3, offset=5.07173065, initial_speed=26.69247345)
    vehicle1.changeLane(trigger_sequence=1, target_lane=3, target_speed=15.9715618)
    vehicle1.changeLane(trigger_sequence=2, target_lane=3, target_speed=6.60112716)
    vehicle2.decelerate(trigger_sequence=2, target_speed=20.77781619)
    vehicle1.decelerate(trigger_sequence=3, target_speed=7.59074779)
    vehicle2.decelerate(trigger_sequence=4, target_speed=0.12494267)

2025-07-15 Tuesday 11:32:23  random_test.py : INFO  === Evaluation Finished === 
 Fitness: [3.5001457914214407, -0.0], Collision: False
2025-07-15 Tuesday 11:32:28  random_test.py : INFO  === Evaluate Testcase === 
 def testcase(self):
    vehicle1 = NPC(lane_id=3, offset=2.66785662, initial_speed=31.9695224)
    vehicle2 = NPC(lane_id=2, offset=5.3539428, initial_speed=16.16152868)
    vehicle3 = NPC(lane_id=2, offset=48.22758773, initial_speed=16.43834424)
    ego = NPC(lane_id=5, offset=28.32296398, initial_speed=29.17894661)
    vehicle1.accelerate(trigger_sequence=1, target_speed=51.88820242)
    vehicle2.accelerate(trigger_sequence=1, target_speed=43.69345684)
    vehicle1.accelerate(trigger_sequence=2, target_speed=50.24437425)
    vehicle2.accelerate(trigger_sequence=2, target_speed=47.85436139)
    vehicle1.decelerate(trigger_sequence=3, target_speed=3.13984542)
    vehicle2.decelerate(trigger_sequence=3, target_speed=11.74653678)
    vehicle2.changeLane(trigger_sequence=4, target_lane=1, target_speed=36.64154945)
    vehicle2.changeLane(trigger_sequence=5, target_lane=3, target_speed=49.57728373)
    vehicle3.decelerate(trigger_sequence=5, target_speed=13.38818999)

2025-07-15 Tuesday 11:32:28  random_test.py : INFO  === Evaluation Finished === 
 Fitness: [7.220444288714457, -0.0], Collision: False
2025-07-15 Tuesday 11:32:32  random_test.py : INFO  === Evaluate Testcase === 
 def testcase(self):
    vehicle1 = NPC(lane_id=1, offset=11.99280384, initial_speed=15.90379082)
    vehicle2 = NPC(lane_id=5, offset=18.11704591, initial_speed=0.71546621)
    ego = NPC(lane_id=1, offset=15.60405694, initial_speed=38.86801228)
    vehicle1.accelerate(trigger_sequence=2, target_speed=38.68674852)
    vehicle2.decelerate(trigger_sequence=3, target_speed=10.23445317)
    vehicle1.accelerate(trigger_sequence=4, target_speed=33.16773354)
    vehicle2.changeLane(trigger_sequence=4, target_lane=3, target_speed=35.74241173)
    vehicle2.decelerate(trigger_sequence=5, target_speed=10.06142205)

2025-07-15 Tuesday 11:32:32  random_test.py : INFO  === Evaluation Finished === 
 Fitness: [inf, 0], Collision: False
2025-07-15 Tuesday 11:32:37  random_test.py : INFO  === Evaluate Testcase === 
 def testcase(self):
    vehicle1 = NPC(lane_id=2, offset=46.20749019, initial_speed=14.47984947)
    vehicle2 = NPC(lane_id=5, offset=46.59891343, initial_speed=25.13029793)
    ego = NPC(lane_id=3, offset=39.77746296, initial_speed=5.4373662)
    vehicle2.accelerate(trigger_sequence=1, target_speed=55.14932072)
    vehicle1.accelerate(trigger_sequence=2, target_speed=58.31137335)
    vehicle2.accelerate(trigger_sequence=2, target_speed=46.92462523)
    vehicle1.changeLane(trigger_sequence=4, target_lane=1, target_speed=42.54891321)
    vehicle2.decelerate(trigger_sequence=4, target_speed=4.32793064)

2025-07-15 Tuesday 11:32:37  random_test.py : INFO  === Evaluation Finished === 
 Fitness: [3.5026151266548444, -0.0], Collision: False
2025-07-15 Tuesday 11:32:43  random_test.py : INFO  === Evaluate Testcase === 
 def testcase(self):
    ego = NPC(lane_id=4, offset=0.72401503, initial_speed=28.53203607)
    vehicle2 = NPC(lane_id=1, offset=5.84617738, initial_speed=12.045377)
    vehicle3 = NPC(lane_id=4, offset=14.6186449, initial_speed=27.25068536)
    vehicle4 = NPC(lane_id=5, offset=44.31111662, initial_speed=34.37147778)
    vehicle2.changeLane(trigger_sequence=1, target_lane=3, target_speed=55.85641034)
    vehicle3.accelerate(trigger_sequence=1, target_speed=51.09046841)
    vehicle2.changeLane(trigger_sequence=2, target_lane=3, target_speed=29.2818845)
    vehicle3.decelerate(trigger_sequence=2, target_speed=19.7543475)
    vehicle2.changeLane(trigger_sequence=3, target_lane=1, target_speed=25.24967937)
    vehicle4.decelerate(trigger_sequence=3, target_speed=0.5285678)
    vehicle3.accelerate(trigger_sequence=4, target_speed=59.29331411)
    vehicle3.accelerate(trigger_sequence=5, target_speed=35.59067441)

2025-07-15 Tuesday 11:32:43  random_test.py : INFO  === Evaluation Finished === 
 Fitness: [7.000101454968289, -0.0], Collision: False
2025-07-15 Tuesday 11:32:49  random_test.py : INFO  === Evaluate Testcase === 
 def testcase(self):
    vehicle1 = NPC(lane_id=3, offset=18.46160525, initial_speed=39.32978162)
    vehicle2 = NPC(lane_id=2, offset=23.93156746, initial_speed=19.35861419)
    ego = NPC(lane_id=5, offset=28.97947054, initial_speed=34.00899027)
    vehicle4 = NPC(lane_id=4, offset=9.38970633, initial_speed=23.58772885)
    vehicle1.decelerate(trigger_sequence=1, target_speed=16.00340503)
    vehicle4.decelerate(trigger_sequence=1, target_speed=12.96553458)
    vehicle1.decelerate(trigger_sequence=3, target_speed=11.1224064)
    vehicle4.decelerate(trigger_sequence=3, target_speed=24.36953065)
    vehicle1.changeLane(trigger_sequence=4, target_lane=3, target_speed=44.37432359)
    vehicle2.decelerate(trigger_sequence=4, target_speed=7.8947747)
    vehicle1.decelerate(trigger_sequence=5, target_speed=24.01538864)
    vehicle2.accelerate(trigger_sequence=5, target_speed=30.66509296)

2025-07-15 Tuesday 11:32:49  random_test.py : INFO  === Evaluation Finished === 
 Fitness: [9.322244024366597, -0.0], Collision: False
2025-07-15 Tuesday 11:32:54  random_test.py : INFO  === Evaluate Testcase === 
 def testcase(self):
    vehicle1 = NPC(lane_id=4, offset=25.86315745, initial_speed=26.02218896)
    vehicle2 = NPC(lane_id=1, offset=47.76243198, initial_speed=29.66171685)
    vehicle3 = NPC(lane_id=2, offset=12.94868716, initial_speed=39.31390605)
    ego = NPC(lane_id=5, offset=12.60451907, initial_speed=1.14269905)
    vehicle1.accelerate(trigger_sequence=1, target_speed=50.9336723)
    vehicle2.changeLane(trigger_sequence=1, target_lane=3, target_speed=29.16390974)
    vehicle1.accelerate(trigger_sequence=3, target_speed=52.06779551)
    vehicle3.accelerate(trigger_sequence=3, target_speed=50.78134611)
    vehicle1.decelerate(trigger_sequence=4, target_speed=13.76791068)

2025-07-15 Tuesday 11:32:54  random_test.py : INFO  === Evaluation Finished === 
 Fitness: [3.2756183478071983, -0.0024271844660194173], Collision: True
2025-07-15 Tuesday 11:32:54  random_test.py : INFO  === Find a coollision ===
2025-07-15 Tuesday 11:33:00  random_test.py : INFO  === Evaluate Testcase === 
 def testcase(self):
    vehicle1 = NPC(lane_id=2, offset=14.7211649, initial_speed=28.82998766)
    vehicle2 = NPC(lane_id=5, offset=45.70390555, initial_speed=9.86193222)
    ego = NPC(lane_id=4, offset=23.1855099, initial_speed=12.89235609)
    vehicle1.decelerate(trigger_sequence=1, target_speed=19.29628669)
    vehicle2.changeLane(trigger_sequence=1, target_lane=1, target_speed=22.53389515)
    vehicle2.decelerate(trigger_sequence=2, target_speed=23.79249836)
    vehicle2.accelerate(trigger_sequence=3, target_speed=52.03163197)
    vehicle2.changeLane(trigger_sequence=4, target_lane=1, target_speed=3.83652073)
    vehicle1.decelerate(trigger_sequence=5, target_speed=17.10621549)
    vehicle2.decelerate(trigger_sequence=5, target_speed=12.3061781)

2025-07-15 Tuesday 11:33:00  random_test.py : INFO  === Evaluation Finished === 
 Fitness: [3.500163018233192, -0.0], Collision: False
2025-07-15 Tuesday 11:33:06  random_test.py : INFO  === Evaluate Testcase === 
 def testcase(self):
    ego = NPC(lane_id=4, offset=16.95008202, initial_speed=3.93453813)
    vehicle2 = NPC(lane_id=2, offset=28.18756741, initial_speed=18.66878406)
    vehicle3 = NPC(lane_id=3, offset=35.59523155, initial_speed=31.42949785)
    vehicle2.changeLane(trigger_sequence=1, target_lane=3, target_speed=27.30692186)
    vehicle3.accelerate(trigger_sequence=1, target_speed=49.72507021)
    vehicle2.decelerate(trigger_sequence=2, target_speed=18.61708953)
    vehicle3.accelerate(trigger_sequence=3, target_speed=36.70226805)
    vehicle3.decelerate(trigger_sequence=4, target_speed=1.04174344)
    vehicle3.changeLane(trigger_sequence=5, target_lane=1, target_speed=58.00470164)

2025-07-15 Tuesday 11:33:06  random_test.py : INFO  === Evaluation Finished === 
 Fitness: [6.999828369464509, -0.0], Collision: False
2025-07-15 Tuesday 11:33:09  random_test.py : INFO  === Evaluate Testcase === 
 def testcase(self):
    vehicle1 = NPC(lane_id=1, offset=15.97835819, initial_speed=16.93749931)
    vehicle2 = NPC(lane_id=4, offset=25.78833617, initial_speed=31.88409014)
    vehicle3 = NPC(lane_id=4, offset=12.51971663, initial_speed=23.45805134)
    ego = NPC(lane_id=1, offset=15.55196933, initial_speed=31.43115282)
    vehicle1.accelerate(trigger_sequence=1, target_speed=31.90360854)
    vehicle3.accelerate(trigger_sequence=1, target_speed=44.6964866)
    vehicle3.changeLane(trigger_sequence=2, target_lane=3, target_speed=38.5845816)
    vehicle1.accelerate(trigger_sequence=4, target_speed=59.12016637)
    vehicle2.decelerate(trigger_sequence=4, target_speed=3.31383805)
    vehicle1.decelerate(trigger_sequence=5, target_speed=26.29118681)
    vehicle2.decelerate(trigger_sequence=5, target_speed=6.11202903)
    vehicle3.changeLane(trigger_sequence=5, target_lane=3, target_speed=20.32235654)

2025-07-15 Tuesday 11:33:09  random_test.py : INFO  === Evaluation Finished === 
 Fitness: [inf, 0], Collision: False
2025-07-15 Tuesday 11:33:15  random_test.py : INFO  === Evaluate Testcase === 
 def testcase(self):
    vehicle1 = NPC(lane_id=1, offset=48.45815666, initial_speed=5.66521398)
    ego = NPC(lane_id=2, offset=34.97337693, initial_speed=33.81772787)
    vehicle3 = NPC(lane_id=5, offset=21.76999394, initial_speed=7.7353908)
    vehicle1.changeLane(trigger_sequence=1, target_lane=1, target_speed=3.57165981)
    vehicle3.decelerate(trigger_sequence=1, target_speed=24.15747255)
    vehicle1.decelerate(trigger_sequence=2, target_speed=5.65467335)
    vehicle3.changeLane(trigger_sequence=2, target_lane=3, target_speed=53.93718147)
    vehicle1.changeLane(trigger_sequence=3, target_lane=3, target_speed=55.10665311)
    vehicle3.accelerate(trigger_sequence=3, target_speed=42.05873842)

2025-07-15 Tuesday 11:33:15  random_test.py : INFO  === Evaluation Finished === 
 Fitness: [3.5017840350482303, -0.0], Collision: False
2025-07-15 Tuesday 11:33:20  simulate.py : INFO  Rear-end collision with vehicle 755 ignored
2025-07-15 Tuesday 11:33:21  random_test.py : INFO  === Evaluate Testcase === 
 def testcase(self):
    ego = NPC(lane_id=3, offset=30.36502349, initial_speed=0.79800159)
    vehicle2 = NPC(lane_id=5, offset=19.3601639, initial_speed=18.4133533)
    vehicle3 = NPC(lane_id=2, offset=33.53607206, initial_speed=31.09899821)
    vehicle4 = NPC(lane_id=4, offset=9.32769032, initial_speed=12.50934193)
    vehicle2.changeLane(trigger_sequence=2, target_lane=1, target_speed=53.58335971)
    vehicle4.decelerate(trigger_sequence=2, target_speed=27.85115767)
    vehicle2.accelerate(trigger_sequence=4, target_speed=36.35048998)
    vehicle4.changeLane(trigger_sequence=5, target_lane=3, target_speed=35.39540897)

2025-07-15 Tuesday 11:33:21  random_test.py : INFO  === Evaluation Finished === 
 Fitness: [2.546875674483146, -0.0], Collision: False
2025-07-15 Tuesday 11:33:25  random_test.py : INFO  === Evaluate Testcase === 
 def testcase(self):
    vehicle1 = NPC(lane_id=2, offset=19.50633982, initial_speed=22.99859448)
    vehicle2 = NPC(lane_id=2, offset=16.9006958, initial_speed=36.33009518)
    ego = NPC(lane_id=5, offset=18.80231524, initial_speed=10.22911429)
    vehicle4 = NPC(lane_id=2, offset=0.29728695, initial_speed=23.1202971)
    vehicle2.accelerate(trigger_sequence=1, target_speed=47.85612721)
    vehicle4.decelerate(trigger_sequence=1, target_speed=27.79816714)
    vehicle1.accelerate(trigger_sequence=2, target_speed=36.77555755)
    vehicle2.accelerate(trigger_sequence=2, target_speed=59.06307536)
    vehicle1.accelerate(trigger_sequence=3, target_speed=57.30831201)
    vehicle2.decelerate(trigger_sequence=3, target_speed=19.66859401)
    vehicle4.decelerate(trigger_sequence=4, target_speed=22.05186397)
    vehicle4.accelerate(trigger_sequence=5, target_speed=31.54617763)

2025-07-15 Tuesday 11:33:25  random_test.py : INFO  === Evaluation Finished === 
 Fitness: [inf, 0], Collision: False
2025-07-15 Tuesday 11:33:30  random_test.py : INFO  === Evaluate Testcase === 
 def testcase(self):
    ego = NPC(lane_id=1, offset=36.74072298, initial_speed=24.62626836)
    vehicle2 = NPC(lane_id=4, offset=36.59251693, initial_speed=35.41291152)
    vehicle2.changeLane(trigger_sequence=2, target_lane=3, target_speed=48.95648469)
    vehicle2.changeLane(trigger_sequence=3, target_lane=3, target_speed=15.73500565)
    vehicle2.decelerate(trigger_sequence=5, target_speed=19.70221372)

2025-07-15 Tuesday 11:33:30  random_test.py : INFO  === Evaluation Finished === 
 Fitness: [7.000382474818236, -0.0], Collision: False
2025-07-15 Tuesday 11:33:36  random_test.py : INFO  === Evaluate Testcase === 
 def testcase(self):
    vehicle1 = NPC(lane_id=2, offset=11.23261907, initial_speed=31.51557007)
    ego = NPC(lane_id=5, offset=21.69592225, initial_speed=35.5557581)
    vehicle1.changeLane(trigger_sequence=2, target_lane=3, target_speed=5.35261369)
    vehicle1.decelerate(trigger_sequence=3, target_speed=25.5486695)
    vehicle1.changeLane(trigger_sequence=5, target_lane=1, target_speed=34.11802288)

2025-07-15 Tuesday 11:33:36  random_test.py : INFO  === Evaluation Finished === 
 Fitness: [15.571670815849126, -0.0], Collision: False
2025-07-15 Tuesday 11:33:41  random_test.py : INFO  === Evaluate Testcase === 
 def testcase(self):
    ego = NPC(lane_id=3, offset=27.67084384, initial_speed=6.48598227)
    vehicle2 = NPC(lane_id=1, offset=10.73960433, initial_speed=16.69291591)
    vehicle2.changeLane(trigger_sequence=1, target_lane=1, target_speed=25.79936636)
    vehicle2.decelerate(trigger_sequence=5, target_speed=10.98401959)

2025-07-15 Tuesday 11:33:41  random_test.py : INFO  === Evaluation Finished === 
 Fitness: [16.732091110224356, -0.002840909090909091], Collision: False
2025-07-15 Tuesday 11:33:46  random_test.py : INFO  === Evaluate Testcase === 
 def testcase(self):
    ego = NPC(lane_id=3, offset=40.38909875, initial_speed=19.99357598)
    vehicle2 = NPC(lane_id=1, offset=34.59931495, initial_speed=7.85078333)
    vehicle3 = NPC(lane_id=4, offset=25.59906101, initial_speed=37.57293729)
    vehicle4 = NPC(lane_id=3, offset=13.63672082, initial_speed=36.92676311)
    vehicle2.changeLane(trigger_sequence=1, target_lane=3, target_speed=18.47968311)
    vehicle4.decelerate(trigger_sequence=1, target_speed=16.74967487)
    vehicle3.accelerate(trigger_sequence=2, target_speed=34.07353287)
    vehicle2.decelerate(trigger_sequence=4, target_speed=4.2591723)
    vehicle2.decelerate(trigger_sequence=5, target_speed=5.11664542)
    vehicle4.accelerate(trigger_sequence=5, target_speed=57.30455777)

2025-07-15 Tuesday 11:33:46  random_test.py : INFO  === Evaluation Finished === 
 Fitness: [9.78845373151985, -0.0], Collision: False
2025-07-15 Tuesday 11:33:52  random_test.py : INFO  === Evaluate Testcase === 
 def testcase(self):
    vehicle1 = NPC(lane_id=1, offset=48.56913662, initial_speed=2.01548527)
    vehicle2 = NPC(lane_id=3, offset=20.35581777, initial_speed=25.32519793)
    vehicle3 = NPC(lane_id=5, offset=21.81442215, initial_speed=30.78972958)
    ego = NPC(lane_id=2, offset=12.08541064, initial_speed=32.08346584)
    vehicle1.accelerate(trigger_sequence=1, target_speed=55.34709458)
    vehicle1.decelerate(trigger_sequence=2, target_speed=17.06521761)
    vehicle3.accelerate(trigger_sequence=2, target_speed=34.78514573)
    vehicle1.decelerate(trigger_sequence=4, target_speed=2.4184447)
    vehicle3.changeLane(trigger_sequence=4, target_lane=3, target_speed=26.21071913)
    vehicle1.decelerate(trigger_sequence=5, target_speed=10.11228628)
    vehicle2.decelerate(trigger_sequence=5, target_speed=7.81206927)
    vehicle3.accelerate(trigger_sequence=5, target_speed=48.36156016)

2025-07-15 Tuesday 11:33:52  random_test.py : INFO  === Evaluation Finished === 
 Fitness: [3.4997804494914653, -0.0], Collision: False
2025-07-15 Tuesday 11:33:57  random_test.py : INFO  === Evaluate Testcase === 
 def testcase(self):
    ego = NPC(lane_id=5, offset=38.4946049, initial_speed=31.98141773)
    vehicle2 = NPC(lane_id=5, offset=26.61042694, initial_speed=7.78388536)
    vehicle2.changeLane(trigger_sequence=2, target_lane=1, target_speed=11.06465511)
    vehicle2.decelerate(trigger_sequence=5, target_speed=22.5829071)

2025-07-15 Tuesday 11:33:57  random_test.py : INFO  === Evaluation Finished === 
 Fitness: [13.108511924696439, -0.0], Collision: False
2025-07-15 Tuesday 11:34:03  random_test.py : INFO  === Evaluate Testcase === 
 def testcase(self):
    vehicle1 = NPC(lane_id=3, offset=22.39555141, initial_speed=21.38958252)
    ego = NPC(lane_id=5, offset=31.73446958, initial_speed=1.89898789)
    vehicle3 = NPC(lane_id=3, offset=37.60697206, initial_speed=32.03076124)
    vehicle1.changeLane(trigger_sequence=1, target_lane=1, target_speed=18.97631925)
    vehicle3.decelerate(trigger_sequence=2, target_speed=5.77270627)
    vehicle3.changeLane(trigger_sequence=3, target_lane=1, target_speed=37.46664746)
    vehicle1.changeLane(trigger_sequence=4, target_lane=1, target_speed=24.10577348)
    vehicle3.changeLane(trigger_sequence=4, target_lane=1, target_speed=55.25129935)
    vehicle1.decelerate(trigger_sequence=5, target_speed=0.99277637)
    vehicle3.accelerate(trigger_sequence=5, target_speed=38.72341139)

2025-07-15 Tuesday 11:34:03  random_test.py : INFO  === Evaluation Finished === 
 Fitness: [6.99989252569736, -0.0], Collision: False
2025-07-15 Tuesday 11:34:09  random_test.py : INFO  === Evaluate Testcase === 
 def testcase(self):
    ego = NPC(lane_id=2, offset=48.70532565, initial_speed=14.06441266)
    vehicle2 = NPC(lane_id=3, offset=2.47889778, initial_speed=26.09789145)
    vehicle3 = NPC(lane_id=1, offset=41.2211426, initial_speed=6.90968691)
    vehicle4 = NPC(lane_id=5, offset=17.72697579, initial_speed=14.92126695)
    vehicle3.changeLane(trigger_sequence=1, target_lane=1, target_speed=54.78236984)
    vehicle4.changeLane(trigger_sequence=2, target_lane=3, target_speed=40.43512429)
    vehicle4.accelerate(trigger_sequence=3, target_speed=50.13728173)
    vehicle2.accelerate(trigger_sequence=4, target_speed=47.40192237)
    vehicle4.decelerate(trigger_sequence=4, target_speed=11.71098991)
    vehicle2.decelerate(trigger_sequence=5, target_speed=5.43944099)
    vehicle3.decelerate(trigger_sequence=5, target_speed=19.0301527)

2025-07-15 Tuesday 11:34:09  random_test.py : INFO  === Evaluation Finished === 
 Fitness: [8.975650348586301, -0.0], Collision: False
2025-07-15 Tuesday 11:34:14  random_test.py : INFO  === Evaluate Testcase === 
 def testcase(self):
    vehicle1 = NPC(lane_id=4, offset=46.11298502, initial_speed=3.23937601)
    ego = NPC(lane_id=5, offset=19.80952781, initial_speed=19.52311478)
    vehicle1.accelerate(trigger_sequence=2, target_speed=33.55255682)
    vehicle1.accelerate(trigger_sequence=4, target_speed=36.91052748)

2025-07-15 Tuesday 11:34:14  random_test.py : INFO  === Evaluation Finished === 
 Fitness: [3.504434482129614, -0.005797101449275362], Collision: False
2025-07-15 Tuesday 11:34:20  random_test.py : INFO  === Evaluate Testcase === 
 def testcase(self):
    ego = NPC(lane_id=5, offset=0.50295789, initial_speed=9.70866479)
    vehicle2 = NPC(lane_id=1, offset=19.57824617, initial_speed=37.53676681)
    vehicle3 = NPC(lane_id=2, offset=5.33739841, initial_speed=4.69303138)
    vehicle4 = NPC(lane_id=2, offset=21.41042933, initial_speed=8.38512905)
    vehicle4.changeLane(trigger_sequence=1, target_lane=3, target_speed=24.42843096)
    vehicle3.accelerate(trigger_sequence=2, target_speed=44.45933615)
    vehicle4.changeLane(trigger_sequence=2, target_lane=1, target_speed=28.7150416)
    vehicle2.decelerate(trigger_sequence=3, target_speed=6.68564416)
    vehicle3.accelerate(trigger_sequence=3, target_speed=50.85175862)
    vehicle2.changeLane(trigger_sequence=4, target_lane=1, target_speed=53.0860766)
    vehicle3.accelerate(trigger_sequence=4, target_speed=58.22891552)

2025-07-15 Tuesday 11:34:20  random_test.py : INFO  === Evaluation Finished === 
 Fitness: [10.49671999651335, -0.0], Collision: False
2025-07-15 Tuesday 11:34:25  random_test.py : INFO  === Evaluate Testcase === 
 def testcase(self):
    vehicle1 = NPC(lane_id=5, offset=9.24263259, initial_speed=38.26937579)
    ego = NPC(lane_id=2, offset=41.26886206, initial_speed=35.60223658)
    vehicle1.accelerate(trigger_sequence=1, target_speed=59.31352248)
    vehicle1.decelerate(trigger_sequence=2, target_speed=1.9236094)
    vehicle1.accelerate(trigger_sequence=3, target_speed=45.18393528)
    vehicle1.accelerate(trigger_sequence=4, target_speed=36.21204608)
    vehicle1.decelerate(trigger_sequence=5, target_speed=6.55438172)

2025-07-15 Tuesday 11:34:25  random_test.py : INFO  === Evaluation Finished === 
 Fitness: [11.178103522955318, -0.0], Collision: False
2025-07-15 Tuesday 11:34:31  random_test.py : INFO  === Evaluate Testcase === 
 def testcase(self):
    vehicle1 = NPC(lane_id=3, offset=17.04269355, initial_speed=28.7193428)
    vehicle2 = NPC(lane_id=4, offset=25.72780534, initial_speed=34.66173426)
    ego = NPC(lane_id=2, offset=39.75017761, initial_speed=22.44120179)
    vehicle1.decelerate(trigger_sequence=2, target_speed=16.33785872)
    vehicle2.accelerate(trigger_sequence=2, target_speed=41.57971076)
    vehicle1.changeLane(trigger_sequence=4, target_lane=1, target_speed=40.74974133)
    vehicle2.changeLane(trigger_sequence=4, target_lane=1, target_speed=54.44617035)
    vehicle1.accelerate(trigger_sequence=5, target_speed=51.72489128)

2025-07-15 Tuesday 11:34:31  random_test.py : INFO  === Evaluation Finished === 
 Fitness: [3.500313961666769, -0.005405405405405406], Collision: False
2025-07-15 Tuesday 11:34:36  random_test.py : INFO  === Evaluate Testcase === 
 def testcase(self):
    vehicle1 = NPC(lane_id=1, offset=16.72607675, initial_speed=7.76543392)
    ego = NPC(lane_id=5, offset=25.04111653, initial_speed=2.95524372)
    vehicle1.decelerate(trigger_sequence=1, target_speed=19.47179153)
    vehicle1.accelerate(trigger_sequence=3, target_speed=59.52034323)
    vehicle1.accelerate(trigger_sequence=5, target_speed=58.63394658)

2025-07-15 Tuesday 11:34:36  random_test.py : INFO  === Evaluation Finished === 
 Fitness: [15.925510687001754, -0.0], Collision: False
2025-07-15 Tuesday 11:34:41  random_test.py : INFO  === Evaluate Testcase === 
 def testcase(self):
    vehicle1 = NPC(lane_id=2, offset=36.46062428, initial_speed=27.66488479)
    vehicle2 = NPC(lane_id=1, offset=36.15501777, initial_speed=26.88930863)
    ego = NPC(lane_id=5, offset=10.53356655, initial_speed=14.53929204)
    vehicle1.decelerate(trigger_sequence=1, target_speed=27.06181154)
    vehicle2.accelerate(trigger_sequence=1, target_speed=33.41901264)
    vehicle2.decelerate(trigger_sequence=2, target_speed=26.71931561)
    vehicle1.changeLane(trigger_sequence=3, target_lane=1, target_speed=41.32175057)
    vehicle2.decelerate(trigger_sequence=3, target_speed=18.41324959)
    vehicle1.accelerate(trigger_sequence=4, target_speed=42.84099194)
    vehicle1.decelerate(trigger_sequence=5, target_speed=15.56950897)

2025-07-15 Tuesday 11:34:41  random_test.py : INFO  === Evaluation Finished === 
 Fitness: [10.499672931891203, -0.0], Collision: False
2025-07-15 Tuesday 11:34:47  random_test.py : INFO  === Evaluate Testcase === 
 def testcase(self):
    vehicle1 = NPC(lane_id=3, offset=8.17739181, initial_speed=4.40457032)
    ego = NPC(lane_id=5, offset=12.37845754, initial_speed=10.43706983)
    vehicle3 = NPC(lane_id=3, offset=14.7927048, initial_speed=18.6043059)
    vehicle3.changeLane(trigger_sequence=1, target_lane=1, target_speed=3.35919786)
    vehicle1.accelerate(trigger_sequence=2, target_speed=43.4039419)
    vehicle3.accelerate(trigger_sequence=2, target_speed=34.83680013)
    vehicle1.changeLane(trigger_sequence=3, target_lane=3, target_speed=13.05438227)
    vehicle3.accelerate(trigger_sequence=3, target_speed=35.37116964)
    vehicle3.changeLane(trigger_sequence=4, target_lane=1, target_speed=25.63913362)
    vehicle1.changeLane(trigger_sequence=5, target_lane=3, target_speed=36.03115007)
    vehicle3.decelerate(trigger_sequence=5, target_speed=24.46777506)

2025-07-15 Tuesday 11:34:47  random_test.py : INFO  === Evaluation Finished === 
 Fitness: [7.001784335999767, -0.0], Collision: False
2025-07-15 Tuesday 11:34:52  random_test.py : INFO  === Evaluate Testcase === 
 def testcase(self):
    vehicle1 = NPC(lane_id=1, offset=8.06057636, initial_speed=7.95420516)
    ego = NPC(lane_id=5, offset=40.79391831, initial_speed=7.57439004)
    vehicle1.accelerate(trigger_sequence=1, target_speed=33.73010938)
    vehicle1.decelerate(trigger_sequence=3, target_speed=3.67116031)
    vehicle1.decelerate(trigger_sequence=4, target_speed=13.77194531)

2025-07-15 Tuesday 11:34:52  random_test.py : INFO  === Evaluation Finished === 
 Fitness: [35.73302180482043, -0.002849002849002849], Collision: False
2025-07-15 Tuesday 11:34:57  random_test.py : INFO  === Evaluate Testcase === 
 def testcase(self):
    vehicle1 = NPC(lane_id=3, offset=43.20500026, initial_speed=28.07024703)
    ego = NPC(lane_id=1, offset=40.51676111, initial_speed=39.61947372)
    vehicle3 = NPC(lane_id=3, offset=18.4206817, initial_speed=36.47967447)
    vehicle3.changeLane(trigger_sequence=1, target_lane=1, target_speed=28.63521014)
    vehicle3.changeLane(trigger_sequence=2, target_lane=1, target_speed=59.89758833)
    vehicle1.accelerate(trigger_sequence=3, target_speed=46.14383105)
    vehicle1.accelerate(trigger_sequence=5, target_speed=46.57799015)

2025-07-15 Tuesday 11:34:57  random_test.py : INFO  === Evaluation Finished === 
 Fitness: [7.000305114931951, -0.0], Collision: False
2025-07-15 Tuesday 11:35:02  random_test.py : INFO  === Evaluate Testcase === 
 def testcase(self):
    ego = NPC(lane_id=2, offset=49.90687229, initial_speed=39.15582104)
    vehicle2 = NPC(lane_id=5, offset=45.37497536, initial_speed=36.85988842)
    vehicle2.accelerate(trigger_sequence=3, target_speed=59.74316247)
    vehicle2.accelerate(trigger_sequence=4, target_speed=52.51117602)

2025-07-15 Tuesday 11:35:02  random_test.py : INFO  === Evaluation Finished === 
 Fitness: [10.500497515655942, -0.0], Collision: False
2025-07-15 Tuesday 11:35:08  random_test.py : INFO  === Evaluate Testcase === 
 def testcase(self):
    ego = NPC(lane_id=3, offset=5.64909263, initial_speed=23.93786952)
    vehicle2 = NPC(lane_id=1, offset=25.54174423, initial_speed=38.16792465)
    vehicle2.accelerate(trigger_sequence=1, target_speed=52.51835923)
    vehicle2.changeLane(trigger_sequence=3, target_lane=3, target_speed=21.65638132)
    vehicle2.changeLane(trigger_sequence=5, target_lane=3, target_speed=33.90236353)

2025-07-15 Tuesday 11:35:08  random_test.py : INFO  === Evaluation Finished === 
 Fitness: [4.482694437325285, -0.005319148936170213], Collision: False
2025-07-15 Tuesday 11:35:13  random_test.py : INFO  === Evaluate Testcase === 
 def testcase(self):
    ego = NPC(lane_id=2, offset=0.14910068, initial_speed=3.71576286)
    vehicle2 = NPC(lane_id=1, offset=14.39346559, initial_speed=32.79533193)
    vehicle2.changeLane(trigger_sequence=2, target_lane=3, target_speed=34.71026168)
    vehicle2.accelerate(trigger_sequence=3, target_speed=41.2516234)
    vehicle2.decelerate(trigger_sequence=4, target_speed=5.58261461)

2025-07-15 Tuesday 11:35:13  random_test.py : INFO  === Evaluation Finished === 
 Fitness: [3.635841259668299, -0.0], Collision: False
2025-07-15 Tuesday 11:35:18  random_test.py : INFO  === Evaluate Testcase === 
 def testcase(self):
    vehicle1 = NPC(lane_id=1, offset=1.52648744, initial_speed=37.7129195)
    ego = NPC(lane_id=4, offset=43.37094237, initial_speed=38.23774155)
    vehicle1.accelerate(trigger_sequence=1, target_speed=59.44520753)
    vehicle1.changeLane(trigger_sequence=2, target_lane=1, target_speed=47.65381555)
    vehicle1.changeLane(trigger_sequence=3, target_lane=3, target_speed=20.73055611)
    vehicle1.accelerate(trigger_sequence=4, target_speed=51.91070225)

2025-07-15 Tuesday 11:35:18  random_test.py : INFO  === Evaluation Finished === 
 Fitness: [9.835741166921284, -0.0], Collision: False
2025-07-15 Tuesday 11:35:24  random_test.py : INFO  === Evaluate Testcase === 
 def testcase(self):
    ego = NPC(lane_id=2, offset=48.79352151, initial_speed=9.90805277)
    vehicle2 = NPC(lane_id=4, offset=39.45195511, initial_speed=4.74237411)
    vehicle2.changeLane(trigger_sequence=3, target_lane=1, target_speed=38.6470777)
    vehicle2.accelerate(trigger_sequence=4, target_speed=55.868108)

2025-07-15 Tuesday 11:35:24  random_test.py : INFO  === Evaluation Finished === 
 Fitness: [11.958010229797885, -0.0028653295128939827], Collision: False
2025-07-15 Tuesday 11:35:29  random_test.py : INFO  === Evaluate Testcase === 
 def testcase(self):
    ego = NPC(lane_id=5, offset=45.58760556, initial_speed=1.15588875)
    vehicle2 = NPC(lane_id=1, offset=40.28756728, initial_speed=24.55175082)
    vehicle2.changeLane(trigger_sequence=1, target_lane=3, target_speed=1.99809258)
    vehicle2.decelerate(trigger_sequence=2, target_speed=7.82100069)
    vehicle2.decelerate(trigger_sequence=3, target_speed=26.15965071)
    vehicle2.decelerate(trigger_sequence=4, target_speed=5.3604931)

2025-07-15 Tuesday 11:35:29  random_test.py : INFO  === Evaluation Finished === 
 Fitness: [13.992263809328952, -0.0], Collision: False
2025-07-15 Tuesday 11:35:35  random_test.py : INFO  === Evaluate Testcase === 
 def testcase(self):
    vehicle1 = NPC(lane_id=3, offset=14.40515066, initial_speed=4.32366588)
    ego = NPC(lane_id=5, offset=22.20574633, initial_speed=39.38389927)
    vehicle3 = NPC(lane_id=4, offset=3.50727904, initial_speed=35.87073762)
    vehicle1.changeLane(trigger_sequence=2, target_lane=3, target_speed=24.79115382)
    vehicle1.accelerate(trigger_sequence=3, target_speed=32.01417988)
    vehicle3.changeLane(trigger_sequence=3, target_lane=1, target_speed=15.19969196)
    vehicle1.changeLane(trigger_sequence=5, target_lane=3, target_speed=31.7089898)

2025-07-15 Tuesday 11:35:35  random_test.py : INFO  === Evaluation Finished === 
 Fitness: [12.093873554861705, -0.0], Collision: False
2025-07-15 Tuesday 11:35:40  random_test.py : INFO  === Evaluate Testcase === 
 def testcase(self):
    vehicle1 = NPC(lane_id=2, offset=45.41355316, initial_speed=33.69403191)
    ego = NPC(lane_id=4, offset=46.84094884, initial_speed=20.7990279)
    vehicle1.changeLane(trigger_sequence=1, target_lane=1, target_speed=4.45824073)
    vehicle1.accelerate(trigger_sequence=2, target_speed=41.79253725)
    vehicle1.changeLane(trigger_sequence=4, target_lane=1, target_speed=8.66375972)

2025-07-15 Tuesday 11:35:40  random_test.py : INFO  === Evaluation Finished === 
 Fitness: [6.992576689338858, -0.0], Collision: False
2025-07-15 Tuesday 11:35:45  random_test.py : INFO  === Evaluate Testcase === 
 def testcase(self):
    vehicle1 = NPC(lane_id=3, offset=37.26485798, initial_speed=30.37472792)
    ego = NPC(lane_id=4, offset=12.61603978, initial_speed=13.13285216)
    vehicle1.decelerate(trigger_sequence=1, target_speed=19.46442818)

2025-07-15 Tuesday 11:35:45  random_test.py : INFO  === Evaluation Finished === 
 Fitness: [3.499757844593721, -0.0], Collision: False
2025-07-15 Tuesday 11:35:51  random_test.py : INFO  === Evaluate Testcase === 
 def testcase(self):
    ego = NPC(lane_id=4, offset=23.41274809, initial_speed=26.14705383)
    vehicle2 = NPC(lane_id=1, offset=45.51470839, initial_speed=10.54030372)
    vehicle3 = NPC(lane_id=3, offset=36.13615288, initial_speed=1.34271444)
    vehicle4 = NPC(lane_id=5, offset=0.23500241, initial_speed=23.76673241)
    vehicle2.changeLane(trigger_sequence=1, target_lane=3, target_speed=50.98625682)
    vehicle3.changeLane(trigger_sequence=1, target_lane=1, target_speed=23.04261662)
    vehicle2.accelerate(trigger_sequence=2, target_speed=44.48039904)
    vehicle3.changeLane(trigger_sequence=2, target_lane=3, target_speed=29.71548423)
    vehicle4.accelerate(trigger_sequence=3, target_speed=59.73295004)
    vehicle2.accelerate(trigger_sequence=4, target_speed=59.73735385)
    vehicle2.changeLane(trigger_sequence=5, target_lane=3, target_speed=53.78099888)
    vehicle4.changeLane(trigger_sequence=5, target_lane=1, target_speed=46.88041668)

2025-07-15 Tuesday 11:35:51  random_test.py : INFO  === Evaluation Finished === 
 Fitness: [3.5003390096457268, -0.0], Collision: False
2025-07-15 Tuesday 11:35:57  random_test.py : INFO  === Evaluate Testcase === 
 def testcase(self):
    vehicle1 = NPC(lane_id=2, offset=35.21468256, initial_speed=34.79004092)
    vehicle2 = NPC(lane_id=2, offset=41.04109207, initial_speed=16.11847748)
    ego = NPC(lane_id=2, offset=25.56666637, initial_speed=0.0427106)
    vehicle4 = NPC(lane_id=5, offset=27.99509904, initial_speed=30.58052828)
    vehicle2.accelerate(trigger_sequence=1, target_speed=44.33397293)
    vehicle1.accelerate(trigger_sequence=2, target_speed=38.24941578)
    vehicle4.changeLane(trigger_sequence=2, target_lane=1, target_speed=56.06317996)
    vehicle4.accelerate(trigger_sequence=3, target_speed=42.74137498)
    vehicle1.decelerate(trigger_sequence=4, target_speed=13.88879651)
    vehicle2.changeLane(trigger_sequence=4, target_lane=1, target_speed=31.64254597)
    vehicle1.decelerate(trigger_sequence=5, target_speed=12.44728639)

2025-07-15 Tuesday 11:35:57  random_test.py : INFO  === Evaluation Finished === 
 Fitness: [10.563080567583793, -0.00468384074941452], Collision: False
2025-07-15 Tuesday 11:36:02  random_test.py : INFO  === Evaluate Testcase === 
 def testcase(self):
    ego = NPC(lane_id=2, offset=41.00953623, initial_speed=11.89243643)
    vehicle2 = NPC(lane_id=1, offset=32.72310799, initial_speed=19.06711507)
    vehicle2.decelerate(trigger_sequence=1, target_speed=18.87658219)
    vehicle2.accelerate(trigger_sequence=3, target_speed=55.87418377)

2025-07-15 Tuesday 11:36:02  random_test.py : INFO  === Evaluation Finished === 
 Fitness: [3.501350859693969, -0.0], Collision: False
2025-07-15 Tuesday 11:36:07  random_test.py : INFO  === Evaluate Testcase === 
 def testcase(self):
    ego = NPC(lane_id=2, offset=5.62579405, initial_speed=13.67220114)
    vehicle2 = NPC(lane_id=1, offset=3.84113631, initial_speed=9.38899524)
    vehicle3 = NPC(lane_id=5, offset=25.60437173, initial_speed=38.16540925)
    vehicle3.accelerate(trigger_sequence=1, target_speed=39.37272622)
    vehicle2.changeLane(trigger_sequence=2, target_lane=3, target_speed=15.62217727)
    vehicle3.decelerate(trigger_sequence=2, target_speed=7.01136273)
    vehicle2.accelerate(trigger_sequence=3, target_speed=34.5176801)
    vehicle3.decelerate(trigger_sequence=3, target_speed=8.72786951)
    vehicle2.decelerate(trigger_sequence=4, target_speed=10.80764589)

2025-07-15 Tuesday 11:36:07  random_test.py : INFO  === Evaluation Finished === 
 Fitness: [4.171500288339274, -0.0], Collision: False
2025-07-15 Tuesday 11:36:13  random_test.py : INFO  === Evaluate Testcase === 
 def testcase(self):
    ego = NPC(lane_id=1, offset=48.66792613, initial_speed=18.53655159)
    vehicle2 = NPC(lane_id=4, offset=39.1136776, initial_speed=29.71515194)
    vehicle3 = NPC(lane_id=1, offset=39.43034442, initial_speed=7.4326262)
    vehicle3.accelerate(trigger_sequence=2, target_speed=43.22945482)
    vehicle2.decelerate(trigger_sequence=3, target_speed=12.32207553)
    vehicle2.changeLane(trigger_sequence=4, target_lane=3, target_speed=57.77066437)
    vehicle3.changeLane(trigger_sequence=4, target_lane=1, target_speed=47.31320483)
    vehicle3.decelerate(trigger_sequence=5, target_speed=16.13017093)

2025-07-15 Tuesday 11:36:13  random_test.py : INFO  === Evaluation Finished === 
 Fitness: [10.164085236432044, -0.0], Collision: False
2025-07-15 Tuesday 11:36:18  random_test.py : INFO  === Evaluate Testcase === 
 def testcase(self):
    ego = NPC(lane_id=5, offset=26.37296646, initial_speed=0.17541569)
    vehicle2 = NPC(lane_id=1, offset=14.75401141, initial_speed=36.63823556)
    vehicle2.decelerate(trigger_sequence=1, target_speed=0.38243382)
    vehicle2.changeLane(trigger_sequence=3, target_lane=1, target_speed=31.33381673)
    vehicle2.decelerate(trigger_sequence=4, target_speed=28.54697848)

2025-07-15 Tuesday 11:36:18  random_test.py : INFO  === Evaluation Finished === 
 Fitness: [13.994869910671914, -0.0], Collision: False
2025-07-15 Tuesday 11:36:23  random_test.py : INFO  === Evaluate Testcase === 
 def testcase(self):
    ego = NPC(lane_id=3, offset=1.90261657, initial_speed=13.82006931)
    vehicle2 = NPC(lane_id=5, offset=16.3372785, initial_speed=15.01026543)
    vehicle3 = NPC(lane_id=1, offset=26.58707263, initial_speed=23.0269619)
    vehicle2.decelerate(trigger_sequence=2, target_speed=22.44374947)
    vehicle3.changeLane(trigger_sequence=3, target_lane=3, target_speed=0.68550928)
    vehicle3.changeLane(trigger_sequence=5, target_lane=3, target_speed=15.81065827)

2025-07-15 Tuesday 11:36:23  random_test.py : INFO  === Evaluation Finished === 
 Fitness: [7.000432561789805, -0.0], Collision: False
2025-07-15 Tuesday 11:36:27  simulate.py : INFO  Rear-end collision with vehicle 882 ignored
2025-07-15 Tuesday 11:36:29  random_test.py : INFO  === Evaluate Testcase === 
 def testcase(self):
    vehicle1 = NPC(lane_id=5, offset=0.08417341, initial_speed=35.93523486)
    ego = NPC(lane_id=5, offset=14.76128279, initial_speed=37.89260834)
    vehicle3 = NPC(lane_id=5, offset=48.85756603, initial_speed=30.18033061)
    vehicle4 = NPC(lane_id=4, offset=24.52902199, initial_speed=10.55684727)
    vehicle1.accelerate(trigger_sequence=1, target_speed=47.88143231)
    vehicle3.decelerate(trigger_sequence=1, target_speed=11.10997129)
    vehicle4.decelerate(trigger_sequence=1, target_speed=24.65697499)
    vehicle1.decelerate(trigger_sequence=2, target_speed=23.68079023)
    vehicle3.decelerate(trigger_sequence=2, target_speed=28.03254709)
    vehicle3.accelerate(trigger_sequence=3, target_speed=45.68859873)
    vehicle4.decelerate(trigger_sequence=3, target_speed=20.56901557)
    vehicle1.changeLane(trigger_sequence=4, target_lane=1, target_speed=57.46643632)
    vehicle3.changeLane(trigger_sequence=4, target_lane=1, target_speed=25.05386663)
    vehicle4.changeLane(trigger_sequence=4, target_lane=3, target_speed=55.1822917)

2025-07-15 Tuesday 11:36:29  random_test.py : INFO  === Evaluation Finished === 
 Fitness: [3.5044493604586116, -0.0051813471502590676], Collision: False
2025-07-15 Tuesday 11:36:34  random_test.py : INFO  === Evaluate Testcase === 
 def testcase(self):
    ego = NPC(lane_id=3, offset=5.72396667, initial_speed=9.8489095)
    vehicle2 = NPC(lane_id=2, offset=46.59399082, initial_speed=20.91079628)
    vehicle2.decelerate(trigger_sequence=2, target_speed=7.92962388)
    vehicle2.changeLane(trigger_sequence=4, target_lane=1, target_speed=44.57671692)

2025-07-15 Tuesday 11:36:34  random_test.py : INFO  === Evaluation Finished === 
 Fitness: [20.948720834621053, -0.0028653295128939827], Collision: False
2025-07-15 Tuesday 11:36:40  random_test.py : INFO  === Evaluate Testcase === 
 def testcase(self):
    vehicle1 = NPC(lane_id=3, offset=44.49892602, initial_speed=15.54495559)
    ego = NPC(lane_id=4, offset=38.56591132, initial_speed=26.57817093)
    vehicle3 = NPC(lane_id=4, offset=9.39867102, initial_speed=23.23480471)
    vehicle4 = NPC(lane_id=2, offset=36.30675447, initial_speed=1.49372406)
    vehicle1.decelerate(trigger_sequence=1, target_speed=14.60378528)
    vehicle3.accelerate(trigger_sequence=1, target_speed=36.41558435)
    vehicle4.accelerate(trigger_sequence=1, target_speed=50.57505136)
    vehicle1.accelerate(trigger_sequence=2, target_speed=48.68520578)
    vehicle3.decelerate(trigger_sequence=2, target_speed=4.55099456)
    vehicle4.accelerate(trigger_sequence=2, target_speed=49.56454272)
    vehicle4.changeLane(trigger_sequence=3, target_lane=1, target_speed=25.30847375)
    vehicle1.accelerate(trigger_sequence=4, target_speed=36.41552079)
    vehicle4.accelerate(trigger_sequence=4, target_speed=53.58721741)
    vehicle1.accelerate(trigger_sequence=5, target_speed=40.87680945)
    vehicle4.changeLane(trigger_sequence=5, target_lane=1, target_speed=28.53828107)

2025-07-15 Tuesday 11:36:40  random_test.py : INFO  === Evaluation Finished === 
 Fitness: [3.500624131484089, -0.0], Collision: False
2025-07-15 Tuesday 11:36:44  simulate.py : INFO  Rear-end collision with vehicle 895 ignored
2025-07-15 Tuesday 11:36:46  random_test.py : INFO  === Evaluate Testcase === 
 def testcase(self):
    vehicle1 = NPC(lane_id=2, offset=35.17053286, initial_speed=11.55284735)
    ego = NPC(lane_id=3, offset=12.86741183, initial_speed=14.11403153)
    vehicle1.changeLane(trigger_sequence=1, target_lane=1, target_speed=48.09427724)
    vehicle1.changeLane(trigger_sequence=2, target_lane=3, target_speed=27.81151076)
    vehicle1.decelerate(trigger_sequence=5, target_speed=1.65392983)

2025-07-15 Tuesday 11:36:46  random_test.py : INFO  === Evaluation Finished === 
 Fitness: [2.498451960619028, -0.006666666666666667], Collision: False
2025-07-15 Tuesday 11:36:51  random_test.py : INFO  === Evaluate Testcase === 
 def testcase(self):
    vehicle1 = NPC(lane_id=4, offset=3.83974716, initial_speed=6.42921926)
    ego = NPC(lane_id=5, offset=41.22145285, initial_speed=34.0454602)
    vehicle3 = NPC(lane_id=4, offset=30.0002009, initial_speed=27.35664495)
    vehicle1.changeLane(trigger_sequence=1, target_lane=1, target_speed=40.07278703)
    vehicle3.decelerate(trigger_sequence=1, target_speed=1.7081924)
    vehicle1.decelerate(trigger_sequence=2, target_speed=2.70552309)
    vehicle3.decelerate(trigger_sequence=2, target_speed=19.30367332)
    vehicle3.decelerate(trigger_sequence=4, target_speed=4.09340715)
    vehicle1.decelerate(trigger_sequence=5, target_speed=11.89165375)
    vehicle3.decelerate(trigger_sequence=5, target_speed=2.5929053)

2025-07-15 Tuesday 11:36:51  random_test.py : INFO  === Evaluation Finished === 
 Fitness: [13.202516006447878, -0.0], Collision: False
2025-07-15 Tuesday 11:36:57  random_test.py : INFO  === Evaluate Testcase === 
 def testcase(self):
    ego = NPC(lane_id=4, offset=2.36973372, initial_speed=14.64300931)
    vehicle2 = NPC(lane_id=2, offset=40.73381747, initial_speed=11.43739437)
    vehicle2.changeLane(trigger_sequence=1, target_lane=1, target_speed=39.96718086)
    vehicle2.decelerate(trigger_sequence=5, target_speed=22.49808697)

2025-07-15 Tuesday 11:36:57  random_test.py : INFO  === Evaluation Finished === 
 Fitness: [6.999801393258827, -0.0], Collision: False
2025-07-15 Tuesday 11:37:02  random_test.py : INFO  === Evaluate Testcase === 
 def testcase(self):
    vehicle1 = NPC(lane_id=2, offset=5.66410375, initial_speed=28.63593846)
    vehicle2 = NPC(lane_id=3, offset=39.34744175, initial_speed=34.54136615)
    ego = NPC(lane_id=3, offset=5.22984433, initial_speed=17.51245517)
    vehicle4 = NPC(lane_id=2, offset=24.08331584, initial_speed=3.58903668)
    vehicle2.accelerate(trigger_sequence=1, target_speed=55.57713613)
    vehicle1.changeLane(trigger_sequence=2, target_lane=1, target_speed=47.66044028)
    vehicle1.changeLane(trigger_sequence=3, target_lane=1, target_speed=31.59609194)
    vehicle2.changeLane(trigger_sequence=3, target_lane=1, target_speed=30.07870093)
    vehicle4.changeLane(trigger_sequence=3, target_lane=3, target_speed=32.5509522)
    vehicle1.accelerate(trigger_sequence=4, target_speed=39.19524082)
    vehicle2.decelerate(trigger_sequence=4, target_speed=13.60515515)
    vehicle4.accelerate(trigger_sequence=4, target_speed=32.57657969)
    vehicle1.changeLane(trigger_sequence=5, target_lane=3, target_speed=4.88526741)
    vehicle2.decelerate(trigger_sequence=5, target_speed=5.55736355)
    vehicle4.changeLane(trigger_sequence=5, target_lane=1, target_speed=7.38259713)

2025-07-15 Tuesday 11:37:02  random_test.py : INFO  === Evaluation Finished === 
 Fitness: [3.501612631100096, -0.0], Collision: False
2025-07-15 Tuesday 11:37:08  random_test.py : INFO  === Evaluate Testcase === 
 def testcase(self):
    vehicle1 = NPC(lane_id=1, offset=0.08397214, initial_speed=7.75370213)
    vehicle2 = NPC(lane_id=2, offset=16.17312184, initial_speed=8.23465759)
    ego = NPC(lane_id=5, offset=9.70445177, initial_speed=36.38691329)
    vehicle2.changeLane(trigger_sequence=1, target_lane=3, target_speed=26.81825334)
    vehicle1.decelerate(trigger_sequence=2, target_speed=27.09061813)
    vehicle1.accelerate(trigger_sequence=4, target_speed=39.42223783)
    vehicle1.accelerate(trigger_sequence=5, target_speed=43.93807395)
    vehicle2.changeLane(trigger_sequence=5, target_lane=1, target_speed=15.64025322)

2025-07-15 Tuesday 11:37:08  random_test.py : INFO  === Evaluation Finished === 
 Fitness: [10.495514585104722, -0.0], Collision: False
2025-07-15 Tuesday 11:37:13  random_test.py : INFO  === Evaluate Testcase === 
 def testcase(self):
    vehicle1 = NPC(lane_id=5, offset=40.60795909, initial_speed=37.75384649)
    ego = NPC(lane_id=1, offset=38.11124192, initial_speed=37.19004254)
    vehicle1.decelerate(trigger_sequence=3, target_speed=6.80212763)
    vehicle1.decelerate(trigger_sequence=5, target_speed=5.01367466)

2025-07-15 Tuesday 11:37:13  random_test.py : INFO  === Evaluation Finished === 
 Fitness: [14.000334215568744, -0.0], Collision: False
2025-07-15 Tuesday 11:37:17  random_test.py : INFO  === Evaluate Testcase === 
 def testcase(self):
    vehicle1 = NPC(lane_id=2, offset=37.79746272, initial_speed=30.60646592)
    ego = NPC(lane_id=1, offset=12.95157821, initial_speed=20.03465317)
    vehicle3 = NPC(lane_id=2, offset=35.55491684, initial_speed=32.87271909)
    vehicle4 = NPC(lane_id=2, offset=11.09449576, initial_speed=0.0559882)
    vehicle1.changeLane(trigger_sequence=1, target_lane=3, target_speed=21.10213656)
    vehicle4.changeLane(trigger_sequence=1, target_lane=3, target_speed=35.66423058)
    vehicle1.decelerate(trigger_sequence=2, target_speed=28.60430583)
    vehicle3.decelerate(trigger_sequence=2, target_speed=5.5783092)
    vehicle4.changeLane(trigger_sequence=2, target_lane=3, target_speed=40.06204856)
    vehicle1.changeLane(trigger_sequence=3, target_lane=1, target_speed=11.73301415)
    vehicle3.changeLane(trigger_sequence=3, target_lane=3, target_speed=26.94748102)
    vehicle4.changeLane(trigger_sequence=3, target_lane=1, target_speed=25.75622368)
    vehicle1.changeLane(trigger_sequence=4, target_lane=3, target_speed=53.53292645)
    vehicle3.changeLane(trigger_sequence=4, target_lane=3, target_speed=1.98571555)
    vehicle4.changeLane(trigger_sequence=4, target_lane=1, target_speed=43.73588328)
    vehicle3.changeLane(trigger_sequence=5, target_lane=3, target_speed=58.80916975)
    vehicle4.decelerate(trigger_sequence=5, target_speed=13.48786967)

2025-07-15 Tuesday 11:37:17  random_test.py : INFO  === Evaluation Finished === 
 Fitness: [inf, 0], Collision: False
2025-07-15 Tuesday 11:37:22  random_test.py : INFO  === Evaluate Testcase === 
 def testcase(self):
    ego = NPC(lane_id=4, offset=12.26769088, initial_speed=0.30414854)
    vehicle2 = NPC(lane_id=1, offset=25.56528682, initial_speed=35.8207631)
    vehicle3 = NPC(lane_id=3, offset=6.81737299, initial_speed=17.7318217)
    vehicle2.accelerate(trigger_sequence=1, target_speed=41.49874899)
    vehicle3.changeLane(trigger_sequence=1, target_lane=3, target_speed=49.50813303)
    vehicle3.changeLane(trigger_sequence=3, target_lane=3, target_speed=22.23617736)
    vehicle3.changeLane(trigger_sequence=4, target_lane=3, target_speed=15.92386929)

2025-07-15 Tuesday 11:37:22  random_test.py : INFO  === Evaluation Finished === 
 Fitness: [3.811479777183614, -0.0], Collision: False
2025-07-15 Tuesday 11:37:27  random_test.py : INFO  === Evaluate Testcase === 
 def testcase(self):
    ego = NPC(lane_id=3, offset=19.86809404, initial_speed=27.01534695)
    vehicle2 = NPC(lane_id=3, offset=15.60885431, initial_speed=20.17264132)
    vehicle3 = NPC(lane_id=3, offset=5.8963076, initial_speed=9.57865057)
    vehicle3.decelerate(trigger_sequence=1, target_speed=5.10634991)
    vehicle3.accelerate(trigger_sequence=3, target_speed=33.76244787)
    vehicle2.decelerate(trigger_sequence=4, target_speed=3.65191364)
    vehicle3.changeLane(trigger_sequence=5, target_lane=3, target_speed=18.80559447)

2025-07-15 Tuesday 11:37:27  random_test.py : INFO  === Evaluation Finished === 
 Fitness: [5.199580238506718, -0.0], Collision: False
2025-07-15 Tuesday 11:37:33  random_test.py : INFO  === Evaluate Testcase === 
 def testcase(self):
    vehicle1 = NPC(lane_id=4, offset=17.04128019, initial_speed=3.83306264)
    vehicle2 = NPC(lane_id=5, offset=25.00476169, initial_speed=32.73763138)
    ego = NPC(lane_id=2, offset=12.39246911, initial_speed=26.06588352)
    vehicle4 = NPC(lane_id=1, offset=37.67304934, initial_speed=30.00254403)
    vehicle2.changeLane(trigger_sequence=1, target_lane=1, target_speed=24.55098679)
    vehicle4.accelerate(trigger_sequence=1, target_speed=39.90851903)
    vehicle1.accelerate(trigger_sequence=2, target_speed=42.91648989)
    vehicle2.accelerate(trigger_sequence=2, target_speed=57.38407177)
    vehicle4.changeLane(trigger_sequence=2, target_lane=1, target_speed=30.56217438)
    vehicle2.accelerate(trigger_sequence=3, target_speed=59.0742731)
    vehicle4.changeLane(trigger_sequence=3, target_lane=3, target_speed=28.82589464)
    vehicle1.decelerate(trigger_sequence=4, target_speed=0.00822232)
    vehicle2.decelerate(trigger_sequence=4, target_speed=5.18115706)
    vehicle1.changeLane(trigger_sequence=5, target_lane=1, target_speed=41.68394193)

2025-07-15 Tuesday 11:37:33  random_test.py : INFO  === Evaluation Finished === 
 Fitness: [7.000782944181838, -0.0], Collision: False
2025-07-15 Tuesday 11:37:39  random_test.py : INFO  === Evaluate Testcase === 
 def testcase(self):
    vehicle1 = NPC(lane_id=5, offset=46.93884647, initial_speed=16.93349707)
    vehicle2 = NPC(lane_id=2, offset=24.17770928, initial_speed=38.79276204)
    ego = NPC(lane_id=1, offset=45.42857515, initial_speed=8.48993095)
    vehicle4 = NPC(lane_id=1, offset=22.71592348, initial_speed=32.73450166)
    vehicle2.accelerate(trigger_sequence=1, target_speed=38.4884702)
    vehicle2.decelerate(trigger_sequence=3, target_speed=28.98346439)
    vehicle1.accelerate(trigger_sequence=4, target_speed=57.10503333)
    vehicle2.accelerate(trigger_sequence=4, target_speed=57.60979641)

2025-07-15 Tuesday 11:37:39  random_test.py : INFO  === Evaluation Finished === 
 Fitness: [3.5020545128946874, -0.0], Collision: False
2025-07-15 Tuesday 11:37:43  random_test.py : INFO  === Evaluate Testcase === 
 def testcase(self):
    vehicle1 = NPC(lane_id=1, offset=33.28800887, initial_speed=26.66387443)
    ego = NPC(lane_id=1, offset=34.64156581, initial_speed=20.1882914)
    vehicle3 = NPC(lane_id=2, offset=47.07637649, initial_speed=31.25743187)
    vehicle4 = NPC(lane_id=4, offset=18.41771638, initial_speed=28.94461116)
    vehicle1.changeLane(trigger_sequence=1, target_lane=1, target_speed=6.1937451)
    vehicle3.decelerate(trigger_sequence=1, target_speed=12.98966481)
    vehicle4.accelerate(trigger_sequence=1, target_speed=42.6602204)
    vehicle1.decelerate(trigger_sequence=2, target_speed=7.79723663)
    vehicle3.decelerate(trigger_sequence=2, target_speed=26.24133565)
    vehicle4.accelerate(trigger_sequence=2, target_speed=36.7610296)
    vehicle1.decelerate(trigger_sequence=3, target_speed=17.45203958)
    vehicle3.decelerate(trigger_sequence=3, target_speed=25.58943585)
    vehicle4.accelerate(trigger_sequence=3, target_speed=41.47550974)
    vehicle1.decelerate(trigger_sequence=4, target_speed=20.82480385)
    vehicle3.decelerate(trigger_sequence=4, target_speed=2.11412398)
    vehicle1.accelerate(trigger_sequence=5, target_speed=52.65474666)
    vehicle3.accelerate(trigger_sequence=5, target_speed=40.5102643)

2025-07-15 Tuesday 11:37:43  random_test.py : INFO  === Evaluation Finished === 
 Fitness: [inf, 0], Collision: False
2025-07-15 Tuesday 11:37:48  random_test.py : INFO  === Evaluate Testcase === 
 def testcase(self):
    vehicle1 = NPC(lane_id=4, offset=40.74224761, initial_speed=0.32699591)
    ego = NPC(lane_id=3, offset=20.89958062, initial_speed=8.0286164)
    vehicle3 = NPC(lane_id=5, offset=18.10404758, initial_speed=19.73029997)
    vehicle3.changeLane(trigger_sequence=1, target_lane=1, target_speed=23.55159223)
    vehicle1.decelerate(trigger_sequence=2, target_speed=26.80455729)
    vehicle3.changeLane(trigger_sequence=2, target_lane=1, target_speed=50.13732515)
    vehicle3.changeLane(trigger_sequence=3, target_lane=1, target_speed=30.18320957)
    vehicle1.changeLane(trigger_sequence=4, target_lane=3, target_speed=51.26892196)
    vehicle1.changeLane(trigger_sequence=5, target_lane=1, target_speed=34.05203829)

2025-07-15 Tuesday 11:37:48  random_test.py : INFO  === Evaluation Finished === 
 Fitness: [3.500355874921842, -0.0], Collision: False
2025-07-15 Tuesday 11:37:53  random_test.py : INFO  === Evaluate Testcase === 
 def testcase(self):
    vehicle1 = NPC(lane_id=4, offset=12.22993462, initial_speed=27.1604747)
    vehicle2 = NPC(lane_id=2, offset=7.99439942, initial_speed=0.11065248)
    vehicle3 = NPC(lane_id=2, offset=16.09897086, initial_speed=10.02261149)
    ego = NPC(lane_id=2, offset=13.34105425, initial_speed=12.72656542)
    vehicle1.accelerate(trigger_sequence=1, target_speed=31.21048132)
    vehicle3.accelerate(trigger_sequence=4, target_speed=30.54165073)
    vehicle2.accelerate(trigger_sequence=5, target_speed=31.76377479)

2025-07-15 Tuesday 11:37:53  random_test.py : INFO  === Evaluation Finished === 
 Fitness: [inf, 0], Collision: False
2025-07-15 Tuesday 11:37:59  random_test.py : INFO  === Evaluate Testcase === 
 def testcase(self):
    ego = NPC(lane_id=5, offset=41.63185412, initial_speed=5.76640786)
    vehicle2 = NPC(lane_id=4, offset=33.06092054, initial_speed=9.94375478)
    vehicle3 = NPC(lane_id=4, offset=44.01319694, initial_speed=28.36919882)
    vehicle4 = NPC(lane_id=4, offset=15.30440828, initial_speed=19.58752371)
    vehicle4.changeLane(trigger_sequence=1, target_lane=1, target_speed=21.62232628)
    vehicle2.decelerate(trigger_sequence=2, target_speed=4.91699575)
    vehicle3.changeLane(trigger_sequence=2, target_lane=1, target_speed=22.15583406)
    vehicle4.decelerate(trigger_sequence=2, target_speed=14.77109427)
    vehicle2.changeLane(trigger_sequence=3, target_lane=1, target_speed=39.41970197)
    vehicle3.decelerate(trigger_sequence=3, target_speed=5.33852739)
    vehicle4.changeLane(trigger_sequence=3, target_lane=1, target_speed=3.58192239)
    vehicle3.accelerate(trigger_sequence=5, target_speed=57.21443517)

2025-07-15 Tuesday 11:37:59  random_test.py : INFO  === Evaluation Finished === 
 Fitness: [3.4999336584037755, -0.0], Collision: False
2025-07-15 Tuesday 11:38:04  random_test.py : INFO  === Evaluate Testcase === 
 def testcase(self):
    ego = NPC(lane_id=5, offset=34.15005982, initial_speed=8.59720418)
    vehicle2 = NPC(lane_id=4, offset=47.9822273, initial_speed=39.01237464)
    vehicle2.changeLane(trigger_sequence=1, target_lane=3, target_speed=21.90435891)
    vehicle2.decelerate(trigger_sequence=2, target_speed=20.68101171)
    vehicle2.changeLane(trigger_sequence=5, target_lane=3, target_speed=24.09035185)

2025-07-15 Tuesday 11:38:04  random_test.py : INFO  === Evaluation Finished === 
 Fitness: [10.499876222996727, -0.002857142857142857], Collision: False
2025-07-15 Tuesday 11:38:09  random_test.py : INFO  === Evaluate Testcase === 
 def testcase(self):
    vehicle1 = NPC(lane_id=3, offset=49.69076428, initial_speed=11.71902276)
    ego = NPC(lane_id=1, offset=13.85931106, initial_speed=26.87870648)
    vehicle1.decelerate(trigger_sequence=4, target_speed=7.34053185)

2025-07-15 Tuesday 11:38:09  random_test.py : INFO  === Evaluation Finished === 
 Fitness: [7.002229882351168, -0.0], Collision: False
2025-07-15 Tuesday 11:38:13  random_test.py : INFO  === Evaluate Testcase === 
 def testcase(self):
    ego = NPC(lane_id=2, offset=25.32109202, initial_speed=9.41391952)
    vehicle2 = NPC(lane_id=2, offset=21.60086792, initial_speed=31.64073662)
    vehicle3 = NPC(lane_id=2, offset=26.14561987, initial_speed=11.5977302)
    vehicle4 = NPC(lane_id=3, offset=2.07220095, initial_speed=39.2783274)
    vehicle2.changeLane(trigger_sequence=2, target_lane=3, target_speed=18.48993819)
    vehicle3.changeLane(trigger_sequence=3, target_lane=1, target_speed=38.60862372)
    vehicle2.accelerate(trigger_sequence=4, target_speed=47.10601535)
    vehicle4.changeLane(trigger_sequence=4, target_lane=1, target_speed=10.4723107)
    vehicle2.decelerate(trigger_sequence=5, target_speed=24.34614)

2025-07-15 Tuesday 11:38:13  random_test.py : INFO  === Evaluation Finished === 
 Fitness: [inf, 0], Collision: False
2025-07-15 Tuesday 11:38:17  random_test.py : INFO  === Evaluate Testcase === 
 def testcase(self):
    ego = NPC(lane_id=3, offset=8.74157103, initial_speed=37.20393323)
    vehicle2 = NPC(lane_id=5, offset=31.81854696, initial_speed=17.93415149)
    vehicle3 = NPC(lane_id=3, offset=10.83979702, initial_speed=11.85126349)
    vehicle4 = NPC(lane_id=3, offset=13.95667318, initial_speed=11.84424309)
    vehicle3.decelerate(trigger_sequence=2, target_speed=8.98260631)
    vehicle2.decelerate(trigger_sequence=3, target_speed=14.04224043)
    vehicle3.accelerate(trigger_sequence=3, target_speed=47.05798649)
    vehicle4.changeLane(trigger_sequence=4, target_lane=1, target_speed=10.16436764)
    vehicle3.changeLane(trigger_sequence=5, target_lane=3, target_speed=12.69272366)
    vehicle4.decelerate(trigger_sequence=5, target_speed=12.70442288)

2025-07-15 Tuesday 11:38:17  random_test.py : INFO  === Evaluation Finished === 
 Fitness: [inf, 0], Collision: False
2025-07-15 Tuesday 11:38:22  random_test.py : INFO  === Evaluate Testcase === 
 def testcase(self):
    vehicle1 = NPC(lane_id=4, offset=40.16773125, initial_speed=17.36626728)
    ego = NPC(lane_id=2, offset=31.48983152, initial_speed=29.97467147)
    vehicle1.accelerate(trigger_sequence=1, target_speed=34.47311792)
    vehicle1.changeLane(trigger_sequence=2, target_lane=3, target_speed=19.14530107)
    vehicle1.accelerate(trigger_sequence=3, target_speed=49.25945828)
    vehicle1.changeLane(trigger_sequence=4, target_lane=1, target_speed=19.67777675)
    vehicle1.changeLane(trigger_sequence=5, target_lane=1, target_speed=21.69303384)

2025-07-15 Tuesday 11:38:22  random_test.py : INFO  === Evaluation Finished === 
 Fitness: [6.998842378302708, -0.0], Collision: False
2025-07-15 Tuesday 11:38:28  random_test.py : INFO  === Evaluate Testcase === 
 def testcase(self):
    vehicle1 = NPC(lane_id=5, offset=31.08464552, initial_speed=15.53354155)
    vehicle2 = NPC(lane_id=2, offset=42.75926053, initial_speed=20.4074778)
    vehicle3 = NPC(lane_id=3, offset=12.18750414, initial_speed=7.7066369)
    ego = NPC(lane_id=1, offset=17.92098348, initial_speed=2.76966538)
    vehicle2.changeLane(trigger_sequence=1, target_lane=3, target_speed=11.43724938)
    vehicle3.changeLane(trigger_sequence=2, target_lane=1, target_speed=22.57530432)
    vehicle2.decelerate(trigger_sequence=3, target_speed=20.28446458)
    vehicle3.changeLane(trigger_sequence=3, target_lane=3, target_speed=48.26301304)
    vehicle2.changeLane(trigger_sequence=5, target_lane=1, target_speed=53.44623094)

2025-07-15 Tuesday 11:38:28  random_test.py : INFO  === Evaluation Finished === 
 Fitness: [3.5003907027381316, -0.0], Collision: False
2025-07-15 Tuesday 11:38:33  random_test.py : INFO  === Evaluate Testcase === 
 def testcase(self):
    ego = NPC(lane_id=5, offset=48.01120526, initial_speed=0.67637333)
    vehicle2 = NPC(lane_id=5, offset=16.94657596, initial_speed=31.88349495)
    vehicle3 = NPC(lane_id=5, offset=6.40837732, initial_speed=36.05440134)
    vehicle2.decelerate(trigger_sequence=1, target_speed=1.43064902)
    vehicle2.accelerate(trigger_sequence=2, target_speed=36.83221371)
    vehicle3.accelerate(trigger_sequence=2, target_speed=54.89250133)
    vehicle2.accelerate(trigger_sequence=3, target_speed=32.92552848)
    vehicle2.changeLane(trigger_sequence=4, target_lane=1, target_speed=18.59068415)
    vehicle3.changeLane(trigger_sequence=5, target_lane=3, target_speed=21.23268138)

2025-07-15 Tuesday 11:38:33  random_test.py : INFO  === Evaluation Finished === 
 Fitness: [19.833047278267966, -0.0], Collision: False
2025-07-15 Tuesday 11:38:39  random_test.py : INFO  === Evaluate Testcase === 
 def testcase(self):
    vehicle1 = NPC(lane_id=5, offset=3.06231436, initial_speed=10.48178353)
    vehicle2 = NPC(lane_id=5, offset=48.75340655, initial_speed=5.00027487)
    vehicle3 = NPC(lane_id=4, offset=6.46686726, initial_speed=27.5569324)
    ego = NPC(lane_id=1, offset=42.99187198, initial_speed=21.04028214)
    vehicle1.decelerate(trigger_sequence=1, target_speed=17.58850044)
    vehicle3.changeLane(trigger_sequence=1, target_lane=3, target_speed=12.26364069)
    vehicle1.accelerate(trigger_sequence=2, target_speed=35.75607355)
    vehicle2.decelerate(trigger_sequence=2, target_speed=25.19996497)
    vehicle1.changeLane(trigger_sequence=3, target_lane=3, target_speed=48.62454497)
    vehicle1.accelerate(trigger_sequence=4, target_speed=30.53957659)
    vehicle3.changeLane(trigger_sequence=4, target_lane=1, target_speed=27.82890889)
    vehicle3.changeLane(trigger_sequence=5, target_lane=1, target_speed=47.56267783)

2025-07-15 Tuesday 11:38:39  random_test.py : INFO  === Evaluation Finished === 
 Fitness: [14.00424329346775, -0.0], Collision: False
2025-07-15 Tuesday 11:38:45  random_test.py : INFO  === Evaluate Testcase === 
 def testcase(self):
    ego = NPC(lane_id=2, offset=9.0168232, initial_speed=24.18714852)
    vehicle2 = NPC(lane_id=2, offset=34.2477509, initial_speed=34.53393212)
    vehicle3 = NPC(lane_id=4, offset=30.16884058, initial_speed=32.67226953)
    vehicle2.changeLane(trigger_sequence=1, target_lane=3, target_speed=39.2093803)
    vehicle3.changeLane(trigger_sequence=1, target_lane=1, target_speed=58.98719447)
    vehicle3.changeLane(trigger_sequence=2, target_lane=3, target_speed=58.53560257)
    vehicle3.accelerate(trigger_sequence=3, target_speed=45.06150574)

2025-07-15 Tuesday 11:38:45  random_test.py : INFO  === Evaluation Finished === 
 Fitness: [10.50277518918469, -0.0], Collision: False
2025-07-15 Tuesday 11:38:50  random_test.py : INFO  === Evaluate Testcase === 
 def testcase(self):
    vehicle1 = NPC(lane_id=5, offset=27.50182208, initial_speed=14.67471994)
    ego = NPC(lane_id=4, offset=7.07538706, initial_speed=30.26381763)
    vehicle3 = NPC(lane_id=5, offset=43.46927941, initial_speed=24.44685798)
    vehicle4 = NPC(lane_id=5, offset=8.70497069, initial_speed=30.82784101)
    vehicle1.changeLane(trigger_sequence=1, target_lane=3, target_speed=7.6166736)
    vehicle3.accelerate(trigger_sequence=1, target_speed=38.21616571)
    vehicle4.decelerate(trigger_sequence=1, target_speed=8.95126077)
    vehicle4.decelerate(trigger_sequence=4, target_speed=21.31027455)
    vehicle1.decelerate(trigger_sequence=5, target_speed=2.01826491)
    vehicle3.decelerate(trigger_sequence=5, target_speed=26.53041881)
    vehicle4.accelerate(trigger_sequence=5, target_speed=30.05400125)

2025-07-15 Tuesday 11:38:50  random_test.py : INFO  === Evaluation Finished === 
 Fitness: [3.5006364271433412, -0.0], Collision: False
2025-07-15 Tuesday 11:38:56  random_test.py : INFO  === Evaluate Testcase === 
 def testcase(self):
    vehicle1 = NPC(lane_id=1, offset=16.01940185, initial_speed=25.22678017)
    ego = NPC(lane_id=4, offset=35.87213031, initial_speed=23.71336377)
    vehicle3 = NPC(lane_id=4, offset=29.78852069, initial_speed=22.5148538)
    vehicle1.decelerate(trigger_sequence=1, target_speed=25.40200596)
    vehicle3.accelerate(trigger_sequence=1, target_speed=45.41552894)
    vehicle3.decelerate(trigger_sequence=2, target_speed=10.56878583)
    vehicle3.decelerate(trigger_sequence=3, target_speed=2.39861638)
    vehicle1.accelerate(trigger_sequence=4, target_speed=51.82675701)
    vehicle3.accelerate(trigger_sequence=4, target_speed=58.05595475)
    vehicle1.accelerate(trigger_sequence=5, target_speed=54.69353983)
    vehicle3.changeLane(trigger_sequence=5, target_lane=1, target_speed=37.70606494)

2025-07-15 Tuesday 11:38:56  random_test.py : INFO  === Evaluation Finished === 
 Fitness: [7.088212230443055, -0.0], Collision: False
2025-07-15 Tuesday 11:39:00  random_test.py : INFO  === Evaluate Testcase === 
 def testcase(self):
    ego = NPC(lane_id=3, offset=31.19955573, initial_speed=7.82394589)
    vehicle2 = NPC(lane_id=3, offset=28.5349044, initial_speed=29.72186905)
    vehicle2.changeLane(trigger_sequence=1, target_lane=3, target_speed=52.66927225)
    vehicle2.changeLane(trigger_sequence=2, target_lane=3, target_speed=3.58410759)
    vehicle2.accelerate(trigger_sequence=5, target_speed=51.12540913)

2025-07-15 Tuesday 11:39:00  random_test.py : INFO  === Evaluation Finished === 
 Fitness: [inf, 0], Collision: False
2025-07-15 Tuesday 11:39:05  random_test.py : INFO  === Evaluate Testcase === 
 def testcase(self):
    vehicle1 = NPC(lane_id=4, offset=14.33544944, initial_speed=14.17690487)
    vehicle2 = NPC(lane_id=2, offset=7.00958987, initial_speed=25.59960712)
    ego = NPC(lane_id=5, offset=7.29757275, initial_speed=14.82319776)
    vehicle1.accelerate(trigger_sequence=1, target_speed=33.27425508)
    vehicle1.accelerate(trigger_sequence=2, target_speed=31.90257053)
    vehicle2.changeLane(trigger_sequence=4, target_lane=3, target_speed=51.78486393)

2025-07-15 Tuesday 11:39:05  random_test.py : INFO  === Evaluation Finished === 
 Fitness: [3.501397289591099, -0.0], Collision: False
2025-07-15 Tuesday 11:39:10  random_test.py : INFO  === Evaluate Testcase === 
 def testcase(self):
    vehicle1 = NPC(lane_id=5, offset=33.92495814, initial_speed=17.96648593)
    ego = NPC(lane_id=1, offset=23.05998395, initial_speed=2.15276663)
    vehicle1.accelerate(trigger_sequence=1, target_speed=34.06713967)
    vehicle1.accelerate(trigger_sequence=2, target_speed=33.53544721)
    vehicle1.changeLane(trigger_sequence=3, target_lane=1, target_speed=32.07823293)

2025-07-15 Tuesday 11:39:10  random_test.py : INFO  === Evaluation Finished === 
 Fitness: [14.000800301571545, -0.0], Collision: False
2025-07-15 Tuesday 11:39:15  random_test.py : INFO  === Evaluate Testcase === 
 def testcase(self):
    vehicle1 = NPC(lane_id=5, offset=9.50474507, initial_speed=22.34839744)
    ego = NPC(lane_id=5, offset=46.91506914, initial_speed=35.35739754)
    vehicle1.changeLane(trigger_sequence=1, target_lane=1, target_speed=9.74849873)
    vehicle1.decelerate(trigger_sequence=4, target_speed=11.74679199)
    vehicle1.changeLane(trigger_sequence=5, target_lane=1, target_speed=36.31519405)

2025-07-15 Tuesday 11:39:15  random_test.py : INFO  === Evaluation Finished === 
 Fitness: [38.573011873804816, -0.0], Collision: False
2025-07-15 Tuesday 11:39:19  random_test.py : INFO  === Evaluate Testcase === 
 def testcase(self):
    vehicle1 = NPC(lane_id=3, offset=16.47186533, initial_speed=27.67873914)
    ego = NPC(lane_id=3, offset=19.58761865, initial_speed=31.25904969)
    vehicle3 = NPC(lane_id=2, offset=28.46193379, initial_speed=12.0278796)
    vehicle1.accelerate(trigger_sequence=1, target_speed=47.9469713)
    vehicle3.decelerate(trigger_sequence=1, target_speed=0.09741725)
    vehicle1.changeLane(trigger_sequence=2, target_lane=3, target_speed=9.80467627)
    vehicle3.accelerate(trigger_sequence=3, target_speed=57.15460287)
    vehicle1.decelerate(trigger_sequence=4, target_speed=1.69726048)
    vehicle1.changeLane(trigger_sequence=5, target_lane=3, target_speed=28.05066117)
    vehicle3.accelerate(trigger_sequence=5, target_speed=37.08181803)

2025-07-15 Tuesday 11:39:19  random_test.py : INFO  === Evaluation Finished === 
 Fitness: [inf, 0], Collision: False
2025-07-15 Tuesday 11:39:25  random_test.py : INFO  === Evaluate Testcase === 
 def testcase(self):
    ego = NPC(lane_id=2, offset=34.69940711, initial_speed=16.6824489)
    vehicle2 = NPC(lane_id=5, offset=1.60084184, initial_speed=37.5273597)
    vehicle3 = NPC(lane_id=3, offset=16.91568214, initial_speed=20.81281804)
    vehicle2.accelerate(trigger_sequence=1, target_speed=44.33726254)
    vehicle3.accelerate(trigger_sequence=4, target_speed=40.67307204)
    vehicle2.accelerate(trigger_sequence=5, target_speed=38.21666308)
    vehicle3.decelerate(trigger_sequence=5, target_speed=4.90383057)

2025-07-15 Tuesday 11:39:25  random_test.py : INFO  === Evaluation Finished === 
 Fitness: [17.965111469674014, -0.0], Collision: False
2025-07-15 Tuesday 11:39:30  random_test.py : INFO  === Evaluate Testcase === 
 def testcase(self):
    vehicle1 = NPC(lane_id=3, offset=22.0174385, initial_speed=13.89741798)
    ego = NPC(lane_id=5, offset=39.99630765, initial_speed=11.7382656)
    vehicle1.accelerate(trigger_sequence=2, target_speed=56.48550877)
    vehicle1.accelerate(trigger_sequence=3, target_speed=34.84901923)
    vehicle1.accelerate(trigger_sequence=4, target_speed=50.39753157)
    vehicle1.decelerate(trigger_sequence=5, target_speed=2.91481236)

2025-07-15 Tuesday 11:39:30  random_test.py : INFO  === Evaluation Finished === 
 Fitness: [19.264150518910917, -0.0], Collision: False
2025-07-15 Tuesday 11:39:33  simulate.py : INFO  Rear-end collision with vehicle 1009 ignored
2025-07-15 Tuesday 11:39:35  random_test.py : INFO  === Evaluate Testcase === 
 def testcase(self):
    vehicle1 = NPC(lane_id=1, offset=42.30537182, initial_speed=5.17061163)
    ego = NPC(lane_id=5, offset=36.28581136, initial_speed=10.81550368)
    vehicle3 = NPC(lane_id=5, offset=21.68172413, initial_speed=39.66753437)
    vehicle4 = NPC(lane_id=5, offset=8.41511154, initial_speed=30.76284637)
    vehicle4.accelerate(trigger_sequence=1, target_speed=31.9322677)
    vehicle1.decelerate(trigger_sequence=2, target_speed=14.63491438)
    vehicle3.accelerate(trigger_sequence=2, target_speed=42.21422595)
    vehicle1.changeLane(trigger_sequence=4, target_lane=3, target_speed=59.31406101)
    vehicle3.accelerate(trigger_sequence=4, target_speed=57.91168826)
    vehicle3.changeLane(trigger_sequence=5, target_lane=1, target_speed=0.71645488)

2025-07-15 Tuesday 11:39:35  random_test.py : INFO  === Evaluation Finished === 
 Fitness: [4.750889108804648, -0.0058997050147492625], Collision: False
2025-07-15 Tuesday 11:39:41  random_test.py : INFO  === Evaluate Testcase === 
 def testcase(self):
    ego = NPC(lane_id=1, offset=29.34662146, initial_speed=10.87881899)
    vehicle2 = NPC(lane_id=3, offset=24.24349181, initial_speed=3.0950226)
    vehicle3 = NPC(lane_id=1, offset=13.85847947, initial_speed=38.42183583)
    vehicle2.changeLane(trigger_sequence=2, target_lane=1, target_speed=24.02265514)
    vehicle3.changeLane(trigger_sequence=2, target_lane=1, target_speed=51.3933785)
    vehicle3.changeLane(trigger_sequence=3, target_lane=3, target_speed=42.69045845)
    vehicle3.accelerate(trigger_sequence=4, target_speed=35.399947)

2025-07-15 Tuesday 11:39:41  random_test.py : INFO  === Evaluation Finished === 
 Fitness: [4.780093432223709, -0.0], Collision: False
2025-07-15 Tuesday 11:39:46  random_test.py : INFO  === Evaluate Testcase === 
 def testcase(self):
    ego = NPC(lane_id=5, offset=28.56073725, initial_speed=39.93817747)
    vehicle2 = NPC(lane_id=2, offset=20.80998365, initial_speed=2.97378906)
    vehicle2.changeLane(trigger_sequence=1, target_lane=1, target_speed=51.48080888)
    vehicle2.decelerate(trigger_sequence=2, target_speed=1.81306647)
    vehicle2.changeLane(trigger_sequence=5, target_lane=1, target_speed=31.59103046)

2025-07-15 Tuesday 11:39:46  random_test.py : INFO  === Evaluation Finished === 
 Fitness: [14.068694344680413, -0.0], Collision: False
2025-07-15 Tuesday 11:39:51  random_test.py : INFO  === Evaluate Testcase === 
 def testcase(self):
    ego = NPC(lane_id=2, offset=1.78763202, initial_speed=29.48610699)
    vehicle2 = NPC(lane_id=2, offset=15.52205698, initial_speed=14.0703726)
    vehicle2.accelerate(trigger_sequence=1, target_speed=53.16942666)
    vehicle2.accelerate(trigger_sequence=2, target_speed=53.22854055)
    vehicle2.decelerate(trigger_sequence=3, target_speed=23.76456146)
    vehicle2.accelerate(trigger_sequence=4, target_speed=42.79651237)

2025-07-15 Tuesday 11:39:51  random_test.py : INFO  === Evaluation Finished === 
 Fitness: [10.534067086228738, -0.0070921985815602835], Collision: False
2025-07-15 Tuesday 11:39:57  random_test.py : INFO  === Evaluate Testcase === 
 def testcase(self):
    ego = NPC(lane_id=3, offset=23.56832794, initial_speed=31.43150699)
    vehicle2 = NPC(lane_id=5, offset=24.88586266, initial_speed=31.60745325)
    vehicle2.decelerate(trigger_sequence=1, target_speed=17.87611155)
    vehicle2.changeLane(trigger_sequence=2, target_lane=3, target_speed=5.98937192)

2025-07-15 Tuesday 11:39:57  random_test.py : INFO  === Evaluation Finished === 
 Fitness: [6.999965798109368, -0.0], Collision: False
2025-07-15 Tuesday 11:40:02  random_test.py : INFO  === Evaluate Testcase === 
 def testcase(self):
    vehicle1 = NPC(lane_id=1, offset=4.2583788, initial_speed=31.12324026)
    ego = NPC(lane_id=2, offset=44.20653804, initial_speed=34.71277942)
    vehicle1.changeLane(trigger_sequence=1, target_lane=1, target_speed=27.97940725)
    vehicle1.accelerate(trigger_sequence=2, target_speed=56.92035954)
    vehicle1.changeLane(trigger_sequence=4, target_lane=1, target_speed=23.42881526)

2025-07-15 Tuesday 11:40:02  random_test.py : INFO  === Evaluation Finished === 
 Fitness: [41.11065217375545, -0.0], Collision: False
2025-07-15 Tuesday 11:40:07  random_test.py : INFO  === Evaluate Testcase === 
 def testcase(self):
    ego = NPC(lane_id=3, offset=36.20749571, initial_speed=31.33814148)
    vehicle2 = NPC(lane_id=5, offset=14.73962871, initial_speed=20.67573933)
    vehicle2.accelerate(trigger_sequence=1, target_speed=37.18050369)
    vehicle2.accelerate(trigger_sequence=5, target_speed=44.33985894)

2025-07-15 Tuesday 11:40:07  random_test.py : INFO  === Evaluation Finished === 
 Fitness: [23.553313817099287, -0.0], Collision: False
2025-07-15 Tuesday 11:40:12  random_test.py : INFO  === Evaluate Testcase === 
 def testcase(self):
    vehicle1 = NPC(lane_id=5, offset=19.93613239, initial_speed=39.2018148)
    ego = NPC(lane_id=5, offset=39.24821685, initial_speed=29.52114603)
    vehicle1.decelerate(trigger_sequence=3, target_speed=22.69472344)
    vehicle1.accelerate(trigger_sequence=4, target_speed=39.47369298)
    vehicle1.accelerate(trigger_sequence=5, target_speed=46.7950828)

2025-07-15 Tuesday 11:40:12  random_test.py : INFO  === Evaluation Finished === 
 Fitness: [13.608979125682815, -0.0], Collision: False
2025-07-15 Tuesday 11:40:17  random_test.py : INFO  === Evaluate Testcase === 
 def testcase(self):
    ego = NPC(lane_id=2, offset=8.78984471, initial_speed=1.5526575)
    vehicle2 = NPC(lane_id=3, offset=39.65617394, initial_speed=36.66388633)
    vehicle2.accelerate(trigger_sequence=1, target_speed=40.53959256)
    vehicle2.accelerate(trigger_sequence=2, target_speed=54.1590528)
    vehicle2.decelerate(trigger_sequence=3, target_speed=2.10231533)
    vehicle2.accelerate(trigger_sequence=5, target_speed=36.98015672)

2025-07-15 Tuesday 11:40:17  random_test.py : INFO  === Evaluation Finished === 
 Fitness: [31.506804755223115, -0.0], Collision: False
2025-07-15 Tuesday 11:40:22  random_test.py : INFO  === Evaluate Testcase === 
 def testcase(self):
    ego = NPC(lane_id=1, offset=42.57869809, initial_speed=24.93303947)
    vehicle2 = NPC(lane_id=3, offset=1.62109133, initial_speed=15.9702022)
    vehicle2.accelerate(trigger_sequence=2, target_speed=32.07681691)

2025-07-15 Tuesday 11:40:22  random_test.py : INFO  === Evaluation Finished === 
 Fitness: [42.35848696209743, -0.0], Collision: False
2025-07-15 Tuesday 11:40:26  random_test.py : INFO  === Evaluate Testcase === 
 def testcase(self):
    vehicle1 = NPC(lane_id=4, offset=3.715145, initial_speed=9.59561437)
    vehicle2 = NPC(lane_id=1, offset=9.14824645, initial_speed=28.68616461)
    vehicle3 = NPC(lane_id=1, offset=13.31687512, initial_speed=13.30980493)
    ego = NPC(lane_id=4, offset=45.47880991, initial_speed=23.95409889)
    vehicle2.decelerate(trigger_sequence=1, target_speed=16.64652128)
    vehicle3.accelerate(trigger_sequence=1, target_speed=38.59884858)
    vehicle1.decelerate(trigger_sequence=2, target_speed=19.00383978)
    vehicle2.decelerate(trigger_sequence=2, target_speed=29.71757363)
    vehicle3.changeLane(trigger_sequence=2, target_lane=3, target_speed=20.94212334)
    vehicle1.accelerate(trigger_sequence=3, target_speed=35.09675212)
    vehicle3.decelerate(trigger_sequence=4, target_speed=1.43505183)
    vehicle2.accelerate(trigger_sequence=5, target_speed=42.4451882)
    vehicle3.accelerate(trigger_sequence=5, target_speed=50.06787561)

2025-07-15 Tuesday 11:40:26  random_test.py : INFO  === Evaluation Finished === 
 Fitness: [inf, 0], Collision: False
2025-07-15 Tuesday 11:40:32  random_test.py : INFO  === Evaluate Testcase === 
 def testcase(self):
    vehicle1 = NPC(lane_id=5, offset=49.92760984, initial_speed=14.79680908)
    vehicle2 = NPC(lane_id=3, offset=29.48827947, initial_speed=38.50764654)
    ego = NPC(lane_id=4, offset=42.89925275, initial_speed=31.10329638)
    vehicle1.changeLane(trigger_sequence=1, target_lane=1, target_speed=49.58003108)
    vehicle1.changeLane(trigger_sequence=2, target_lane=1, target_speed=50.53439056)

2025-07-15 Tuesday 11:40:32  random_test.py : INFO  === Evaluation Finished === 
 Fitness: [3.500950740583646, -0.0], Collision: False
2025-07-15 Tuesday 11:40:37  random_test.py : INFO  === Evaluate Testcase === 
 def testcase(self):
    vehicle1 = NPC(lane_id=5, offset=1.0674607, initial_speed=39.58832542)
    vehicle2 = NPC(lane_id=4, offset=25.36441545, initial_speed=18.09713697)
    vehicle3 = NPC(lane_id=1, offset=25.5001894, initial_speed=29.33918855)
    ego = NPC(lane_id=1, offset=30.95026066, initial_speed=23.00140985)
    vehicle3.accelerate(trigger_sequence=1, target_speed=59.40410996)
    vehicle1.accelerate(trigger_sequence=3, target_speed=37.86256355)
    vehicle3.decelerate(trigger_sequence=3, target_speed=26.94423453)
    vehicle1.accelerate(trigger_sequence=4, target_speed=30.63969139)
    vehicle2.changeLane(trigger_sequence=4, target_lane=3, target_speed=1.78356262)
    vehicle3.accelerate(trigger_sequence=4, target_speed=41.76973693)

2025-07-15 Tuesday 11:40:37  random_test.py : INFO  === Evaluation Finished === 
 Fitness: [5.118883411124055, -0.0], Collision: False
2025-07-15 Tuesday 11:40:42  random_test.py : INFO  === Evaluate Testcase === 
 def testcase(self):
    vehicle1 = NPC(lane_id=5, offset=19.83981672, initial_speed=17.3087473)
    ego = NPC(lane_id=4, offset=33.45173709, initial_speed=38.9923173)
    vehicle1.decelerate(trigger_sequence=3, target_speed=17.69464122)

2025-07-15 Tuesday 11:40:42  random_test.py : INFO  === Evaluation Finished === 
 Fitness: [15.40103359857688, -0.0], Collision: False
2025-07-15 Tuesday 11:40:48  random_test.py : INFO  === Evaluate Testcase === 
 def testcase(self):
    ego = NPC(lane_id=2, offset=2.59388433, initial_speed=26.05427138)
    vehicle2 = NPC(lane_id=4, offset=18.36628506, initial_speed=12.78692986)
    vehicle3 = NPC(lane_id=3, offset=9.67256756, initial_speed=27.01190552)
    vehicle4 = NPC(lane_id=2, offset=41.37072407, initial_speed=15.47202511)
    vehicle4.accelerate(trigger_sequence=1, target_speed=40.71744486)
    vehicle3.decelerate(trigger_sequence=2, target_speed=10.29073652)
    vehicle4.decelerate(trigger_sequence=2, target_speed=27.08775214)
    vehicle2.decelerate(trigger_sequence=3, target_speed=4.52252906)
    vehicle3.changeLane(trigger_sequence=3, target_lane=3, target_speed=18.23497848)
    vehicle4.accelerate(trigger_sequence=3, target_speed=43.01188459)
    vehicle3.accelerate(trigger_sequence=5, target_speed=38.89321685)

2025-07-15 Tuesday 11:40:48  random_test.py : INFO  === Evaluation Finished === 
 Fitness: [3.5003963543659093, -0.0], Collision: False
2025-07-15 Tuesday 11:40:53  random_test.py : INFO  === Evaluate Testcase === 
 def testcase(self):
    ego = NPC(lane_id=2, offset=6.64368659, initial_speed=4.65276526)
    vehicle2 = NPC(lane_id=5, offset=11.30268828, initial_speed=4.77930333)
    vehicle2.decelerate(trigger_sequence=2, target_speed=3.61678954)
    vehicle2.decelerate(trigger_sequence=3, target_speed=8.42070148)

2025-07-15 Tuesday 11:40:53  random_test.py : INFO  === Evaluation Finished === 
 Fitness: [10.503118744238842, -0.005649717514124294], Collision: False
2025-07-15 Tuesday 11:40:58  random_test.py : INFO  === Evaluate Testcase === 
 def testcase(self):
    ego = NPC(lane_id=2, offset=42.71145104, initial_speed=36.64166495)
    vehicle2 = NPC(lane_id=1, offset=37.24001916, initial_speed=7.39185273)
    vehicle3 = NPC(lane_id=4, offset=47.43612815, initial_speed=15.98954259)
    vehicle3.changeLane(trigger_sequence=1, target_lane=3, target_speed=19.38722815)
    vehicle2.changeLane(trigger_sequence=2, target_lane=3, target_speed=58.34286824)
    vehicle2.accelerate(trigger_sequence=3, target_speed=55.12750923)
    vehicle3.changeLane(trigger_sequence=3, target_lane=3, target_speed=31.78673413)
    vehicle2.decelerate(trigger_sequence=4, target_speed=21.54908665)
    vehicle2.decelerate(trigger_sequence=5, target_speed=16.3142817)

2025-07-15 Tuesday 11:40:58  random_test.py : INFO  === Evaluation Finished === 
 Fitness: [7.006237929773876, -0.0], Collision: False
2025-07-15 Tuesday 11:41:02  random_test.py : INFO  === Evaluate Testcase === 
 def testcase(self):
    vehicle1 = NPC(lane_id=2, offset=40.35102748, initial_speed=29.46033149)
    ego = NPC(lane_id=4, offset=42.79057306, initial_speed=19.92363841)
    vehicle3 = NPC(lane_id=4, offset=41.82278054, initial_speed=6.97805544)
    vehicle4 = NPC(lane_id=2, offset=1.07983048, initial_speed=16.9339616)
    vehicle1.decelerate(trigger_sequence=1, target_speed=12.95804217)
    vehicle4.decelerate(trigger_sequence=1, target_speed=8.37055982)
    vehicle3.accelerate(trigger_sequence=2, target_speed=45.69829004)
    vehicle4.accelerate(trigger_sequence=2, target_speed=46.33053062)
    vehicle1.changeLane(trigger_sequence=3, target_lane=3, target_speed=31.1697457)
    vehicle3.accelerate(trigger_sequence=4, target_speed=48.24083967)
    vehicle3.accelerate(trigger_sequence=5, target_speed=48.92960017)
    vehicle4.accelerate(trigger_sequence=5, target_speed=32.21309542)

2025-07-15 Tuesday 11:41:02  random_test.py : INFO  === Evaluation Finished === 
 Fitness: [inf, 0], Collision: False
2025-07-15 Tuesday 11:41:07  random_test.py : INFO  === Evaluate Testcase === 
 def testcase(self):
    ego = NPC(lane_id=2, offset=45.6535763, initial_speed=18.3252902)
    vehicle2 = NPC(lane_id=4, offset=12.10728809, initial_speed=7.33728991)
    vehicle2.decelerate(trigger_sequence=4, target_speed=4.05375557)

2025-07-15 Tuesday 11:41:07  random_test.py : INFO  === Evaluation Finished === 
 Fitness: [34.918527169019335, -0.0], Collision: False
2025-07-15 Tuesday 11:41:11  random_test.py : INFO  === Evaluate Testcase === 
 def testcase(self):
    vehicle1 = NPC(lane_id=3, offset=27.51007645, initial_speed=37.39250466)
    vehicle2 = NPC(lane_id=2, offset=46.57903593, initial_speed=34.41589516)
    vehicle3 = NPC(lane_id=2, offset=24.75758737, initial_speed=7.62358288)
    ego = NPC(lane_id=2, offset=19.82689834, initial_speed=21.16708523)
    vehicle2.changeLane(trigger_sequence=1, target_lane=1, target_speed=39.97023076)
    vehicle1.decelerate(trigger_sequence=2, target_speed=25.12904667)
    vehicle2.changeLane(trigger_sequence=2, target_lane=1, target_speed=21.8622672)
    vehicle3.accelerate(trigger_sequence=2, target_speed=36.77521692)
    vehicle1.accelerate(trigger_sequence=3, target_speed=42.03082164)
    vehicle2.accelerate(trigger_sequence=3, target_speed=47.27563959)
    vehicle1.accelerate(trigger_sequence=4, target_speed=39.45775866)
    vehicle3.decelerate(trigger_sequence=4, target_speed=28.28143929)
    vehicle3.decelerate(trigger_sequence=5, target_speed=14.26978471)

2025-07-15 Tuesday 11:41:11  random_test.py : INFO  === Evaluation Finished === 
 Fitness: [inf, 0], Collision: False
2025-07-15 Tuesday 11:41:17  random_test.py : INFO  === Evaluate Testcase === 
 def testcase(self):
    ego = NPC(lane_id=5, offset=15.95811317, initial_speed=1.67875051)
    vehicle2 = NPC(lane_id=5, offset=47.53102938, initial_speed=5.72059374)
    vehicle2.accelerate(trigger_sequence=1, target_speed=46.35679206)
    vehicle2.accelerate(trigger_sequence=2, target_speed=55.03546278)
    vehicle2.changeLane(trigger_sequence=4, target_lane=1, target_speed=54.61657808)
    vehicle2.changeLane(trigger_sequence=5, target_lane=1, target_speed=33.81880813)

2025-07-15 Tuesday 11:41:17  random_test.py : INFO  === Evaluation Finished === 
 Fitness: [16.55122471778787, -0.002421307506053269], Collision: False
2025-07-15 Tuesday 11:41:22  random_test.py : INFO  === Evaluate Testcase === 
 def testcase(self):
    vehicle1 = NPC(lane_id=1, offset=6.22038049, initial_speed=17.32365397)
    ego = NPC(lane_id=5, offset=40.97064179, initial_speed=3.41139979)
    vehicle3 = NPC(lane_id=3, offset=3.37714052, initial_speed=1.75887553)
    vehicle4 = NPC(lane_id=2, offset=9.77141334, initial_speed=17.95830066)
    vehicle1.accelerate(trigger_sequence=1, target_speed=41.78760693)
    vehicle3.changeLane(trigger_sequence=1, target_lane=3, target_speed=11.54313654)
    vehicle4.accelerate(trigger_sequence=2, target_speed=37.60393925)
    vehicle1.decelerate(trigger_sequence=3, target_speed=21.21909624)
    vehicle4.accelerate(trigger_sequence=3, target_speed=42.78949502)
    vehicle3.changeLane(trigger_sequence=4, target_lane=3, target_speed=45.75170314)
    vehicle4.decelerate(trigger_sequence=4, target_speed=16.57822686)
    vehicle1.changeLane(trigger_sequence=5, target_lane=1, target_speed=24.30255162)
    vehicle3.changeLane(trigger_sequence=5, target_lane=3, target_speed=13.27560449)

2025-07-15 Tuesday 11:41:22  random_test.py : INFO  === Evaluation Finished === 
 Fitness: [30.27631947389812, -0.0], Collision: False
2025-07-15 Tuesday 11:41:28  random_test.py : INFO  === Evaluate Testcase === 
 def testcase(self):
    vehicle1 = NPC(lane_id=3, offset=48.59177089, initial_speed=39.76667079)
    vehicle2 = NPC(lane_id=1, offset=11.12324821, initial_speed=39.77052817)
    ego = NPC(lane_id=2, offset=28.77708332, initial_speed=12.25392934)
    vehicle4 = NPC(lane_id=5, offset=43.22570757, initial_speed=15.52740605)
    vehicle4.accelerate(trigger_sequence=1, target_speed=52.5511463)
    vehicle1.changeLane(trigger_sequence=2, target_lane=3, target_speed=52.69573861)
    vehicle4.changeLane(trigger_sequence=2, target_lane=1, target_speed=44.80594971)
    vehicle1.decelerate(trigger_sequence=3, target_speed=27.58947363)
    vehicle2.accelerate(trigger_sequence=3, target_speed=49.7160459)
    vehicle1.accelerate(trigger_sequence=5, target_speed=36.57372083)
    vehicle4.decelerate(trigger_sequence=5, target_speed=8.93747489)

2025-07-15 Tuesday 11:41:28  random_test.py : INFO  === Evaluation Finished === 
 Fitness: [6.229398969286797, -0.0], Collision: False
2025-07-15 Tuesday 11:41:33  random_test.py : INFO  === Evaluate Testcase === 
 def testcase(self):
    vehicle1 = NPC(lane_id=3, offset=47.03986274, initial_speed=17.02768902)
    ego = NPC(lane_id=1, offset=35.64950929, initial_speed=34.29086936)
    vehicle3 = NPC(lane_id=1, offset=2.34851314, initial_speed=34.54785395)
    vehicle1.accelerate(trigger_sequence=1, target_speed=40.9334839)
    vehicle3.accelerate(trigger_sequence=1, target_speed=42.38869594)
    vehicle1.decelerate(trigger_sequence=2, target_speed=16.27398107)
    vehicle1.changeLane(trigger_sequence=3, target_lane=3, target_speed=11.98766943)
    vehicle1.accelerate(trigger_sequence=4, target_speed=52.55364261)
    vehicle3.changeLane(trigger_sequence=4, target_lane=3, target_speed=48.39661451)
    vehicle1.decelerate(trigger_sequence=5, target_speed=13.60137011)
    vehicle3.accelerate(trigger_sequence=5, target_speed=53.09183366)

2025-07-15 Tuesday 11:41:33  random_test.py : INFO  === Evaluation Finished === 
 Fitness: [6.99892732916987, -0.0], Collision: False
2025-07-15 Tuesday 11:41:39  random_test.py : INFO  === Evaluate Testcase === 
 def testcase(self):
    ego = NPC(lane_id=1, offset=16.05152494, initial_speed=12.74192706)
    vehicle2 = NPC(lane_id=1, offset=8.8463436, initial_speed=0.68127795)
    vehicle3 = NPC(lane_id=3, offset=26.09440448, initial_speed=28.16886799)
    vehicle4 = NPC(lane_id=3, offset=5.51778642, initial_speed=26.62507119)
    vehicle2.changeLane(trigger_sequence=1, target_lane=3, target_speed=2.40475751)
    vehicle3.decelerate(trigger_sequence=1, target_speed=22.7142073)
    vehicle4.changeLane(trigger_sequence=1, target_lane=3, target_speed=59.85837624)
    vehicle2.accelerate(trigger_sequence=2, target_speed=51.13576608)
    vehicle4.decelerate(trigger_sequence=3, target_speed=20.7945091)
    vehicle2.changeLane(trigger_sequence=4, target_lane=1, target_speed=4.00858317)
    vehicle3.accelerate(trigger_sequence=5, target_speed=34.64404672)
    vehicle4.accelerate(trigger_sequence=5, target_speed=30.53619531)

2025-07-15 Tuesday 11:41:39  random_test.py : INFO  === Evaluation Finished === 
 Fitness: [7.000097480006977, -0.0], Collision: False
2025-07-15 Tuesday 11:41:45  random_test.py : INFO  === Evaluate Testcase === 
 def testcase(self):
    vehicle1 = NPC(lane_id=2, offset=16.78129621, initial_speed=18.33543269)
    vehicle2 = NPC(lane_id=3, offset=49.77811241, initial_speed=7.12612876)
    ego = NPC(lane_id=1, offset=36.93784984, initial_speed=28.65738962)
    vehicle1.accelerate(trigger_sequence=1, target_speed=55.13226322)
    vehicle1.accelerate(trigger_sequence=2, target_speed=52.66347675)
    vehicle2.changeLane(trigger_sequence=2, target_lane=1, target_speed=7.22514608)
    vehicle2.accelerate(trigger_sequence=3, target_speed=50.08892215)
    vehicle2.decelerate(trigger_sequence=4, target_speed=12.66393604)
    vehicle2.decelerate(trigger_sequence=5, target_speed=18.88749368)

2025-07-15 Tuesday 11:41:45  random_test.py : INFO  === Evaluation Finished === 
 Fitness: [6.999076107369905, -0.0], Collision: False
2025-07-15 Tuesday 11:41:50  random_test.py : INFO  === Evaluate Testcase === 
 def testcase(self):
    ego = NPC(lane_id=2, offset=10.08821459, initial_speed=27.73595214)
    vehicle2 = NPC(lane_id=5, offset=49.63425374, initial_speed=37.50027277)

2025-07-15 Tuesday 11:41:50  random_test.py : INFO  === Evaluation Finished === 
 Fitness: [34.259768790240614, -0.9641791044776119], Collision: False
2025-07-15 Tuesday 11:41:54  random_test.py : INFO  === Evaluate Testcase === 
 def testcase(self):
    ego = NPC(lane_id=4, offset=11.28062629, initial_speed=19.43815338)
    vehicle2 = NPC(lane_id=4, offset=9.41062397, initial_speed=5.73215516)
    vehicle2.changeLane(trigger_sequence=1, target_lane=1, target_speed=54.8860166)
    vehicle2.decelerate(trigger_sequence=2, target_speed=17.38541546)
    vehicle2.accelerate(trigger_sequence=3, target_speed=50.93609421)

2025-07-15 Tuesday 11:41:54  random_test.py : INFO  === Evaluation Finished === 
 Fitness: [inf, 0], Collision: False
2025-07-15 Tuesday 11:42:00  random_test.py : INFO  === Evaluate Testcase === 
 def testcase(self):
    vehicle1 = NPC(lane_id=5, offset=32.96504745, initial_speed=35.5076313)
    ego = NPC(lane_id=2, offset=19.33656644, initial_speed=33.37927027)
    vehicle3 = NPC(lane_id=2, offset=10.19479981, initial_speed=37.84802154)
    vehicle4 = NPC(lane_id=4, offset=48.8040649, initial_speed=38.19633306)
    vehicle3.accelerate(trigger_sequence=1, target_speed=37.16911646)
    vehicle4.changeLane(trigger_sequence=1, target_lane=3, target_speed=24.04495986)
    vehicle1.changeLane(trigger_sequence=2, target_lane=1, target_speed=20.79825663)
    vehicle3.changeLane(trigger_sequence=2, target_lane=3, target_speed=17.48673714)
    vehicle3.decelerate(trigger_sequence=3, target_speed=14.16671263)
    vehicle3.decelerate(trigger_sequence=4, target_speed=3.46053717)
    vehicle4.changeLane(trigger_sequence=4, target_lane=3, target_speed=41.80614181)
    vehicle1.changeLane(trigger_sequence=5, target_lane=3, target_speed=43.54747886)

2025-07-15 Tuesday 11:42:00  random_test.py : INFO  === Evaluation Finished === 
 Fitness: [3.609974640809821, -0.0], Collision: True
2025-07-15 Tuesday 11:42:00  random_test.py : INFO  === Find a coollision ===
2025-07-15 Tuesday 11:42:06  random_test.py : INFO  === Evaluate Testcase === 
 def testcase(self):
    ego = NPC(lane_id=4, offset=27.0636788, initial_speed=34.03799679)
    vehicle2 = NPC(lane_id=3, offset=4.31861167, initial_speed=0.10476821)
    vehicle3 = NPC(lane_id=4, offset=0.1547985, initial_speed=36.88147329)
    vehicle3.changeLane(trigger_sequence=1, target_lane=1, target_speed=58.79441454)
    vehicle3.decelerate(trigger_sequence=3, target_speed=0.60827697)
    vehicle2.accelerate(trigger_sequence=4, target_speed=54.75009933)
    vehicle2.accelerate(trigger_sequence=5, target_speed=37.53079342)

2025-07-15 Tuesday 11:42:06  random_test.py : INFO  === Evaluation Finished === 
 Fitness: [6.573665381643259, -0.0], Collision: False
2025-07-15 Tuesday 11:42:11  random_test.py : INFO  === Evaluate Testcase === 
 def testcase(self):
    vehicle1 = NPC(lane_id=2, offset=40.32718829, initial_speed=33.37870125)
    ego = NPC(lane_id=5, offset=46.35313926, initial_speed=10.37272035)
    vehicle1.accelerate(trigger_sequence=2, target_speed=35.44938743)
    vehicle1.decelerate(trigger_sequence=5, target_speed=24.61990778)

2025-07-15 Tuesday 11:42:11  random_test.py : INFO  === Evaluation Finished === 
 Fitness: [10.49503157023649, -0.0028735632183908046], Collision: False
2025-07-15 Tuesday 11:42:16  random_test.py : INFO  === Evaluate Testcase === 
 def testcase(self):
    ego = NPC(lane_id=1, offset=36.34674281, initial_speed=16.19191591)
    vehicle2 = NPC(lane_id=3, offset=18.66143338, initial_speed=2.98891281)
    vehicle2.changeLane(trigger_sequence=1, target_lane=1, target_speed=28.09307954)
    vehicle2.changeLane(trigger_sequence=5, target_lane=1, target_speed=48.13986768)

2025-07-15 Tuesday 11:42:16  random_test.py : INFO  === Evaluation Finished === 
 Fitness: [19.613542002764923, -0.0], Collision: False
2025-07-15 Tuesday 11:42:21  random_test.py : INFO  === Evaluate Testcase === 
 def testcase(self):
    ego = NPC(lane_id=3, offset=28.77253098, initial_speed=21.45884469)
    vehicle2 = NPC(lane_id=5, offset=14.34762274, initial_speed=3.26119549)
    vehicle2.decelerate(trigger_sequence=1, target_speed=14.00700284)
    vehicle2.decelerate(trigger_sequence=5, target_speed=11.51052498)

2025-07-15 Tuesday 11:42:21  random_test.py : INFO  === Evaluation Finished === 
 Fitness: [16.805044210401167, -0.0], Collision: False
2025-07-15 Tuesday 11:42:27  random_test.py : INFO  === Evaluate Testcase === 
 def testcase(self):
    ego = NPC(lane_id=4, offset=46.02871988, initial_speed=25.40180185)
    vehicle2 = NPC(lane_id=1, offset=33.3051846, initial_speed=12.87636182)
    vehicle3 = NPC(lane_id=1, offset=49.30948126, initial_speed=13.72460477)
    vehicle4 = NPC(lane_id=2, offset=6.0267651, initial_speed=19.95518626)
    vehicle2.changeLane(trigger_sequence=1, target_lane=3, target_speed=26.18399958)
    vehicle4.decelerate(trigger_sequence=2, target_speed=27.68978745)
    vehicle2.accelerate(trigger_sequence=4, target_speed=51.3242714)
    vehicle4.accelerate(trigger_sequence=5, target_speed=32.83182888)

2025-07-15 Tuesday 11:42:27  random_test.py : INFO  === Evaluation Finished === 
 Fitness: [10.494206692100647, -0.0], Collision: False
2025-07-15 Tuesday 11:42:31  random_test.py : INFO  === Evaluate Testcase === 
 def testcase(self):
    vehicle1 = NPC(lane_id=1, offset=28.04187237, initial_speed=16.11712929)
    ego = NPC(lane_id=1, offset=47.21624195, initial_speed=28.02484656)
    vehicle3 = NPC(lane_id=1, offset=45.70803459, initial_speed=18.86121017)
    vehicle4 = NPC(lane_id=1, offset=35.06286686, initial_speed=17.18400019)
    vehicle1.accelerate(trigger_sequence=1, target_speed=34.29837965)
    vehicle4.decelerate(trigger_sequence=1, target_speed=3.3093379)
    vehicle4.decelerate(trigger_sequence=2, target_speed=21.85499029)
    vehicle3.decelerate(trigger_sequence=3, target_speed=17.12049868)
    vehicle4.accelerate(trigger_sequence=3, target_speed=50.85971129)
    vehicle4.changeLane(trigger_sequence=4, target_lane=3, target_speed=47.0607254)
    vehicle1.decelerate(trigger_sequence=5, target_speed=14.59192383)
    vehicle3.changeLane(trigger_sequence=5, target_lane=3, target_speed=1.89219952)
    vehicle4.changeLane(trigger_sequence=5, target_lane=1, target_speed=3.80145341)

2025-07-15 Tuesday 11:42:31  random_test.py : INFO  === Evaluation Finished === 
 Fitness: [inf, 0], Collision: False
2025-07-15 Tuesday 11:42:37  random_test.py : INFO  === Evaluate Testcase === 
 def testcase(self):
    vehicle1 = NPC(lane_id=4, offset=45.40967515, initial_speed=32.0819112)
    vehicle2 = NPC(lane_id=2, offset=39.27595955, initial_speed=16.14523874)
    ego = NPC(lane_id=2, offset=3.68241282, initial_speed=4.514753)
    vehicle2.changeLane(trigger_sequence=1, target_lane=3, target_speed=50.22719271)
    vehicle1.accelerate(trigger_sequence=3, target_speed=38.21733644)
    vehicle2.decelerate(trigger_sequence=3, target_speed=27.8100535)
    vehicle2.decelerate(trigger_sequence=4, target_speed=12.20291221)
    vehicle2.decelerate(trigger_sequence=5, target_speed=0.09171081)

2025-07-15 Tuesday 11:42:37  random_test.py : INFO  === Evaluation Finished === 
 Fitness: [18.83270359631806, -0.0], Collision: False
2025-07-15 Tuesday 11:42:41  random_test.py : INFO  === Evaluate Testcase === 
 def testcase(self):
    ego = NPC(lane_id=2, offset=4.48838551, initial_speed=21.5943167)
    vehicle2 = NPC(lane_id=4, offset=4.84147408, initial_speed=23.51777329)
    vehicle3 = NPC(lane_id=1, offset=28.35762323, initial_speed=10.59846374)
    vehicle4 = NPC(lane_id=4, offset=0.92686077, initial_speed=8.41716974)
    vehicle2.accelerate(trigger_sequence=1, target_speed=47.55558629)
    vehicle3.decelerate(trigger_sequence=1, target_speed=5.11942308)
    vehicle4.decelerate(trigger_sequence=1, target_speed=13.76253555)
    vehicle2.accelerate(trigger_sequence=2, target_speed=34.91951075)
    vehicle3.accelerate(trigger_sequence=2, target_speed=45.24267976)
    vehicle4.decelerate(trigger_sequence=2, target_speed=1.93686581)
    vehicle4.decelerate(trigger_sequence=3, target_speed=17.28021151)
    vehicle2.accelerate(trigger_sequence=4, target_speed=30.12193268)
    vehicle3.changeLane(trigger_sequence=4, target_lane=1, target_speed=0.15037551)
    vehicle4.changeLane(trigger_sequence=4, target_lane=3, target_speed=44.54625287)

2025-07-15 Tuesday 11:42:41  random_test.py : INFO  === Evaluation Finished === 
 Fitness: [inf, 0], Collision: False
2025-07-15 Tuesday 11:42:46  random_test.py : INFO  === Evaluate Testcase === 
 def testcase(self):
    ego = NPC(lane_id=5, offset=45.08793906, initial_speed=30.52619392)
    vehicle2 = NPC(lane_id=4, offset=10.15943346, initial_speed=34.2570327)
    vehicle3 = NPC(lane_id=5, offset=8.93230951, initial_speed=33.77435493)
    vehicle2.decelerate(trigger_sequence=1, target_speed=7.74556901)
    vehicle3.accelerate(trigger_sequence=1, target_speed=43.18283163)
    vehicle3.changeLane(trigger_sequence=3, target_lane=1, target_speed=5.85754159)
    vehicle3.decelerate(trigger_sequence=5, target_speed=15.35738386)

2025-07-15 Tuesday 11:42:46  random_test.py : INFO  === Evaluation Finished === 
 Fitness: [34.991782076681915, -0.0], Collision: False
2025-07-15 Tuesday 11:42:52  random_test.py : INFO  === Evaluate Testcase === 
 def testcase(self):
    vehicle1 = NPC(lane_id=1, offset=48.00412867, initial_speed=18.08552949)
    vehicle2 = NPC(lane_id=5, offset=27.08328174, initial_speed=18.19925867)
    ego = NPC(lane_id=5, offset=39.20581536, initial_speed=28.44041407)
    vehicle4 = NPC(lane_id=1, offset=23.75930565, initial_speed=25.22007959)
    vehicle2.decelerate(trigger_sequence=1, target_speed=5.41265638)
    vehicle1.accelerate(trigger_sequence=3, target_speed=52.17825678)
    vehicle2.accelerate(trigger_sequence=3, target_speed=42.5534058)
    vehicle2.accelerate(trigger_sequence=4, target_speed=51.16021023)
    vehicle4.decelerate(trigger_sequence=4, target_speed=7.52762837)

2025-07-15 Tuesday 11:42:52  random_test.py : INFO  === Evaluation Finished === 
 Fitness: [13.591780365858801, -0.0], Collision: False
2025-07-15 Tuesday 11:42:57  random_test.py : INFO  === Evaluate Testcase === 
 def testcase(self):
    ego = NPC(lane_id=4, offset=30.9946864, initial_speed=22.74420337)
    vehicle2 = NPC(lane_id=1, offset=6.0242446, initial_speed=8.31115098)
    vehicle3 = NPC(lane_id=2, offset=36.53909866, initial_speed=30.79971589)
    vehicle3.changeLane(trigger_sequence=3, target_lane=3, target_speed=30.66616914)
    vehicle2.decelerate(trigger_sequence=4, target_speed=8.66193)
    vehicle3.decelerate(trigger_sequence=5, target_speed=9.98142087)

2025-07-15 Tuesday 11:42:57  random_test.py : INFO  === Evaluation Finished === 
 Fitness: [4.862754020037943, -0.0], Collision: False
2025-07-15 Tuesday 11:43:02  random_test.py : INFO  === Evaluate Testcase === 
 def testcase(self):
    vehicle1 = NPC(lane_id=1, offset=15.40361357, initial_speed=39.23417935)
    ego = NPC(lane_id=5, offset=0.36545009, initial_speed=21.35690581)
    vehicle1.decelerate(trigger_sequence=3, target_speed=21.07193992)
    vehicle1.accelerate(trigger_sequence=4, target_speed=55.07027716)

2025-07-15 Tuesday 11:43:02  random_test.py : INFO  === Evaluation Finished === 
 Fitness: [18.635329766427073, -0.0], Collision: False
2025-07-15 Tuesday 11:43:07  random_test.py : INFO  === Evaluate Testcase === 
 def testcase(self):
    vehicle1 = NPC(lane_id=4, offset=31.55952532, initial_speed=6.33749103)
    ego = NPC(lane_id=5, offset=33.76796951, initial_speed=24.58238622)
    vehicle3 = NPC(lane_id=1, offset=0.41842288, initial_speed=32.26286785)
    vehicle1.changeLane(trigger_sequence=1, target_lane=1, target_speed=22.50073758)
    vehicle1.accelerate(trigger_sequence=2, target_speed=31.22783689)
    vehicle1.accelerate(trigger_sequence=3, target_speed=42.63176381)
    vehicle1.accelerate(trigger_sequence=4, target_speed=37.04322999)
    vehicle3.changeLane(trigger_sequence=5, target_lane=3, target_speed=26.3501397)

2025-07-15 Tuesday 11:43:07  random_test.py : INFO  === Evaluation Finished === 
 Fitness: [4.87182908295841, -0.0], Collision: False
2025-07-15 Tuesday 11:43:13  random_test.py : INFO  === Evaluate Testcase === 
 def testcase(self):
    vehicle1 = NPC(lane_id=4, offset=34.27265179, initial_speed=6.25765431)
    vehicle2 = NPC(lane_id=3, offset=10.37236388, initial_speed=39.10204485)
    ego = NPC(lane_id=5, offset=27.33031367, initial_speed=29.97847699)
    vehicle4 = NPC(lane_id=3, offset=40.60733605, initial_speed=24.07508434)
    vehicle1.accelerate(trigger_sequence=1, target_speed=47.13564096)
    vehicle1.accelerate(trigger_sequence=2, target_speed=35.27024769)
    vehicle1.changeLane(trigger_sequence=3, target_lane=1, target_speed=17.61096857)
    vehicle2.changeLane(trigger_sequence=3, target_lane=3, target_speed=36.15764)
    vehicle2.changeLane(trigger_sequence=4, target_lane=1, target_speed=31.02629995)
    vehicle1.accelerate(trigger_sequence=5, target_speed=42.49652556)
    vehicle2.accelerate(trigger_sequence=5, target_speed=32.56033563)
    vehicle4.decelerate(trigger_sequence=5, target_speed=2.41589355)

2025-07-15 Tuesday 11:43:13  random_test.py : INFO  === Evaluation Finished === 
 Fitness: [3.4984077473671618, -0.0], Collision: False
2025-07-15 Tuesday 11:43:19  random_test.py : INFO  === Evaluate Testcase === 
 def testcase(self):
    vehicle1 = NPC(lane_id=5, offset=48.92954384, initial_speed=0.19552763)
    ego = NPC(lane_id=3, offset=45.55130903, initial_speed=33.35758248)
    vehicle3 = NPC(lane_id=4, offset=47.23379592, initial_speed=2.19787422)
    vehicle4 = NPC(lane_id=2, offset=36.73558356, initial_speed=14.99433113)
    vehicle1.decelerate(trigger_sequence=1, target_speed=6.2705507)
    vehicle3.changeLane(trigger_sequence=1, target_lane=3, target_speed=12.18740286)
    vehicle4.decelerate(trigger_sequence=1, target_speed=3.05743589)
    vehicle3.accelerate(trigger_sequence=2, target_speed=59.12680956)
    vehicle3.decelerate(trigger_sequence=3, target_speed=29.99019778)
    vehicle4.accelerate(trigger_sequence=3, target_speed=30.78103937)
    vehicle3.decelerate(trigger_sequence=4, target_speed=11.50111905)
    vehicle1.changeLane(trigger_sequence=5, target_lane=1, target_speed=3.39138588)
    vehicle3.decelerate(trigger_sequence=5, target_speed=9.6247397)
    vehicle4.decelerate(trigger_sequence=5, target_speed=8.66660369)

2025-07-15 Tuesday 11:43:19  random_test.py : INFO  === Evaluation Finished === 
 Fitness: [3.554831422784664, -0.0], Collision: False
2025-07-15 Tuesday 11:43:24  random_test.py : INFO  === Evaluate Testcase === 
 def testcase(self):
    vehicle1 = NPC(lane_id=5, offset=1.08474744, initial_speed=14.88145658)
    ego = NPC(lane_id=2, offset=48.80778446, initial_speed=34.43331846)
    vehicle1.decelerate(trigger_sequence=1, target_speed=0.42444138)
    vehicle1.accelerate(trigger_sequence=4, target_speed=43.96434317)
    vehicle1.changeLane(trigger_sequence=5, target_lane=1, target_speed=2.82179091)

2025-07-15 Tuesday 11:43:24  random_test.py : INFO  === Evaluation Finished === 
 Fitness: [50.06623131448976, -0.0], Collision: False
2025-07-15 Tuesday 11:43:29  random_test.py : INFO  === Evaluate Testcase === 
 def testcase(self):
    vehicle1 = NPC(lane_id=5, offset=32.35799182, initial_speed=19.49862764)
    ego = NPC(lane_id=2, offset=44.10774303, initial_speed=19.20495056)
    vehicle3 = NPC(lane_id=5, offset=17.79149419, initial_speed=17.01441725)
    vehicle1.decelerate(trigger_sequence=1, target_speed=25.07050291)
    vehicle1.changeLane(trigger_sequence=2, target_lane=1, target_speed=50.56570728)
    vehicle3.changeLane(trigger_sequence=3, target_lane=3, target_speed=10.13106798)
    vehicle1.accelerate(trigger_sequence=4, target_speed=32.17728471)
    vehicle3.accelerate(trigger_sequence=4, target_speed=36.65596579)
    vehicle3.decelerate(trigger_sequence=5, target_speed=10.01127802)

2025-07-15 Tuesday 11:43:29  random_test.py : INFO  === Evaluation Finished === 
 Fitness: [16.102861168923926, -0.0], Collision: False
2025-07-15 Tuesday 11:43:35  random_test.py : INFO  === Evaluate Testcase === 
 def testcase(self):
    ego = NPC(lane_id=3, offset=21.84982867, initial_speed=1.63389257)
    vehicle2 = NPC(lane_id=5, offset=49.68483415, initial_speed=12.66266078)
    vehicle3 = NPC(lane_id=4, offset=22.53277937, initial_speed=13.22901217)
    vehicle2.accelerate(trigger_sequence=2, target_speed=47.00504127)
    vehicle2.accelerate(trigger_sequence=5, target_speed=42.69836433)
    vehicle3.decelerate(trigger_sequence=5, target_speed=29.96800525)

2025-07-15 Tuesday 11:43:35  random_test.py : INFO  === Evaluation Finished === 
 Fitness: [3.5011960460251332, -0.0], Collision: False
2025-07-15 Tuesday 11:43:40  random_test.py : INFO  === Evaluate Testcase === 
 def testcase(self):
    vehicle1 = NPC(lane_id=2, offset=11.54272511, initial_speed=13.13219912)
    vehicle2 = NPC(lane_id=1, offset=6.36086981, initial_speed=0.42573448)
    ego = NPC(lane_id=5, offset=18.61815423, initial_speed=9.32427056)
    vehicle1.changeLane(trigger_sequence=1, target_lane=3, target_speed=10.46655122)
    vehicle1.accelerate(trigger_sequence=2, target_speed=59.34423162)
    vehicle2.changeLane(trigger_sequence=2, target_lane=3, target_speed=45.63579931)
    vehicle1.decelerate(trigger_sequence=3, target_speed=18.88908001)
    vehicle1.decelerate(trigger_sequence=5, target_speed=18.95847861)
    vehicle2.decelerate(trigger_sequence=5, target_speed=11.1151092)

2025-07-15 Tuesday 11:43:40  random_test.py : INFO  === Evaluation Finished === 
 Fitness: [12.42374798719385, -0.0], Collision: False
2025-07-15 Tuesday 11:43:44  random_test.py : INFO  === Evaluate Testcase === 
 def testcase(self):
    ego = NPC(lane_id=1, offset=12.07634499, initial_speed=1.54764881)
    vehicle2 = NPC(lane_id=1, offset=34.9459816, initial_speed=24.71043543)
    vehicle3 = NPC(lane_id=3, offset=28.0459076, initial_speed=20.70554445)
    vehicle4 = NPC(lane_id=1, offset=9.90937859, initial_speed=35.69915925)
    vehicle3.decelerate(trigger_sequence=1, target_speed=23.47201805)
    vehicle3.changeLane(trigger_sequence=2, target_lane=3, target_speed=22.54284456)
    vehicle4.accelerate(trigger_sequence=2, target_speed=41.9899209)
    vehicle4.decelerate(trigger_sequence=3, target_speed=19.81854049)
    vehicle2.accelerate(trigger_sequence=4, target_speed=46.14674745)
    vehicle3.changeLane(trigger_sequence=4, target_lane=3, target_speed=11.943958)
    vehicle2.accelerate(trigger_sequence=5, target_speed=52.10153501)

2025-07-15 Tuesday 11:43:44  random_test.py : INFO  === Evaluation Finished === 
 Fitness: [inf, 0], Collision: False
2025-07-15 Tuesday 11:43:49  random_test.py : INFO  === Evaluate Testcase === 
 def testcase(self):
    vehicle1 = NPC(lane_id=4, offset=28.01892337, initial_speed=5.47973889)
    ego = NPC(lane_id=3, offset=10.44420875, initial_speed=38.2120189)
    vehicle1.accelerate(trigger_sequence=2, target_speed=44.22553045)
    vehicle1.decelerate(trigger_sequence=3, target_speed=6.11754732)

2025-07-15 Tuesday 11:43:49  random_test.py : INFO  === Evaluation Finished === 
 Fitness: [3.505129049097192, -0.0], Collision: False
2025-07-15 Tuesday 11:43:55  random_test.py : INFO  === Evaluate Testcase === 
 def testcase(self):
    vehicle1 = NPC(lane_id=5, offset=41.32559645, initial_speed=28.30903222)
    ego = NPC(lane_id=2, offset=19.38681627, initial_speed=27.98119184)
    vehicle1.changeLane(trigger_sequence=2, target_lane=3, target_speed=23.67497309)
    vehicle1.accelerate(trigger_sequence=3, target_speed=59.33113396)
    vehicle1.changeLane(trigger_sequence=5, target_lane=3, target_speed=33.95677342)

2025-07-15 Tuesday 11:43:55  random_test.py : INFO  === Evaluation Finished === 
 Fitness: [7.000432815742447, -0.0], Collision: False
2025-07-15 Tuesday 11:43:59  random_test.py : INFO  === Evaluate Testcase === 
 def testcase(self):
    vehicle1 = NPC(lane_id=3, offset=29.90124464, initial_speed=12.97326681)
    ego = NPC(lane_id=3, offset=29.27932538, initial_speed=39.14359815)
    vehicle3 = NPC(lane_id=3, offset=39.21927522, initial_speed=5.16328434)
    vehicle3.changeLane(trigger_sequence=1, target_lane=3, target_speed=56.17139256)
    vehicle1.decelerate(trigger_sequence=2, target_speed=2.19914165)
    vehicle1.accelerate(trigger_sequence=3, target_speed=43.78812626)
    vehicle1.changeLane(trigger_sequence=4, target_lane=3, target_speed=21.55920568)
    vehicle3.decelerate(trigger_sequence=4, target_speed=11.66277526)
    vehicle1.accelerate(trigger_sequence=5, target_speed=39.99230694)
    vehicle3.changeLane(trigger_sequence=5, target_lane=1, target_speed=46.90452824)

2025-07-15 Tuesday 11:43:59  random_test.py : INFO  === Evaluation Finished === 
 Fitness: [inf, 0], Collision: False
2025-07-15 Tuesday 11:44:04  random_test.py : INFO  === Evaluate Testcase === 
 def testcase(self):
    vehicle1 = NPC(lane_id=5, offset=43.64853044, initial_speed=9.07902937)
    ego = NPC(lane_id=2, offset=9.94586867, initial_speed=15.2025564)
    vehicle3 = NPC(lane_id=5, offset=48.55973625, initial_speed=39.60384036)
    vehicle3.decelerate(trigger_sequence=1, target_speed=27.56196335)
    vehicle1.accelerate(trigger_sequence=4, target_speed=59.28027736)

2025-07-15 Tuesday 11:44:04  random_test.py : INFO  === Evaluation Finished === 
 Fitness: [10.500208632599769, -0.0], Collision: False
2025-07-15 Tuesday 11:44:09  random_test.py : INFO  === Evaluate Testcase === 
 def testcase(self):
    vehicle1 = NPC(lane_id=3, offset=37.13601726, initial_speed=23.37807008)
    vehicle2 = NPC(lane_id=4, offset=35.63954189, initial_speed=9.83488888)
    ego = NPC(lane_id=5, offset=32.8421044, initial_speed=31.23078602)
    vehicle1.accelerate(trigger_sequence=1, target_speed=59.25464384)
    vehicle1.changeLane(trigger_sequence=2, target_lane=3, target_speed=49.2751288)
    vehicle2.accelerate(trigger_sequence=4, target_speed=47.80692451)
    vehicle1.changeLane(trigger_sequence=5, target_lane=3, target_speed=0.08274282)

2025-07-15 Tuesday 11:44:09  random_test.py : INFO  === Evaluation Finished === 
 Fitness: [3.4919877033822533, -0.0], Collision: False
2025-07-15 Tuesday 11:44:15  random_test.py : INFO  === Evaluate Testcase === 
 def testcase(self):
    vehicle1 = NPC(lane_id=4, offset=46.70211446, initial_speed=11.76961241)
    vehicle2 = NPC(lane_id=5, offset=45.45462924, initial_speed=19.10667605)
    ego = NPC(lane_id=1, offset=13.41822596, initial_speed=27.88611989)
    vehicle4 = NPC(lane_id=3, offset=18.57863701, initial_speed=22.2460393)
    vehicle4.accelerate(trigger_sequence=1, target_speed=45.67191477)
    vehicle2.accelerate(trigger_sequence=3, target_speed=50.49812219)
    vehicle1.changeLane(trigger_sequence=4, target_lane=1, target_speed=0.17567862)
    vehicle2.accelerate(trigger_sequence=5, target_speed=35.14111102)

2025-07-15 Tuesday 11:44:15  random_test.py : INFO  === Evaluation Finished === 
 Fitness: [6.999259238883642, -0.0], Collision: False
2025-07-15 Tuesday 11:44:21  random_test.py : INFO  === Evaluate Testcase === 
 def testcase(self):
    vehicle1 = NPC(lane_id=4, offset=40.39260139, initial_speed=21.80437793)
    vehicle2 = NPC(lane_id=5, offset=46.19017261, initial_speed=27.97844223)
    ego = NPC(lane_id=4, offset=17.49134596, initial_speed=9.35584418)
    vehicle2.changeLane(trigger_sequence=2, target_lane=1, target_speed=54.29385849)
    vehicle2.accelerate(trigger_sequence=3, target_speed=30.39883433)
    vehicle1.decelerate(trigger_sequence=4, target_speed=17.06032983)
    vehicle1.accelerate(trigger_sequence=5, target_speed=38.36353014)

2025-07-15 Tuesday 11:44:21  random_test.py : INFO  === Evaluation Finished === 
 Fitness: [10.533356554792622, -0.011560693641618497], Collision: False
2025-07-15 Tuesday 11:44:26  random_test.py : INFO  === Evaluate Testcase === 
 def testcase(self):
    vehicle1 = NPC(lane_id=2, offset=10.93403728, initial_speed=1.11181138)
    vehicle2 = NPC(lane_id=1, offset=39.79887792, initial_speed=33.89165219)
    vehicle3 = NPC(lane_id=4, offset=13.99043508, initial_speed=38.77286612)
    ego = NPC(lane_id=3, offset=28.17614131, initial_speed=14.15730768)
    vehicle1.accelerate(trigger_sequence=1, target_speed=47.88521968)
    vehicle2.decelerate(trigger_sequence=1, target_speed=26.35125824)
    vehicle3.decelerate(trigger_sequence=1, target_speed=22.64420641)
    vehicle1.changeLane(trigger_sequence=2, target_lane=3, target_speed=4.37055745)
    vehicle2.accelerate(trigger_sequence=2, target_speed=31.10127893)
    vehicle3.accelerate(trigger_sequence=2, target_speed=53.30036703)
    vehicle1.accelerate(trigger_sequence=4, target_speed=59.69177844)
    vehicle1.decelerate(trigger_sequence=5, target_speed=19.71104957)
    vehicle2.accelerate(trigger_sequence=5, target_speed=53.77032507)
    vehicle3.accelerate(trigger_sequence=5, target_speed=34.90052436)

2025-07-15 Tuesday 11:44:26  random_test.py : INFO  === Evaluation Finished === 
 Fitness: [5.061314699615813, -0.0], Collision: False
2025-07-15 Tuesday 11:44:32  random_test.py : INFO  === Evaluate Testcase === 
 def testcase(self):
    vehicle1 = NPC(lane_id=4, offset=16.23064533, initial_speed=21.04271103)
    ego = NPC(lane_id=5, offset=32.60673956, initial_speed=7.14069201)
    vehicle3 = NPC(lane_id=1, offset=40.67741995, initial_speed=16.34182509)
    vehicle3.decelerate(trigger_sequence=1, target_speed=20.69823163)
    vehicle1.accelerate(trigger_sequence=2, target_speed=37.40823637)
    vehicle3.accelerate(trigger_sequence=2, target_speed=48.45260799)
    vehicle1.changeLane(trigger_sequence=4, target_lane=3, target_speed=7.73961654)
    vehicle3.accelerate(trigger_sequence=4, target_speed=45.19202181)
    vehicle1.changeLane(trigger_sequence=5, target_lane=1, target_speed=51.06475931)

2025-07-15 Tuesday 11:44:32  random_test.py : INFO  === Evaluation Finished === 
 Fitness: [13.904305369132338, -0.0], Collision: False
2025-07-15 Tuesday 11:44:37  random_test.py : INFO  === Evaluate Testcase === 
 def testcase(self):
    vehicle1 = NPC(lane_id=5, offset=12.49807327, initial_speed=18.32955969)
    vehicle2 = NPC(lane_id=2, offset=28.9964222, initial_speed=28.83414619)
    ego = NPC(lane_id=1, offset=12.60996558, initial_speed=12.48049539)
    vehicle1.accelerate(trigger_sequence=2, target_speed=49.11464253)
    vehicle2.decelerate(trigger_sequence=2, target_speed=15.98963645)
    vehicle2.accelerate(trigger_sequence=4, target_speed=47.97764213)
    vehicle1.decelerate(trigger_sequence=5, target_speed=23.46771327)
    vehicle2.decelerate(trigger_sequence=5, target_speed=17.77074203)

2025-07-15 Tuesday 11:44:37  random_test.py : INFO  === Evaluation Finished === 
 Fitness: [3.500324927521417, -0.0], Collision: False
2025-07-15 Tuesday 11:44:43  random_test.py : INFO  === Evaluate Testcase === 
 def testcase(self):
    ego = NPC(lane_id=1, offset=46.00782289, initial_speed=18.11106264)
    vehicle2 = NPC(lane_id=4, offset=3.82169779, initial_speed=17.85855832)
    vehicle3 = NPC(lane_id=1, offset=37.07389471, initial_speed=2.5406029)
    vehicle4 = NPC(lane_id=3, offset=43.34675322, initial_speed=6.6036736)
    vehicle3.decelerate(trigger_sequence=2, target_speed=11.81804726)
    vehicle3.decelerate(trigger_sequence=3, target_speed=29.34439817)
    vehicle4.changeLane(trigger_sequence=3, target_lane=3, target_speed=51.58427899)
    vehicle2.changeLane(trigger_sequence=4, target_lane=3, target_speed=49.69250197)
    vehicle3.decelerate(trigger_sequence=4, target_speed=13.02910137)

2025-07-15 Tuesday 11:44:43  random_test.py : INFO  === Evaluation Finished === 
 Fitness: [7.985526906170551, -0.0], Collision: False
2025-07-15 Tuesday 11:44:47  random_test.py : INFO  === Evaluate Testcase === 
 def testcase(self):
    vehicle1 = NPC(lane_id=1, offset=7.17387268, initial_speed=17.24240429)
    vehicle2 = NPC(lane_id=1, offset=3.99406041, initial_speed=27.42914751)
    ego = NPC(lane_id=1, offset=6.35384212, initial_speed=8.74315937)
    vehicle1.changeLane(trigger_sequence=1, target_lane=1, target_speed=40.47539328)
    vehicle2.changeLane(trigger_sequence=1, target_lane=3, target_speed=1.94776924)
    vehicle2.accelerate(trigger_sequence=2, target_speed=38.12658209)
    vehicle1.changeLane(trigger_sequence=3, target_lane=3, target_speed=19.29622579)
    vehicle2.changeLane(trigger_sequence=3, target_lane=1, target_speed=32.02501015)
    vehicle1.accelerate(trigger_sequence=4, target_speed=50.26198174)

2025-07-15 Tuesday 11:44:47  random_test.py : INFO  === Evaluation Finished === 
 Fitness: [inf, 0], Collision: False
2025-07-15 Tuesday 11:44:53  random_test.py : INFO  === Evaluate Testcase === 
 def testcase(self):
    ego = NPC(lane_id=2, offset=18.11357449, initial_speed=5.66929303)
    vehicle2 = NPC(lane_id=1, offset=29.41285054, initial_speed=11.27484246)
    vehicle3 = NPC(lane_id=2, offset=32.59222288, initial_speed=11.35001217)
    vehicle4 = NPC(lane_id=5, offset=30.28159015, initial_speed=12.04480787)
    vehicle2.changeLane(trigger_sequence=1, target_lane=1, target_speed=10.42966612)
    vehicle3.accelerate(trigger_sequence=1, target_speed=40.58623857)
    vehicle3.accelerate(trigger_sequence=2, target_speed=52.90827316)
    vehicle4.accelerate(trigger_sequence=2, target_speed=35.78876724)
    vehicle3.accelerate(trigger_sequence=4, target_speed=36.4438957)
    vehicle2.changeLane(trigger_sequence=5, target_lane=3, target_speed=33.86578675)
    vehicle3.changeLane(trigger_sequence=5, target_lane=1, target_speed=14.26327512)
    vehicle4.accelerate(trigger_sequence=5, target_speed=51.31972951)

2025-07-15 Tuesday 11:44:53  random_test.py : INFO  === Evaluation Finished === 
 Fitness: [3.5000007424303208, -0.004555808656036446], Collision: False
2025-07-15 Tuesday 11:44:58  random_test.py : INFO  === Evaluate Testcase === 
 def testcase(self):
    vehicle1 = NPC(lane_id=2, offset=48.09020902, initial_speed=31.36957579)
    vehicle2 = NPC(lane_id=3, offset=31.10151637, initial_speed=21.27672616)
    ego = NPC(lane_id=2, offset=37.70360711, initial_speed=9.70198386)
    vehicle2.decelerate(trigger_sequence=2, target_speed=13.68585462)
    vehicle2.decelerate(trigger_sequence=3, target_speed=0.36685938)
    vehicle2.decelerate(trigger_sequence=4, target_speed=9.70493548)
    vehicle2.changeLane(trigger_sequence=5, target_lane=3, target_speed=50.72948322)

2025-07-15 Tuesday 11:44:58  random_test.py : INFO  === Evaluation Finished === 
 Fitness: [5.704355508599771, -0.01182033096926714], Collision: False
2025-07-15 Tuesday 11:45:03  random_test.py : INFO  === Evaluate Testcase === 
 def testcase(self):
    vehicle1 = NPC(lane_id=1, offset=40.92340187, initial_speed=3.54338645)
    ego = NPC(lane_id=5, offset=0.49214518, initial_speed=19.6607071)
    vehicle1.accelerate(trigger_sequence=1, target_speed=59.91451966)
    vehicle1.accelerate(trigger_sequence=2, target_speed=52.60892302)
    vehicle1.decelerate(trigger_sequence=3, target_speed=3.34350731)
    vehicle1.accelerate(trigger_sequence=4, target_speed=30.66439351)

2025-07-15 Tuesday 11:45:03  random_test.py : INFO  === Evaluation Finished === 
 Fitness: [14.000429123266663, -0.005797101449275362], Collision: False
2025-07-15 Tuesday 11:45:08  random_test.py : INFO  === Evaluate Testcase === 
 def testcase(self):
    ego = NPC(lane_id=5, offset=32.46414136, initial_speed=4.54439498)
    vehicle2 = NPC(lane_id=1, offset=14.42378992, initial_speed=11.39154239)
    vehicle2.decelerate(trigger_sequence=1, target_speed=17.93616737)
    vehicle2.changeLane(trigger_sequence=2, target_lane=3, target_speed=9.43958323)
    vehicle2.accelerate(trigger_sequence=3, target_speed=59.60648745)
    vehicle2.changeLane(trigger_sequence=4, target_lane=3, target_speed=31.49408888)
    vehicle2.changeLane(trigger_sequence=5, target_lane=1, target_speed=18.09523406)

2025-07-15 Tuesday 11:45:08  random_test.py : INFO  === Evaluation Finished === 
 Fitness: [22.014427367155616, -0.005649717514124294], Collision: False
2025-07-15 Tuesday 11:45:14  random_test.py : INFO  === Evaluate Testcase === 
 def testcase(self):
    ego = NPC(lane_id=2, offset=36.01574176, initial_speed=35.41086544)
    vehicle2 = NPC(lane_id=1, offset=22.50650737, initial_speed=16.92268057)
    vehicle3 = NPC(lane_id=2, offset=20.38561137, initial_speed=25.57011985)
    vehicle3.accelerate(trigger_sequence=1, target_speed=49.85021964)
    vehicle2.changeLane(trigger_sequence=2, target_lane=1, target_speed=15.41637696)
    vehicle2.decelerate(trigger_sequence=3, target_speed=6.79548836)
    vehicle3.accelerate(trigger_sequence=3, target_speed=36.43077205)

2025-07-15 Tuesday 11:45:14  random_test.py : INFO  === Evaluation Finished === 
 Fitness: [9.681000391988956, -0.0], Collision: False
2025-07-15 Tuesday 11:45:19  random_test.py : INFO  === Evaluate Testcase === 
 def testcase(self):
    vehicle1 = NPC(lane_id=1, offset=16.50477858, initial_speed=24.45965276)
    ego = NPC(lane_id=5, offset=2.25455348, initial_speed=6.62775634)
    vehicle3 = NPC(lane_id=2, offset=49.78602628, initial_speed=2.80241054)
    vehicle1.decelerate(trigger_sequence=1, target_speed=29.51081098)
    vehicle3.changeLane(trigger_sequence=3, target_lane=3, target_speed=33.46168699)
    vehicle1.accelerate(trigger_sequence=4, target_speed=47.85940803)
    vehicle1.changeLane(trigger_sequence=5, target_lane=1, target_speed=3.67453078)

2025-07-15 Tuesday 11:45:19  random_test.py : INFO  === Evaluation Finished === 
 Fitness: [8.015965228436785, -0.0], Collision: False
2025-07-15 Tuesday 11:45:24  random_test.py : INFO  === Evaluate Testcase === 
 def testcase(self):
    vehicle1 = NPC(lane_id=1, offset=37.79603032, initial_speed=13.20849283)
    vehicle2 = NPC(lane_id=5, offset=33.28440757, initial_speed=25.99080027)
    ego = NPC(lane_id=3, offset=1.03786221, initial_speed=38.5423585)
    vehicle2.decelerate(trigger_sequence=1, target_speed=19.69234493)
    vehicle2.decelerate(trigger_sequence=2, target_speed=8.04984413)
    vehicle1.decelerate(trigger_sequence=3, target_speed=22.52032945)
    vehicle1.changeLane(trigger_sequence=4, target_lane=3, target_speed=18.06900313)
    vehicle2.decelerate(trigger_sequence=4, target_speed=20.16233037)
    vehicle1.accelerate(trigger_sequence=5, target_speed=48.32019073)

2025-07-15 Tuesday 11:45:24  random_test.py : INFO  === Evaluation Finished === 
 Fitness: [6.999880673560793, -0.0], Collision: False
2025-07-15 Tuesday 11:45:28  random_test.py : INFO  === Evaluate Testcase === 
 def testcase(self):
    ego = NPC(lane_id=4, offset=10.85216558, initial_speed=15.05281311)
    vehicle2 = NPC(lane_id=4, offset=9.55856576, initial_speed=29.69892365)
    vehicle2.changeLane(trigger_sequence=1, target_lane=3, target_speed=30.02118996)
    vehicle2.decelerate(trigger_sequence=4, target_speed=14.61067875)
    vehicle2.accelerate(trigger_sequence=5, target_speed=50.55797032)

2025-07-15 Tuesday 11:45:28  random_test.py : INFO  === Evaluation Finished === 
 Fitness: [inf, 0], Collision: False
2025-07-15 Tuesday 11:45:34  random_test.py : INFO  === Evaluate Testcase === 
 def testcase(self):
    ego = NPC(lane_id=1, offset=24.10986608, initial_speed=37.32432981)
    vehicle2 = NPC(lane_id=3, offset=45.6731377, initial_speed=37.91674434)
    vehicle3 = NPC(lane_id=1, offset=8.72125093, initial_speed=38.48602818)
    vehicle4 = NPC(lane_id=4, offset=6.55370487, initial_speed=19.30092219)
    vehicle3.accelerate(trigger_sequence=1, target_speed=35.12038341)
    vehicle4.accelerate(trigger_sequence=1, target_speed=52.29410428)
    vehicle4.decelerate(trigger_sequence=2, target_speed=8.83198958)
    vehicle2.decelerate(trigger_sequence=3, target_speed=15.53791696)
    vehicle2.decelerate(trigger_sequence=4, target_speed=0.47885024)
    vehicle3.decelerate(trigger_sequence=4, target_speed=18.05701564)
    vehicle2.changeLane(trigger_sequence=5, target_lane=3, target_speed=53.97255449)
    vehicle4.accelerate(trigger_sequence=5, target_speed=39.97719947)

2025-07-15 Tuesday 11:45:34  random_test.py : INFO  === Evaluation Finished === 
 Fitness: [11.949433088533363, -0.0], Collision: False
2025-07-15 Tuesday 11:45:39  random_test.py : INFO  === Evaluate Testcase === 
 def testcase(self):
    vehicle1 = NPC(lane_id=4, offset=12.68640146, initial_speed=37.94309867)
    ego = NPC(lane_id=4, offset=49.87840234, initial_speed=19.92726599)
    vehicle3 = NPC(lane_id=1, offset=18.56810397, initial_speed=18.79375605)
    vehicle4 = NPC(lane_id=4, offset=25.99459422, initial_speed=0.53903509)
    vehicle1.changeLane(trigger_sequence=2, target_lane=1, target_speed=33.23546024)
    vehicle3.changeLane(trigger_sequence=2, target_lane=1, target_speed=42.54005057)
    vehicle4.decelerate(trigger_sequence=2, target_speed=28.99412489)
    vehicle1.decelerate(trigger_sequence=3, target_speed=16.8599226)
    vehicle1.accelerate(trigger_sequence=4, target_speed=32.59319405)

2025-07-15 Tuesday 11:45:39  random_test.py : INFO  === Evaluation Finished === 
 Fitness: [25.260023352976688, -0.0058309037900874635], Collision: False
2025-07-15 Tuesday 11:45:45  random_test.py : INFO  === Evaluate Testcase === 
 def testcase(self):
    vehicle1 = NPC(lane_id=3, offset=44.83728775, initial_speed=25.81293761)
    vehicle2 = NPC(lane_id=5, offset=25.48720514, initial_speed=22.7509136)
    ego = NPC(lane_id=5, offset=2.5265597, initial_speed=11.12550124)
    vehicle4 = NPC(lane_id=2, offset=18.17291917, initial_speed=8.73462243)
    vehicle2.decelerate(trigger_sequence=2, target_speed=28.50225629)
    vehicle2.accelerate(trigger_sequence=3, target_speed=40.95818174)
    vehicle4.changeLane(trigger_sequence=3, target_lane=3, target_speed=15.79379006)
    vehicle1.accelerate(trigger_sequence=4, target_speed=43.39429907)
    vehicle4.accelerate(trigger_sequence=5, target_speed=51.680888)

2025-07-15 Tuesday 11:45:45  random_test.py : INFO  === Evaluation Finished === 
 Fitness: [10.501378497712656, -0.0], Collision: False
2025-07-15 Tuesday 11:45:50  random_test.py : INFO  === Evaluate Testcase === 
 def testcase(self):
    vehicle1 = NPC(lane_id=1, offset=6.81005385, initial_speed=19.98457634)
    ego = NPC(lane_id=3, offset=47.6822801, initial_speed=36.51277659)
    vehicle1.changeLane(trigger_sequence=1, target_lane=1, target_speed=40.48663423)
    vehicle1.changeLane(trigger_sequence=2, target_lane=3, target_speed=33.0089741)
    vehicle1.changeLane(trigger_sequence=4, target_lane=3, target_speed=31.46160832)
    vehicle1.decelerate(trigger_sequence=5, target_speed=17.59657738)

2025-07-15 Tuesday 11:45:50  random_test.py : INFO  === Evaluation Finished === 
 Fitness: [42.692214784746476, -0.0], Collision: False
2025-07-15 Tuesday 11:45:56  random_test.py : INFO  === Evaluate Testcase === 
 def testcase(self):
    vehicle1 = NPC(lane_id=1, offset=36.95805632, initial_speed=11.03323891)
    vehicle2 = NPC(lane_id=5, offset=11.5972783, initial_speed=31.29358403)
    vehicle3 = NPC(lane_id=5, offset=7.26113561, initial_speed=30.72650549)
    ego = NPC(lane_id=3, offset=14.65050278, initial_speed=34.67749124)
    vehicle1.decelerate(trigger_sequence=1, target_speed=15.19375396)
    vehicle1.changeLane(trigger_sequence=2, target_lane=3, target_speed=7.85530696)
    vehicle3.accelerate(trigger_sequence=2, target_speed=59.55384513)
    vehicle1.decelerate(trigger_sequence=3, target_speed=21.22031017)
    vehicle2.decelerate(trigger_sequence=3, target_speed=26.03171196)
    vehicle3.changeLane(trigger_sequence=3, target_lane=3, target_speed=38.75114319)
    vehicle1.accelerate(trigger_sequence=4, target_speed=34.69545848)
    vehicle2.changeLane(trigger_sequence=4, target_lane=1, target_speed=16.17386526)
    vehicle3.accelerate(trigger_sequence=4, target_speed=38.74129277)

2025-07-15 Tuesday 11:45:56  random_test.py : INFO  === Evaluation Finished === 
 Fitness: [7.001507749185934, -0.0], Collision: False
2025-07-15 Tuesday 11:46:01  random_test.py : INFO  === Evaluate Testcase === 
 def testcase(self):
    vehicle1 = NPC(lane_id=3, offset=48.61009313, initial_speed=26.91798267)
    vehicle2 = NPC(lane_id=3, offset=40.63499067, initial_speed=18.34632477)
    ego = NPC(lane_id=2, offset=28.02807188, initial_speed=9.11896733)
    vehicle1.decelerate(trigger_sequence=1, target_speed=10.66166954)
    vehicle2.changeLane(trigger_sequence=1, target_lane=3, target_speed=20.5292968)
    vehicle1.changeLane(trigger_sequence=2, target_lane=3, target_speed=46.64992438)
    vehicle2.decelerate(trigger_sequence=2, target_speed=0.17259302)
    vehicle2.changeLane(trigger_sequence=4, target_lane=3, target_speed=55.67059559)

2025-07-15 Tuesday 11:46:01  random_test.py : INFO  === Evaluation Finished === 
 Fitness: [3.50023981513026, -0.0], Collision: False
2025-07-15 Tuesday 11:46:06  random_test.py : INFO  === Evaluate Testcase === 
 def testcase(self):
    vehicle1 = NPC(lane_id=3, offset=43.02694989, initial_speed=36.97872183)
    vehicle2 = NPC(lane_id=3, offset=24.59730109, initial_speed=12.358502)
    ego = NPC(lane_id=4, offset=49.52404023, initial_speed=13.00778262)
    vehicle4 = NPC(lane_id=1, offset=2.30153963, initial_speed=26.59990574)
    vehicle2.decelerate(trigger_sequence=1, target_speed=7.71213797)
    vehicle1.accelerate(trigger_sequence=2, target_speed=34.55509854)
    vehicle1.decelerate(trigger_sequence=3, target_speed=28.21469492)
    vehicle2.changeLane(trigger_sequence=3, target_lane=3, target_speed=38.67584333)
    vehicle2.decelerate(trigger_sequence=4, target_speed=6.9480445)

2025-07-15 Tuesday 11:46:06  random_test.py : INFO  === Evaluation Finished === 
 Fitness: [3.496144487344804, -0.0], Collision: False
2025-07-15 Tuesday 11:46:10  random_test.py : INFO  === Evaluate Testcase === 
 def testcase(self):
    vehicle1 = NPC(lane_id=4, offset=9.66154728, initial_speed=36.42946772)
    vehicle2 = NPC(lane_id=4, offset=6.8966067, initial_speed=6.46123572)
    ego = NPC(lane_id=1, offset=4.62929151, initial_speed=26.77118864)
    vehicle2.changeLane(trigger_sequence=1, target_lane=1, target_speed=12.00287914)
    vehicle2.accelerate(trigger_sequence=2, target_speed=30.7815895)
    vehicle1.changeLane(trigger_sequence=3, target_lane=1, target_speed=52.62981514)
    vehicle2.accelerate(trigger_sequence=3, target_speed=53.89593523)
    vehicle2.decelerate(trigger_sequence=4, target_speed=21.13596859)
    vehicle1.accelerate(trigger_sequence=5, target_speed=45.36567897)

2025-07-15 Tuesday 11:46:10  random_test.py : INFO  === Evaluation Finished === 
 Fitness: [inf, 0], Collision: False
2025-07-15 Tuesday 11:46:14  simulate.py : INFO  Rear-end collision with vehicle 1291 ignored
2025-07-15 Tuesday 11:46:16  random_test.py : INFO  === Evaluate Testcase === 
 def testcase(self):
    vehicle1 = NPC(lane_id=3, offset=7.08840964, initial_speed=31.80036941)
    vehicle2 = NPC(lane_id=4, offset=24.95214529, initial_speed=12.56725876)
    ego = NPC(lane_id=3, offset=27.76003584, initial_speed=7.75811834)
    vehicle1.accelerate(trigger_sequence=1, target_speed=48.01026471)
    vehicle2.accelerate(trigger_sequence=2, target_speed=30.12258234)
    vehicle1.decelerate(trigger_sequence=3, target_speed=23.35256959)
    vehicle2.accelerate(trigger_sequence=3, target_speed=36.34879962)
    vehicle1.accelerate(trigger_sequence=5, target_speed=52.69870019)

2025-07-15 Tuesday 11:46:16  random_test.py : INFO  === Evaluation Finished === 
 Fitness: [4.20823755354215, -0.0], Collision: False
2025-07-15 Tuesday 11:46:21  random_test.py : INFO  === Evaluate Testcase === 
 def testcase(self):
    vehicle1 = NPC(lane_id=4, offset=49.43585503, initial_speed=18.89182599)
    vehicle2 = NPC(lane_id=4, offset=30.71674818, initial_speed=37.47814845)
    vehicle3 = NPC(lane_id=1, offset=48.68206784, initial_speed=23.45778031)
    ego = NPC(lane_id=5, offset=47.27202951, initial_speed=26.33360091)
    vehicle3.accelerate(trigger_sequence=1, target_speed=37.839648)
    vehicle1.decelerate(trigger_sequence=3, target_speed=18.77252124)
    vehicle2.decelerate(trigger_sequence=3, target_speed=4.39220048)
    vehicle3.accelerate(trigger_sequence=3, target_speed=54.38290459)
    vehicle3.decelerate(trigger_sequence=4, target_speed=4.13739854)
    vehicle2.decelerate(trigger_sequence=5, target_speed=15.7406929)
    vehicle3.decelerate(trigger_sequence=5, target_speed=0.6470184)

2025-07-15 Tuesday 11:46:21  random_test.py : INFO  === Evaluation Finished === 
 Fitness: [3.493984956489501, -0.0], Collision: False
2025-07-15 Tuesday 11:46:26  random_test.py : INFO  === Evaluate Testcase === 
 def testcase(self):
    ego = NPC(lane_id=3, offset=28.35004377, initial_speed=38.51108304)
    vehicle2 = NPC(lane_id=3, offset=22.18788132, initial_speed=2.07180819)
    vehicle2.decelerate(trigger_sequence=4, target_speed=23.74309737)

2025-07-15 Tuesday 11:46:26  random_test.py : INFO  === Evaluation Finished === 
 Fitness: [7.737862264776405, -0.0], Collision: False
2025-07-15 Tuesday 11:46:32  random_test.py : INFO  === Evaluate Testcase === 
 def testcase(self):
    ego = NPC(lane_id=5, offset=49.05777715, initial_speed=18.00062454)
    vehicle2 = NPC(lane_id=2, offset=10.476303, initial_speed=14.1437001)
    vehicle3 = NPC(lane_id=1, offset=48.86968492, initial_speed=30.46216477)
    vehicle4 = NPC(lane_id=3, offset=6.97277749, initial_speed=31.08815406)
    vehicle4.decelerate(trigger_sequence=1, target_speed=2.01089723)
    vehicle2.decelerate(trigger_sequence=2, target_speed=8.53165624)
    vehicle2.changeLane(trigger_sequence=4, target_lane=1, target_speed=36.31913774)
    vehicle3.accelerate(trigger_sequence=4, target_speed=58.57962218)
    vehicle4.decelerate(trigger_sequence=4, target_speed=29.36697623)
    vehicle3.changeLane(trigger_sequence=5, target_lane=3, target_speed=45.9151966)
    vehicle4.accelerate(trigger_sequence=5, target_speed=57.25302404)

2025-07-15 Tuesday 11:46:32  random_test.py : INFO  === Evaluation Finished === 
 Fitness: [13.991669882101435, -0.0], Collision: False
2025-07-15 Tuesday 11:46:37  random_test.py : INFO  === Evaluate Testcase === 
 def testcase(self):
    vehicle1 = NPC(lane_id=1, offset=15.54880948, initial_speed=31.81062202)
    vehicle2 = NPC(lane_id=2, offset=1.93794137, initial_speed=34.52508178)
    ego = NPC(lane_id=4, offset=0.44326114, initial_speed=23.29604319)
    vehicle1.changeLane(trigger_sequence=1, target_lane=1, target_speed=25.80116503)
    vehicle2.accelerate(trigger_sequence=1, target_speed=50.18660062)
    vehicle2.accelerate(trigger_sequence=3, target_speed=47.66392751)
    vehicle1.decelerate(trigger_sequence=5, target_speed=5.20286319)
    vehicle2.accelerate(trigger_sequence=5, target_speed=49.14899101)

2025-07-15 Tuesday 11:46:37  random_test.py : INFO  === Evaluation Finished === 
 Fitness: [6.999774590031081, -0.0], Collision: False
2025-07-15 Tuesday 11:46:43  random_test.py : INFO  === Evaluate Testcase === 
 def testcase(self):
    vehicle1 = NPC(lane_id=2, offset=49.15901664, initial_speed=34.30682842)
    vehicle2 = NPC(lane_id=1, offset=42.36607741, initial_speed=20.86701863)
    ego = NPC(lane_id=5, offset=27.91966267, initial_speed=6.12126722)
    vehicle1.decelerate(trigger_sequence=1, target_speed=17.49718619)
    vehicle2.changeLane(trigger_sequence=1, target_lane=1, target_speed=45.37486907)
    vehicle1.decelerate(trigger_sequence=2, target_speed=26.15723743)
    vehicle1.accelerate(trigger_sequence=3, target_speed=35.07086872)
    vehicle1.accelerate(trigger_sequence=4, target_speed=57.16861078)

2025-07-15 Tuesday 11:46:43  random_test.py : INFO  === Evaluation Finished === 
 Fitness: [10.499696182436892, -0.0], Collision: False
2025-07-15 Tuesday 11:46:48  random_test.py : INFO  === Evaluate Testcase === 
 def testcase(self):
    vehicle1 = NPC(lane_id=2, offset=25.46453244, initial_speed=37.12275886)
    ego = NPC(lane_id=3, offset=5.86819206, initial_speed=34.56086638)
    vehicle1.changeLane(trigger_sequence=2, target_lane=3, target_speed=23.73417476)
    vehicle1.decelerate(trigger_sequence=4, target_speed=17.72552449)

2025-07-15 Tuesday 11:46:48  random_test.py : INFO  === Evaluation Finished === 
 Fitness: [3.501268061502524, -0.005319148936170213], Collision: False
2025-07-15 Tuesday 11:46:54  random_test.py : INFO  === Evaluate Testcase === 
 def testcase(self):
    vehicle1 = NPC(lane_id=4, offset=4.07050153, initial_speed=5.86069101)
    ego = NPC(lane_id=2, offset=19.4630664, initial_speed=19.04339409)
    vehicle3 = NPC(lane_id=3, offset=39.87842365, initial_speed=21.58490246)
    vehicle4 = NPC(lane_id=5, offset=44.28547174, initial_speed=32.89372152)
    vehicle3.decelerate(trigger_sequence=2, target_speed=24.16343132)
    vehicle1.changeLane(trigger_sequence=3, target_lane=3, target_speed=44.06277049)
    vehicle3.decelerate(trigger_sequence=3, target_speed=9.87971445)
    vehicle4.decelerate(trigger_sequence=3, target_speed=23.64000702)
    vehicle3.changeLane(trigger_sequence=4, target_lane=1, target_speed=52.47135545)
    vehicle1.changeLane(trigger_sequence=5, target_lane=1, target_speed=51.92296821)

2025-07-15 Tuesday 11:46:54  random_test.py : INFO  === Evaluation Finished === 
 Fitness: [3.500262432771651, -0.0], Collision: False
2025-07-15 Tuesday 11:46:59  random_test.py : INFO  === Evaluate Testcase === 
 def testcase(self):
    vehicle1 = NPC(lane_id=2, offset=43.02885922, initial_speed=10.10744529)
    ego = NPC(lane_id=5, offset=27.84187982, initial_speed=12.88513152)
    vehicle1.decelerate(trigger_sequence=1, target_speed=29.65594758)
    vehicle1.changeLane(trigger_sequence=4, target_lane=3, target_speed=12.69842701)

2025-07-15 Tuesday 11:46:59  random_test.py : INFO  === Evaluation Finished === 
 Fitness: [10.500408686008818, -0.0], Collision: False
2025-07-15 Tuesday 11:47:04  random_test.py : INFO  === Evaluate Testcase === 
 def testcase(self):
    ego = NPC(lane_id=4, offset=21.81924196, initial_speed=9.63420337)
    vehicle2 = NPC(lane_id=5, offset=0.21724658, initial_speed=22.89124087)
    vehicle2.decelerate(trigger_sequence=1, target_speed=20.02828)
    vehicle2.changeLane(trigger_sequence=3, target_lane=1, target_speed=29.51339963)
    vehicle2.changeLane(trigger_sequence=4, target_lane=1, target_speed=39.77787735)
    vehicle2.accelerate(trigger_sequence=5, target_speed=52.34691898)

2025-07-15 Tuesday 11:47:04  random_test.py : INFO  === Evaluation Finished === 
 Fitness: [19.289299441011135, -0.0028653295128939827], Collision: False
2025-07-15 Tuesday 11:47:09  random_test.py : INFO  === Evaluate Testcase === 
 def testcase(self):
    ego = NPC(lane_id=2, offset=14.10793679, initial_speed=24.79204108)
    vehicle2 = NPC(lane_id=3, offset=36.16280962, initial_speed=10.45844813)
    vehicle3 = NPC(lane_id=3, offset=25.56604224, initial_speed=2.87647101)
    vehicle2.accelerate(trigger_sequence=1, target_speed=51.77964039)
    vehicle2.accelerate(trigger_sequence=2, target_speed=43.98951138)
    vehicle2.decelerate(trigger_sequence=3, target_speed=22.65404177)
    vehicle3.accelerate(trigger_sequence=3, target_speed=39.85994581)
    vehicle2.changeLane(trigger_sequence=4, target_lane=1, target_speed=45.99532596)
    vehicle2.decelerate(trigger_sequence=5, target_speed=3.75954214)

2025-07-15 Tuesday 11:47:09  random_test.py : INFO  === Evaluation Finished === 
 Fitness: [3.4999084715139075, -0.0], Collision: False
2025-07-15 Tuesday 11:47:15  random_test.py : INFO  === Evaluate Testcase === 
 def testcase(self):
    vehicle1 = NPC(lane_id=3, offset=40.61471194, initial_speed=4.88210611)
    vehicle2 = NPC(lane_id=4, offset=4.26390467, initial_speed=2.48053396)
    ego = NPC(lane_id=4, offset=16.57490487, initial_speed=7.66912936)
    vehicle2.changeLane(trigger_sequence=1, target_lane=1, target_speed=5.8100272)
    vehicle2.accelerate(trigger_sequence=2, target_speed=43.89053605)
    vehicle1.decelerate(trigger_sequence=3, target_speed=26.88385426)
    vehicle1.changeLane(trigger_sequence=4, target_lane=3, target_speed=29.8407371)

2025-07-15 Tuesday 11:47:15  random_test.py : INFO  === Evaluation Finished === 
 Fitness: [3.502217816598029, -0.0], Collision: False
2025-07-15 Tuesday 11:47:20  random_test.py : INFO  === Evaluate Testcase === 
 def testcase(self):
    vehicle1 = NPC(lane_id=1, offset=42.09719386, initial_speed=10.28372337)
    ego = NPC(lane_id=5, offset=8.20693187, initial_speed=23.82639727)
    vehicle1.accelerate(trigger_sequence=3, target_speed=49.98885472)
    vehicle1.accelerate(trigger_sequence=4, target_speed=59.60665536)

2025-07-15 Tuesday 11:47:20  random_test.py : INFO  === Evaluation Finished === 
 Fitness: [13.99986586736155, -0.0], Collision: False
2025-07-15 Tuesday 11:47:24  random_test.py : INFO  === Evaluate Testcase === 
 def testcase(self):
    vehicle1 = NPC(lane_id=2, offset=23.77783659, initial_speed=1.11920688)
    ego = NPC(lane_id=4, offset=37.37152087, initial_speed=11.41684833)
    vehicle3 = NPC(lane_id=2, offset=22.30755232, initial_speed=36.59603293)
    vehicle3.decelerate(trigger_sequence=2, target_speed=21.42101002)
    vehicle1.accelerate(trigger_sequence=3, target_speed=56.78886039)
    vehicle3.accelerate(trigger_sequence=3, target_speed=44.94678703)
    vehicle3.decelerate(trigger_sequence=4, target_speed=15.18932971)

2025-07-15 Tuesday 11:47:24  random_test.py : INFO  === Evaluation Finished === 
 Fitness: [inf, 0], Collision: False
2025-07-15 Tuesday 11:47:29  random_test.py : INFO  === Evaluate Testcase === 
 def testcase(self):
    ego = NPC(lane_id=1, offset=8.81001743, initial_speed=38.95069231)
    vehicle2 = NPC(lane_id=5, offset=40.75360087, initial_speed=13.05925759)
    vehicle3 = NPC(lane_id=3, offset=18.00980268, initial_speed=29.32589891)
    vehicle2.accelerate(trigger_sequence=1, target_speed=54.35589199)
    vehicle3.accelerate(trigger_sequence=3, target_speed=30.13619922)
    vehicle2.accelerate(trigger_sequence=4, target_speed=34.65164496)
    vehicle3.accelerate(trigger_sequence=5, target_speed=41.29666364)

2025-07-15 Tuesday 11:47:29  random_test.py : INFO  === Evaluation Finished === 
 Fitness: [7.000376952574491, -0.0], Collision: False
2025-07-15 Tuesday 11:47:35  random_test.py : INFO  === Evaluate Testcase === 
 def testcase(self):
    ego = NPC(lane_id=2, offset=22.75036238, initial_speed=9.63523117)
    vehicle2 = NPC(lane_id=5, offset=39.08008318, initial_speed=22.93016011)
    vehicle3 = NPC(lane_id=5, offset=19.66729608, initial_speed=34.54288077)
    vehicle3.decelerate(trigger_sequence=1, target_speed=12.40081047)
    vehicle2.accelerate(trigger_sequence=3, target_speed=54.10745082)
    vehicle3.accelerate(trigger_sequence=3, target_speed=33.6296109)
    vehicle2.accelerate(trigger_sequence=4, target_speed=43.44571321)

2025-07-15 Tuesday 11:47:35  random_test.py : INFO  === Evaluation Finished === 
 Fitness: [10.50043346317105, -0.0], Collision: False
2025-07-15 Tuesday 11:47:40  random_test.py : INFO  === Evaluate Testcase === 
 def testcase(self):
    vehicle1 = NPC(lane_id=3, offset=6.77530331, initial_speed=31.75662677)
    ego = NPC(lane_id=3, offset=1.23150295, initial_speed=21.08164481)
    vehicle1.accelerate(trigger_sequence=1, target_speed=54.60589357)
    vehicle1.accelerate(trigger_sequence=2, target_speed=57.96328124)
    vehicle1.decelerate(trigger_sequence=3, target_speed=19.2316741)
    vehicle1.decelerate(trigger_sequence=5, target_speed=13.51372111)

2025-07-15 Tuesday 11:47:40  random_test.py : INFO  === Evaluation Finished === 
 Fitness: [5.106534271771437, -0.012958963282937365], Collision: False
2025-07-15 Tuesday 11:47:45  random_test.py : INFO  === Evaluate Testcase === 
 def testcase(self):
    vehicle1 = NPC(lane_id=4, offset=13.62221008, initial_speed=30.16801875)
    vehicle2 = NPC(lane_id=2, offset=0.849863, initial_speed=3.49316729)
    ego = NPC(lane_id=2, offset=19.19154715, initial_speed=13.7431037)
    vehicle2.decelerate(trigger_sequence=2, target_speed=2.99824659)
    vehicle1.accelerate(trigger_sequence=3, target_speed=30.97366755)
    vehicle2.accelerate(trigger_sequence=4, target_speed=41.57242691)
    vehicle1.accelerate(trigger_sequence=5, target_speed=47.03900387)

2025-07-15 Tuesday 11:47:45  random_test.py : INFO  === Evaluation Finished === 
 Fitness: [7.113279571577521, -0.0], Collision: False
2025-07-15 Tuesday 11:47:49  random_test.py : INFO  === Evaluate Testcase === 
 def testcase(self):
    vehicle1 = NPC(lane_id=2, offset=2.44902636, initial_speed=26.36436948)
    vehicle2 = NPC(lane_id=3, offset=46.69219383, initial_speed=0.25476569)
    ego = NPC(lane_id=2, offset=1.33234283, initial_speed=5.65960724)
    vehicle4 = NPC(lane_id=4, offset=39.07684267, initial_speed=38.00439404)
    vehicle4.accelerate(trigger_sequence=1, target_speed=54.50638135)
    vehicle4.changeLane(trigger_sequence=2, target_lane=1, target_speed=14.69422703)
    vehicle1.changeLane(trigger_sequence=4, target_lane=1, target_speed=29.79538361)
    vehicle4.decelerate(trigger_sequence=4, target_speed=22.7682688)
    vehicle2.changeLane(trigger_sequence=5, target_lane=3, target_speed=44.02205982)
    vehicle4.decelerate(trigger_sequence=5, target_speed=21.10872375)

2025-07-15 Tuesday 11:47:49  random_test.py : INFO  === Evaluation Finished === 
 Fitness: [inf, 0], Collision: False
2025-07-15 Tuesday 11:47:55  random_test.py : INFO  === Evaluate Testcase === 
 def testcase(self):
    vehicle1 = NPC(lane_id=3, offset=9.52674205, initial_speed=6.65779412)
    vehicle2 = NPC(lane_id=4, offset=10.14117342, initial_speed=19.76579974)
    ego = NPC(lane_id=2, offset=8.23033038, initial_speed=7.24907987)
    vehicle4 = NPC(lane_id=4, offset=28.26111655, initial_speed=21.81008641)
    vehicle1.accelerate(trigger_sequence=1, target_speed=35.37104356)
    vehicle2.accelerate(trigger_sequence=3, target_speed=39.57649581)
    vehicle4.accelerate(trigger_sequence=3, target_speed=49.77627629)
    vehicle2.changeLane(trigger_sequence=4, target_lane=3, target_speed=59.99984124)
    vehicle4.decelerate(trigger_sequence=4, target_speed=21.50040216)
    vehicle1.accelerate(trigger_sequence=5, target_speed=55.80173044)
    vehicle2.decelerate(trigger_sequence=5, target_speed=6.63989847)
    vehicle4.decelerate(trigger_sequence=5, target_speed=27.98361776)

2025-07-15 Tuesday 11:47:55  random_test.py : INFO  === Evaluation Finished === 
 Fitness: [3.5002520935892583, -0.0], Collision: False
2025-07-15 Tuesday 11:48:00  random_test.py : INFO  === Evaluate Testcase === 
 def testcase(self):
    vehicle1 = NPC(lane_id=5, offset=25.55614908, initial_speed=30.29286913)
    vehicle2 = NPC(lane_id=1, offset=19.691714, initial_speed=1.17721209)
    vehicle3 = NPC(lane_id=1, offset=25.46897283, initial_speed=13.96278579)
    ego = NPC(lane_id=4, offset=26.38659717, initial_speed=37.27654511)
    vehicle1.changeLane(trigger_sequence=1, target_lane=3, target_speed=41.94575189)
    vehicle3.decelerate(trigger_sequence=1, target_speed=21.39256551)
    vehicle1.decelerate(trigger_sequence=2, target_speed=17.0476487)
    vehicle1.decelerate(trigger_sequence=3, target_speed=28.26564416)
    vehicle3.changeLane(trigger_sequence=3, target_lane=3, target_speed=1.81446247)
    vehicle1.changeLane(trigger_sequence=4, target_lane=3, target_speed=58.58564485)
    vehicle2.changeLane(trigger_sequence=4, target_lane=1, target_speed=44.18993992)
    vehicle3.changeLane(trigger_sequence=4, target_lane=1, target_speed=8.58936963)
    vehicle1.accelerate(trigger_sequence=5, target_speed=50.71061234)
    vehicle3.changeLane(trigger_sequence=5, target_lane=1, target_speed=41.55789992)

2025-07-15 Tuesday 11:48:00  random_test.py : INFO  === Evaluation Finished === 
 Fitness: [4.118149988210827, -0.0], Collision: False
2025-07-15 Tuesday 11:48:06  random_test.py : INFO  === Evaluate Testcase === 
 def testcase(self):
    vehicle1 = NPC(lane_id=2, offset=15.88707852, initial_speed=31.5536026)
    ego = NPC(lane_id=2, offset=6.24741536, initial_speed=5.24931996)
    vehicle3 = NPC(lane_id=4, offset=13.55408615, initial_speed=1.34778585)
    vehicle4 = NPC(lane_id=1, offset=7.02589002, initial_speed=20.69841559)
    vehicle4.accelerate(trigger_sequence=1, target_speed=55.91894656)
    vehicle3.decelerate(trigger_sequence=2, target_speed=24.69479701)
    vehicle4.decelerate(trigger_sequence=2, target_speed=23.57704728)
    vehicle1.accelerate(trigger_sequence=3, target_speed=39.94123739)
    vehicle4.decelerate(trigger_sequence=3, target_speed=22.30181858)

2025-07-15 Tuesday 11:48:06  random_test.py : INFO  === Evaluation Finished === 
 Fitness: [3.4944456489009537, -0.005076142131979695], Collision: False
2025-07-15 Tuesday 11:48:11  random_test.py : INFO  === Evaluate Testcase === 
 def testcase(self):
    vehicle1 = NPC(lane_id=3, offset=23.68955467, initial_speed=11.7196019)
    ego = NPC(lane_id=5, offset=32.74335233, initial_speed=4.33952444)
    vehicle1.decelerate(trigger_sequence=1, target_speed=6.23552086)
    vehicle1.changeLane(trigger_sequence=3, target_lane=3, target_speed=13.45667106)

2025-07-15 Tuesday 11:48:11  random_test.py : INFO  === Evaluation Finished === 
 Fitness: [10.551120000211997, -0.0], Collision: False
2025-07-15 Tuesday 11:48:17  random_test.py : INFO  === Evaluate Testcase === 
 def testcase(self):
    ego = NPC(lane_id=2, offset=23.81551948, initial_speed=36.62440157)
    vehicle2 = NPC(lane_id=1, offset=33.39754551, initial_speed=8.11370895)
    vehicle3 = NPC(lane_id=3, offset=31.72786033, initial_speed=20.5741652)
    vehicle4 = NPC(lane_id=4, offset=34.76412028, initial_speed=34.54780416)
    vehicle2.accelerate(trigger_sequence=1, target_speed=35.33201336)
    vehicle3.accelerate(trigger_sequence=1, target_speed=52.72881362)
    vehicle4.accelerate(trigger_sequence=1, target_speed=54.45506774)
    vehicle3.changeLane(trigger_sequence=2, target_lane=3, target_speed=56.5070655)
    vehicle2.changeLane(trigger_sequence=3, target_lane=1, target_speed=34.49844272)
    vehicle3.changeLane(trigger_sequence=5, target_lane=3, target_speed=27.03507036)
    vehicle4.changeLane(trigger_sequence=5, target_lane=3, target_speed=38.67708349)

2025-07-15 Tuesday 11:48:17  random_test.py : INFO  === Evaluation Finished === 
 Fitness: [3.499098507680128, -0.0], Collision: True
2025-07-15 Tuesday 11:48:17  random_test.py : INFO  === Find a coollision ===
2025-07-15 Tuesday 11:48:22  random_test.py : INFO  === Evaluate Testcase === 
 def testcase(self):
    vehicle1 = NPC(lane_id=2, offset=39.44865149, initial_speed=17.65387469)
    ego = NPC(lane_id=4, offset=6.15450483, initial_speed=24.68499626)
    vehicle1.accelerate(trigger_sequence=2, target_speed=42.41239562)
    vehicle1.changeLane(trigger_sequence=3, target_lane=3, target_speed=27.16209781)
    vehicle1.decelerate(trigger_sequence=5, target_speed=11.27914514)

2025-07-15 Tuesday 11:48:22  random_test.py : INFO  === Evaluation Finished === 
 Fitness: [6.999832555727825, -0.0], Collision: False
2025-07-15 Tuesday 11:48:27  random_test.py : INFO  === Evaluate Testcase === 
 def testcase(self):
    vehicle1 = NPC(lane_id=2, offset=5.97581479, initial_speed=37.32306844)
    ego = NPC(lane_id=2, offset=30.45183419, initial_speed=3.07206804)
    vehicle1.accelerate(trigger_sequence=1, target_speed=45.47437501)
    vehicle1.decelerate(trigger_sequence=2, target_speed=26.05044333)
    vehicle1.accelerate(trigger_sequence=4, target_speed=32.55194818)

2025-07-15 Tuesday 11:48:27  random_test.py : INFO  === Evaluation Finished === 
 Fitness: [9.476242698461736, -0.0], Collision: False
2025-07-15 Tuesday 11:48:32  random_test.py : INFO  === Evaluate Testcase === 
 def testcase(self):
    ego = NPC(lane_id=2, offset=48.97472981, initial_speed=17.4520111)
    vehicle2 = NPC(lane_id=1, offset=25.47309608, initial_speed=6.14008709)
    vehicle2.accelerate(trigger_sequence=3, target_speed=53.00882864)

2025-07-15 Tuesday 11:48:32  random_test.py : INFO  === Evaluation Finished === 
 Fitness: [24.39460559275702, -0.0], Collision: False
2025-07-15 Tuesday 11:48:38  random_test.py : INFO  === Evaluate Testcase === 
 def testcase(self):
    vehicle1 = NPC(lane_id=5, offset=7.76194736, initial_speed=22.09246466)
    ego = NPC(lane_id=1, offset=9.73913903, initial_speed=1.80582564)
    vehicle3 = NPC(lane_id=1, offset=17.05598155, initial_speed=12.11473432)
    vehicle4 = NPC(lane_id=2, offset=17.02171155, initial_speed=25.41664387)
    vehicle1.changeLane(trigger_sequence=1, target_lane=3, target_speed=59.10947714)
    vehicle3.accelerate(trigger_sequence=1, target_speed=47.3066218)
    vehicle1.decelerate(trigger_sequence=2, target_speed=22.9543333)
    vehicle1.changeLane(trigger_sequence=3, target_lane=3, target_speed=34.29997271)
    vehicle3.accelerate(trigger_sequence=4, target_speed=43.6545095)
    vehicle4.decelerate(trigger_sequence=4, target_speed=21.19770581)
    vehicle4.accelerate(trigger_sequence=5, target_speed=36.27270838)

2025-07-15 Tuesday 11:48:38  random_test.py : INFO  === Evaluation Finished === 
 Fitness: [3.500574797989735, -0.0], Collision: False
2025-07-15 Tuesday 11:48:43  random_test.py : INFO  === Evaluate Testcase === 
 def testcase(self):
    vehicle1 = NPC(lane_id=1, offset=47.05868731, initial_speed=32.61294707)
    vehicle2 = NPC(lane_id=1, offset=41.38119866, initial_speed=8.90489982)
    ego = NPC(lane_id=3, offset=20.02579774, initial_speed=32.67806516)
    vehicle1.changeLane(trigger_sequence=1, target_lane=3, target_speed=34.30393215)
    vehicle1.decelerate(trigger_sequence=4, target_speed=6.91438415)
    vehicle2.decelerate(trigger_sequence=4, target_speed=15.65549664)
    vehicle1.accelerate(trigger_sequence=5, target_speed=47.55742848)
    vehicle2.decelerate(trigger_sequence=5, target_speed=7.17770181)

2025-07-15 Tuesday 11:48:43  random_test.py : INFO  === Evaluation Finished === 
 Fitness: [7.000453273010231, -0.0], Collision: False
2025-07-15 Tuesday 11:48:47  simulate.py : INFO  Rear-end collision with vehicle 1400 ignored
2025-07-15 Tuesday 11:48:49  random_test.py : INFO  === Evaluate Testcase === 
 def testcase(self):
    ego = NPC(lane_id=4, offset=33.49106775, initial_speed=1.74816463)
    vehicle2 = NPC(lane_id=5, offset=13.25382723, initial_speed=39.62597252)
    vehicle2.accelerate(trigger_sequence=1, target_speed=34.46716853)
    vehicle2.decelerate(trigger_sequence=2, target_speed=21.70552357)
    vehicle2.changeLane(trigger_sequence=5, target_lane=3, target_speed=59.05136027)

2025-07-15 Tuesday 11:48:49  random_test.py : INFO  === Evaluation Finished === 
 Fitness: [0.5173519814580118, -0.005221932114882507], Collision: False
2025-07-15 Tuesday 11:48:54  random_test.py : INFO  === Evaluate Testcase === 
 def testcase(self):
    vehicle1 = NPC(lane_id=3, offset=44.2440679, initial_speed=4.48165471)
    vehicle2 = NPC(lane_id=4, offset=15.60079894, initial_speed=29.70641126)
    vehicle3 = NPC(lane_id=3, offset=35.2652373, initial_speed=26.92503982)
    ego = NPC(lane_id=5, offset=26.60768937, initial_speed=9.24758548)
    vehicle1.accelerate(trigger_sequence=1, target_speed=43.28580934)
    vehicle2.accelerate(trigger_sequence=1, target_speed=54.45114032)
    vehicle1.changeLane(trigger_sequence=2, target_lane=3, target_speed=22.7849347)
    vehicle3.changeLane(trigger_sequence=2, target_lane=1, target_speed=42.23251715)
    vehicle3.accelerate(trigger_sequence=3, target_speed=59.90066664)
    vehicle1.accelerate(trigger_sequence=4, target_speed=46.8880028)
    vehicle1.changeLane(trigger_sequence=5, target_lane=1, target_speed=53.74669308)
    vehicle3.accelerate(trigger_sequence=5, target_speed=47.22352754)

2025-07-15 Tuesday 11:48:54  random_test.py : INFO  === Evaluation Finished === 
 Fitness: [3.500318185764503, -0.0], Collision: False
2025-07-15 Tuesday 11:48:59  random_test.py : INFO  === Evaluate Testcase === 
 def testcase(self):
    vehicle1 = NPC(lane_id=2, offset=36.48883344, initial_speed=22.94274436)
    ego = NPC(lane_id=5, offset=39.32649146, initial_speed=39.15815806)
    vehicle1.changeLane(trigger_sequence=2, target_lane=3, target_speed=11.23844627)
    vehicle1.changeLane(trigger_sequence=5, target_lane=1, target_speed=58.62884201)

2025-07-15 Tuesday 11:48:59  random_test.py : INFO  === Evaluation Finished === 
 Fitness: [11.282473055894062, -0.0], Collision: False
2025-07-15 Tuesday 11:49:06  random_test.py : INFO  === Evaluate Testcase === 
 def testcase(self):
    vehicle1 = NPC(lane_id=2, offset=33.79318604, initial_speed=11.02469758)
    ego = NPC(lane_id=1, offset=9.58835058, initial_speed=30.08661514)
    vehicle3 = NPC(lane_id=2, offset=3.19125957, initial_speed=17.40995176)
    vehicle4 = NPC(lane_id=4, offset=11.66192529, initial_speed=14.18144591)
    vehicle1.changeLane(trigger_sequence=1, target_lane=3, target_speed=39.26201116)
    vehicle4.changeLane(trigger_sequence=1, target_lane=1, target_speed=30.93509126)
    vehicle1.decelerate(trigger_sequence=2, target_speed=12.05932185)
    vehicle3.changeLane(trigger_sequence=2, target_lane=1, target_speed=23.57165968)
    vehicle4.decelerate(trigger_sequence=2, target_speed=29.01555521)
    vehicle1.changeLane(trigger_sequence=3, target_lane=3, target_speed=22.84118826)
    vehicle4.changeLane(trigger_sequence=3, target_lane=3, target_speed=41.26564567)
    vehicle3.accelerate(trigger_sequence=4, target_speed=47.69643912)
    vehicle4.decelerate(trigger_sequence=4, target_speed=8.53572851)
    vehicle1.decelerate(trigger_sequence=5, target_speed=27.41225397)
    vehicle3.decelerate(trigger_sequence=5, target_speed=27.84063225)

2025-07-15 Tuesday 11:49:06  random_test.py : INFO  === Evaluation Finished === 
 Fitness: [3.5007128801099023, -0.0], Collision: False
2025-07-15 Tuesday 11:49:11  random_test.py : INFO  === Evaluate Testcase === 
 def testcase(self):
    vehicle1 = NPC(lane_id=4, offset=13.9428719, initial_speed=36.87308429)
    ego = NPC(lane_id=5, offset=49.59704516, initial_speed=39.497246)
    vehicle1.accelerate(trigger_sequence=1, target_speed=40.16253973)
    vehicle1.changeLane(trigger_sequence=3, target_lane=3, target_speed=51.16719164)

2025-07-15 Tuesday 11:49:11  random_test.py : INFO  === Evaluation Finished === 
 Fitness: [9.462303180909222, -0.0], Collision: False
2025-07-15 Tuesday 11:49:16  random_test.py : INFO  === Evaluate Testcase === 
 def testcase(self):
    vehicle1 = NPC(lane_id=4, offset=23.40045088, initial_speed=35.27827707)
    ego = NPC(lane_id=3, offset=44.44994517, initial_speed=11.14868811)
    vehicle1.changeLane(trigger_sequence=1, target_lane=3, target_speed=17.79706757)
    vehicle1.changeLane(trigger_sequence=2, target_lane=1, target_speed=50.60099697)
    vehicle1.changeLane(trigger_sequence=5, target_lane=1, target_speed=3.05042785)

2025-07-15 Tuesday 11:49:16  random_test.py : INFO  === Evaluation Finished === 
 Fitness: [13.91888008104565, -0.0], Collision: False
2025-07-15 Tuesday 11:49:22  random_test.py : INFO  === Evaluate Testcase === 
 def testcase(self):
    ego = NPC(lane_id=2, offset=38.51276587, initial_speed=27.81766292)
    vehicle2 = NPC(lane_id=3, offset=23.14169692, initial_speed=10.48022915)
    vehicle3 = NPC(lane_id=2, offset=29.74261001, initial_speed=1.82026545)
    vehicle4 = NPC(lane_id=4, offset=12.69664973, initial_speed=15.27279563)
    vehicle2.accelerate(trigger_sequence=1, target_speed=41.9961328)
    vehicle3.changeLane(trigger_sequence=2, target_lane=1, target_speed=23.82718782)
    vehicle3.changeLane(trigger_sequence=3, target_lane=3, target_speed=49.70345444)
    vehicle2.decelerate(trigger_sequence=4, target_speed=15.13510273)
    vehicle3.decelerate(trigger_sequence=4, target_speed=29.90356371)
    vehicle2.changeLane(trigger_sequence=5, target_lane=3, target_speed=24.4359248)

2025-07-15 Tuesday 11:49:22  random_test.py : INFO  === Evaluation Finished === 
 Fitness: [10.651114748274479, -0.0], Collision: False
2025-07-15 Tuesday 11:49:27  random_test.py : INFO  === Evaluate Testcase === 
 def testcase(self):
    ego = NPC(lane_id=1, offset=36.68156137, initial_speed=15.5010704)
    vehicle2 = NPC(lane_id=5, offset=29.65158729, initial_speed=34.62040936)
    vehicle3 = NPC(lane_id=2, offset=7.72636038, initial_speed=10.32090215)
    vehicle2.accelerate(trigger_sequence=1, target_speed=57.3369969)
    vehicle3.decelerate(trigger_sequence=1, target_speed=26.85764554)
    vehicle3.changeLane(trigger_sequence=2, target_lane=1, target_speed=40.00290431)
    vehicle3.changeLane(trigger_sequence=5, target_lane=1, target_speed=26.4274096)

2025-07-15 Tuesday 11:49:27  random_test.py : INFO  === Evaluation Finished === 
 Fitness: [14.000311441997306, -0.0], Collision: False
2025-07-15 Tuesday 11:49:33  random_test.py : INFO  === Evaluate Testcase === 
 def testcase(self):
    vehicle1 = NPC(lane_id=3, offset=18.5044848, initial_speed=5.87444291)
    vehicle2 = NPC(lane_id=2, offset=33.67260302, initial_speed=36.24978743)
    ego = NPC(lane_id=3, offset=34.05871125, initial_speed=35.5153759)
    vehicle4 = NPC(lane_id=1, offset=37.55692271, initial_speed=32.71703715)
    vehicle1.accelerate(trigger_sequence=1, target_speed=41.21054218)
    vehicle2.changeLane(trigger_sequence=1, target_lane=3, target_speed=28.11125005)
    vehicle1.accelerate(trigger_sequence=2, target_speed=54.4215484)
    vehicle2.accelerate(trigger_sequence=2, target_speed=50.43772061)
    vehicle1.accelerate(trigger_sequence=3, target_speed=56.31921741)
    vehicle4.changeLane(trigger_sequence=3, target_lane=3, target_speed=39.08297729)
    vehicle1.decelerate(trigger_sequence=4, target_speed=7.99845939)
    vehicle4.changeLane(trigger_sequence=4, target_lane=3, target_speed=33.31788945)
    vehicle1.decelerate(trigger_sequence=5, target_speed=4.50764668)

2025-07-15 Tuesday 11:49:33  random_test.py : INFO  === Evaluation Finished === 
 Fitness: [3.870823942105064, -0.0], Collision: False
2025-07-15 Tuesday 11:49:38  random_test.py : INFO  === Evaluate Testcase === 
 def testcase(self):
    vehicle1 = NPC(lane_id=4, offset=28.48279752, initial_speed=31.92730111)
    vehicle2 = NPC(lane_id=2, offset=20.20338781, initial_speed=9.8711704)
    ego = NPC(lane_id=5, offset=5.41840387, initial_speed=36.58004822)
    vehicle1.decelerate(trigger_sequence=2, target_speed=15.39696456)
    vehicle2.accelerate(trigger_sequence=2, target_speed=44.55775541)
    vehicle1.accelerate(trigger_sequence=3, target_speed=41.24173624)
    vehicle1.changeLane(trigger_sequence=4, target_lane=3, target_speed=11.92210408)

2025-07-15 Tuesday 11:49:38  random_test.py : INFO  === Evaluation Finished === 
 Fitness: [3.4998222671092076, -0.0], Collision: False
2025-07-15 Tuesday 11:49:43  random_test.py : INFO  === Evaluate Testcase === 
 def testcase(self):
    ego = NPC(lane_id=2, offset=10.55404421, initial_speed=22.40652068)
    vehicle2 = NPC(lane_id=4, offset=26.34522769, initial_speed=33.71447318)
    vehicle2.changeLane(trigger_sequence=2, target_lane=3, target_speed=41.73289239)
    vehicle2.decelerate(trigger_sequence=3, target_speed=25.28906116)
    vehicle2.accelerate(trigger_sequence=5, target_speed=49.59224001)

2025-07-15 Tuesday 11:49:43  random_test.py : INFO  === Evaluation Finished === 
 Fitness: [13.796749760428494, -0.0], Collision: False
2025-07-15 Tuesday 11:49:48  random_test.py : INFO  === Evaluate Testcase === 
 def testcase(self):
    vehicle1 = NPC(lane_id=3, offset=20.80949371, initial_speed=3.75795552)
    ego = NPC(lane_id=1, offset=49.01932733, initial_speed=1.92599587)
    vehicle1.accelerate(trigger_sequence=1, target_speed=55.75508247)
    vehicle1.changeLane(trigger_sequence=2, target_lane=1, target_speed=53.89876474)
    vehicle1.accelerate(trigger_sequence=3, target_speed=38.01369396)
    vehicle1.decelerate(trigger_sequence=5, target_speed=26.80677442)

2025-07-15 Tuesday 11:49:48  random_test.py : INFO  === Evaluation Finished === 
 Fitness: [28.840040884944663, -0.0], Collision: False
2025-07-15 Tuesday 11:49:52  simulate.py : INFO  Rear-end collision with vehicle 1448 ignored
2025-07-15 Tuesday 11:49:54  random_test.py : INFO  === Evaluate Testcase === 
 def testcase(self):
    vehicle1 = NPC(lane_id=1, offset=34.66324357, initial_speed=10.90780705)
    ego = NPC(lane_id=4, offset=32.88967632, initial_speed=37.84269434)
    vehicle3 = NPC(lane_id=4, offset=41.04512224, initial_speed=25.9428163)
    vehicle4 = NPC(lane_id=4, offset=14.11734545, initial_speed=36.42919822)
    vehicle1.decelerate(trigger_sequence=1, target_speed=15.69595437)
    vehicle4.accelerate(trigger_sequence=1, target_speed=55.23940958)
    vehicle1.decelerate(trigger_sequence=2, target_speed=26.35092115)
    vehicle3.decelerate(trigger_sequence=2, target_speed=20.89243452)
    vehicle1.changeLane(trigger_sequence=3, target_lane=1, target_speed=41.28946947)
    vehicle3.accelerate(trigger_sequence=3, target_speed=44.53338204)
    vehicle3.decelerate(trigger_sequence=4, target_speed=15.94837692)
    vehicle1.accelerate(trigger_sequence=5, target_speed=51.00599054)
    vehicle4.changeLane(trigger_sequence=5, target_lane=1, target_speed=11.10267182)

2025-07-15 Tuesday 11:49:54  random_test.py : INFO  === Evaluation Finished === 
 Fitness: [4.570685440318114, -0.017817371937639197], Collision: False
2025-07-15 Tuesday 11:49:59  random_test.py : INFO  === Evaluate Testcase === 
 def testcase(self):
    ego = NPC(lane_id=5, offset=43.79983989, initial_speed=27.16790569)
    vehicle2 = NPC(lane_id=5, offset=15.07685331, initial_speed=26.06965126)
    vehicle2.decelerate(trigger_sequence=1, target_speed=4.78166298)
    vehicle2.changeLane(trigger_sequence=2, target_lane=1, target_speed=51.67923071)
    vehicle2.changeLane(trigger_sequence=5, target_lane=3, target_speed=12.56121709)

2025-07-15 Tuesday 11:49:59  random_test.py : INFO  === Evaluation Finished === 
 Fitness: [29.492834418856305, -0.0], Collision: False
2025-07-15 Tuesday 11:50:05  random_test.py : INFO  === Evaluate Testcase === 
 def testcase(self):
    vehicle1 = NPC(lane_id=1, offset=27.27259028, initial_speed=9.80680651)
    ego = NPC(lane_id=2, offset=21.49620323, initial_speed=2.52263637)
    vehicle1.accelerate(trigger_sequence=1, target_speed=59.24751382)
    vehicle1.decelerate(trigger_sequence=3, target_speed=21.00430672)
    vehicle1.decelerate(trigger_sequence=4, target_speed=9.89141967)
    vehicle1.decelerate(trigger_sequence=5, target_speed=9.11964502)

2025-07-15 Tuesday 11:50:05  random_test.py : INFO  === Evaluation Finished === 
 Fitness: [3.50181017614897, -0.0], Collision: False
2025-07-15 Tuesday 11:50:10  random_test.py : INFO  === Evaluate Testcase === 
 def testcase(self):
    vehicle1 = NPC(lane_id=2, offset=43.26165071, initial_speed=35.39411767)
    vehicle2 = NPC(lane_id=3, offset=41.1511176, initial_speed=27.6965163)
    vehicle3 = NPC(lane_id=5, offset=4.96815079, initial_speed=15.96495827)
    ego = NPC(lane_id=4, offset=29.2135714, initial_speed=39.78521135)
    vehicle3.decelerate(trigger_sequence=1, target_speed=14.87538674)
    vehicle1.changeLane(trigger_sequence=2, target_lane=3, target_speed=20.08092952)
    vehicle1.decelerate(trigger_sequence=3, target_speed=25.23392258)
    vehicle2.changeLane(trigger_sequence=3, target_lane=1, target_speed=54.78871945)
    vehicle1.decelerate(trigger_sequence=5, target_speed=20.52426328)
    vehicle2.decelerate(trigger_sequence=5, target_speed=15.44232236)
    vehicle3.decelerate(trigger_sequence=5, target_speed=1.89401448)

2025-07-15 Tuesday 11:50:10  random_test.py : INFO  === Evaluation Finished === 
 Fitness: [3.4996158023973307, -0.0], Collision: False
2025-07-15 Tuesday 11:50:15  simulate.py : INFO  Rear-end collision with vehicle 1463 ignored
2025-07-15 Tuesday 11:50:16  random_test.py : INFO  === Evaluate Testcase === 
 def testcase(self):
    vehicle1 = NPC(lane_id=2, offset=30.03785757, initial_speed=36.71406738)
    vehicle2 = NPC(lane_id=5, offset=31.91547838, initial_speed=1.77915095)
    ego = NPC(lane_id=3, offset=3.13156167, initial_speed=10.18083644)
    vehicle4 = NPC(lane_id=1, offset=33.60949487, initial_speed=16.14559568)
    vehicle1.changeLane(trigger_sequence=1, target_lane=3, target_speed=7.40415527)
    vehicle2.changeLane(trigger_sequence=2, target_lane=3, target_speed=56.70491573)
    vehicle4.accelerate(trigger_sequence=3, target_speed=42.7689652)

2025-07-15 Tuesday 11:50:16  random_test.py : INFO  === Evaluation Finished === 
 Fitness: [3.2443315444348397, -0.010141987829614604], Collision: False
2025-07-15 Tuesday 11:50:21  random_test.py : INFO  === Evaluate Testcase === 
 def testcase(self):
    vehicle1 = NPC(lane_id=2, offset=2.13044378, initial_speed=19.29813157)
    ego = NPC(lane_id=3, offset=26.54704585, initial_speed=29.64413341)
    vehicle1.decelerate(trigger_sequence=5, target_speed=13.70645467)

2025-07-15 Tuesday 11:50:21  random_test.py : INFO  === Evaluation Finished === 
 Fitness: [25.62260780088603, -0.0], Collision: False
2025-07-15 Tuesday 11:50:26  random_test.py : INFO  === Evaluate Testcase === 
 def testcase(self):
    ego = NPC(lane_id=2, offset=42.57260139, initial_speed=20.85249318)
    vehicle2 = NPC(lane_id=5, offset=1.4393858, initial_speed=39.6051028)
    vehicle2.decelerate(trigger_sequence=1, target_speed=28.86919496)
    vehicle2.decelerate(trigger_sequence=3, target_speed=18.02635379)
    vehicle2.accelerate(trigger_sequence=4, target_speed=50.24223685)
    vehicle2.accelerate(trigger_sequence=5, target_speed=46.44890159)

2025-07-15 Tuesday 11:50:26  random_test.py : INFO  === Evaluation Finished === 
 Fitness: [32.276990128965494, -0.0], Collision: False
2025-07-15 Tuesday 11:50:32  random_test.py : INFO  === Evaluate Testcase === 
 def testcase(self):
    vehicle1 = NPC(lane_id=5, offset=1.04885963, initial_speed=26.7669934)
    vehicle2 = NPC(lane_id=3, offset=5.33240199, initial_speed=29.70799247)
    vehicle3 = NPC(lane_id=2, offset=15.10116796, initial_speed=30.83773629)
    ego = NPC(lane_id=5, offset=11.22160013, initial_speed=17.61514909)
    vehicle3.decelerate(trigger_sequence=1, target_speed=23.66974425)
    vehicle1.decelerate(trigger_sequence=2, target_speed=9.99160741)
    vehicle2.decelerate(trigger_sequence=3, target_speed=2.0457711)
    vehicle1.decelerate(trigger_sequence=4, target_speed=6.6303399)
    vehicle2.changeLane(trigger_sequence=4, target_lane=3, target_speed=11.71346471)
    vehicle3.decelerate(trigger_sequence=5, target_speed=14.82724814)

2025-07-15 Tuesday 11:50:32  random_test.py : INFO  === Evaluation Finished === 
 Fitness: [7.677844870935976, -0.0], Collision: False
2025-07-15 Tuesday 11:50:37  random_test.py : INFO  === Evaluate Testcase === 
 def testcase(self):
    ego = NPC(lane_id=2, offset=11.74364088, initial_speed=29.53704493)
    vehicle2 = NPC(lane_id=3, offset=14.85953628, initial_speed=39.54417643)
    vehicle3 = NPC(lane_id=5, offset=46.67292911, initial_speed=25.18636689)
    vehicle3.accelerate(trigger_sequence=1, target_speed=51.7142646)
    vehicle2.decelerate(trigger_sequence=2, target_speed=22.63545875)
    vehicle3.decelerate(trigger_sequence=4, target_speed=0.60652811)
    vehicle3.decelerate(trigger_sequence=5, target_speed=10.85797048)

2025-07-15 Tuesday 11:50:37  random_test.py : INFO  === Evaluation Finished === 
 Fitness: [3.5080041928910077, -0.0], Collision: False
2025-07-15 Tuesday 11:50:42  random_test.py : INFO  === Evaluate Testcase === 
 def testcase(self):
    vehicle1 = NPC(lane_id=3, offset=25.64915766, initial_speed=30.77295067)
    ego = NPC(lane_id=3, offset=37.20325225, initial_speed=39.86406915)
    vehicle1.accelerate(trigger_sequence=1, target_speed=34.86464647)

2025-07-15 Tuesday 11:50:42  random_test.py : INFO  === Evaluation Finished === 
 Fitness: [12.787520341413396, -0.0], Collision: False
2025-07-15 Tuesday 11:50:47  random_test.py : INFO  === Evaluate Testcase === 
 def testcase(self):
    vehicle1 = NPC(lane_id=3, offset=3.20021679, initial_speed=3.61788547)
    ego = NPC(lane_id=4, offset=37.8732703, initial_speed=5.3789671)
    vehicle3 = NPC(lane_id=1, offset=25.97949571, initial_speed=35.08850902)
    vehicle1.decelerate(trigger_sequence=2, target_speed=11.58751804)
    vehicle3.changeLane(trigger_sequence=3, target_lane=1, target_speed=12.28844895)
    vehicle1.accelerate(trigger_sequence=4, target_speed=54.69252895)
    vehicle3.changeLane(trigger_sequence=4, target_lane=1, target_speed=58.79326434)
    vehicle3.changeLane(trigger_sequence=5, target_lane=3, target_speed=26.96168344)

2025-07-15 Tuesday 11:50:47  random_test.py : INFO  === Evaluation Finished === 
 Fitness: [10.666977493501618, -0.0], Collision: False
2025-07-15 Tuesday 11:50:53  random_test.py : INFO  === Evaluate Testcase === 
 def testcase(self):
    ego = NPC(lane_id=2, offset=12.63596426, initial_speed=7.71622645)
    vehicle2 = NPC(lane_id=5, offset=12.93977065, initial_speed=12.4007046)
    vehicle2.accelerate(trigger_sequence=1, target_speed=40.38571181)
    vehicle2.changeLane(trigger_sequence=2, target_lane=3, target_speed=52.11977415)
    vehicle2.accelerate(trigger_sequence=5, target_speed=37.81394284)

2025-07-15 Tuesday 11:50:53  random_test.py : INFO  === Evaluation Finished === 
 Fitness: [10.505360784953329, -0.002849002849002849], Collision: False
2025-07-15 Tuesday 11:50:56  simulate.py : INFO  Rear-end collision with vehicle 1494 ignored
2025-07-15 Tuesday 11:50:59  random_test.py : INFO  === Evaluate Testcase === 
 def testcase(self):
    vehicle1 = NPC(lane_id=3, offset=24.96497975, initial_speed=5.14497562)
    vehicle2 = NPC(lane_id=1, offset=10.95455965, initial_speed=16.73876624)
    ego = NPC(lane_id=3, offset=12.44143623, initial_speed=37.75087496)
    vehicle4 = NPC(lane_id=3, offset=3.18922025, initial_speed=24.05931962)
    vehicle2.changeLane(trigger_sequence=1, target_lane=3, target_speed=19.14645529)
    vehicle4.accelerate(trigger_sequence=1, target_speed=32.34943513)
    vehicle4.accelerate(trigger_sequence=2, target_speed=36.17379728)
    vehicle1.changeLane(trigger_sequence=3, target_lane=1, target_speed=50.94674883)
    vehicle2.changeLane(trigger_sequence=3, target_lane=3, target_speed=56.2451496)
    vehicle2.accelerate(trigger_sequence=4, target_speed=56.26847124)
    vehicle1.accelerate(trigger_sequence=5, target_speed=59.21033071)
    vehicle4.changeLane(trigger_sequence=5, target_lane=3, target_speed=17.77840193)

2025-07-15 Tuesday 11:50:59  random_test.py : INFO  === Evaluation Finished === 
 Fitness: [4.782001946018643, -0.0033333333333333335], Collision: False
2025-07-15 Tuesday 11:51:05  random_test.py : INFO  === Evaluate Testcase === 
 def testcase(self):
    vehicle1 = NPC(lane_id=5, offset=37.87388434, initial_speed=15.01048754)
    ego = NPC(lane_id=4, offset=12.34939272, initial_speed=37.36237388)
    vehicle3 = NPC(lane_id=1, offset=44.11709021, initial_speed=19.54878594)
    vehicle3.accelerate(trigger_sequence=1, target_speed=52.01542756)
    vehicle1.changeLane(trigger_sequence=2, target_lane=1, target_speed=20.14663046)
    vehicle1.accelerate(trigger_sequence=3, target_speed=40.77545346)
    vehicle3.decelerate(trigger_sequence=3, target_speed=15.57963531)
    vehicle1.decelerate(trigger_sequence=4, target_speed=6.95429168)
    vehicle3.changeLane(trigger_sequence=4, target_lane=1, target_speed=38.04380293)
    vehicle1.decelerate(trigger_sequence=5, target_speed=6.02301662)
    vehicle3.changeLane(trigger_sequence=5, target_lane=1, target_speed=28.8820329)

2025-07-15 Tuesday 11:51:05  random_test.py : INFO  === Evaluation Finished === 
 Fitness: [3.5005905661150347, -0.0], Collision: False
2025-07-15 Tuesday 11:51:10  random_test.py : INFO  === Evaluate Testcase === 
 def testcase(self):
    vehicle1 = NPC(lane_id=2, offset=23.43089251, initial_speed=29.9005785)
    ego = NPC(lane_id=5, offset=48.17253992, initial_speed=9.19041753)
    vehicle3 = NPC(lane_id=3, offset=1.84028679, initial_speed=31.60079692)
    vehicle1.decelerate(trigger_sequence=1, target_speed=4.38431518)
    vehicle1.decelerate(trigger_sequence=2, target_speed=7.67546446)
    vehicle1.decelerate(trigger_sequence=4, target_speed=16.46121688)
    vehicle3.changeLane(trigger_sequence=4, target_lane=3, target_speed=22.82794975)

2025-07-15 Tuesday 11:51:10  random_test.py : INFO  === Evaluation Finished === 
 Fitness: [21.545762112176963, -0.0], Collision: False
2025-07-15 Tuesday 11:51:16  random_test.py : INFO  === Evaluate Testcase === 
 def testcase(self):
    vehicle1 = NPC(lane_id=5, offset=13.50712512, initial_speed=6.18864151)
    vehicle2 = NPC(lane_id=2, offset=28.97460034, initial_speed=34.9423992)
    ego = NPC(lane_id=1, offset=31.73569426, initial_speed=29.07719096)
    vehicle2.changeLane(trigger_sequence=1, target_lane=3, target_speed=43.94117897)
    vehicle1.changeLane(trigger_sequence=2, target_lane=1, target_speed=20.46026439)
    vehicle2.accelerate(trigger_sequence=2, target_speed=57.09689878)
    vehicle2.changeLane(trigger_sequence=4, target_lane=1, target_speed=30.26954336)

2025-07-15 Tuesday 11:51:16  random_test.py : INFO  === Evaluation Finished === 
 Fitness: [4.263894074813838, -0.0], Collision: False
2025-07-15 Tuesday 11:51:21  random_test.py : INFO  === Evaluate Testcase === 
 def testcase(self):
    vehicle1 = NPC(lane_id=5, offset=25.53542999, initial_speed=3.21302107)
    vehicle2 = NPC(lane_id=3, offset=18.21476809, initial_speed=1.62066087)
    vehicle3 = NPC(lane_id=3, offset=45.17991172, initial_speed=13.81276163)
    ego = NPC(lane_id=4, offset=46.27080223, initial_speed=36.42116852)
    vehicle1.accelerate(trigger_sequence=3, target_speed=50.89414243)
    vehicle3.accelerate(trigger_sequence=3, target_speed=37.65013795)
    vehicle3.accelerate(trigger_sequence=4, target_speed=32.82509501)
    vehicle2.decelerate(trigger_sequence=5, target_speed=29.56616171)
    vehicle3.decelerate(trigger_sequence=5, target_speed=21.30112732)

2025-07-15 Tuesday 11:51:21  random_test.py : INFO  === Evaluation Finished === 
 Fitness: [4.893046669619964, -0.0], Collision: False
2025-07-15 Tuesday 11:51:27  random_test.py : INFO  === Evaluate Testcase === 
 def testcase(self):
    vehicle1 = NPC(lane_id=4, offset=45.08884044, initial_speed=31.70726085)
    ego = NPC(lane_id=5, offset=25.39645302, initial_speed=33.08068877)
    vehicle3 = NPC(lane_id=5, offset=37.06206787, initial_speed=26.13515837)
    vehicle1.changeLane(trigger_sequence=1, target_lane=1, target_speed=39.16327383)
    vehicle1.changeLane(trigger_sequence=2, target_lane=1, target_speed=26.50613946)
    vehicle1.changeLane(trigger_sequence=3, target_lane=3, target_speed=28.23289931)
    vehicle3.accelerate(trigger_sequence=4, target_speed=46.83195768)
    vehicle3.changeLane(trigger_sequence=5, target_lane=1, target_speed=1.0753401)

2025-07-15 Tuesday 11:51:27  random_test.py : INFO  === Evaluation Finished === 
 Fitness: [9.72345074189794, -0.01639344262295082], Collision: False
2025-07-15 Tuesday 11:51:32  random_test.py : INFO  === Evaluate Testcase === 
 def testcase(self):
    vehicle1 = NPC(lane_id=5, offset=33.79887661, initial_speed=18.18683297)
    ego = NPC(lane_id=4, offset=16.82023404, initial_speed=22.4132123)
    vehicle3 = NPC(lane_id=1, offset=5.24604195, initial_speed=12.54021806)
    vehicle1.decelerate(trigger_sequence=1, target_speed=26.14600661)
    vehicle3.accelerate(trigger_sequence=1, target_speed=58.91857264)
    vehicle3.changeLane(trigger_sequence=2, target_lane=1, target_speed=14.83360318)
    vehicle1.changeLane(trigger_sequence=3, target_lane=3, target_speed=51.85363357)
    vehicle3.changeLane(trigger_sequence=3, target_lane=3, target_speed=51.91318866)
    vehicle3.accelerate(trigger_sequence=4, target_speed=37.96607482)
    vehicle1.decelerate(trigger_sequence=5, target_speed=14.2565313)
    vehicle3.changeLane(trigger_sequence=5, target_lane=1, target_speed=11.72216661)

2025-07-15 Tuesday 11:51:32  random_test.py : INFO  === Evaluation Finished === 
 Fitness: [3.5013466836230345, -0.0], Collision: False
2025-07-15 Tuesday 11:51:39  random_test.py : INFO  === Evaluate Testcase === 
 def testcase(self):
    vehicle1 = NPC(lane_id=5, offset=32.78800211, initial_speed=12.56623556)
    vehicle2 = NPC(lane_id=2, offset=10.95367982, initial_speed=17.43402564)
    vehicle3 = NPC(lane_id=2, offset=5.97457374, initial_speed=10.97034659)
    ego = NPC(lane_id=5, offset=25.93166588, initial_speed=0.13003173)
    vehicle2.accelerate(trigger_sequence=1, target_speed=33.3505207)
    vehicle3.accelerate(trigger_sequence=2, target_speed=32.78291451)
    vehicle1.decelerate(trigger_sequence=3, target_speed=21.71097483)
    vehicle2.changeLane(trigger_sequence=3, target_lane=1, target_speed=56.41857711)
    vehicle1.changeLane(trigger_sequence=4, target_lane=1, target_speed=44.13100471)
    vehicle2.changeLane(trigger_sequence=4, target_lane=1, target_speed=2.24070786)
    vehicle3.accelerate(trigger_sequence=4, target_speed=50.8092356)
    vehicle1.decelerate(trigger_sequence=5, target_speed=17.08293299)
    vehicle3.accelerate(trigger_sequence=5, target_speed=52.1423998)

2025-07-15 Tuesday 11:51:39  random_test.py : INFO  === Evaluation Finished === 
 Fitness: [7.3708526393617175, -0.005042016806722689], Collision: False
2025-07-15 Tuesday 11:51:43  random_test.py : INFO  === Evaluate Testcase === 
 def testcase(self):
    vehicle1 = NPC(lane_id=5, offset=40.31794795, initial_speed=5.93608519)
    vehicle2 = NPC(lane_id=2, offset=43.13820273, initial_speed=20.64910942)
    ego = NPC(lane_id=2, offset=45.59771988, initial_speed=23.77555816)
    vehicle4 = NPC(lane_id=1, offset=35.54008345, initial_speed=25.3232277)
    vehicle1.decelerate(trigger_sequence=1, target_speed=11.02493109)
    vehicle2.accelerate(trigger_sequence=1, target_speed=35.5891812)
    vehicle1.decelerate(trigger_sequence=2, target_speed=10.90556722)
    vehicle2.changeLane(trigger_sequence=2, target_lane=1, target_speed=24.90836422)
    vehicle4.changeLane(trigger_sequence=2, target_lane=1, target_speed=52.59642118)
    vehicle4.changeLane(trigger_sequence=3, target_lane=3, target_speed=35.73559119)
    vehicle4.decelerate(trigger_sequence=5, target_speed=3.76594065)

2025-07-15 Tuesday 11:51:43  random_test.py : INFO  === Evaluation Finished === 
 Fitness: [inf, 0], Collision: False
2025-07-15 Tuesday 11:51:48  random_test.py : INFO  === Evaluate Testcase === 
 def testcase(self):
    vehicle1 = NPC(lane_id=3, offset=43.42097794, initial_speed=39.5910999)
    ego = NPC(lane_id=5, offset=21.95905523, initial_speed=11.14157343)
    vehicle1.changeLane(trigger_sequence=1, target_lane=1, target_speed=1.71416993)
    vehicle1.decelerate(trigger_sequence=2, target_speed=8.36065264)
    vehicle1.decelerate(trigger_sequence=3, target_speed=4.79694576)

2025-07-15 Tuesday 11:51:48  random_test.py : INFO  === Evaluation Finished === 
 Fitness: [14.000202704167162, -0.0], Collision: False
2025-07-15 Tuesday 11:51:53  random_test.py : INFO  === Evaluate Testcase === 
 def testcase(self):
    vehicle1 = NPC(lane_id=1, offset=26.31801845, initial_speed=5.84760497)
    ego = NPC(lane_id=4, offset=49.43669752, initial_speed=37.13818394)
    vehicle1.changeLane(trigger_sequence=1, target_lane=3, target_speed=57.32557517)
    vehicle1.decelerate(trigger_sequence=2, target_speed=12.77085838)
    vehicle1.decelerate(trigger_sequence=3, target_speed=28.84610881)
    vehicle1.changeLane(trigger_sequence=5, target_lane=1, target_speed=16.66372815)

2025-07-15 Tuesday 11:51:53  random_test.py : INFO  === Evaluation Finished === 
 Fitness: [26.729682380268876, -0.0], Collision: False
2025-07-15 Tuesday 11:51:59  random_test.py : INFO  === Evaluate Testcase === 
 def testcase(self):
    vehicle1 = NPC(lane_id=3, offset=17.6607499, initial_speed=12.36799025)
    ego = NPC(lane_id=3, offset=40.01315445, initial_speed=4.81282844)
    vehicle3 = NPC(lane_id=1, offset=46.59700421, initial_speed=5.97256515)
    vehicle1.changeLane(trigger_sequence=2, target_lane=1, target_speed=30.96797005)
    vehicle3.accelerate(trigger_sequence=2, target_speed=34.7497201)
    vehicle1.accelerate(trigger_sequence=5, target_speed=43.30802851)
    vehicle3.changeLane(trigger_sequence=5, target_lane=3, target_speed=5.69787708)

2025-07-15 Tuesday 11:51:59  random_test.py : INFO  === Evaluation Finished === 
 Fitness: [7.001078946551147, -0.0], Collision: False
2025-07-15 Tuesday 11:52:04  random_test.py : INFO  === Evaluate Testcase === 
 def testcase(self):
    vehicle1 = NPC(lane_id=1, offset=19.09007664, initial_speed=11.38953411)
    vehicle2 = NPC(lane_id=1, offset=27.07774347, initial_speed=21.40465888)
    ego = NPC(lane_id=5, offset=15.71871362, initial_speed=22.87966636)
    vehicle4 = NPC(lane_id=4, offset=6.69944343, initial_speed=20.44012606)
    vehicle1.accelerate(trigger_sequence=1, target_speed=51.98021421)
    vehicle4.decelerate(trigger_sequence=1, target_speed=5.23243101)
    vehicle1.accelerate(trigger_sequence=2, target_speed=32.96346084)
    vehicle2.decelerate(trigger_sequence=2, target_speed=18.74158467)
    vehicle4.accelerate(trigger_sequence=2, target_speed=43.85094577)
    vehicle4.decelerate(trigger_sequence=3, target_speed=18.18729048)
    vehicle2.changeLane(trigger_sequence=4, target_lane=1, target_speed=19.80756115)
    vehicle4.accelerate(trigger_sequence=4, target_speed=50.20844613)
    vehicle2.accelerate(trigger_sequence=5, target_speed=59.96957315)
    vehicle4.decelerate(trigger_sequence=5, target_speed=25.82086704)

2025-07-15 Tuesday 11:52:04  random_test.py : INFO  === Evaluation Finished === 
 Fitness: [10.898449317685273, -0.0], Collision: False
2025-07-15 Tuesday 11:52:09  random_test.py : INFO  === Evaluate Testcase === 
 def testcase(self):
    ego = NPC(lane_id=3, offset=31.83288048, initial_speed=27.52513921)
    vehicle2 = NPC(lane_id=1, offset=39.24875791, initial_speed=37.01765138)
    vehicle2.decelerate(trigger_sequence=3, target_speed=2.67649368)
    vehicle2.decelerate(trigger_sequence=5, target_speed=12.26085759)

2025-07-15 Tuesday 11:52:09  random_test.py : INFO  === Evaluation Finished === 
 Fitness: [6.999681992367424, -0.0], Collision: False
2025-07-15 Tuesday 11:52:15  random_test.py : INFO  === Evaluate Testcase === 
 def testcase(self):
    ego = NPC(lane_id=3, offset=7.23040044, initial_speed=39.01253571)
    vehicle2 = NPC(lane_id=4, offset=20.08487809, initial_speed=23.16998896)
    vehicle2.accelerate(trigger_sequence=1, target_speed=56.49106088)
    vehicle2.decelerate(trigger_sequence=2, target_speed=6.98488699)
    vehicle2.decelerate(trigger_sequence=3, target_speed=8.40545772)
    vehicle2.accelerate(trigger_sequence=4, target_speed=30.90218602)
    vehicle2.decelerate(trigger_sequence=5, target_speed=23.04628835)

2025-07-15 Tuesday 11:52:15  random_test.py : INFO  === Evaluation Finished === 
 Fitness: [3.500026688210562, -0.0], Collision: False
2025-07-15 Tuesday 11:52:20  random_test.py : INFO  === Evaluate Testcase === 
 def testcase(self):
    vehicle1 = NPC(lane_id=3, offset=30.66763968, initial_speed=14.77926488)
    vehicle2 = NPC(lane_id=2, offset=27.89293827, initial_speed=36.23064471)
    vehicle3 = NPC(lane_id=4, offset=31.60662325, initial_speed=4.70012485)
    ego = NPC(lane_id=5, offset=7.31185942, initial_speed=27.66586748)
    vehicle1.accelerate(trigger_sequence=1, target_speed=35.16366011)
    vehicle2.changeLane(trigger_sequence=1, target_lane=1, target_speed=8.14603095)
    vehicle2.changeLane(trigger_sequence=3, target_lane=1, target_speed=31.28517308)
    vehicle2.decelerate(trigger_sequence=5, target_speed=23.03557448)
    vehicle3.changeLane(trigger_sequence=5, target_lane=1, target_speed=17.22478077)

2025-07-15 Tuesday 11:52:20  random_test.py : INFO  === Evaluation Finished === 
 Fitness: [3.5037705820522356, -0.0], Collision: False
2025-07-15 Tuesday 11:52:26  random_test.py : INFO  === Evaluate Testcase === 
 def testcase(self):
    vehicle1 = NPC(lane_id=1, offset=43.56651457, initial_speed=23.45288685)
    ego = NPC(lane_id=3, offset=38.87189476, initial_speed=19.47415585)
    vehicle3 = NPC(lane_id=5, offset=30.74425903, initial_speed=25.07964975)
    vehicle1.decelerate(trigger_sequence=1, target_speed=2.19662217)
    vehicle1.decelerate(trigger_sequence=2, target_speed=27.61212782)
    vehicle3.accelerate(trigger_sequence=4, target_speed=30.82006552)

2025-07-15 Tuesday 11:52:26  random_test.py : INFO  === Evaluation Finished === 
 Fitness: [7.0004108862135075, -0.005813953488372093], Collision: False
2025-07-15 Tuesday 11:52:29  simulate.py : INFO  Rear-end collision with vehicle 1560 ignored
2025-07-15 Tuesday 11:52:31  random_test.py : INFO  === Evaluate Testcase === 
 def testcase(self):
    vehicle1 = NPC(lane_id=5, offset=33.84269478, initial_speed=35.03122296)
    vehicle2 = NPC(lane_id=3, offset=10.66292292, initial_speed=25.49519051)
    ego = NPC(lane_id=3, offset=19.31640137, initial_speed=6.16171542)
    vehicle4 = NPC(lane_id=4, offset=29.69802529, initial_speed=8.88723212)
    vehicle2.changeLane(trigger_sequence=1, target_lane=3, target_speed=7.40567617)
    vehicle4.accelerate(trigger_sequence=1, target_speed=50.1094729)
    vehicle1.accelerate(trigger_sequence=2, target_speed=40.91449696)
    vehicle2.accelerate(trigger_sequence=2, target_speed=47.85378813)
    vehicle4.accelerate(trigger_sequence=3, target_speed=35.2728082)
    vehicle1.accelerate(trigger_sequence=4, target_speed=31.82119906)
    vehicle2.accelerate(trigger_sequence=4, target_speed=58.76253345)

2025-07-15 Tuesday 11:52:31  random_test.py : INFO  === Evaluation Finished === 
 Fitness: [3.5005279613145657, -0.005813953488372093], Collision: False
2025-07-15 Tuesday 11:52:37  random_test.py : INFO  === Evaluate Testcase === 
 def testcase(self):
    vehicle1 = NPC(lane_id=2, offset=0.78742579, initial_speed=37.00329904)
    vehicle2 = NPC(lane_id=1, offset=40.83073173, initial_speed=15.58568132)
    ego = NPC(lane_id=2, offset=35.46758865, initial_speed=30.18731901)
    vehicle4 = NPC(lane_id=3, offset=38.58349402, initial_speed=2.31085202)
    vehicle2.accelerate(trigger_sequence=1, target_speed=44.97437303)
    vehicle4.changeLane(trigger_sequence=1, target_lane=3, target_speed=41.15534033)
    vehicle1.accelerate(trigger_sequence=2, target_speed=36.95635582)
    vehicle2.changeLane(trigger_sequence=2, target_lane=3, target_speed=49.65626336)
    vehicle4.decelerate(trigger_sequence=3, target_speed=22.22559105)
    vehicle2.decelerate(trigger_sequence=4, target_speed=15.33784498)
    vehicle4.decelerate(trigger_sequence=4, target_speed=15.08376393)
    vehicle2.decelerate(trigger_sequence=5, target_speed=14.76015403)
    vehicle4.decelerate(trigger_sequence=5, target_speed=18.04977727)

2025-07-15 Tuesday 11:52:37  random_test.py : INFO  === Evaluation Finished === 
 Fitness: [3.4978572354024955, -0.0], Collision: False
2025-07-15 Tuesday 11:52:42  random_test.py : INFO  === Evaluate Testcase === 
 def testcase(self):
    vehicle1 = NPC(lane_id=4, offset=38.40265825, initial_speed=32.34022515)
    ego = NPC(lane_id=5, offset=42.44511455, initial_speed=0.89547692)
    vehicle1.changeLane(trigger_sequence=1, target_lane=3, target_speed=12.39068442)
    vehicle1.accelerate(trigger_sequence=2, target_speed=40.18730589)
    vehicle1.accelerate(trigger_sequence=3, target_speed=56.11819556)
    vehicle1.accelerate(trigger_sequence=4, target_speed=33.6813139)

2025-07-15 Tuesday 11:52:42  random_test.py : INFO  === Evaluation Finished === 
 Fitness: [3.493681778907067, -0.0], Collision: False
2025-07-15 Tuesday 11:52:45  simulate.py : INFO  Rear-end collision with vehicle 1572 ignored
2025-07-15 Tuesday 11:52:48  random_test.py : INFO  === Evaluate Testcase === 
 def testcase(self):
    vehicle1 = NPC(lane_id=4, offset=30.49537151, initial_speed=39.35143875)
    ego = NPC(lane_id=4, offset=43.02138697, initial_speed=1.84343374)
    vehicle3 = NPC(lane_id=3, offset=12.98429893, initial_speed=30.10151717)
    vehicle1.changeLane(trigger_sequence=2, target_lane=1, target_speed=54.91827011)
    vehicle1.changeLane(trigger_sequence=3, target_lane=3, target_speed=41.93516923)
    vehicle1.decelerate(trigger_sequence=4, target_speed=18.69587376)
    vehicle1.accelerate(trigger_sequence=5, target_speed=36.28666502)
    vehicle3.changeLane(trigger_sequence=5, target_lane=1, target_speed=56.07012826)

2025-07-15 Tuesday 11:52:48  random_test.py : INFO  === Evaluation Finished === 
 Fitness: [4.7053108514871385, -0.005813953488372093], Collision: False
2025-07-15 Tuesday 11:52:53  random_test.py : INFO  === Evaluate Testcase === 
 def testcase(self):
    ego = NPC(lane_id=3, offset=29.67769253, initial_speed=5.82319456)
    vehicle2 = NPC(lane_id=5, offset=23.11803107, initial_speed=39.83909102)
    vehicle2.decelerate(trigger_sequence=3, target_speed=8.40864358)

2025-07-15 Tuesday 11:52:53  random_test.py : INFO  === Evaluation Finished === 
 Fitness: [7.00016906802996, -0.0028328611898017], Collision: False
2025-07-15 Tuesday 11:52:57  simulate.py : INFO  Rear-end collision with vehicle 1580 ignored
2025-07-15 Tuesday 11:52:58  random_test.py : INFO  === Evaluate Testcase === 
 def testcase(self):
    vehicle1 = NPC(lane_id=3, offset=37.29891623, initial_speed=3.89254118)
    vehicle2 = NPC(lane_id=2, offset=49.94882174, initial_speed=19.66923204)
    ego = NPC(lane_id=3, offset=47.71116758, initial_speed=22.4698501)
    vehicle2.changeLane(trigger_sequence=1, target_lane=3, target_speed=52.48608824)
    vehicle2.accelerate(trigger_sequence=4, target_speed=47.19304443)

2025-07-15 Tuesday 11:52:58  random_test.py : INFO  === Evaluation Finished === 
 Fitness: [3.4975281036736297, -0.006329113924050633], Collision: False
2025-07-15 Tuesday 11:53:03  random_test.py : INFO  === Evaluate Testcase === 
 def testcase(self):
    ego = NPC(lane_id=2, offset=7.86511056, initial_speed=38.10072933)
    vehicle2 = NPC(lane_id=3, offset=8.37690501, initial_speed=34.94978703)
    vehicle2.changeLane(trigger_sequence=2, target_lane=1, target_speed=34.17198684)
    vehicle2.changeLane(trigger_sequence=3, target_lane=3, target_speed=55.02872349)
    vehicle2.decelerate(trigger_sequence=4, target_speed=10.51244202)
    vehicle2.decelerate(trigger_sequence=5, target_speed=4.46668651)

2025-07-15 Tuesday 11:53:03  random_test.py : INFO  === Evaluation Finished === 
 Fitness: [3.5579500400315562, -0.0], Collision: False
2025-07-15 Tuesday 11:53:09  random_test.py : INFO  === Evaluate Testcase === 
 def testcase(self):
    vehicle1 = NPC(lane_id=3, offset=38.68415241, initial_speed=3.98011367)
    vehicle2 = NPC(lane_id=2, offset=3.24142759, initial_speed=19.71351336)
    vehicle3 = NPC(lane_id=3, offset=10.97100832, initial_speed=24.37753054)
    ego = NPC(lane_id=4, offset=31.32953173, initial_speed=19.26780353)
    vehicle2.changeLane(trigger_sequence=1, target_lane=1, target_speed=7.50013115)
    vehicle3.changeLane(trigger_sequence=1, target_lane=3, target_speed=4.49393598)
    vehicle3.accelerate(trigger_sequence=2, target_speed=36.70711905)
    vehicle1.accelerate(trigger_sequence=3, target_speed=59.57002092)
    vehicle3.changeLane(trigger_sequence=3, target_lane=1, target_speed=8.34339818)
    vehicle3.changeLane(trigger_sequence=4, target_lane=1, target_speed=30.50430409)
    vehicle1.decelerate(trigger_sequence=5, target_speed=27.08655732)

2025-07-15 Tuesday 11:53:09  random_test.py : INFO  === Evaluation Finished === 
 Fitness: [3.4979145355419994, -0.0], Collision: False
2025-07-15 Tuesday 11:53:13  simulate.py : INFO  Rear-end collision with vehicle 1591 ignored
2025-07-15 Tuesday 11:53:14  random_test.py : INFO  === Evaluate Testcase === 
 def testcase(self):
    vehicle1 = NPC(lane_id=4, offset=11.67781313, initial_speed=35.42964334)
    ego = NPC(lane_id=4, offset=37.19934829, initial_speed=24.97476486)
    vehicle1.accelerate(trigger_sequence=4, target_speed=57.69784572)

2025-07-15 Tuesday 11:53:14  random_test.py : INFO  === Evaluation Finished === 
 Fitness: [4.749618925602586, -0.005970149253731343], Collision: False
2025-07-15 Tuesday 11:53:19  random_test.py : INFO  === Evaluate Testcase === 
 def testcase(self):
    vehicle1 = NPC(lane_id=3, offset=1.47102075, initial_speed=3.33761178)
    ego = NPC(lane_id=2, offset=17.91605381, initial_speed=30.47934825)
    vehicle1.decelerate(trigger_sequence=4, target_speed=14.76094086)
    vehicle1.changeLane(trigger_sequence=5, target_lane=3, target_speed=4.24935172)

2025-07-15 Tuesday 11:53:19  random_test.py : INFO  === Evaluation Finished === 
 Fitness: [18.013581249837305, -0.0], Collision: False
2025-07-15 Tuesday 11:53:24  random_test.py : INFO  === Evaluate Testcase === 
 def testcase(self):
    ego = NPC(lane_id=5, offset=21.54091469, initial_speed=27.78513131)
    vehicle2 = NPC(lane_id=3, offset=22.93272081, initial_speed=27.0168357)
    vehicle2.accelerate(trigger_sequence=2, target_speed=40.26259292)

2025-07-15 Tuesday 11:53:24  random_test.py : INFO  === Evaluation Finished === 
 Fitness: [6.998248250695233, -0.0], Collision: False
2025-07-15 Tuesday 11:53:30  random_test.py : INFO  === Evaluate Testcase === 
 def testcase(self):
    vehicle1 = NPC(lane_id=3, offset=23.55044886, initial_speed=37.95992683)
    ego = NPC(lane_id=2, offset=5.19292487, initial_speed=0.2079615)
    vehicle3 = NPC(lane_id=4, offset=5.48534873, initial_speed=15.79624381)
    vehicle4 = NPC(lane_id=2, offset=11.46540772, initial_speed=33.380099)
    vehicle3.accelerate(trigger_sequence=1, target_speed=57.25178311)
    vehicle4.accelerate(trigger_sequence=1, target_speed=47.02025467)
    vehicle1.accelerate(trigger_sequence=3, target_speed=53.75122543)
    vehicle4.changeLane(trigger_sequence=3, target_lane=1, target_speed=15.72454887)
    vehicle1.accelerate(trigger_sequence=4, target_speed=44.64516516)
    vehicle1.changeLane(trigger_sequence=5, target_lane=3, target_speed=59.62221649)
    vehicle3.changeLane(trigger_sequence=5, target_lane=1, target_speed=49.97593486)

2025-07-15 Tuesday 11:53:30  random_test.py : INFO  === Evaluation Finished === 
 Fitness: [3.501009712434719, -0.0], Collision: False
2025-07-15 Tuesday 11:53:35  random_test.py : INFO  === Evaluate Testcase === 
 def testcase(self):
    ego = NPC(lane_id=2, offset=3.10828679, initial_speed=13.37918618)
    vehicle2 = NPC(lane_id=5, offset=24.35956901, initial_speed=4.6093743)
    vehicle3 = NPC(lane_id=3, offset=37.59563469, initial_speed=12.79059325)
    vehicle2.decelerate(trigger_sequence=1, target_speed=25.62255755)
    vehicle3.decelerate(trigger_sequence=1, target_speed=26.16542328)
    vehicle2.decelerate(trigger_sequence=2, target_speed=22.1450141)
    vehicle3.accelerate(trigger_sequence=2, target_speed=48.72864738)

2025-07-15 Tuesday 11:53:35  random_test.py : INFO  === Evaluation Finished === 
 Fitness: [3.501724565608686, -0.0], Collision: False
2025-07-15 Tuesday 11:53:41  random_test.py : INFO  === Evaluate Testcase === 
 def testcase(self):
    ego = NPC(lane_id=3, offset=28.87532645, initial_speed=29.75588974)
    vehicle2 = NPC(lane_id=5, offset=7.35076912, initial_speed=20.24739879)
    vehicle3 = NPC(lane_id=3, offset=14.08658735, initial_speed=1.21385281)
    vehicle4 = NPC(lane_id=1, offset=0.50267478, initial_speed=21.48271486)
    vehicle3.accelerate(trigger_sequence=1, target_speed=55.31825706)
    vehicle2.decelerate(trigger_sequence=2, target_speed=15.40551644)
    vehicle3.decelerate(trigger_sequence=2, target_speed=15.37211551)
    vehicle2.changeLane(trigger_sequence=3, target_lane=1, target_speed=10.45193168)
    vehicle3.accelerate(trigger_sequence=3, target_speed=43.4351308)
    vehicle4.accelerate(trigger_sequence=3, target_speed=41.72445115)
    vehicle2.decelerate(trigger_sequence=4, target_speed=20.33201104)
    vehicle4.changeLane(trigger_sequence=4, target_lane=3, target_speed=0.57673913)
    vehicle2.decelerate(trigger_sequence=5, target_speed=5.2254011)
    vehicle3.decelerate(trigger_sequence=5, target_speed=23.99553319)
    vehicle4.changeLane(trigger_sequence=5, target_lane=1, target_speed=25.26517233)

2025-07-15 Tuesday 11:53:41  random_test.py : INFO  === Evaluation Finished === 
 Fitness: [16.821150128459692, -0.0], Collision: False
2025-07-15 Tuesday 11:53:46  random_test.py : INFO  === Evaluate Testcase === 
 def testcase(self):
    vehicle1 = NPC(lane_id=3, offset=27.41139542, initial_speed=15.55932076)
    ego = NPC(lane_id=2, offset=13.855227, initial_speed=6.02751239)
    vehicle3 = NPC(lane_id=1, offset=10.22251047, initial_speed=12.13959595)
    vehicle4 = NPC(lane_id=5, offset=8.07067882, initial_speed=30.13671983)
    vehicle4.decelerate(trigger_sequence=1, target_speed=6.95833822)
    vehicle1.accelerate(trigger_sequence=2, target_speed=33.75785733)
    vehicle4.decelerate(trigger_sequence=2, target_speed=16.02073681)
    vehicle4.decelerate(trigger_sequence=3, target_speed=22.7390439)
    vehicle3.decelerate(trigger_sequence=4, target_speed=13.64229228)
    vehicle4.accelerate(trigger_sequence=5, target_speed=37.80588242)

2025-07-15 Tuesday 11:53:46  random_test.py : INFO  === Evaluation Finished === 
 Fitness: [3.5003424130655967, -0.0], Collision: False
2025-07-15 Tuesday 11:53:50  random_test.py : INFO  === Evaluate Testcase === 
 def testcase(self):
    vehicle1 = NPC(lane_id=2, offset=44.38464226, initial_speed=34.22786584)
    ego = NPC(lane_id=3, offset=0.00924587, initial_speed=30.93566666)
    vehicle3 = NPC(lane_id=2, offset=42.36889054, initial_speed=39.70101154)
    vehicle1.changeLane(trigger_sequence=1, target_lane=3, target_speed=57.24949438)
    vehicle3.changeLane(trigger_sequence=1, target_lane=1, target_speed=25.32788656)
    vehicle3.decelerate(trigger_sequence=2, target_speed=7.33852379)
    vehicle1.decelerate(trigger_sequence=5, target_speed=18.19061713)
    vehicle3.accelerate(trigger_sequence=5, target_speed=47.51155463)

2025-07-15 Tuesday 11:53:50  random_test.py : INFO  === Evaluation Finished === 
 Fitness: [inf, 0], Collision: False
2025-07-15 Tuesday 11:53:56  random_test.py : INFO  === Evaluate Testcase === 
 def testcase(self):
    vehicle1 = NPC(lane_id=2, offset=17.78939355, initial_speed=15.47727124)
    ego = NPC(lane_id=2, offset=6.07054766, initial_speed=17.75125668)
    vehicle3 = NPC(lane_id=1, offset=11.32075165, initial_speed=23.88764757)
    vehicle1.changeLane(trigger_sequence=2, target_lane=3, target_speed=5.76224844)
    vehicle3.decelerate(trigger_sequence=2, target_speed=5.64660769)
    vehicle3.changeLane(trigger_sequence=3, target_lane=3, target_speed=26.72874185)
    vehicle1.decelerate(trigger_sequence=4, target_speed=13.35262539)
    vehicle3.changeLane(trigger_sequence=4, target_lane=1, target_speed=14.75089733)
    vehicle1.changeLane(trigger_sequence=5, target_lane=1, target_speed=44.297295)

2025-07-15 Tuesday 11:53:56  random_test.py : INFO  === Evaluation Finished === 
 Fitness: [3.5012743479417043, -0.01279317697228145], Collision: False
2025-07-15 Tuesday 11:54:01  random_test.py : INFO  === Evaluate Testcase === 
 def testcase(self):
    ego = NPC(lane_id=5, offset=26.8816795, initial_speed=3.5811486)
    vehicle2 = NPC(lane_id=2, offset=31.74494184, initial_speed=6.70103564)
    vehicle2.accelerate(trigger_sequence=1, target_speed=59.56964774)
    vehicle2.accelerate(trigger_sequence=4, target_speed=41.12848579)
    vehicle2.changeLane(trigger_sequence=5, target_lane=3, target_speed=9.01039888)

2025-07-15 Tuesday 11:54:01  random_test.py : INFO  === Evaluation Finished === 
 Fitness: [10.499766948718577, -0.0], Collision: False
2025-07-15 Tuesday 11:54:07  random_test.py : INFO  === Evaluate Testcase === 
 def testcase(self):
    vehicle1 = NPC(lane_id=3, offset=20.045745, initial_speed=34.95796478)
    ego = NPC(lane_id=4, offset=13.76251703, initial_speed=19.42150988)
    vehicle3 = NPC(lane_id=3, offset=9.32634221, initial_speed=39.38410336)
    vehicle3.decelerate(trigger_sequence=1, target_speed=15.44413447)
    vehicle3.changeLane(trigger_sequence=2, target_lane=3, target_speed=18.02962474)
    vehicle1.changeLane(trigger_sequence=3, target_lane=3, target_speed=40.81903171)
    vehicle3.changeLane(trigger_sequence=3, target_lane=3, target_speed=39.55367913)
    vehicle3.accelerate(trigger_sequence=4, target_speed=30.00337011)

2025-07-15 Tuesday 11:54:07  random_test.py : INFO  === Evaluation Finished === 
 Fitness: [3.4956427653561373, -0.005813953488372093], Collision: False
2025-07-15 Tuesday 11:54:12  random_test.py : INFO  === Evaluate Testcase === 
 def testcase(self):
    vehicle1 = NPC(lane_id=5, offset=46.73198978, initial_speed=33.19293663)
    ego = NPC(lane_id=4, offset=9.56131326, initial_speed=19.39372658)
    vehicle3 = NPC(lane_id=3, offset=9.48863815, initial_speed=14.47564554)
    vehicle1.accelerate(trigger_sequence=1, target_speed=36.61895284)
    vehicle1.accelerate(trigger_sequence=3, target_speed=53.38280823)
    vehicle1.decelerate(trigger_sequence=4, target_speed=15.77685403)
    vehicle3.decelerate(trigger_sequence=4, target_speed=6.4583868)
    vehicle1.accelerate(trigger_sequence=5, target_speed=56.21129778)

2025-07-15 Tuesday 11:54:12  random_test.py : INFO  === Evaluation Finished === 
 Fitness: [3.6178353344984484, -0.0], Collision: False
2025-07-15 Tuesday 11:54:17  random_test.py : INFO  === Evaluate Testcase === 
 def testcase(self):
    vehicle1 = NPC(lane_id=3, offset=10.21593012, initial_speed=0.70726713)
    ego = NPC(lane_id=4, offset=5.83769908, initial_speed=28.93512263)
    vehicle1.changeLane(trigger_sequence=3, target_lane=1, target_speed=38.09085643)
    vehicle1.changeLane(trigger_sequence=5, target_lane=3, target_speed=32.76651894)

2025-07-15 Tuesday 11:54:17  random_test.py : INFO  === Evaluation Finished === 
 Fitness: [3.4931425022486873, -0.0], Collision: False
2025-07-15 Tuesday 11:54:22  random_test.py : INFO  === Evaluate Testcase === 
 def testcase(self):
    vehicle1 = NPC(lane_id=1, offset=45.17291553, initial_speed=12.28909857)
    ego = NPC(lane_id=5, offset=43.79163444, initial_speed=19.79574598)
    vehicle1.decelerate(trigger_sequence=4, target_speed=15.56916795)

2025-07-15 Tuesday 11:54:22  random_test.py : INFO  === Evaluation Finished === 
 Fitness: [13.991882764357559, -0.002898550724637681], Collision: False
2025-07-15 Tuesday 11:54:28  random_test.py : INFO  === Evaluate Testcase === 
 def testcase(self):
    ego = NPC(lane_id=3, offset=5.27731414, initial_speed=8.78150911)
    vehicle2 = NPC(lane_id=1, offset=29.08239841, initial_speed=21.25951953)
    vehicle3 = NPC(lane_id=4, offset=6.55854209, initial_speed=5.17443763)
    vehicle3.decelerate(trigger_sequence=3, target_speed=27.95538792)
    vehicle2.changeLane(trigger_sequence=4, target_lane=1, target_speed=32.35801692)
    vehicle3.decelerate(trigger_sequence=4, target_speed=21.44418973)
    vehicle2.accelerate(trigger_sequence=5, target_speed=36.65872044)
    vehicle3.changeLane(trigger_sequence=5, target_lane=1, target_speed=32.87327658)

2025-07-15 Tuesday 11:54:28  random_test.py : INFO  === Evaluation Finished === 
 Fitness: [3.5077252586315617, -0.0], Collision: False
2025-07-15 Tuesday 11:54:31  random_test.py : INFO  === Evaluate Testcase === 
 def testcase(self):
    vehicle1 = NPC(lane_id=1, offset=3.68664169, initial_speed=5.61176751)
    vehicle2 = NPC(lane_id=5, offset=23.64325406, initial_speed=16.5433608)
    ego = NPC(lane_id=1, offset=5.267374, initial_speed=0.66058651)
    vehicle4 = NPC(lane_id=1, offset=49.59549009, initial_speed=37.53466492)
    vehicle1.accelerate(trigger_sequence=1, target_speed=40.70214931)
    vehicle2.changeLane(trigger_sequence=1, target_lane=3, target_speed=25.32374404)
    vehicle4.decelerate(trigger_sequence=1, target_speed=15.94164928)
    vehicle2.accelerate(trigger_sequence=2, target_speed=44.65097989)
    vehicle2.decelerate(trigger_sequence=3, target_speed=15.51161895)
    vehicle4.changeLane(trigger_sequence=3, target_lane=3, target_speed=37.55667733)
    vehicle2.changeLane(trigger_sequence=4, target_lane=1, target_speed=29.42245691)
    vehicle4.decelerate(trigger_sequence=5, target_speed=27.96554597)

2025-07-15 Tuesday 11:54:31  random_test.py : INFO  === Evaluation Finished === 
 Fitness: [inf, 0], Collision: False
2025-07-15 Tuesday 11:54:37  random_test.py : INFO  === Evaluate Testcase === 
 def testcase(self):
    vehicle1 = NPC(lane_id=5, offset=35.56397495, initial_speed=31.67439262)
    vehicle2 = NPC(lane_id=5, offset=26.38770662, initial_speed=1.47813811)
    ego = NPC(lane_id=1, offset=25.52358776, initial_speed=18.40560285)
    vehicle1.changeLane(trigger_sequence=2, target_lane=1, target_speed=58.38348983)
    vehicle1.decelerate(trigger_sequence=3, target_speed=2.56055366)
    vehicle2.decelerate(trigger_sequence=3, target_speed=22.33254107)
    vehicle1.decelerate(trigger_sequence=4, target_speed=3.49350099)
    vehicle2.accelerate(trigger_sequence=4, target_speed=40.2346897)

2025-07-15 Tuesday 11:54:37  random_test.py : INFO  === Evaluation Finished === 
 Fitness: [11.938122994525152, -0.0], Collision: False
2025-07-15 Tuesday 11:54:42  random_test.py : INFO  === Evaluate Testcase === 
 def testcase(self):
    ego = NPC(lane_id=1, offset=16.55411795, initial_speed=14.099935)
    vehicle2 = NPC(lane_id=5, offset=24.15163086, initial_speed=35.15088007)
    vehicle2.decelerate(trigger_sequence=4, target_speed=18.26291651)
    vehicle2.accelerate(trigger_sequence=5, target_speed=38.06527211)

2025-07-15 Tuesday 11:54:42  random_test.py : INFO  === Evaluation Finished === 
 Fitness: [14.000497795780324, -0.0], Collision: False
2025-07-15 Tuesday 11:54:47  random_test.py : INFO  === Evaluate Testcase === 
 def testcase(self):
    ego = NPC(lane_id=3, offset=6.16710764, initial_speed=29.24979859)
    vehicle2 = NPC(lane_id=3, offset=41.07765946, initial_speed=15.26326357)
    vehicle2.accelerate(trigger_sequence=5, target_speed=33.36292731)

2025-07-15 Tuesday 11:54:47  random_test.py : INFO  === Evaluation Finished === 
 Fitness: [10.54821972955621, -0.0], Collision: False
2025-07-15 Tuesday 11:54:53  random_test.py : INFO  === Evaluate Testcase === 
 def testcase(self):
    vehicle1 = NPC(lane_id=4, offset=14.81170807, initial_speed=27.12113379)
    vehicle2 = NPC(lane_id=2, offset=24.69853876, initial_speed=7.22470243)
    ego = NPC(lane_id=5, offset=19.38375814, initial_speed=18.98075363)
    vehicle4 = NPC(lane_id=2, offset=40.22740641, initial_speed=2.25577485)
    vehicle2.changeLane(trigger_sequence=1, target_lane=3, target_speed=8.47508004)
    vehicle2.changeLane(trigger_sequence=2, target_lane=3, target_speed=27.95297954)
    vehicle4.accelerate(trigger_sequence=2, target_speed=50.89425623)
    vehicle4.decelerate(trigger_sequence=3, target_speed=19.38532648)
    vehicle1.changeLane(trigger_sequence=4, target_lane=1, target_speed=27.07500945)
    vehicle1.accelerate(trigger_sequence=5, target_speed=31.35813487)
    vehicle2.changeLane(trigger_sequence=5, target_lane=3, target_speed=50.77075852)

2025-07-15 Tuesday 11:54:53  random_test.py : INFO  === Evaluation Finished === 
 Fitness: [4.402615077405155, -0.0], Collision: False
2025-07-15 Tuesday 11:54:59  random_test.py : INFO  === Evaluate Testcase === 
 def testcase(self):
    ego = NPC(lane_id=1, offset=2.34142763, initial_speed=4.7863066)
    vehicle2 = NPC(lane_id=1, offset=37.48364834, initial_speed=15.29931171)
    vehicle3 = NPC(lane_id=1, offset=9.05058785, initial_speed=19.06023648)
    vehicle4 = NPC(lane_id=3, offset=36.37415007, initial_speed=22.37707047)
    vehicle2.decelerate(trigger_sequence=1, target_speed=22.66425051)
    vehicle4.decelerate(trigger_sequence=1, target_speed=27.27513054)
    vehicle2.accelerate(trigger_sequence=2, target_speed=44.44659351)
    vehicle4.changeLane(trigger_sequence=2, target_lane=3, target_speed=55.28625846)
    vehicle3.decelerate(trigger_sequence=5, target_speed=23.90062323)

2025-07-15 Tuesday 11:54:59  random_test.py : INFO  === Evaluation Finished === 
 Fitness: [6.906299069501198, -0.015122873345935728], Collision: False
2025-07-15 Tuesday 11:55:03  simulate.py : INFO  Rear-end collision with vehicle 1668 ignored
2025-07-15 Tuesday 11:55:05  random_test.py : INFO  === Evaluate Testcase === 
 def testcase(self):
    vehicle1 = NPC(lane_id=2, offset=30.6357246, initial_speed=19.36381967)
    ego = NPC(lane_id=2, offset=2.49699009, initial_speed=36.28175315)
    vehicle3 = NPC(lane_id=3, offset=14.06268551, initial_speed=18.21454258)
    vehicle1.decelerate(trigger_sequence=1, target_speed=10.18661533)
    vehicle3.changeLane(trigger_sequence=1, target_lane=1, target_speed=52.97517898)
    vehicle3.changeLane(trigger_sequence=3, target_lane=1, target_speed=25.22177135)

2025-07-15 Tuesday 11:55:05  random_test.py : INFO  === Evaluation Finished === 
 Fitness: [0.5472118891872653, -0.0022935779816513763], Collision: False
2025-07-15 Tuesday 11:55:10  random_test.py : INFO  === Evaluate Testcase === 
 def testcase(self):
    vehicle1 = NPC(lane_id=1, offset=17.14737621, initial_speed=25.33152413)
    ego = NPC(lane_id=4, offset=39.35804687, initial_speed=18.44006289)
    vehicle1.accelerate(trigger_sequence=1, target_speed=53.06170828)
    vehicle1.decelerate(trigger_sequence=2, target_speed=2.9752659)
    vehicle1.decelerate(trigger_sequence=3, target_speed=7.50636113)
    vehicle1.changeLane(trigger_sequence=5, target_lane=3, target_speed=14.59600645)

2025-07-15 Tuesday 11:55:10  random_test.py : INFO  === Evaluation Finished === 
 Fitness: [23.465284878674737, -0.0], Collision: False
2025-07-15 Tuesday 11:55:15  random_test.py : INFO  === Evaluate Testcase === 
 def testcase(self):
    ego = NPC(lane_id=3, offset=19.79250677, initial_speed=15.5057376)
    vehicle2 = NPC(lane_id=2, offset=46.78433415, initial_speed=29.22519119)
    vehicle3 = NPC(lane_id=2, offset=24.92899529, initial_speed=13.59537991)
    vehicle2.changeLane(trigger_sequence=1, target_lane=1, target_speed=19.76862315)
    vehicle3.changeLane(trigger_sequence=1, target_lane=3, target_speed=43.40107776)
    vehicle2.changeLane(trigger_sequence=2, target_lane=1, target_speed=52.43395937)
    vehicle3.accelerate(trigger_sequence=2, target_speed=56.93909795)
    vehicle3.changeLane(trigger_sequence=3, target_lane=1, target_speed=24.75853321)
    vehicle2.changeLane(trigger_sequence=5, target_lane=3, target_speed=18.16793912)
    vehicle3.accelerate(trigger_sequence=5, target_speed=54.78396427)

2025-07-15 Tuesday 11:55:15  random_test.py : INFO  === Evaluation Finished === 
 Fitness: [3.5016181027890374, -0.0], Collision: False
2025-07-15 Tuesday 11:55:21  random_test.py : INFO  === Evaluate Testcase === 
 def testcase(self):
    vehicle1 = NPC(lane_id=2, offset=41.25732148, initial_speed=28.47438476)
    ego = NPC(lane_id=5, offset=43.33148448, initial_speed=26.40084048)
    vehicle1.changeLane(trigger_sequence=2, target_lane=3, target_speed=19.43999363)
    vehicle1.changeLane(trigger_sequence=3, target_lane=1, target_speed=43.7154828)
    vehicle1.accelerate(trigger_sequence=4, target_speed=51.48362376)
    vehicle1.changeLane(trigger_sequence=5, target_lane=3, target_speed=1.680915)

2025-07-15 Tuesday 11:55:21  random_test.py : INFO  === Evaluation Finished === 
 Fitness: [10.743355875339683, -0.0], Collision: False
2025-07-15 Tuesday 11:55:26  random_test.py : INFO  === Evaluate Testcase === 
 def testcase(self):
    vehicle1 = NPC(lane_id=1, offset=14.1347599, initial_speed=7.88958974)
    ego = NPC(lane_id=4, offset=38.84207476, initial_speed=24.6319691)
    vehicle1.decelerate(trigger_sequence=1, target_speed=25.14667971)
    vehicle1.changeLane(trigger_sequence=3, target_lane=3, target_speed=37.26624749)
    vehicle1.accelerate(trigger_sequence=4, target_speed=45.15505357)

2025-07-15 Tuesday 11:55:26  random_test.py : INFO  === Evaluation Finished === 
 Fitness: [27.688525103300382, -0.0], Collision: False
2025-07-15 Tuesday 11:55:30  random_test.py : INFO  === Evaluate Testcase === 
 def testcase(self):
    vehicle1 = NPC(lane_id=5, offset=44.15238238, initial_speed=5.88335126)
    vehicle2 = NPC(lane_id=4, offset=25.9951399, initial_speed=35.80154479)
    ego = NPC(lane_id=5, offset=45.92050317, initial_speed=38.8024493)
    vehicle4 = NPC(lane_id=1, offset=35.51481391, initial_speed=14.35053657)
    vehicle1.accelerate(trigger_sequence=1, target_speed=31.1020416)
    vehicle2.accelerate(trigger_sequence=1, target_speed=35.08532986)
    vehicle4.accelerate(trigger_sequence=1, target_speed=45.1941609)
    vehicle2.accelerate(trigger_sequence=2, target_speed=41.65831494)
    vehicle4.decelerate(trigger_sequence=2, target_speed=0.15633214)
    vehicle2.accelerate(trigger_sequence=3, target_speed=37.20637358)
    vehicle4.changeLane(trigger_sequence=3, target_lane=1, target_speed=16.06003617)
    vehicle2.decelerate(trigger_sequence=5, target_speed=28.21049323)

2025-07-15 Tuesday 11:55:30  random_test.py : INFO  === Evaluation Finished === 
 Fitness: [inf, 0], Collision: False
2025-07-15 Tuesday 11:55:33  simulate.py : INFO  Rear-end collision with vehicle 1685 ignored
2025-07-15 Tuesday 11:55:35  random_test.py : INFO  === Evaluate Testcase === 
 def testcase(self):
    vehicle1 = NPC(lane_id=3, offset=0.05916377, initial_speed=35.77916652)
    vehicle2 = NPC(lane_id=2, offset=10.15036356, initial_speed=20.19091734)
    ego = NPC(lane_id=3, offset=11.69631017, initial_speed=5.27334665)
    vehicle4 = NPC(lane_id=5, offset=38.56578064, initial_speed=10.37321215)
    vehicle1.changeLane(trigger_sequence=1, target_lane=1, target_speed=36.25581041)
    vehicle4.accelerate(trigger_sequence=1, target_speed=38.86178258)
    vehicle2.changeLane(trigger_sequence=3, target_lane=3, target_speed=24.12205031)
    vehicle4.accelerate(trigger_sequence=3, target_speed=54.30543466)
    vehicle4.decelerate(trigger_sequence=4, target_speed=17.53762952)
    vehicle1.accelerate(trigger_sequence=5, target_speed=43.27659373)
    vehicle4.changeLane(trigger_sequence=5, target_lane=3, target_speed=28.81860477)

2025-07-15 Tuesday 11:55:35  random_test.py : INFO  === Evaluation Finished === 
 Fitness: [3.49275561013088, -0.005865102639296188], Collision: False
2025-07-15 Tuesday 11:55:40  simulate.py : INFO  Rear-end collision with vehicle 1691 ignored
2025-07-15 Tuesday 11:55:41  random_test.py : INFO  === Evaluate Testcase === 
 def testcase(self):
    ego = NPC(lane_id=2, offset=35.88715198, initial_speed=16.9980527)
    vehicle2 = NPC(lane_id=4, offset=18.17216839, initial_speed=23.07866493)
    vehicle3 = NPC(lane_id=2, offset=27.81146067, initial_speed=31.02906122)
    vehicle3.accelerate(trigger_sequence=2, target_speed=41.00905115)
    vehicle2.accelerate(trigger_sequence=3, target_speed=37.12107752)
    vehicle3.accelerate(trigger_sequence=3, target_speed=56.25618293)
    vehicle3.changeLane(trigger_sequence=4, target_lane=3, target_speed=28.87556881)
    vehicle2.changeLane(trigger_sequence=5, target_lane=1, target_speed=7.03219351)

2025-07-15 Tuesday 11:55:41  random_test.py : INFO  === Evaluation Finished === 
 Fitness: [4.744890881238179, -0.0], Collision: False
2025-07-15 Tuesday 11:55:44  simulate.py : INFO  Rear-end collision with vehicle 1695 ignored
2025-07-15 Tuesday 11:55:46  random_test.py : INFO  === Evaluate Testcase === 
 def testcase(self):
    vehicle1 = NPC(lane_id=1, offset=40.4502338, initial_speed=25.28409422)
    ego = NPC(lane_id=4, offset=21.48719304, initial_speed=26.88107151)
    vehicle3 = NPC(lane_id=4, offset=15.83748512, initial_speed=35.6253505)
    vehicle4 = NPC(lane_id=5, offset=47.90065939, initial_speed=27.46111451)
    vehicle1.accelerate(trigger_sequence=1, target_speed=58.89689219)
    vehicle3.accelerate(trigger_sequence=1, target_speed=34.49699129)
    vehicle3.accelerate(trigger_sequence=2, target_speed=50.55468261)
    vehicle1.decelerate(trigger_sequence=3, target_speed=12.39267018)
    vehicle3.decelerate(trigger_sequence=3, target_speed=23.06429866)
    vehicle1.changeLane(trigger_sequence=4, target_lane=3, target_speed=52.58088338)
    vehicle3.decelerate(trigger_sequence=4, target_speed=27.49738501)
    vehicle3.changeLane(trigger_sequence=5, target_lane=3, target_speed=1.17290321)
    vehicle4.accelerate(trigger_sequence=5, target_speed=36.4408631)

2025-07-15 Tuesday 11:55:46  random_test.py : INFO  === Evaluation Finished === 
 Fitness: [3.501026462122175, -0.0], Collision: False
2025-07-15 Tuesday 11:55:52  random_test.py : INFO  === Evaluate Testcase === 
 def testcase(self):
    vehicle1 = NPC(lane_id=2, offset=41.27805166, initial_speed=7.08986237)
    ego = NPC(lane_id=3, offset=48.76085146, initial_speed=6.54702222)
    vehicle3 = NPC(lane_id=5, offset=39.90622967, initial_speed=19.14185885)
    vehicle1.accelerate(trigger_sequence=1, target_speed=53.88631904)
    vehicle1.changeLane(trigger_sequence=2, target_lane=1, target_speed=8.20628857)
    vehicle1.accelerate(trigger_sequence=3, target_speed=44.52719181)
    vehicle1.decelerate(trigger_sequence=4, target_speed=4.68013302)
    vehicle3.changeLane(trigger_sequence=4, target_lane=1, target_speed=19.84867194)
    vehicle1.decelerate(trigger_sequence=5, target_speed=18.89174206)

2025-07-15 Tuesday 11:55:52  random_test.py : INFO  === Evaluation Finished === 
 Fitness: [8.336110429505721, -0.0], Collision: False
2025-07-15 Tuesday 11:55:57  random_test.py : INFO  === Evaluate Testcase === 
 def testcase(self):
    vehicle1 = NPC(lane_id=4, offset=46.40818476, initial_speed=3.11484152)
    vehicle2 = NPC(lane_id=2, offset=42.35867811, initial_speed=33.10987533)
    ego = NPC(lane_id=3, offset=12.34212382, initial_speed=35.64726174)
    vehicle4 = NPC(lane_id=2, offset=14.4808243, initial_speed=12.71689986)
    vehicle1.decelerate(trigger_sequence=1, target_speed=21.10938632)
    vehicle2.decelerate(trigger_sequence=1, target_speed=10.82596707)
    vehicle4.decelerate(trigger_sequence=1, target_speed=20.99877005)
    vehicle1.accelerate(trigger_sequence=2, target_speed=46.81922038)
    vehicle4.accelerate(trigger_sequence=2, target_speed=30.59816454)
    vehicle1.accelerate(trigger_sequence=3, target_speed=35.84907525)
    vehicle2.decelerate(trigger_sequence=3, target_speed=17.33587626)
    vehicle4.accelerate(trigger_sequence=3, target_speed=54.22753721)
    vehicle1.changeLane(trigger_sequence=4, target_lane=1, target_speed=43.86225576)
    vehicle2.accelerate(trigger_sequence=4, target_speed=44.34845013)
    vehicle4.changeLane(trigger_sequence=4, target_lane=1, target_speed=2.284238)

2025-07-15 Tuesday 11:55:57  random_test.py : INFO  === Evaluation Finished === 
 Fitness: [3.495285848096139, -0.0], Collision: False
2025-07-15 Tuesday 11:56:02  random_test.py : INFO  === Evaluate Testcase === 
 def testcase(self):
    vehicle1 = NPC(lane_id=1, offset=26.41432496, initial_speed=9.18466217)
    ego = NPC(lane_id=3, offset=47.8230971, initial_speed=8.5636025)
    vehicle1.changeLane(trigger_sequence=2, target_lane=1, target_speed=20.56372758)
    vehicle1.decelerate(trigger_sequence=3, target_speed=15.22173439)
    vehicle1.changeLane(trigger_sequence=4, target_lane=1, target_speed=56.66614869)
    vehicle1.changeLane(trigger_sequence=5, target_lane=3, target_speed=8.5998007)

2025-07-15 Tuesday 11:56:02  random_test.py : INFO  === Evaluation Finished === 
 Fitness: [22.651660992222183, -0.002857142857142857], Collision: False
2025-07-15 Tuesday 11:56:07  random_test.py : INFO  === Evaluate Testcase === 
 def testcase(self):
    vehicle1 = NPC(lane_id=2, offset=38.1477376, initial_speed=18.1519382)
    vehicle2 = NPC(lane_id=2, offset=5.68629182, initial_speed=15.79531949)
    ego = NPC(lane_id=1, offset=47.30628183, initial_speed=31.99629582)
    vehicle1.decelerate(trigger_sequence=2, target_speed=21.91289744)
    vehicle1.accelerate(trigger_sequence=3, target_speed=45.36358315)
    vehicle2.decelerate(trigger_sequence=3, target_speed=17.61022494)
    vehicle2.accelerate(trigger_sequence=4, target_speed=44.77073905)
    vehicle1.accelerate(trigger_sequence=5, target_speed=36.47646446)
    vehicle2.decelerate(trigger_sequence=5, target_speed=19.76304167)

2025-07-15 Tuesday 11:56:07  random_test.py : INFO  === Evaluation Finished === 
 Fitness: [11.005938721678476, -0.0], Collision: False
2025-07-15 Tuesday 11:56:13  random_test.py : INFO  === Evaluate Testcase === 
 def testcase(self):
    vehicle1 = NPC(lane_id=5, offset=48.42992773, initial_speed=22.05206152)
    ego = NPC(lane_id=3, offset=49.52131599, initial_speed=39.93358978)
    vehicle3 = NPC(lane_id=5, offset=24.236042, initial_speed=10.39149936)
    vehicle1.accelerate(trigger_sequence=1, target_speed=34.15977794)
    vehicle3.changeLane(trigger_sequence=1, target_lane=3, target_speed=11.81097616)
    vehicle1.accelerate(trigger_sequence=3, target_speed=34.50678711)
    vehicle1.decelerate(trigger_sequence=5, target_speed=18.87955584)

2025-07-15 Tuesday 11:56:13  random_test.py : INFO  === Evaluation Finished === 
 Fitness: [7.509497229684896, -0.0], Collision: False
2025-07-15 Tuesday 11:56:18  random_test.py : INFO  === Evaluate Testcase === 
 def testcase(self):
    vehicle1 = NPC(lane_id=5, offset=32.83423762, initial_speed=5.8117555)
    ego = NPC(lane_id=2, offset=10.71564687, initial_speed=37.39825646)
    vehicle1.accelerate(trigger_sequence=2, target_speed=44.18495714)
    vehicle1.changeLane(trigger_sequence=4, target_lane=3, target_speed=55.35411495)
    vehicle1.decelerate(trigger_sequence=5, target_speed=6.59427596)

2025-07-15 Tuesday 11:56:18  random_test.py : INFO  === Evaluation Finished === 
 Fitness: [7.453637613118725, -0.0], Collision: False
2025-07-15 Tuesday 11:56:23  random_test.py : INFO  === Evaluate Testcase === 
 def testcase(self):
    ego = NPC(lane_id=1, offset=13.47676435, initial_speed=2.85639827)
    vehicle2 = NPC(lane_id=2, offset=49.53492174, initial_speed=32.80434955)
    vehicle3 = NPC(lane_id=3, offset=25.20756012, initial_speed=4.36990636)
    vehicle3.changeLane(trigger_sequence=2, target_lane=3, target_speed=11.48024239)
    vehicle2.decelerate(trigger_sequence=4, target_speed=15.88818247)
    vehicle3.decelerate(trigger_sequence=4, target_speed=27.25758483)
    vehicle2.decelerate(trigger_sequence=5, target_speed=13.44067811)

2025-07-15 Tuesday 11:56:23  random_test.py : INFO  === Evaluation Finished === 
 Fitness: [3.5019664373546373, -0.0], Collision: False
2025-07-15 Tuesday 11:56:29  random_test.py : INFO  === Evaluate Testcase === 
 def testcase(self):
    ego = NPC(lane_id=5, offset=18.94711146, initial_speed=28.7584682)
    vehicle2 = NPC(lane_id=2, offset=49.07752362, initial_speed=4.66043039)
    vehicle3 = NPC(lane_id=4, offset=5.24472949, initial_speed=10.32277172)
    vehicle2.accelerate(trigger_sequence=3, target_speed=31.3039683)
    vehicle3.changeLane(trigger_sequence=3, target_lane=1, target_speed=39.08491051)
    vehicle2.accelerate(trigger_sequence=5, target_speed=48.82994151)
    vehicle3.changeLane(trigger_sequence=5, target_lane=1, target_speed=18.03693106)

2025-07-15 Tuesday 11:56:29  random_test.py : INFO  === Evaluation Finished === 
 Fitness: [10.50042152572039, -0.0], Collision: False
2025-07-15 Tuesday 11:56:34  random_test.py : INFO  === Evaluate Testcase === 
 def testcase(self):
    ego = NPC(lane_id=4, offset=2.10184756, initial_speed=18.90794597)
    vehicle2 = NPC(lane_id=5, offset=13.41378601, initial_speed=30.3271432)
    vehicle2.decelerate(trigger_sequence=2, target_speed=29.11633057)
    vehicle2.decelerate(trigger_sequence=4, target_speed=10.45693896)

2025-07-15 Tuesday 11:56:34  random_test.py : INFO  === Evaluation Finished === 
 Fitness: [3.5011714169812014, -0.0], Collision: False
2025-07-15 Tuesday 11:56:40  random_test.py : INFO  === Evaluate Testcase === 
 def testcase(self):
    vehicle1 = NPC(lane_id=3, offset=38.48395932, initial_speed=12.69071044)
    vehicle2 = NPC(lane_id=5, offset=41.39058102, initial_speed=20.44118547)
    ego = NPC(lane_id=1, offset=20.22414569, initial_speed=14.38182233)
    vehicle4 = NPC(lane_id=4, offset=24.77097457, initial_speed=25.23970997)
    vehicle1.changeLane(trigger_sequence=1, target_lane=1, target_speed=15.17291989)
    vehicle1.accelerate(trigger_sequence=2, target_speed=41.61271542)
    vehicle4.decelerate(trigger_sequence=2, target_speed=18.63321205)
    vehicle2.decelerate(trigger_sequence=3, target_speed=5.02999095)
    vehicle4.changeLane(trigger_sequence=3, target_lane=3, target_speed=35.97459867)
    vehicle1.decelerate(trigger_sequence=4, target_speed=6.67274673)
    vehicle2.accelerate(trigger_sequence=5, target_speed=50.07603489)

2025-07-15 Tuesday 11:56:40  random_test.py : INFO  === Evaluation Finished === 
 Fitness: [7.000003888703069, -0.0], Collision: False
2025-07-15 Tuesday 11:56:45  random_test.py : INFO  === Evaluate Testcase === 
 def testcase(self):
    vehicle1 = NPC(lane_id=5, offset=1.28513427, initial_speed=19.37199378)
    vehicle2 = NPC(lane_id=2, offset=4.97019677, initial_speed=39.28105923)
    ego = NPC(lane_id=1, offset=48.67669969, initial_speed=4.187025)
    vehicle1.accelerate(trigger_sequence=1, target_speed=32.88077216)
    vehicle2.changeLane(trigger_sequence=1, target_lane=3, target_speed=20.62052412)
    vehicle2.decelerate(trigger_sequence=2, target_speed=6.2592685)
    vehicle1.accelerate(trigger_sequence=3, target_speed=47.07577251)
    vehicle1.decelerate(trigger_sequence=4, target_speed=16.7555152)
    vehicle2.accelerate(trigger_sequence=4, target_speed=57.77501804)

2025-07-15 Tuesday 11:56:45  random_test.py : INFO  === Evaluation Finished === 
 Fitness: [30.165649223577134, -0.0], Collision: False
2025-07-15 Tuesday 11:56:50  random_test.py : INFO  === Evaluate Testcase === 
 def testcase(self):
    vehicle1 = NPC(lane_id=4, offset=37.58632141, initial_speed=6.44780583)
    vehicle2 = NPC(lane_id=5, offset=31.31440936, initial_speed=35.01926778)
    ego = NPC(lane_id=1, offset=30.14999037, initial_speed=8.82875307)
    vehicle2.accelerate(trigger_sequence=2, target_speed=55.79802549)
    vehicle1.decelerate(trigger_sequence=3, target_speed=26.83664136)
    vehicle1.accelerate(trigger_sequence=4, target_speed=50.0447751)
    vehicle1.changeLane(trigger_sequence=5, target_lane=3, target_speed=3.50858442)

2025-07-15 Tuesday 11:56:50  random_test.py : INFO  === Evaluation Finished === 
 Fitness: [10.500012492989185, -0.0], Collision: False
2025-07-15 Tuesday 11:56:54  random_test.py : INFO  === Evaluate Testcase === 
 def testcase(self):
    ego = NPC(lane_id=5, offset=17.71348348, initial_speed=18.3474329)
    vehicle2 = NPC(lane_id=5, offset=16.39067978, initial_speed=14.06760996)
    vehicle2.decelerate(trigger_sequence=1, target_speed=22.76608877)
    vehicle2.accelerate(trigger_sequence=3, target_speed=57.90226778)
    vehicle2.changeLane(trigger_sequence=4, target_lane=3, target_speed=27.91385118)
    vehicle2.accelerate(trigger_sequence=5, target_speed=46.72936697)

2025-07-15 Tuesday 11:56:54  random_test.py : INFO  === Evaluation Finished === 
 Fitness: [inf, 0], Collision: False
2025-07-15 Tuesday 11:56:58  random_test.py : INFO  === Evaluate Testcase === 
 def testcase(self):
    ego = NPC(lane_id=5, offset=2.81925199, initial_speed=36.14801303)
    vehicle2 = NPC(lane_id=1, offset=9.47600321, initial_speed=4.91044796)
    vehicle3 = NPC(lane_id=5, offset=0.15992448, initial_speed=27.08761303)
    vehicle4 = NPC(lane_id=3, offset=44.30781833, initial_speed=20.07873716)
    vehicle2.changeLane(trigger_sequence=1, target_lane=1, target_speed=54.70409023)
    vehicle3.accelerate(trigger_sequence=1, target_speed=52.48423774)
    vehicle3.changeLane(trigger_sequence=2, target_lane=1, target_speed=4.70054254)
    vehicle4.accelerate(trigger_sequence=2, target_speed=39.97709534)
    vehicle3.changeLane(trigger_sequence=3, target_lane=1, target_speed=44.23456313)
    vehicle4.accelerate(trigger_sequence=3, target_speed=52.66291617)
    vehicle3.changeLane(trigger_sequence=5, target_lane=3, target_speed=42.15839885)
    vehicle4.decelerate(trigger_sequence=5, target_speed=3.88887266)

2025-07-15 Tuesday 11:56:58  random_test.py : INFO  === Evaluation Finished === 
 Fitness: [inf, 0], Collision: False
2025-07-15 Tuesday 11:57:02  random_test.py : INFO  === Evaluate Testcase === 
 def testcase(self):
    vehicle1 = NPC(lane_id=3, offset=45.29167601, initial_speed=32.63937623)
    vehicle2 = NPC(lane_id=2, offset=6.65844197, initial_speed=38.29587009)
    ego = NPC(lane_id=2, offset=6.58365724, initial_speed=4.64361023)
    vehicle2.accelerate(trigger_sequence=1, target_speed=45.19012495)
    vehicle1.decelerate(trigger_sequence=2, target_speed=28.59566698)
    vehicle1.changeLane(trigger_sequence=4, target_lane=1, target_speed=50.37242937)
    vehicle1.changeLane(trigger_sequence=5, target_lane=1, target_speed=15.20379408)
    vehicle2.accelerate(trigger_sequence=5, target_speed=32.95935388)

2025-07-15 Tuesday 11:57:02  random_test.py : INFO  === Evaluation Finished === 
 Fitness: [inf, 0], Collision: False
2025-07-15 Tuesday 11:57:08  random_test.py : INFO  === Evaluate Testcase === 
 def testcase(self):
    vehicle1 = NPC(lane_id=2, offset=29.97173213, initial_speed=21.37635894)
    vehicle2 = NPC(lane_id=1, offset=25.75860385, initial_speed=30.90706601)
    ego = NPC(lane_id=2, offset=34.70786454, initial_speed=23.28733941)
    vehicle1.changeLane(trigger_sequence=1, target_lane=1, target_speed=35.72116552)
    vehicle2.accelerate(trigger_sequence=1, target_speed=58.94807309)
    vehicle2.decelerate(trigger_sequence=2, target_speed=2.90387051)
    vehicle1.decelerate(trigger_sequence=3, target_speed=23.27343686)
    vehicle2.decelerate(trigger_sequence=3, target_speed=3.83651908)
    vehicle1.decelerate(trigger_sequence=4, target_speed=17.19108502)
    vehicle2.changeLane(trigger_sequence=5, target_lane=1, target_speed=49.10889379)

2025-07-15 Tuesday 11:57:08  random_test.py : INFO  === Evaluation Finished === 
 Fitness: [3.500341169572039, -0.0], Collision: False
2025-07-15 Tuesday 11:57:12  random_test.py : INFO  === Evaluate Testcase === 
 def testcase(self):
    ego = NPC(lane_id=3, offset=22.88807274, initial_speed=28.13547688)
    vehicle2 = NPC(lane_id=3, offset=24.46694513, initial_speed=20.65629964)
    vehicle3 = NPC(lane_id=1, offset=4.41643711, initial_speed=19.26302511)
    vehicle4 = NPC(lane_id=4, offset=1.36253018, initial_speed=37.29272902)
    vehicle3.decelerate(trigger_sequence=2, target_speed=16.69545519)
    vehicle4.decelerate(trigger_sequence=2, target_speed=29.13318041)
    vehicle3.changeLane(trigger_sequence=3, target_lane=1, target_speed=23.15470544)
    vehicle2.changeLane(trigger_sequence=4, target_lane=3, target_speed=22.56818921)
    vehicle2.accelerate(trigger_sequence=5, target_speed=37.49480278)
    vehicle3.accelerate(trigger_sequence=5, target_speed=30.33056071)
    vehicle4.accelerate(trigger_sequence=5, target_speed=56.98212443)

2025-07-15 Tuesday 11:57:12  random_test.py : INFO  === Evaluation Finished === 
 Fitness: [inf, 0], Collision: False
2025-07-15 Tuesday 11:57:17  random_test.py : INFO  === Evaluate Testcase === 
 def testcase(self):
    vehicle1 = NPC(lane_id=4, offset=19.41283263, initial_speed=30.59107896)
    vehicle2 = NPC(lane_id=2, offset=9.78959061, initial_speed=20.53932923)
    ego = NPC(lane_id=3, offset=0.64993167, initial_speed=8.53874466)
    vehicle1.decelerate(trigger_sequence=1, target_speed=20.62372052)
    vehicle1.accelerate(trigger_sequence=2, target_speed=48.19433224)
    vehicle1.changeLane(trigger_sequence=3, target_lane=3, target_speed=29.58487323)
    vehicle1.changeLane(trigger_sequence=5, target_lane=3, target_speed=50.02208451)
    vehicle2.changeLane(trigger_sequence=5, target_lane=1, target_speed=13.18187352)

2025-07-15 Tuesday 11:57:17  random_test.py : INFO  === Evaluation Finished === 
 Fitness: [3.500206155518318, -0.0], Collision: False
2025-07-15 Tuesday 11:57:23  random_test.py : INFO  === Evaluate Testcase === 
 def testcase(self):
    ego = NPC(lane_id=4, offset=48.30041205, initial_speed=31.38619828)
    vehicle2 = NPC(lane_id=1, offset=30.06338469, initial_speed=8.83243839)
    vehicle3 = NPC(lane_id=2, offset=26.88276674, initial_speed=4.53855073)
    vehicle4 = NPC(lane_id=2, offset=38.02253603, initial_speed=15.44014129)
    vehicle3.changeLane(trigger_sequence=1, target_lane=1, target_speed=0.56444144)
    vehicle2.decelerate(trigger_sequence=2, target_speed=23.41663348)
    vehicle4.changeLane(trigger_sequence=2, target_lane=1, target_speed=49.12072304)
    vehicle3.changeLane(trigger_sequence=3, target_lane=1, target_speed=54.14213842)
    vehicle4.decelerate(trigger_sequence=3, target_speed=18.18931111)
    vehicle2.decelerate(trigger_sequence=5, target_speed=20.22880089)
    vehicle3.decelerate(trigger_sequence=5, target_speed=3.3935753)

2025-07-15 Tuesday 11:57:23  random_test.py : INFO  === Evaluation Finished === 
 Fitness: [14.09841269260173, -0.0], Collision: False
2025-07-15 Tuesday 11:57:28  random_test.py : INFO  === Evaluate Testcase === 
 def testcase(self):
    vehicle1 = NPC(lane_id=1, offset=10.08705633, initial_speed=30.62212979)
    vehicle2 = NPC(lane_id=2, offset=5.80990855, initial_speed=32.58926535)
    ego = NPC(lane_id=2, offset=36.98058134, initial_speed=32.1407932)
    vehicle2.accelerate(trigger_sequence=1, target_speed=31.24113535)
    vehicle1.accelerate(trigger_sequence=2, target_speed=40.12494733)
    vehicle2.changeLane(trigger_sequence=2, target_lane=3, target_speed=57.31057177)
    vehicle1.decelerate(trigger_sequence=4, target_speed=3.847329)
    vehicle2.changeLane(trigger_sequence=5, target_lane=1, target_speed=47.4546859)

2025-07-15 Tuesday 11:57:28  random_test.py : INFO  === Evaluation Finished === 
 Fitness: [18.26715760314555, -0.0], Collision: False
2025-07-15 Tuesday 11:57:32  random_test.py : INFO  === Evaluate Testcase === 
 def testcase(self):
    vehicle1 = NPC(lane_id=2, offset=12.87431757, initial_speed=17.01651151)
    vehicle2 = NPC(lane_id=1, offset=10.62945109, initial_speed=19.15512404)
    ego = NPC(lane_id=1, offset=5.88112834, initial_speed=38.65595331)
    vehicle4 = NPC(lane_id=5, offset=30.79508001, initial_speed=1.3298848)
    vehicle4.changeLane(trigger_sequence=1, target_lane=3, target_speed=34.92517833)
    vehicle1.accelerate(trigger_sequence=2, target_speed=56.75465448)
    vehicle2.changeLane(trigger_sequence=2, target_lane=1, target_speed=57.6013149)
    vehicle4.decelerate(trigger_sequence=4, target_speed=19.05305031)
    vehicle1.decelerate(trigger_sequence=5, target_speed=28.20801333)
    vehicle4.changeLane(trigger_sequence=5, target_lane=1, target_speed=21.86693589)

2025-07-15 Tuesday 11:57:32  random_test.py : INFO  === Evaluation Finished === 
 Fitness: [inf, 0], Collision: False
2025-07-15 Tuesday 11:57:36  random_test.py : INFO  === Evaluate Testcase === 
 def testcase(self):
    ego = NPC(lane_id=2, offset=28.38012007, initial_speed=10.30481068)
    vehicle2 = NPC(lane_id=2, offset=24.90417628, initial_speed=20.53482225)
    vehicle3 = NPC(lane_id=5, offset=32.19591635, initial_speed=20.62659197)
    vehicle4 = NPC(lane_id=5, offset=3.35555512, initial_speed=16.1356774)
    vehicle2.decelerate(trigger_sequence=1, target_speed=27.35991271)
    vehicle4.changeLane(trigger_sequence=1, target_lane=1, target_speed=23.83718013)
    vehicle2.accelerate(trigger_sequence=2, target_speed=33.5555181)
    vehicle3.accelerate(trigger_sequence=2, target_speed=42.09506394)
    vehicle4.accelerate(trigger_sequence=2, target_speed=34.71559184)
    vehicle2.changeLane(trigger_sequence=4, target_lane=3, target_speed=58.65252158)
    vehicle4.accelerate(trigger_sequence=4, target_speed=46.76477116)
    vehicle3.accelerate(trigger_sequence=5, target_speed=59.54763307)

2025-07-15 Tuesday 11:57:36  random_test.py : INFO  === Evaluation Finished === 
 Fitness: [inf, 0], Collision: False
2025-07-15 Tuesday 11:57:41  random_test.py : INFO  === Evaluate Testcase === 
 def testcase(self):
    vehicle1 = NPC(lane_id=2, offset=32.90744512, initial_speed=28.67106767)
    ego = NPC(lane_id=5, offset=46.38860493, initial_speed=33.01176332)
    vehicle1.accelerate(trigger_sequence=1, target_speed=30.24311777)
    vehicle1.accelerate(trigger_sequence=2, target_speed=38.27531782)
    vehicle1.changeLane(trigger_sequence=4, target_lane=3, target_speed=49.0051504)

2025-07-15 Tuesday 11:57:41  random_test.py : INFO  === Evaluation Finished === 
 Fitness: [6.999959143857051, -0.0], Collision: False
2025-07-15 Tuesday 11:57:46  random_test.py : INFO  === Evaluate Testcase === 
 def testcase(self):
    vehicle1 = NPC(lane_id=2, offset=39.82071002, initial_speed=28.53499996)
    ego = NPC(lane_id=1, offset=10.5761772, initial_speed=4.9475643)
    vehicle1.accelerate(trigger_sequence=2, target_speed=37.13100818)
    vehicle1.changeLane(trigger_sequence=3, target_lane=3, target_speed=47.46077106)
    vehicle1.decelerate(trigger_sequence=4, target_speed=9.27332628)

2025-07-15 Tuesday 11:57:46  random_test.py : INFO  === Evaluation Finished === 
 Fitness: [24.243301612971837, -0.005649717514124294], Collision: False
2025-07-15 Tuesday 11:57:52  random_test.py : INFO  === Evaluate Testcase === 
 def testcase(self):
    vehicle1 = NPC(lane_id=1, offset=16.04614086, initial_speed=26.36818269)
    vehicle2 = NPC(lane_id=1, offset=25.98780793, initial_speed=19.34588407)
    vehicle3 = NPC(lane_id=3, offset=39.73302514, initial_speed=34.44463073)
    ego = NPC(lane_id=5, offset=34.48016614, initial_speed=1.35966985)
    vehicle2.decelerate(trigger_sequence=2, target_speed=28.28801999)
    vehicle3.changeLane(trigger_sequence=2, target_lane=1, target_speed=52.09801629)
    vehicle2.accelerate(trigger_sequence=3, target_speed=30.3176316)
    vehicle2.decelerate(trigger_sequence=4, target_speed=26.90316685)
    vehicle1.accelerate(trigger_sequence=5, target_speed=51.92441788)

2025-07-15 Tuesday 11:57:52  random_test.py : INFO  === Evaluation Finished === 
 Fitness: [8.98023432173296, -0.0], Collision: False
2025-07-15 Tuesday 11:57:57  random_test.py : INFO  === Evaluate Testcase === 
 def testcase(self):
    vehicle1 = NPC(lane_id=5, offset=1.88549811, initial_speed=4.90514233)
    ego = NPC(lane_id=4, offset=25.35367214, initial_speed=5.74412406)
    vehicle3 = NPC(lane_id=1, offset=39.5489685, initial_speed=34.55834076)
    vehicle1.decelerate(trigger_sequence=1, target_speed=25.79530692)
    vehicle3.decelerate(trigger_sequence=1, target_speed=29.13244885)
    vehicle1.decelerate(trigger_sequence=2, target_speed=18.2123626)
    vehicle1.accelerate(trigger_sequence=3, target_speed=38.2642524)
    vehicle1.decelerate(trigger_sequence=5, target_speed=21.30705474)

2025-07-15 Tuesday 11:57:57  random_test.py : INFO  === Evaluation Finished === 
 Fitness: [10.506653147594005, -0.0], Collision: False
2025-07-15 Tuesday 11:58:03  random_test.py : INFO  === Evaluate Testcase === 
 def testcase(self):
    vehicle1 = NPC(lane_id=2, offset=23.2482383, initial_speed=23.74341192)
    vehicle2 = NPC(lane_id=2, offset=6.59299934, initial_speed=11.5354389)
    ego = NPC(lane_id=5, offset=10.37984827, initial_speed=9.28583213)
    vehicle4 = NPC(lane_id=1, offset=6.35551315, initial_speed=37.04881441)
    vehicle2.changeLane(trigger_sequence=1, target_lane=1, target_speed=7.45496045)
    vehicle4.accelerate(trigger_sequence=1, target_speed=59.36740851)
    vehicle1.changeLane(trigger_sequence=2, target_lane=1, target_speed=20.00073722)
    vehicle2.accelerate(trigger_sequence=2, target_speed=59.85394505)
    vehicle4.decelerate(trigger_sequence=2, target_speed=20.22135865)
    vehicle1.decelerate(trigger_sequence=3, target_speed=8.71199613)
    vehicle4.changeLane(trigger_sequence=3, target_lane=3, target_speed=50.19834658)
    vehicle2.decelerate(trigger_sequence=4, target_speed=3.47819633)

2025-07-15 Tuesday 11:58:03  random_test.py : INFO  === Evaluation Finished === 
 Fitness: [10.499961807411774, -0.0], Collision: False
2025-07-15 Tuesday 11:58:08  random_test.py : INFO  === Evaluate Testcase === 
 def testcase(self):
    ego = NPC(lane_id=2, offset=25.2298531, initial_speed=1.71903059)
    vehicle2 = NPC(lane_id=1, offset=46.12120324, initial_speed=13.77385385)
    vehicle3 = NPC(lane_id=5, offset=40.33406411, initial_speed=11.63789543)

2025-07-15 Tuesday 11:58:08  random_test.py : INFO  === Evaluation Finished === 
 Fitness: [3.5010990353168387, -0.9344729344729344], Collision: False
2025-07-15 Tuesday 11:58:14  random_test.py : INFO  === Evaluate Testcase === 
 def testcase(self):
    vehicle1 = NPC(lane_id=1, offset=18.52692783, initial_speed=14.8915593)
    vehicle2 = NPC(lane_id=2, offset=43.11840251, initial_speed=32.71947367)
    ego = NPC(lane_id=5, offset=30.7725702, initial_speed=5.93847019)
    vehicle4 = NPC(lane_id=4, offset=20.3777028, initial_speed=35.79914077)
    vehicle1.decelerate(trigger_sequence=1, target_speed=9.81572467)
    vehicle2.decelerate(trigger_sequence=4, target_speed=13.71235763)
    vehicle4.accelerate(trigger_sequence=4, target_speed=43.58356065)
    vehicle4.accelerate(trigger_sequence=5, target_speed=47.66772158)

2025-07-15 Tuesday 11:58:14  random_test.py : INFO  === Evaluation Finished === 
 Fitness: [3.4998895297287826, -0.0], Collision: False
2025-07-15 Tuesday 11:58:19  random_test.py : INFO  === Evaluate Testcase === 
 def testcase(self):
    vehicle1 = NPC(lane_id=1, offset=48.99019338, initial_speed=33.46111871)
    ego = NPC(lane_id=2, offset=4.63137233, initial_speed=6.65010486)
    vehicle1.decelerate(trigger_sequence=1, target_speed=19.11516506)
    vehicle1.accelerate(trigger_sequence=2, target_speed=59.44568284)
    vehicle1.decelerate(trigger_sequence=3, target_speed=25.91403311)

2025-07-15 Tuesday 11:58:19  random_test.py : INFO  === Evaluation Finished === 
 Fitness: [31.231889687698235, -0.002840909090909091], Collision: False
2025-07-15 Tuesday 11:58:24  random_test.py : INFO  === Evaluate Testcase === 
 def testcase(self):
    vehicle1 = NPC(lane_id=5, offset=39.54790362, initial_speed=20.37241677)
    ego = NPC(lane_id=2, offset=46.33063372, initial_speed=18.41564564)

2025-07-15 Tuesday 11:58:24  random_test.py : INFO  === Evaluation Finished === 
 Fitness: [12.566163444984035, -0.9446064139941691], Collision: False
2025-07-15 Tuesday 11:58:29  random_test.py : INFO  === Evaluate Testcase === 
 def testcase(self):
    vehicle1 = NPC(lane_id=4, offset=38.36389852, initial_speed=17.8651739)
    ego = NPC(lane_id=3, offset=19.54580234, initial_speed=14.09797691)
    vehicle3 = NPC(lane_id=5, offset=25.10563422, initial_speed=36.33167563)
    vehicle3.decelerate(trigger_sequence=2, target_speed=19.34795438)
    vehicle1.accelerate(trigger_sequence=3, target_speed=48.97778302)
    vehicle3.accelerate(trigger_sequence=4, target_speed=51.9678641)

2025-07-15 Tuesday 11:58:29  random_test.py : INFO  === Evaluation Finished === 
 Fitness: [3.5007504954165163, -0.0], Collision: False
2025-07-15 Tuesday 11:58:34  random_test.py : INFO  === Evaluate Testcase === 
 def testcase(self):
    vehicle1 = NPC(lane_id=1, offset=32.87466933, initial_speed=14.52633001)
    ego = NPC(lane_id=4, offset=6.85274546, initial_speed=18.14620469)
    vehicle1.accelerate(trigger_sequence=1, target_speed=54.12945072)
    vehicle1.decelerate(trigger_sequence=2, target_speed=29.24276983)
    vehicle1.decelerate(trigger_sequence=5, target_speed=15.8067233)

2025-07-15 Tuesday 11:58:34  random_test.py : INFO  === Evaluation Finished === 
 Fitness: [10.499979707991521, -0.0], Collision: False
2025-07-15 Tuesday 11:58:40  random_test.py : INFO  === Evaluate Testcase === 
 def testcase(self):
    ego = NPC(lane_id=4, offset=41.92117973, initial_speed=35.40888629)
    vehicle2 = NPC(lane_id=2, offset=0.51255473, initial_speed=14.38230403)
    vehicle3 = NPC(lane_id=1, offset=29.98061398, initial_speed=3.29272881)
    vehicle4 = NPC(lane_id=5, offset=34.6620633, initial_speed=26.00107132)
    vehicle2.accelerate(trigger_sequence=1, target_speed=36.7598054)
    vehicle3.decelerate(trigger_sequence=1, target_speed=14.64025171)
    vehicle2.accelerate(trigger_sequence=2, target_speed=35.71474169)
    vehicle2.changeLane(trigger_sequence=4, target_lane=1, target_speed=14.25297142)
    vehicle4.changeLane(trigger_sequence=4, target_lane=3, target_speed=58.15713592)
    vehicle2.decelerate(trigger_sequence=5, target_speed=14.41823331)
    vehicle3.changeLane(trigger_sequence=5, target_lane=1, target_speed=3.98005394)

2025-07-15 Tuesday 11:58:40  random_test.py : INFO  === Evaluation Finished === 
 Fitness: [3.5007744756402466, -0.0], Collision: False
2025-07-15 Tuesday 11:58:47  random_test.py : INFO  === Evaluate Testcase === 
 def testcase(self):
    vehicle1 = NPC(lane_id=3, offset=41.90760906, initial_speed=39.57954301)
    ego = NPC(lane_id=2, offset=40.74768141, initial_speed=17.7659159)
    vehicle3 = NPC(lane_id=1, offset=17.70983377, initial_speed=22.82142543)
    vehicle4 = NPC(lane_id=5, offset=25.15165575, initial_speed=24.56176824)
    vehicle1.accelerate(trigger_sequence=1, target_speed=48.70083186)
    vehicle3.changeLane(trigger_sequence=1, target_lane=3, target_speed=1.0076932)
    vehicle4.changeLane(trigger_sequence=3, target_lane=1, target_speed=58.36986869)
    vehicle1.decelerate(trigger_sequence=5, target_speed=14.65709324)

2025-07-15 Tuesday 11:58:47  random_test.py : INFO  === Evaluation Finished === 
 Fitness: [3.5002590881425477, -0.0], Collision: False
2025-07-15 Tuesday 11:58:52  random_test.py : INFO  === Evaluate Testcase === 
 def testcase(self):
    vehicle1 = NPC(lane_id=2, offset=13.8181858, initial_speed=15.43164326)
    ego = NPC(lane_id=3, offset=20.40236162, initial_speed=5.02571696)
    vehicle3 = NPC(lane_id=4, offset=45.06919323, initial_speed=30.45199968)
    vehicle1.changeLane(trigger_sequence=1, target_lane=1, target_speed=35.89483303)
    vehicle3.decelerate(trigger_sequence=1, target_speed=6.13821557)
    vehicle1.changeLane(trigger_sequence=4, target_lane=1, target_speed=15.09509789)

2025-07-15 Tuesday 11:58:52  random_test.py : INFO  === Evaluation Finished === 
 Fitness: [3.500566698300928, -0.0], Collision: False
2025-07-15 Tuesday 11:58:58  random_test.py : INFO  === Evaluate Testcase === 
 def testcase(self):
    vehicle1 = NPC(lane_id=4, offset=24.04972671, initial_speed=1.87463656)
    ego = NPC(lane_id=3, offset=14.008948, initial_speed=19.4631371)
    vehicle3 = NPC(lane_id=2, offset=31.15841021, initial_speed=35.10207742)
    vehicle4 = NPC(lane_id=4, offset=14.00342682, initial_speed=21.02839122)
    vehicle1.decelerate(trigger_sequence=1, target_speed=15.59448969)
    vehicle4.changeLane(trigger_sequence=1, target_lane=3, target_speed=1.7644479)
    vehicle1.decelerate(trigger_sequence=2, target_speed=11.55315062)
    vehicle4.decelerate(trigger_sequence=2, target_speed=18.82572622)
    vehicle1.decelerate(trigger_sequence=3, target_speed=27.50686042)
    vehicle4.decelerate(trigger_sequence=3, target_speed=25.19232149)
    vehicle1.accelerate(trigger_sequence=4, target_speed=42.09769593)
    vehicle4.changeLane(trigger_sequence=4, target_lane=3, target_speed=6.08104775)

2025-07-15 Tuesday 11:58:58  random_test.py : INFO  === Evaluation Finished === 
 Fitness: [3.49936184906341, -0.0058309037900874635], Collision: False
2025-07-15 Tuesday 11:59:02  random_test.py : INFO  === Evaluate Testcase === 
 def testcase(self):
    vehicle1 = NPC(lane_id=2, offset=3.95960759, initial_speed=28.10425806)
    vehicle2 = NPC(lane_id=3, offset=26.52242452, initial_speed=29.03327376)
    vehicle3 = NPC(lane_id=2, offset=5.95798428, initial_speed=33.98091727)
    ego = NPC(lane_id=5, offset=37.85194455, initial_speed=38.48151921)
    vehicle1.accelerate(trigger_sequence=1, target_speed=53.70088629)
    vehicle3.decelerate(trigger_sequence=1, target_speed=22.4923609)
    vehicle2.accelerate(trigger_sequence=3, target_speed=32.4364792)
    vehicle3.decelerate(trigger_sequence=3, target_speed=20.48974521)
    vehicle1.decelerate(trigger_sequence=4, target_speed=28.85832099)
    vehicle3.changeLane(trigger_sequence=4, target_lane=1, target_speed=14.0393488)
    vehicle1.accelerate(trigger_sequence=5, target_speed=50.55878597)
    vehicle3.decelerate(trigger_sequence=5, target_speed=18.69626153)

2025-07-15 Tuesday 11:59:02  random_test.py : INFO  === Evaluation Finished === 
 Fitness: [inf, 0], Collision: False
2025-07-15 Tuesday 11:59:07  random_test.py : INFO  === Evaluate Testcase === 
 def testcase(self):
    vehicle1 = NPC(lane_id=3, offset=2.5315083, initial_speed=29.47106034)
    ego = NPC(lane_id=4, offset=9.03343025, initial_speed=37.45925953)
    vehicle1.changeLane(trigger_sequence=4, target_lane=1, target_speed=36.58337933)
    vehicle1.accelerate(trigger_sequence=5, target_speed=36.43002908)

2025-07-15 Tuesday 11:59:07  random_test.py : INFO  === Evaluation Finished === 
 Fitness: [8.411996406957346, -0.0], Collision: False
2025-07-15 Tuesday 11:59:12  random_test.py : INFO  === Evaluate Testcase === 
 def testcase(self):
    vehicle1 = NPC(lane_id=1, offset=15.86799891, initial_speed=28.03033707)
    ego = NPC(lane_id=4, offset=10.01695852, initial_speed=17.43224486)
    vehicle1.accelerate(trigger_sequence=3, target_speed=46.72355061)
    vehicle1.decelerate(trigger_sequence=4, target_speed=5.38755698)

2025-07-15 Tuesday 11:59:12  random_test.py : INFO  === Evaluation Finished === 
 Fitness: [10.499744374076027, -0.0], Collision: False
2025-07-15 Tuesday 11:59:17  random_test.py : INFO  === Evaluate Testcase === 
 def testcase(self):
    ego = NPC(lane_id=3, offset=44.25412317, initial_speed=16.61260733)
    vehicle2 = NPC(lane_id=3, offset=27.03632929, initial_speed=34.28748754)
    vehicle3 = NPC(lane_id=3, offset=39.54263642, initial_speed=8.06539002)
    vehicle3.decelerate(trigger_sequence=1, target_speed=18.66655019)
    vehicle2.accelerate(trigger_sequence=4, target_speed=42.71634599)
    vehicle2.accelerate(trigger_sequence=5, target_speed=38.47427994)

2025-07-15 Tuesday 11:59:17  random_test.py : INFO  === Evaluation Finished === 
 Fitness: [5.522326486467146, -0.0], Collision: False
2025-07-15 Tuesday 11:59:23  random_test.py : INFO  === Evaluate Testcase === 
 def testcase(self):
    vehicle1 = NPC(lane_id=4, offset=20.84834452, initial_speed=32.89576065)
    vehicle2 = NPC(lane_id=4, offset=39.20272635, initial_speed=27.30827593)
    ego = NPC(lane_id=2, offset=16.08259733, initial_speed=17.99674201)
    vehicle4 = NPC(lane_id=2, offset=38.79759865, initial_speed=16.45002337)
    vehicle2.accelerate(trigger_sequence=1, target_speed=51.84342496)
    vehicle1.accelerate(trigger_sequence=2, target_speed=48.564504)
    vehicle2.accelerate(trigger_sequence=2, target_speed=35.23916451)
    vehicle4.changeLane(trigger_sequence=2, target_lane=1, target_speed=20.58049975)
    vehicle1.changeLane(trigger_sequence=3, target_lane=3, target_speed=8.0541574)
    vehicle2.accelerate(trigger_sequence=3, target_speed=49.57583707)
    vehicle1.decelerate(trigger_sequence=4, target_speed=19.87238302)
    vehicle2.accelerate(trigger_sequence=5, target_speed=53.48411011)
    vehicle4.decelerate(trigger_sequence=5, target_speed=29.18811048)

2025-07-15 Tuesday 11:59:23  random_test.py : INFO  === Evaluation Finished === 
 Fitness: [3.5027264504036206, -0.008771929824561403], Collision: False
2025-07-15 Tuesday 11:59:28  random_test.py : INFO  === Evaluate Testcase === 
 def testcase(self):
    vehicle1 = NPC(lane_id=1, offset=45.61467439, initial_speed=26.65999108)
    ego = NPC(lane_id=2, offset=34.42704034, initial_speed=26.45247597)
    vehicle1.decelerate(trigger_sequence=1, target_speed=5.64329697)
    vehicle1.decelerate(trigger_sequence=3, target_speed=17.21511936)

2025-07-15 Tuesday 11:59:28  random_test.py : INFO  === Evaluation Finished === 
 Fitness: [3.499910176377311, -0.0], Collision: False
2025-07-15 Tuesday 11:59:33  random_test.py : INFO  === Evaluate Testcase === 
 def testcase(self):
    ego = NPC(lane_id=3, offset=13.59528792, initial_speed=24.54224344)
    vehicle2 = NPC(lane_id=4, offset=3.54887469, initial_speed=26.23435143)
    vehicle2.decelerate(trigger_sequence=2, target_speed=24.03985844)
    vehicle2.decelerate(trigger_sequence=3, target_speed=7.84141185)

2025-07-15 Tuesday 11:59:33  random_test.py : INFO  === Evaluation Finished === 
 Fitness: [10.896982450137788, -0.0], Collision: False
2025-07-15 Tuesday 11:59:39  random_test.py : INFO  === Evaluate Testcase === 
 def testcase(self):
    vehicle1 = NPC(lane_id=4, offset=22.98393832, initial_speed=12.21627418)
    ego = NPC(lane_id=2, offset=38.17756777, initial_speed=38.64610785)
    vehicle3 = NPC(lane_id=5, offset=45.70153801, initial_speed=34.25574881)
    vehicle3.accelerate(trigger_sequence=1, target_speed=44.97620907)
    vehicle1.decelerate(trigger_sequence=2, target_speed=27.09519092)
    vehicle3.accelerate(trigger_sequence=2, target_speed=32.14609678)
    vehicle1.decelerate(trigger_sequence=3, target_speed=19.67627189)
    vehicle1.changeLane(trigger_sequence=4, target_lane=3, target_speed=40.15940113)
    vehicle3.accelerate(trigger_sequence=4, target_speed=57.98343088)
    vehicle3.decelerate(trigger_sequence=5, target_speed=20.13334711)

2025-07-15 Tuesday 11:59:39  random_test.py : INFO  === Evaluation Finished === 
 Fitness: [10.501989591772242, -0.0], Collision: False
2025-07-15 Tuesday 11:59:44  random_test.py : INFO  === Evaluate Testcase === 
 def testcase(self):
    ego = NPC(lane_id=4, offset=36.44751667, initial_speed=36.10155955)
    vehicle2 = NPC(lane_id=3, offset=39.07789343, initial_speed=11.09521939)
    vehicle3 = NPC(lane_id=5, offset=18.08546477, initial_speed=32.50095924)
    vehicle2.changeLane(trigger_sequence=1, target_lane=1, target_speed=7.83554483)
    vehicle3.decelerate(trigger_sequence=1, target_speed=4.36414911)
    vehicle2.accelerate(trigger_sequence=2, target_speed=51.21683947)
    vehicle3.accelerate(trigger_sequence=2, target_speed=47.48772382)
    vehicle2.changeLane(trigger_sequence=3, target_lane=1, target_speed=23.62362027)
    vehicle3.changeLane(trigger_sequence=3, target_lane=3, target_speed=45.44558164)
    vehicle2.decelerate(trigger_sequence=4, target_speed=26.18754885)

2025-07-15 Tuesday 11:59:44  random_test.py : INFO  === Evaluation Finished === 
 Fitness: [3.4936708792791893, -0.0], Collision: False
2025-07-15 Tuesday 11:59:50  random_test.py : INFO  === Evaluate Testcase === 
 def testcase(self):
    ego = NPC(lane_id=3, offset=33.56611201, initial_speed=4.65310065)
    vehicle2 = NPC(lane_id=3, offset=11.47998361, initial_speed=4.93531122)
    vehicle3 = NPC(lane_id=4, offset=34.97177572, initial_speed=19.00575322)
    vehicle2.changeLane(trigger_sequence=1, target_lane=1, target_speed=52.20462905)
    vehicle3.decelerate(trigger_sequence=1, target_speed=18.83392155)
    vehicle2.changeLane(trigger_sequence=3, target_lane=1, target_speed=33.03326132)
    vehicle3.changeLane(trigger_sequence=3, target_lane=3, target_speed=24.92213331)
    vehicle2.accelerate(trigger_sequence=4, target_speed=46.6142958)
    vehicle3.accelerate(trigger_sequence=4, target_speed=39.20743376)
    vehicle2.changeLane(trigger_sequence=5, target_lane=3, target_speed=15.13439997)

2025-07-15 Tuesday 11:59:50  random_test.py : INFO  === Evaluation Finished === 
 Fitness: [3.501277629358126, -0.0], Collision: False
2025-07-15 Tuesday 11:59:54  random_test.py : INFO  === Evaluate Testcase === 
 def testcase(self):
    vehicle1 = NPC(lane_id=2, offset=41.25981012, initial_speed=35.04676999)
    vehicle2 = NPC(lane_id=3, offset=36.95914647, initial_speed=4.59289247)
    vehicle3 = NPC(lane_id=3, offset=41.17420827, initial_speed=3.90799607)
    ego = NPC(lane_id=1, offset=44.46635099, initial_speed=5.77378854)
    vehicle1.changeLane(trigger_sequence=1, target_lane=1, target_speed=26.53605923)
    vehicle3.decelerate(trigger_sequence=1, target_speed=21.05929358)
    vehicle1.accelerate(trigger_sequence=3, target_speed=51.06418091)
    vehicle3.accelerate(trigger_sequence=3, target_speed=44.22400165)
    vehicle1.changeLane(trigger_sequence=4, target_lane=1, target_speed=29.66124681)
    vehicle2.decelerate(trigger_sequence=4, target_speed=10.33273933)
    vehicle3.decelerate(trigger_sequence=4, target_speed=16.18131219)
    vehicle1.decelerate(trigger_sequence=5, target_speed=7.66630175)
    vehicle2.decelerate(trigger_sequence=5, target_speed=7.1851817)
    vehicle3.accelerate(trigger_sequence=5, target_speed=50.05018789)

2025-07-15 Tuesday 11:59:54  random_test.py : INFO  === Evaluation Finished === 
 Fitness: [inf, 0], Collision: False
2025-07-15 Tuesday 11:59:59  random_test.py : INFO  === Evaluate Testcase === 
 def testcase(self):
    ego = NPC(lane_id=5, offset=11.54601849, initial_speed=7.79944039)
    vehicle2 = NPC(lane_id=1, offset=23.98343992, initial_speed=18.86068112)
    vehicle2.changeLane(trigger_sequence=1, target_lane=1, target_speed=7.7926493)
    vehicle2.changeLane(trigger_sequence=4, target_lane=3, target_speed=42.37496785)
    vehicle2.changeLane(trigger_sequence=5, target_lane=3, target_speed=31.79911349)

2025-07-15 Tuesday 11:59:59  random_test.py : INFO  === Evaluation Finished === 
 Fitness: [6.999769631774367, -0.002849002849002849], Collision: False
2025-07-15 Tuesday 12:00:04  random_test.py : INFO  === Evaluate Testcase === 
 def testcase(self):
    vehicle1 = NPC(lane_id=3, offset=5.14234731, initial_speed=7.2133139)
    vehicle2 = NPC(lane_id=3, offset=31.48934284, initial_speed=13.61784575)
    ego = NPC(lane_id=2, offset=42.45213734, initial_speed=25.92819976)
    vehicle1.changeLane(trigger_sequence=2, target_lane=3, target_speed=55.37716107)
    vehicle2.accelerate(trigger_sequence=5, target_speed=45.61765388)

2025-07-15 Tuesday 12:00:04  random_test.py : INFO  === Evaluation Finished === 
 Fitness: [12.70798812997344, -0.0], Collision: False
2025-07-15 Tuesday 12:00:09  random_test.py : INFO  === Evaluate Testcase === 
 def testcase(self):
    vehicle1 = NPC(lane_id=3, offset=49.91293024, initial_speed=22.13405623)
    ego = NPC(lane_id=2, offset=44.57141836, initial_speed=16.73422492)
    vehicle1.decelerate(trigger_sequence=1, target_speed=2.31715791)
    vehicle1.accelerate(trigger_sequence=3, target_speed=38.64426535)

2025-07-15 Tuesday 12:00:09  random_test.py : INFO  === Evaluation Finished === 
 Fitness: [3.49949396080382, -0.0], Collision: False
2025-07-15 Tuesday 12:00:16  random_test.py : INFO  === Evaluate Testcase === 
 def testcase(self):
    vehicle1 = NPC(lane_id=2, offset=11.38923641, initial_speed=21.8036271)
    vehicle2 = NPC(lane_id=1, offset=44.8509498, initial_speed=29.23273395)
    vehicle3 = NPC(lane_id=2, offset=30.11560382, initial_speed=29.75588212)
    ego = NPC(lane_id=1, offset=29.5038537, initial_speed=10.27872129)
    vehicle2.decelerate(trigger_sequence=1, target_speed=19.18212738)
    vehicle3.accelerate(trigger_sequence=1, target_speed=42.10478652)
    vehicle2.decelerate(trigger_sequence=2, target_speed=11.67512964)
    vehicle3.accelerate(trigger_sequence=3, target_speed=48.66766475)
    vehicle2.decelerate(trigger_sequence=5, target_speed=17.57802108)
    vehicle3.accelerate(trigger_sequence=5, target_speed=33.75969156)

2025-07-15 Tuesday 12:00:16  random_test.py : INFO  === Evaluation Finished === 
 Fitness: [3.499970808403701, -0.0033613445378151263], Collision: False
2025-07-15 Tuesday 12:00:21  random_test.py : INFO  === Evaluate Testcase === 
 def testcase(self):
    ego = NPC(lane_id=3, offset=45.92805772, initial_speed=0.42480572)
    vehicle2 = NPC(lane_id=4, offset=9.9435758, initial_speed=4.25939311)
    vehicle2.accelerate(trigger_sequence=1, target_speed=58.90262522)
    vehicle2.changeLane(trigger_sequence=3, target_lane=1, target_speed=24.16440678)
    vehicle2.accelerate(trigger_sequence=4, target_speed=52.28134135)
    vehicle2.decelerate(trigger_sequence=5, target_speed=11.85103768)

2025-07-15 Tuesday 12:00:21  random_test.py : INFO  === Evaluation Finished === 
 Fitness: [35.51080032028553, -0.0], Collision: False
2025-07-15 Tuesday 12:00:26  random_test.py : INFO  === Evaluate Testcase === 
 def testcase(self):
    ego = NPC(lane_id=1, offset=26.62227808, initial_speed=17.25437302)
    vehicle2 = NPC(lane_id=3, offset=29.685765, initial_speed=8.47990007)
    vehicle3 = NPC(lane_id=5, offset=38.28501517, initial_speed=14.89824346)
    vehicle3.decelerate(trigger_sequence=1, target_speed=4.97281317)
    vehicle2.decelerate(trigger_sequence=2, target_speed=0.94203631)
    vehicle3.changeLane(trigger_sequence=3, target_lane=3, target_speed=47.31082985)
    vehicle3.accelerate(trigger_sequence=4, target_speed=32.1357664)
    vehicle2.decelerate(trigger_sequence=5, target_speed=16.74289233)

2025-07-15 Tuesday 12:00:26  random_test.py : INFO  === Evaluation Finished === 
 Fitness: [7.006279260423296, -0.0], Collision: False
2025-07-15 Tuesday 12:00:32  random_test.py : INFO  === Evaluate Testcase === 
 def testcase(self):
    vehicle1 = NPC(lane_id=3, offset=36.72229756, initial_speed=35.32226025)
    vehicle2 = NPC(lane_id=1, offset=48.99397007, initial_speed=29.72311462)
    ego = NPC(lane_id=1, offset=10.13619016, initial_speed=32.35042566)
    vehicle4 = NPC(lane_id=1, offset=3.04951874, initial_speed=35.57686491)
    vehicle1.decelerate(trigger_sequence=1, target_speed=21.66501419)
    vehicle4.changeLane(trigger_sequence=2, target_lane=3, target_speed=56.6882151)
    vehicle1.changeLane(trigger_sequence=3, target_lane=1, target_speed=5.12180151)
    vehicle2.decelerate(trigger_sequence=3, target_speed=10.71181986)
    vehicle4.changeLane(trigger_sequence=3, target_lane=3, target_speed=30.66586912)
    vehicle1.changeLane(trigger_sequence=4, target_lane=1, target_speed=22.85814587)
    vehicle2.changeLane(trigger_sequence=5, target_lane=1, target_speed=16.8686924)

2025-07-15 Tuesday 12:00:32  random_test.py : INFO  === Evaluation Finished === 
 Fitness: [3.5032410427437575, -0.00546448087431694], Collision: False
2025-07-15 Tuesday 12:00:38  random_test.py : INFO  === Evaluate Testcase === 
 def testcase(self):
    ego = NPC(lane_id=2, offset=19.38839273, initial_speed=11.12166698)
    vehicle2 = NPC(lane_id=5, offset=34.47098384, initial_speed=16.3582773)
    vehicle2.accelerate(trigger_sequence=2, target_speed=44.97515659)
    vehicle2.changeLane(trigger_sequence=5, target_lane=1, target_speed=19.38575369)

2025-07-15 Tuesday 12:00:38  random_test.py : INFO  === Evaluation Finished === 
 Fitness: [10.500167847389255, -0.0], Collision: False
2025-07-15 Tuesday 12:00:43  random_test.py : INFO  === Evaluate Testcase === 
 def testcase(self):
    ego = NPC(lane_id=2, offset=25.87606846, initial_speed=33.43360481)
    vehicle2 = NPC(lane_id=4, offset=25.01618781, initial_speed=12.11925279)
    vehicle2.accelerate(trigger_sequence=1, target_speed=51.9454733)
    vehicle2.decelerate(trigger_sequence=2, target_speed=13.63500241)
    vehicle2.accelerate(trigger_sequence=3, target_speed=56.03236261)
    vehicle2.changeLane(trigger_sequence=5, target_lane=1, target_speed=7.52832696)

2025-07-15 Tuesday 12:00:43  random_test.py : INFO  === Evaluation Finished === 
 Fitness: [7.312149169203941, -0.0], Collision: False
2025-07-15 Tuesday 12:00:48  random_test.py : INFO  === Evaluate Testcase === 
 def testcase(self):
    vehicle1 = NPC(lane_id=3, offset=12.15606091, initial_speed=35.40211719)
    vehicle2 = NPC(lane_id=1, offset=25.49620859, initial_speed=11.09030115)
    ego = NPC(lane_id=4, offset=8.48573512, initial_speed=32.613019)
    vehicle1.accelerate(trigger_sequence=1, target_speed=43.00445915)
    vehicle2.accelerate(trigger_sequence=2, target_speed=37.196741)
    vehicle1.decelerate(trigger_sequence=3, target_speed=21.08726841)
    vehicle2.changeLane(trigger_sequence=3, target_lane=3, target_speed=49.19008671)
    vehicle1.changeLane(trigger_sequence=4, target_lane=3, target_speed=48.3957033)
    vehicle2.decelerate(trigger_sequence=4, target_speed=6.98458059)

2025-07-15 Tuesday 12:00:48  random_test.py : INFO  === Evaluation Finished === 
 Fitness: [3.49976881634882, -0.0], Collision: False
2025-07-15 Tuesday 12:00:54  random_test.py : INFO  === Evaluate Testcase === 
 def testcase(self):
    vehicle1 = NPC(lane_id=2, offset=46.84757208, initial_speed=24.03604957)
    ego = NPC(lane_id=4, offset=33.567666, initial_speed=6.47020177)
    vehicle3 = NPC(lane_id=3, offset=41.29675998, initial_speed=16.67212755)
    vehicle1.changeLane(trigger_sequence=1, target_lane=1, target_speed=9.43296712)
    vehicle1.decelerate(trigger_sequence=2, target_speed=25.0343845)
    vehicle1.changeLane(trigger_sequence=3, target_lane=3, target_speed=59.80156097)
    vehicle3.changeLane(trigger_sequence=4, target_lane=3, target_speed=5.81217267)
    vehicle3.accelerate(trigger_sequence=5, target_speed=41.6598104)

2025-07-15 Tuesday 12:00:54  random_test.py : INFO  === Evaluation Finished === 
 Fitness: [3.502915154779024, -0.0], Collision: False
2025-07-15 Tuesday 12:00:59  random_test.py : INFO  === Evaluate Testcase === 
 def testcase(self):
    ego = NPC(lane_id=5, offset=2.15521593, initial_speed=32.84111528)
    vehicle2 = NPC(lane_id=2, offset=19.82526568, initial_speed=37.87107532)
    vehicle3 = NPC(lane_id=4, offset=41.88037054, initial_speed=0.88035428)
    vehicle2.accelerate(trigger_sequence=2, target_speed=40.48124946)
    vehicle3.decelerate(trigger_sequence=2, target_speed=2.31998479)
    vehicle2.changeLane(trigger_sequence=3, target_lane=3, target_speed=50.77766424)
    vehicle3.changeLane(trigger_sequence=3, target_lane=1, target_speed=31.45431026)
    vehicle2.changeLane(trigger_sequence=4, target_lane=1, target_speed=30.16633663)
    vehicle3.decelerate(trigger_sequence=4, target_speed=20.34153952)
    vehicle2.accelerate(trigger_sequence=5, target_speed=56.59788586)

2025-07-15 Tuesday 12:00:59  random_test.py : INFO  === Evaluation Finished === 
 Fitness: [3.50845689197271, -0.0], Collision: False
2025-07-15 Tuesday 12:01:05  random_test.py : INFO  === Evaluate Testcase === 
 def testcase(self):
    ego = NPC(lane_id=5, offset=19.82572441, initial_speed=38.4678363)
    vehicle2 = NPC(lane_id=3, offset=40.90450951, initial_speed=10.57086744)
    vehicle2.decelerate(trigger_sequence=4, target_speed=1.61491597)
    vehicle2.accelerate(trigger_sequence=5, target_speed=44.49767415)

2025-07-15 Tuesday 12:01:05  random_test.py : INFO  === Evaluation Finished === 
 Fitness: [7.000119226119009, -0.0], Collision: False
2025-07-15 Tuesday 12:01:10  random_test.py : INFO  === Evaluate Testcase === 
 def testcase(self):
    ego = NPC(lane_id=2, offset=14.93824026, initial_speed=26.38511297)
    vehicle2 = NPC(lane_id=2, offset=22.79936427, initial_speed=4.93962562)
    vehicle2.decelerate(trigger_sequence=2, target_speed=4.84936048)
    vehicle2.changeLane(trigger_sequence=5, target_lane=3, target_speed=59.54502044)

2025-07-15 Tuesday 12:01:10  random_test.py : INFO  === Evaluation Finished === 
 Fitness: [4.773404468821912, -0.004273504273504274], Collision: True
2025-07-15 Tuesday 12:01:10  random_test.py : INFO  === Find a coollision ===
2025-07-15 Tuesday 12:01:15  random_test.py : INFO  === Evaluate Testcase === 
 def testcase(self):
    vehicle1 = NPC(lane_id=2, offset=44.31378699, initial_speed=20.46150992)
    ego = NPC(lane_id=2, offset=22.02213096, initial_speed=36.47744127)
    vehicle3 = NPC(lane_id=1, offset=17.7550188, initial_speed=4.56037063)
    vehicle1.accelerate(trigger_sequence=1, target_speed=49.92352079)
    vehicle3.changeLane(trigger_sequence=1, target_lane=3, target_speed=40.87911863)
    vehicle3.changeLane(trigger_sequence=2, target_lane=3, target_speed=36.89325582)
    vehicle3.decelerate(trigger_sequence=3, target_speed=15.55744758)
    vehicle1.decelerate(trigger_sequence=4, target_speed=6.55048886)
    vehicle3.accelerate(trigger_sequence=4, target_speed=54.7204312)

2025-07-15 Tuesday 12:01:15  random_test.py : INFO  === Evaluation Finished === 
 Fitness: [7.141695790639597, -0.0027100271002710027], Collision: False
2025-07-15 Tuesday 12:01:19  random_test.py : INFO  === Evaluate Testcase === 
 def testcase(self):
    ego = NPC(lane_id=1, offset=24.5250618, initial_speed=30.81833962)
    vehicle2 = NPC(lane_id=1, offset=20.71694358, initial_speed=18.98696228)
    vehicle3 = NPC(lane_id=5, offset=6.27706504, initial_speed=35.42703374)
    vehicle2.decelerate(trigger_sequence=1, target_speed=14.64920921)
    vehicle2.decelerate(trigger_sequence=2, target_speed=21.10179159)
    vehicle3.changeLane(trigger_sequence=3, target_lane=1, target_speed=21.09216708)
    vehicle2.decelerate(trigger_sequence=4, target_speed=17.22579393)
    vehicle2.decelerate(trigger_sequence=5, target_speed=28.87207204)
    vehicle3.changeLane(trigger_sequence=5, target_lane=1, target_speed=6.61800192)

2025-07-15 Tuesday 12:01:19  random_test.py : INFO  === Evaluation Finished === 
 Fitness: [inf, 0], Collision: False
2025-07-15 Tuesday 12:01:25  random_test.py : INFO  === Evaluate Testcase === 
 def testcase(self):
    ego = NPC(lane_id=4, offset=3.96545338, initial_speed=15.00296096)
    vehicle2 = NPC(lane_id=5, offset=45.22654465, initial_speed=12.64809828)
    vehicle2.accelerate(trigger_sequence=2, target_speed=58.83752086)
    vehicle2.accelerate(trigger_sequence=4, target_speed=37.91257578)
    vehicle2.changeLane(trigger_sequence=5, target_lane=3, target_speed=40.78659503)

2025-07-15 Tuesday 12:01:25  random_test.py : INFO  === Evaluation Finished === 
 Fitness: [0.9822355678162221, -0.0], Collision: True
2025-07-15 Tuesday 12:01:25  random_test.py : INFO  === Find a coollision ===
2025-07-15 Tuesday 12:01:31  random_test.py : INFO  === Evaluate Testcase === 
 def testcase(self):
    ego = NPC(lane_id=4, offset=17.95368886, initial_speed=13.92756819)
    vehicle2 = NPC(lane_id=1, offset=4.69227116, initial_speed=23.6435168)
    vehicle3 = NPC(lane_id=5, offset=14.84269258, initial_speed=37.71642097)
    vehicle2.changeLane(trigger_sequence=1, target_lane=1, target_speed=32.02332621)
    vehicle3.decelerate(trigger_sequence=1, target_speed=21.79914183)
    vehicle2.accelerate(trigger_sequence=3, target_speed=43.26132684)
    vehicle3.changeLane(trigger_sequence=3, target_lane=3, target_speed=19.14493683)
    vehicle3.decelerate(trigger_sequence=5, target_speed=25.22730984)
# 1
2025-07-15 Tuesday 12:01:31  random_test.py : INFO  === Evaluation Finished === 
 Fitness: [2.331029171728106, -0.0], Collision: True
2025-07-15 Tuesday 12:01:31  random_test.py : INFO  === Find a collision ===
2025-07-15 Tuesday 12:01:37  random_test.py : INFO  === Evaluate Testcase === 
 def testcase(self):
    vehicle1 = NPC(lane_id=5, offset=7.32366191, initial_speed=14.59725242)
    ego = NPC(lane_id=5, offset=16.12085072, initial_speed=10.52100712)
    vehicle3 = NPC(lane_id=1, offset=30.11452243, initial_speed=27.06462518)
    vehicle4 = NPC(lane_id=1, offset=3.45492193, initial_speed=16.20978665)
    vehicle4.changeLane(trigger_sequence=1, target_lane=3, target_speed=29.58044103)
    vehicle3.changeLane(trigger_sequence=2, target_lane=3, target_speed=51.66736819)
    vehicle4.decelerate(trigger_sequence=2, target_speed=3.60374337)
    vehicle1.changeLane(trigger_sequence=3, target_lane=3, target_speed=38.61431114)
    vehicle3.changeLane(trigger_sequence=3, target_lane=1, target_speed=48.09596677)
    vehicle3.changeLane(trigger_sequence=4, target_lane=1, target_speed=15.74312768)
    vehicle4.changeLane(trigger_sequence=4, target_lane=1, target_speed=18.5642109)
    vehicle1.changeLane(trigger_sequence=5, target_lane=3, target_speed=9.83508049)

2025-07-15 Tuesday 12:01:37  random_test.py : INFO  === Evaluation Finished === 
 Fitness: [7.286829070196, -0.0], Collision: False
2025-07-15 Tuesday 12:01:41  random_test.py : INFO  === Evaluate Testcase === 
 def testcase(self):
    vehicle1 = NPC(lane_id=4, offset=10.77162549, initial_speed=34.71920662)
    vehicle2 = NPC(lane_id=1, offset=45.02724424, initial_speed=36.47554917)
    ego = NPC(lane_id=4, offset=8.91324495, initial_speed=5.47965052)
    vehicle1.changeLane(trigger_sequence=3, target_lane=1, target_speed=42.36925502)
    vehicle1.accelerate(trigger_sequence=5, target_speed=51.12669819)

2025-07-15 Tuesday 12:01:41  random_test.py : INFO  === Evaluation Finished === 
 Fitness: [inf, 0], Collision: False
2025-07-15 Tuesday 12:01:47  random_test.py : INFO  === Evaluate Testcase === 
 def testcase(self):
    vehicle1 = NPC(lane_id=3, offset=16.54729088, initial_speed=13.66227626)
    ego = NPC(lane_id=4, offset=29.93000287, initial_speed=20.45630396)
    vehicle3 = NPC(lane_id=2, offset=43.39084899, initial_speed=12.85420355)
    vehicle4 = NPC(lane_id=5, offset=10.38574425, initial_speed=29.69463752)
    vehicle4.decelerate(trigger_sequence=1, target_speed=12.08072675)
    vehicle3.changeLane(trigger_sequence=2, target_lane=1, target_speed=50.5729099)
    vehicle3.changeLane(trigger_sequence=4, target_lane=1, target_speed=38.24298788)
    vehicle4.accelerate(trigger_sequence=4, target_speed=42.33857499)
    vehicle1.accelerate(trigger_sequence=5, target_speed=45.84967404)
    vehicle3.changeLane(trigger_sequence=5, target_lane=3, target_speed=45.58626221)
    vehicle4.accelerate(trigger_sequence=5, target_speed=59.23771829)

2025-07-15 Tuesday 12:01:47  random_test.py : INFO  === Evaluation Finished === 
 Fitness: [3.5026086596870205, -0.0], Collision: False
2025-07-15 Tuesday 12:01:51  simulate.py : INFO  Rear-end collision with vehicle 1946 ignored
2025-07-15 Tuesday 12:01:52  random_test.py : INFO  === Evaluate Testcase === 
 def testcase(self):
    vehicle1 = NPC(lane_id=3, offset=5.18212323, initial_speed=27.46299345)
    ego = NPC(lane_id=1, offset=3.53784711, initial_speed=20.9088537)
    vehicle3 = NPC(lane_id=3, offset=15.67462576, initial_speed=3.69365752)
    vehicle1.changeLane(trigger_sequence=1, target_lane=1, target_speed=53.18215586)
    vehicle3.decelerate(trigger_sequence=3, target_speed=8.13311172)
    vehicle1.changeLane(trigger_sequence=4, target_lane=1, target_speed=37.15771494)
    vehicle1.decelerate(trigger_sequence=5, target_speed=8.21912041)
    vehicle3.accelerate(trigger_sequence=5, target_speed=34.82773916)

2025-07-15 Tuesday 12:01:52  random_test.py : INFO  === Evaluation Finished === 
 Fitness: [4.709522149783555, -0.0], Collision: False
2025-07-15 Tuesday 12:01:57  random_test.py : INFO  === Evaluate Testcase === 
 def testcase(self):
    vehicle1 = NPC(lane_id=4, offset=3.33610135, initial_speed=31.01432851)
    ego = NPC(lane_id=3, offset=33.30021848, initial_speed=30.85806643)
    vehicle1.decelerate(trigger_sequence=1, target_speed=0.64232247)
    vehicle1.decelerate(trigger_sequence=4, target_speed=19.10050604)
    vehicle1.changeLane(trigger_sequence=5, target_lane=3, target_speed=4.1713)

2025-07-15 Tuesday 12:01:57  random_test.py : INFO  === Evaluation Finished === 
 Fitness: [30.96562776678926, -0.0], Collision: False
2025-07-15 Tuesday 12:02:02  random_test.py : INFO  === Evaluate Testcase === 
 def testcase(self):
    ego = NPC(lane_id=5, offset=16.62677974, initial_speed=12.30520741)
    vehicle2 = NPC(lane_id=3, offset=21.1689736, initial_speed=13.3999439)
    vehicle2.decelerate(trigger_sequence=1, target_speed=24.07476447)
    vehicle2.decelerate(trigger_sequence=2, target_speed=20.38499954)
    vehicle2.decelerate(trigger_sequence=3, target_speed=14.82960876)
    vehicle2.decelerate(trigger_sequence=4, target_speed=12.85375831)

2025-07-15 Tuesday 12:02:02  random_test.py : INFO  === Evaluation Finished === 
 Fitness: [7.0000749294394335, -0.0], Collision: False
2025-07-15 Tuesday 12:02:08  random_test.py : INFO  === Evaluate Testcase === 
 def testcase(self):
    ego = NPC(lane_id=3, offset=42.43791052, initial_speed=21.2333876)
    vehicle2 = NPC(lane_id=3, offset=11.35225313, initial_speed=19.99703667)
    vehicle3 = NPC(lane_id=4, offset=13.10188833, initial_speed=33.96823809)
    vehicle4 = NPC(lane_id=2, offset=2.36380598, initial_speed=9.05856169)
    vehicle3.accelerate(trigger_sequence=1, target_speed=35.06013919)
    vehicle4.accelerate(trigger_sequence=1, target_speed=55.49278029)
    vehicle4.decelerate(trigger_sequence=3, target_speed=22.14569814)
    vehicle2.decelerate(trigger_sequence=4, target_speed=23.95291061)
    vehicle2.accelerate(trigger_sequence=5, target_speed=48.7045281)
    vehicle4.accelerate(trigger_sequence=5, target_speed=43.75573923)

2025-07-15 Tuesday 12:02:08  random_test.py : INFO  === Evaluation Finished === 
 Fitness: [26.255498002428947, -0.0], Collision: False
2025-07-15 Tuesday 12:02:13  random_test.py : INFO  === Evaluate Testcase === 
 def testcase(self):
    ego = NPC(lane_id=4, offset=12.38888042, initial_speed=19.92656238)
    vehicle2 = NPC(lane_id=1, offset=29.88190563, initial_speed=16.66899013)
    vehicle2.accelerate(trigger_sequence=1, target_speed=58.34179461)
    vehicle2.changeLane(trigger_sequence=2, target_lane=1, target_speed=51.43382024)
    vehicle2.decelerate(trigger_sequence=5, target_speed=23.10312017)

2025-07-15 Tuesday 12:02:13  random_test.py : INFO  === Evaluation Finished === 
 Fitness: [10.500624504749, -0.0029069767441860465], Collision: False
2025-07-15 Tuesday 12:02:18  random_test.py : INFO  === Evaluate Testcase === 
 def testcase(self):
    vehicle1 = NPC(lane_id=4, offset=5.04528518, initial_speed=22.34285712)
    vehicle2 = NPC(lane_id=3, offset=4.3776935, initial_speed=19.67792725)
    ego = NPC(lane_id=1, offset=3.51499113, initial_speed=33.89016387)
    vehicle1.accelerate(trigger_sequence=1, target_speed=56.44873473)
    vehicle2.accelerate(trigger_sequence=1, target_speed=42.67507712)
    vehicle1.accelerate(trigger_sequence=2, target_speed=57.1154387)
    vehicle1.changeLane(trigger_sequence=5, target_lane=3, target_speed=25.48303761)

2025-07-15 Tuesday 12:02:18  random_test.py : INFO  === Evaluation Finished === 
 Fitness: [7.048216366623632, -0.0], Collision: False
2025-07-15 Tuesday 12:02:24  random_test.py : INFO  === Evaluate Testcase === 
 def testcase(self):
    vehicle1 = NPC(lane_id=3, offset=47.28766775, initial_speed=29.31110843)
    ego = NPC(lane_id=4, offset=37.63644253, initial_speed=20.80161812)
    vehicle3 = NPC(lane_id=1, offset=16.26893074, initial_speed=27.88323323)
    vehicle4 = NPC(lane_id=5, offset=11.03147394, initial_speed=0.03306092)
    vehicle3.accelerate(trigger_sequence=1, target_speed=48.03346511)
    vehicle4.decelerate(trigger_sequence=1, target_speed=29.85070368)
    vehicle1.accelerate(trigger_sequence=2, target_speed=43.73502245)
    vehicle3.changeLane(trigger_sequence=2, target_lane=1, target_speed=38.05038596)
    vehicle4.accelerate(trigger_sequence=2, target_speed=55.52714256)
    vehicle1.changeLane(trigger_sequence=3, target_lane=1, target_speed=21.48341771)
    vehicle4.decelerate(trigger_sequence=3, target_speed=26.12140269)
    vehicle3.changeLane(trigger_sequence=4, target_lane=1, target_speed=16.45886247)
    vehicle3.changeLane(trigger_sequence=5, target_lane=3, target_speed=30.55615943)

2025-07-15 Tuesday 12:02:24  random_test.py : INFO  === Evaluation Finished === 
 Fitness: [3.4998289008513486, -0.0], Collision: False
2025-07-15 Tuesday 12:02:29  random_test.py : INFO  === Evaluate Testcase === 
 def testcase(self):
    vehicle1 = NPC(lane_id=1, offset=19.4641408, initial_speed=3.48612407)
    vehicle2 = NPC(lane_id=4, offset=3.90039685, initial_speed=8.45424766)
    vehicle3 = NPC(lane_id=5, offset=27.96646585, initial_speed=22.71353585)
    ego = NPC(lane_id=2, offset=9.5156771, initial_speed=34.88597456)
    vehicle2.accelerate(trigger_sequence=1, target_speed=50.91414849)
    vehicle1.changeLane(trigger_sequence=2, target_lane=1, target_speed=7.9628544)
    vehicle2.accelerate(trigger_sequence=2, target_speed=43.63593326)
    vehicle3.changeLane(trigger_sequence=2, target_lane=1, target_speed=4.26598038)
    vehicle2.changeLane(trigger_sequence=4, target_lane=3, target_speed=24.09727452)
    vehicle3.changeLane(trigger_sequence=4, target_lane=1, target_speed=20.46536204)
    vehicle1.accelerate(trigger_sequence=5, target_speed=49.15357843)
    vehicle3.accelerate(trigger_sequence=5, target_speed=46.4508797)

2025-07-15 Tuesday 12:02:29  random_test.py : INFO  === Evaluation Finished === 
 Fitness: [3.4997695695141506, -0.0], Collision: False
2025-07-15 Tuesday 12:02:34  random_test.py : INFO  === Evaluate Testcase === 
 def testcase(self):
    vehicle1 = NPC(lane_id=1, offset=18.81005567, initial_speed=10.99407399)
    ego = NPC(lane_id=5, offset=33.0390646, initial_speed=17.27664167)
    vehicle1.accelerate(trigger_sequence=1, target_speed=54.90069777)
    vehicle1.accelerate(trigger_sequence=2, target_speed=33.10169023)
    vehicle1.changeLane(trigger_sequence=5, target_lane=1, target_speed=51.1818229)

2025-07-15 Tuesday 12:02:34  random_test.py : INFO  === Evaluation Finished === 
 Fitness: [20.363574712783183, -0.0], Collision: False
2025-07-15 Tuesday 12:02:38  random_test.py : INFO  === Evaluate Testcase === 
 def testcase(self):
    vehicle1 = NPC(lane_id=2, offset=12.54498296, initial_speed=37.70039746)
    ego = NPC(lane_id=3, offset=36.59246001, initial_speed=39.97424552)
    vehicle3 = NPC(lane_id=4, offset=12.52790954, initial_speed=29.10831135)
    vehicle4 = NPC(lane_id=4, offset=11.88605438, initial_speed=1.97854447)
    vehicle1.decelerate(trigger_sequence=1, target_speed=14.15292333)
    vehicle3.changeLane(trigger_sequence=1, target_lane=1, target_speed=38.20141396)
    vehicle3.accelerate(trigger_sequence=2, target_speed=42.29840723)
    vehicle4.accelerate(trigger_sequence=3, target_speed=30.73032434)
    vehicle1.accelerate(trigger_sequence=4, target_speed=43.65714931)
    vehicle4.accelerate(trigger_sequence=5, target_speed=31.53583794)

2025-07-15 Tuesday 12:02:38  random_test.py : INFO  === Evaluation Finished === 
 Fitness: [inf, 0], Collision: False
2025-07-15 Tuesday 12:02:44  random_test.py : INFO  === Evaluate Testcase === 
 def testcase(self):
    vehicle1 = NPC(lane_id=3, offset=34.97327697, initial_speed=3.42270191)
    ego = NPC(lane_id=2, offset=28.16996055, initial_speed=10.88098777)
    vehicle3 = NPC(lane_id=3, offset=12.48945926, initial_speed=0.48607894)
    vehicle4 = NPC(lane_id=1, offset=2.26471033, initial_speed=21.24864531)
    vehicle1.accelerate(trigger_sequence=1, target_speed=53.7393663)
    vehicle4.changeLane(trigger_sequence=1, target_lane=1, target_speed=13.5212011)
    vehicle1.changeLane(trigger_sequence=2, target_lane=3, target_speed=9.54485944)
    vehicle1.changeLane(trigger_sequence=3, target_lane=3, target_speed=19.29066996)
    vehicle4.accelerate(trigger_sequence=5, target_speed=32.45563)

2025-07-15 Tuesday 12:02:44  random_test.py : INFO  === Evaluation Finished === 
 Fitness: [3.5029901683692546, -0.0], Collision: False
2025-07-15 Tuesday 12:02:49  random_test.py : INFO  === Evaluate Testcase === 
 def testcase(self):
    ego = NPC(lane_id=4, offset=39.58133915, initial_speed=12.29957173)
    vehicle2 = NPC(lane_id=1, offset=37.46901682, initial_speed=1.523202)
    vehicle2.accelerate(trigger_sequence=3, target_speed=50.5134756)
    vehicle2.changeLane(trigger_sequence=4, target_lane=3, target_speed=52.26719746)
    vehicle2.changeLane(trigger_sequence=5, target_lane=1, target_speed=16.3618698)

2025-07-15 Tuesday 12:02:49  random_test.py : INFO  === Evaluation Finished === 
 Fitness: [10.809217901349967, -0.0], Collision: False
2025-07-15 Tuesday 12:02:54  random_test.py : INFO  === Evaluate Testcase === 
 def testcase(self):
    ego = NPC(lane_id=4, offset=19.27190909, initial_speed=14.28393837)
    vehicle2 = NPC(lane_id=1, offset=45.2412955, initial_speed=2.58318552)
    vehicle2.changeLane(trigger_sequence=1, target_lane=1, target_speed=41.99978848)
    vehicle2.decelerate(trigger_sequence=5, target_speed=27.68029789)

2025-07-15 Tuesday 12:02:54  random_test.py : INFO  === Evaluation Finished === 
 Fitness: [10.500145614423605, -0.0], Collision: False
2025-07-15 Tuesday 12:03:00  random_test.py : INFO  === Evaluate Testcase === 
 def testcase(self):
    vehicle1 = NPC(lane_id=1, offset=24.79710032, initial_speed=39.2332094)
    vehicle2 = NPC(lane_id=5, offset=26.37536637, initial_speed=19.24872315)
    ego = NPC(lane_id=2, offset=5.3843175, initial_speed=9.8568557)
    vehicle1.decelerate(trigger_sequence=2, target_speed=20.62211755)
    vehicle2.accelerate(trigger_sequence=2, target_speed=37.48936261)
    vehicle1.changeLane(trigger_sequence=3, target_lane=3, target_speed=59.33848971)
    vehicle1.decelerate(trigger_sequence=4, target_speed=7.9272001)

2025-07-15 Tuesday 12:03:00  random_test.py : INFO  === Evaluation Finished === 
 Fitness: [10.500509782980657, -0.0], Collision: False
2025-07-15 Tuesday 12:03:05  random_test.py : INFO  === Evaluate Testcase === 
 def testcase(self):
    vehicle1 = NPC(lane_id=5, offset=35.17754698, initial_speed=14.58031321)
    ego = NPC(lane_id=1, offset=16.21733453, initial_speed=3.04680267)
    vehicle1.decelerate(trigger_sequence=2, target_speed=18.14158896)
    vehicle1.changeLane(trigger_sequence=5, target_lane=3, target_speed=0.40542523)

2025-07-15 Tuesday 12:03:05  random_test.py : INFO  === Evaluation Finished === 
 Fitness: [14.00111977536958, -0.0], Collision: False
2025-07-15 Tuesday 12:03:10  random_test.py : INFO  === Evaluate Testcase === 
 def testcase(self):
    ego = NPC(lane_id=5, offset=37.08564376, initial_speed=28.11907821)
    vehicle2 = NPC(lane_id=1, offset=31.53818748, initial_speed=22.93082805)
    vehicle2.changeLane(trigger_sequence=1, target_lane=3, target_speed=37.95615532)
    vehicle2.changeLane(trigger_sequence=3, target_lane=1, target_speed=33.19891809)
    vehicle2.decelerate(trigger_sequence=5, target_speed=27.55463629)

2025-07-15 Tuesday 12:03:10  random_test.py : INFO  === Evaluation Finished === 
 Fitness: [15.385721376290588, -0.0], Collision: False
2025-07-15 Tuesday 12:03:16  random_test.py : INFO  === Evaluate Testcase === 
 def testcase(self):
    vehicle1 = NPC(lane_id=3, offset=30.79206623, initial_speed=30.25140184)
    vehicle2 = NPC(lane_id=4, offset=48.03306526, initial_speed=28.73001028)
    ego = NPC(lane_id=5, offset=41.98673012, initial_speed=26.45290659)
    vehicle1.changeLane(trigger_sequence=1, target_lane=1, target_speed=29.02735152)
    vehicle2.changeLane(trigger_sequence=1, target_lane=1, target_speed=24.26380538)
    vehicle2.decelerate(trigger_sequence=2, target_speed=24.41705312)
    vehicle2.changeLane(trigger_sequence=3, target_lane=3, target_speed=17.35183397)

2025-07-15 Tuesday 12:03:16  random_test.py : INFO  === Evaluation Finished === 
 Fitness: [3.500172578067192, -0.0], Collision: False
2025-07-15 Tuesday 12:03:21  random_test.py : INFO  === Evaluate Testcase === 
 def testcase(self):
    ego = NPC(lane_id=2, offset=30.01716426, initial_speed=29.77067422)
    vehicle2 = NPC(lane_id=2, offset=6.81671954, initial_speed=11.19151573)
    vehicle2.accelerate(trigger_sequence=3, target_speed=47.53953782)
    vehicle2.accelerate(trigger_sequence=4, target_speed=33.3275373)

2025-07-15 Tuesday 12:03:21  random_test.py : INFO  === Evaluation Finished === 
 Fitness: [24.285352987277324, -0.0], Collision: False
2025-07-15 Tuesday 12:03:27  random_test.py : INFO  === Evaluate Testcase === 
 def testcase(self):
    vehicle1 = NPC(lane_id=5, offset=19.97936995, initial_speed=21.27744671)
    vehicle2 = NPC(lane_id=3, offset=4.99121487, initial_speed=2.23955838)
    ego = NPC(lane_id=5, offset=3.56548097, initial_speed=30.57901536)
    vehicle1.decelerate(trigger_sequence=1, target_speed=15.42202694)
    vehicle1.changeLane(trigger_sequence=2, target_lane=3, target_speed=6.4967547)
    vehicle2.changeLane(trigger_sequence=2, target_lane=3, target_speed=6.64082178)

2025-07-15 Tuesday 12:03:27  random_test.py : INFO  === Evaluation Finished === 
 Fitness: [3.500687949402724, -0.008528784648187633], Collision: False
2025-07-15 Tuesday 12:03:31  random_test.py : INFO  === Evaluate Testcase === 
 def testcase(self):
    ego = NPC(lane_id=4, offset=46.77630915, initial_speed=19.67379759)
    vehicle2 = NPC(lane_id=1, offset=23.53838917, initial_speed=8.15825983)
    vehicle3 = NPC(lane_id=1, offset=25.0539411, initial_speed=31.08070049)
    vehicle4 = NPC(lane_id=5, offset=22.86581198, initial_speed=28.31039287)
    vehicle3.changeLane(trigger_sequence=1, target_lane=3, target_speed=15.13806099)
    vehicle4.changeLane(trigger_sequence=2, target_lane=3, target_speed=45.62956043)
    vehicle2.accelerate(trigger_sequence=3, target_speed=47.22649961)
    vehicle3.decelerate(trigger_sequence=3, target_speed=29.90589454)
    vehicle2.changeLane(trigger_sequence=4, target_lane=3, target_speed=48.41068375)
    vehicle3.accelerate(trigger_sequence=4, target_speed=35.36666772)
    vehicle3.changeLane(trigger_sequence=5, target_lane=1, target_speed=11.63815141)
    vehicle4.decelerate(trigger_sequence=5, target_speed=4.68859308)

2025-07-15 Tuesday 12:03:31  random_test.py : INFO  === Evaluation Finished === 
 Fitness: [inf, 0], Collision: False
2025-07-15 Tuesday 12:03:36  random_test.py : INFO  === Evaluate Testcase === 
 def testcase(self):
    ego = NPC(lane_id=1, offset=29.76830707, initial_speed=23.94953654)
    vehicle2 = NPC(lane_id=3, offset=18.59495117, initial_speed=34.45718398)
    vehicle3 = NPC(lane_id=5, offset=16.41575692, initial_speed=27.69450906)
    vehicle2.accelerate(trigger_sequence=1, target_speed=35.45745181)
    vehicle3.accelerate(trigger_sequence=1, target_speed=38.40731951)
    vehicle2.decelerate(trigger_sequence=3, target_speed=2.14077216)
    vehicle3.decelerate(trigger_sequence=3, target_speed=22.46373858)
    vehicle2.decelerate(trigger_sequence=4, target_speed=3.53164005)
    vehicle2.accelerate(trigger_sequence=5, target_speed=39.43370141)
    vehicle3.accelerate(trigger_sequence=5, target_speed=35.22949695)

2025-07-15 Tuesday 12:03:36  random_test.py : INFO  === Evaluation Finished === 
 Fitness: [11.012424086292325, -0.0], Collision: False
2025-07-15 Tuesday 12:03:41  random_test.py : INFO  === Evaluate Testcase === 
 def testcase(self):
    vehicle1 = NPC(lane_id=1, offset=40.03563308, initial_speed=37.27116098)
    ego = NPC(lane_id=2, offset=42.36003563, initial_speed=19.08545656)
    vehicle1.decelerate(trigger_sequence=1, target_speed=29.77876035)

2025-07-15 Tuesday 12:03:41  random_test.py : INFO  === Evaluation Finished === 
 Fitness: [3.493244633428287, -0.0], Collision: False
2025-07-15 Tuesday 12:03:46  random_test.py : INFO  === Evaluate Testcase === 
 def testcase(self):
    vehicle1 = NPC(lane_id=4, offset=12.39534074, initial_speed=13.79015656)
    vehicle2 = NPC(lane_id=2, offset=48.57549162, initial_speed=16.62527993)
    ego = NPC(lane_id=4, offset=32.49197943, initial_speed=32.08309921)
    vehicle2.changeLane(trigger_sequence=1, target_lane=3, target_speed=44.81708063)
    vehicle1.accelerate(trigger_sequence=2, target_speed=31.66444053)
    vehicle2.accelerate(trigger_sequence=2, target_speed=58.06379861)
    vehicle1.accelerate(trigger_sequence=3, target_speed=44.32625185)
    vehicle2.accelerate(trigger_sequence=3, target_speed=38.77803042)
    vehicle2.changeLane(trigger_sequence=4, target_lane=3, target_speed=24.9908558)
    vehicle1.accelerate(trigger_sequence=5, target_speed=41.12325255)
    vehicle2.decelerate(trigger_sequence=5, target_speed=20.13731068)

2025-07-15 Tuesday 12:03:46  random_test.py : INFO  === Evaluation Finished === 
 Fitness: [3.500163679175281, -0.0], Collision: False
2025-07-15 Tuesday 12:03:52  random_test.py : INFO  === Evaluate Testcase === 
 def testcase(self):
    vehicle1 = NPC(lane_id=4, offset=18.21586598, initial_speed=1.11939206)
    vehicle2 = NPC(lane_id=2, offset=27.86205119, initial_speed=5.58716032)
    ego = NPC(lane_id=1, offset=35.22557626, initial_speed=39.93972709)
    vehicle4 = NPC(lane_id=4, offset=37.49375642, initial_speed=7.84041729)
    vehicle1.decelerate(trigger_sequence=1, target_speed=1.45670401)
    vehicle4.decelerate(trigger_sequence=1, target_speed=17.31653658)
    vehicle2.changeLane(trigger_sequence=2, target_lane=1, target_speed=2.44487301)
    vehicle4.accelerate(trigger_sequence=2, target_speed=32.37486673)
    vehicle2.changeLane(trigger_sequence=4, target_lane=3, target_speed=33.88669991)
    vehicle1.decelerate(trigger_sequence=5, target_speed=27.0643306)
    vehicle2.accelerate(trigger_sequence=5, target_speed=45.89902868)
    vehicle4.decelerate(trigger_sequence=5, target_speed=14.80641999)

2025-07-15 Tuesday 12:03:52  random_test.py : INFO  === Evaluation Finished === 
 Fitness: [10.515717437964652, -0.0], Collision: False
2025-07-15 Tuesday 12:03:57  random_test.py : INFO  === Evaluate Testcase === 
 def testcase(self):
    ego = NPC(lane_id=5, offset=20.51190964, initial_speed=14.11943883)
    vehicle2 = NPC(lane_id=3, offset=27.54704624, initial_speed=27.82334224)
    vehicle3 = NPC(lane_id=4, offset=39.86974644, initial_speed=12.53604276)
    vehicle2.decelerate(trigger_sequence=1, target_speed=4.45105321)
    vehicle2.accelerate(trigger_sequence=2, target_speed=56.7704378)
    vehicle3.accelerate(trigger_sequence=2, target_speed=43.77718129)
    vehicle3.accelerate(trigger_sequence=4, target_speed=46.1714415)

2025-07-15 Tuesday 12:03:57  random_test.py : INFO  === Evaluation Finished === 
 Fitness: [3.5020539379408815, -0.0], Collision: False
2025-07-15 Tuesday 12:04:03  random_test.py : INFO  === Evaluate Testcase === 
 def testcase(self):
    vehicle1 = NPC(lane_id=3, offset=14.91385606, initial_speed=0.11240392)
    vehicle2 = NPC(lane_id=2, offset=37.8910706, initial_speed=17.0358615)
    ego = NPC(lane_id=2, offset=23.55729617, initial_speed=22.03903057)
    vehicle4 = NPC(lane_id=4, offset=36.88637105, initial_speed=39.31636086)
    vehicle2.changeLane(trigger_sequence=1, target_lane=1, target_speed=53.96610962)
    vehicle1.decelerate(trigger_sequence=2, target_speed=4.57885391)
    vehicle4.changeLane(trigger_sequence=2, target_lane=3, target_speed=52.91258642)
    vehicle4.changeLane(trigger_sequence=3, target_lane=1, target_speed=48.83177546)
    vehicle1.changeLane(trigger_sequence=4, target_lane=3, target_speed=43.99983305)
    vehicle2.changeLane(trigger_sequence=4, target_lane=1, target_speed=30.96438176)
    vehicle4.changeLane(trigger_sequence=4, target_lane=3, target_speed=31.25455461)
    vehicle1.accelerate(trigger_sequence=5, target_speed=39.97885018)
    vehicle2.accelerate(trigger_sequence=5, target_speed=57.49120617)
    vehicle4.changeLane(trigger_sequence=5, target_lane=3, target_speed=36.11182951)

2025-07-15 Tuesday 12:04:03  random_test.py : INFO  === Evaluation Finished === 
 Fitness: [10.506852102584114, -0.010075566750629723], Collision: False
2025-07-15 Tuesday 12:04:07  random_test.py : INFO  === Evaluate Testcase === 
 def testcase(self):
    vehicle1 = NPC(lane_id=2, offset=40.37155517, initial_speed=5.68397863)
    ego = NPC(lane_id=2, offset=41.22721535, initial_speed=37.9430284)
    vehicle3 = NPC(lane_id=1, offset=18.13789732, initial_speed=11.00795438)
    vehicle4 = NPC(lane_id=5, offset=49.85932683, initial_speed=29.38207114)
    vehicle4.accelerate(trigger_sequence=1, target_speed=54.85496465)
    vehicle3.accelerate(trigger_sequence=2, target_speed=42.16434179)
    vehicle1.accelerate(trigger_sequence=4, target_speed=47.45835409)
    vehicle3.changeLane(trigger_sequence=4, target_lane=3, target_speed=50.91815673)
    vehicle1.changeLane(trigger_sequence=5, target_lane=3, target_speed=38.80540006)
    vehicle3.changeLane(trigger_sequence=5, target_lane=1, target_speed=26.43414116)

2025-07-15 Tuesday 12:04:07  random_test.py : INFO  === Evaluation Finished === 
 Fitness: [inf, 0], Collision: False
2025-07-15 Tuesday 12:04:12  random_test.py : INFO  === Evaluate Testcase === 
 def testcase(self):
    ego = NPC(lane_id=4, offset=19.60044391, initial_speed=11.17902184)
    vehicle2 = NPC(lane_id=5, offset=8.78519177, initial_speed=37.01799477)
    vehicle3 = NPC(lane_id=2, offset=6.52075433, initial_speed=25.38738679)
    vehicle2.decelerate(trigger_sequence=1, target_speed=3.89177982)
    vehicle2.decelerate(trigger_sequence=2, target_speed=15.46569885)
    vehicle3.accelerate(trigger_sequence=2, target_speed=34.83774401)
    vehicle2.accelerate(trigger_sequence=3, target_speed=51.33382287)
    vehicle2.decelerate(trigger_sequence=5, target_speed=10.96163092)
    vehicle3.accelerate(trigger_sequence=5, target_speed=32.93147149)

2025-07-15 Tuesday 12:04:12  random_test.py : INFO  === Evaluation Finished === 
 Fitness: [3.911600446813223, -0.0], Collision: False
2025-07-15 Tuesday 12:04:18  random_test.py : INFO  === Evaluate Testcase === 
 def testcase(self):
    vehicle1 = NPC(lane_id=3, offset=28.56089715, initial_speed=17.15332785)
    vehicle2 = NPC(lane_id=2, offset=45.20464555, initial_speed=24.99173012)
    vehicle3 = NPC(lane_id=5, offset=22.24116282, initial_speed=34.79302533)
    ego = NPC(lane_id=1, offset=19.65595704, initial_speed=24.75469625)
    vehicle2.accelerate(trigger_sequence=1, target_speed=50.35400287)
    vehicle3.decelerate(trigger_sequence=1, target_speed=29.4122732)
    vehicle3.changeLane(trigger_sequence=2, target_lane=3, target_speed=34.32410144)
    vehicle1.accelerate(trigger_sequence=3, target_speed=37.80346391)
    vehicle1.changeLane(trigger_sequence=4, target_lane=1, target_speed=59.60269024)
    vehicle3.changeLane(trigger_sequence=4, target_lane=3, target_speed=7.71821723)
    vehicle1.accelerate(trigger_sequence=5, target_speed=53.58481116)
    vehicle2.changeLane(trigger_sequence=5, target_lane=1, target_speed=7.58648417)
    vehicle3.accelerate(trigger_sequence=5, target_speed=56.75764149)

2025-07-15 Tuesday 12:04:18  random_test.py : INFO  === Evaluation Finished === 
 Fitness: [6.99890219494715, -0.0], Collision: False
2025-07-15 Tuesday 12:04:23  random_test.py : INFO  === Evaluate Testcase === 
 def testcase(self):
    ego = NPC(lane_id=5, offset=40.70629365, initial_speed=18.31751476)
    vehicle2 = NPC(lane_id=3, offset=28.7622118, initial_speed=12.06332976)
    vehicle3 = NPC(lane_id=3, offset=48.52183813, initial_speed=33.29330306)
    vehicle3.accelerate(trigger_sequence=1, target_speed=57.48239442)
    vehicle3.decelerate(trigger_sequence=3, target_speed=11.81041531)
    vehicle2.decelerate(trigger_sequence=4, target_speed=2.66453689)

2025-07-15 Tuesday 12:04:23  random_test.py : INFO  === Evaluation Finished === 
 Fitness: [7.000432044255876, -0.0], Collision: False
2025-07-15 Tuesday 12:04:29  random_test.py : INFO  === Evaluate Testcase === 
 def testcase(self):
    ego = NPC(lane_id=1, offset=17.66140745, initial_speed=22.85715549)
    vehicle2 = NPC(lane_id=5, offset=28.10746172, initial_speed=0.51487182)
    vehicle3 = NPC(lane_id=2, offset=47.76932295, initial_speed=7.52766497)
    vehicle2.changeLane(trigger_sequence=1, target_lane=3, target_speed=26.40432551)
    vehicle2.decelerate(trigger_sequence=2, target_speed=16.03633686)
    vehicle2.changeLane(trigger_sequence=3, target_lane=3, target_speed=30.90325539)
    vehicle3.accelerate(trigger_sequence=3, target_speed=44.85926229)
    vehicle3.accelerate(trigger_sequence=4, target_speed=49.57495392)
    vehicle3.accelerate(trigger_sequence=5, target_speed=57.68283035)

2025-07-15 Tuesday 12:04:29  random_test.py : INFO  === Evaluation Finished === 
 Fitness: [3.5023881350640407, -0.0], Collision: False
2025-07-15 Tuesday 12:04:34  random_test.py : INFO  === Evaluate Testcase === 
 def testcase(self):
    vehicle1 = NPC(lane_id=5, offset=9.51288099, initial_speed=24.47453358)
    ego = NPC(lane_id=2, offset=36.99806753, initial_speed=15.00509042)
    vehicle3 = NPC(lane_id=3, offset=17.38529171, initial_speed=6.68360176)
    vehicle3.decelerate(trigger_sequence=1, target_speed=24.12509634)
    vehicle3.decelerate(trigger_sequence=3, target_speed=27.62582686)
    vehicle1.changeLane(trigger_sequence=4, target_lane=1, target_speed=56.12402782)
    vehicle3.accelerate(trigger_sequence=5, target_speed=31.50376722)

2025-07-15 Tuesday 12:04:34  random_test.py : INFO  === Evaluation Finished === 
 Fitness: [20.653814160296623, -0.0], Collision: False
2025-07-15 Tuesday 12:04:38  random_test.py : INFO  === Evaluate Testcase === 
 def testcase(self):
    vehicle1 = NPC(lane_id=5, offset=5.74861709, initial_speed=16.81426481)
    ego = NPC(lane_id=1, offset=42.1796125, initial_speed=26.26268816)
    vehicle3 = NPC(lane_id=4, offset=17.26950142, initial_speed=7.54361442)
    vehicle4 = NPC(lane_id=4, offset=20.29603273, initial_speed=15.9169091)
    vehicle1.decelerate(trigger_sequence=1, target_speed=1.04300541)
    vehicle3.accelerate(trigger_sequence=1, target_speed=33.1048426)
    vehicle4.decelerate(trigger_sequence=1, target_speed=22.19751594)
    vehicle3.changeLane(trigger_sequence=2, target_lane=3, target_speed=41.87438995)
    vehicle4.changeLane(trigger_sequence=2, target_lane=3, target_speed=55.65958095)
    vehicle1.decelerate(trigger_sequence=3, target_speed=9.38629757)
    vehicle4.accelerate(trigger_sequence=3, target_speed=55.9967864)
    vehicle1.accelerate(trigger_sequence=4, target_speed=30.68003733)
    vehicle4.decelerate(trigger_sequence=4, target_speed=28.07489334)
    vehicle3.accelerate(trigger_sequence=5, target_speed=47.37277611)
    vehicle4.decelerate(trigger_sequence=5, target_speed=16.78448422)

2025-07-15 Tuesday 12:04:38  random_test.py : INFO  === Evaluation Finished === 
 Fitness: [inf, 0], Collision: False
2025-07-15 Tuesday 12:04:43  random_test.py : INFO  === Evaluate Testcase === 
 def testcase(self):
    vehicle1 = NPC(lane_id=2, offset=12.89560494, initial_speed=19.38011452)
    ego = NPC(lane_id=2, offset=33.87121664, initial_speed=3.3774315)
    vehicle1.decelerate(trigger_sequence=1, target_speed=19.24649986)
    vehicle1.accelerate(trigger_sequence=3, target_speed=50.61072202)
    vehicle1.changeLane(trigger_sequence=5, target_lane=1, target_speed=59.79816746)

2025-07-15 Tuesday 12:04:43  random_test.py : INFO  === Evaluation Finished === 
 Fitness: [3.5000351347660534, -0.0], Collision: False
2025-07-15 Tuesday 12:04:49  random_test.py : INFO  === Evaluate Testcase === 
 def testcase(self):
    ego = NPC(lane_id=5, offset=39.53997433, initial_speed=16.08786829)
    vehicle2 = NPC(lane_id=2, offset=19.57520446, initial_speed=18.24873231)
    vehicle3 = NPC(lane_id=3, offset=31.58326133, initial_speed=10.44164713)
    vehicle4 = NPC(lane_id=1, offset=48.63197609, initial_speed=6.58374701)
    vehicle2.changeLane(trigger_sequence=1, target_lane=3, target_speed=41.90798995)
    vehicle3.decelerate(trigger_sequence=1, target_speed=21.67437843)
    vehicle2.accelerate(trigger_sequence=2, target_speed=37.18293667)
    vehicle3.decelerate(trigger_sequence=2, target_speed=22.82747308)
    vehicle4.decelerate(trigger_sequence=2, target_speed=23.85757345)
    vehicle2.changeLane(trigger_sequence=3, target_lane=3, target_speed=39.84280425)
    vehicle3.changeLane(trigger_sequence=3, target_lane=1, target_speed=21.4523927)
    vehicle4.accelerate(trigger_sequence=4, target_speed=47.58481955)
    vehicle3.accelerate(trigger_sequence=5, target_speed=56.69395536)
    vehicle4.decelerate(trigger_sequence=5, target_speed=12.81402937)

2025-07-15 Tuesday 12:04:49  random_test.py : INFO  === Evaluation Finished === 
 Fitness: [11.226405769957248, -0.0], Collision: False
2025-07-15 Tuesday 12:04:54  random_test.py : INFO  === Evaluate Testcase === 
 def testcase(self):
    vehicle1 = NPC(lane_id=3, offset=15.04960819, initial_speed=9.40513084)
    ego = NPC(lane_id=4, offset=11.81240768, initial_speed=12.43801891)
    vehicle3 = NPC(lane_id=4, offset=42.48058854, initial_speed=36.04885547)
    vehicle1.changeLane(trigger_sequence=2, target_lane=3, target_speed=7.42000038)
    vehicle3.decelerate(trigger_sequence=3, target_speed=18.90838953)
    vehicle1.accelerate(trigger_sequence=4, target_speed=47.43557604)
    vehicle3.changeLane(trigger_sequence=4, target_lane=1, target_speed=48.01678767)
    vehicle1.accelerate(trigger_sequence=5, target_speed=54.40182663)

2025-07-15 Tuesday 12:04:54  random_test.py : INFO  === Evaluation Finished === 
 Fitness: [3.4963375815099127, -0.0], Collision: False
2025-07-15 Tuesday 12:05:00  random_test.py : INFO  === Evaluate Testcase === 
 def testcase(self):
    vehicle1 = NPC(lane_id=1, offset=23.71558973, initial_speed=6.64298017)
    ego = NPC(lane_id=2, offset=29.72018778, initial_speed=23.15618408)
    vehicle3 = NPC(lane_id=3, offset=44.09477042, initial_speed=39.95453359)
    vehicle1.accelerate(trigger_sequence=1, target_speed=45.78576389)
    vehicle3.accelerate(trigger_sequence=1, target_speed=37.10846812)
    vehicle3.decelerate(trigger_sequence=2, target_speed=9.28271834)
    vehicle3.accelerate(trigger_sequence=4, target_speed=31.61680321)
    vehicle3.decelerate(trigger_sequence=5, target_speed=21.39511682)

2025-07-15 Tuesday 12:05:00  random_test.py : INFO  === Evaluation Finished === 
 Fitness: [4.106269364664244, -0.0], Collision: False
2025-07-15 Tuesday 12:05:05  random_test.py : INFO  === Evaluate Testcase === 
 def testcase(self):
    vehicle1 = NPC(lane_id=2, offset=26.39095903, initial_speed=2.94985631)
    ego = NPC(lane_id=4, offset=29.30883426, initial_speed=12.64531779)
    vehicle3 = NPC(lane_id=3, offset=29.03485221, initial_speed=27.02955002)
    vehicle4 = NPC(lane_id=4, offset=17.31391283, initial_speed=23.14598407)
    vehicle1.decelerate(trigger_sequence=1, target_speed=6.30693357)
    vehicle3.changeLane(trigger_sequence=1, target_lane=3, target_speed=58.31683955)
    vehicle4.changeLane(trigger_sequence=2, target_lane=1, target_speed=52.3884051)
    vehicle4.accelerate(trigger_sequence=3, target_speed=54.58811466)
    vehicle1.changeLane(trigger_sequence=4, target_lane=1, target_speed=34.7610852)
    vehicle4.accelerate(trigger_sequence=4, target_speed=32.69996606)
    vehicle1.changeLane(trigger_sequence=5, target_lane=3, target_speed=38.09492316)
    vehicle4.accelerate(trigger_sequence=5, target_speed=52.01655196)

2025-07-15 Tuesday 12:05:05  random_test.py : INFO  === Evaluation Finished === 
 Fitness: [3.4912122381731425, -0.0], Collision: False
2025-07-15 Tuesday 12:05:10  random_test.py : INFO  === Evaluate Testcase === 
 def testcase(self):
    vehicle1 = NPC(lane_id=2, offset=45.25452959, initial_speed=34.31597649)
    ego = NPC(lane_id=4, offset=43.17748706, initial_speed=15.68236956)
    vehicle1.accelerate(trigger_sequence=1, target_speed=52.05033752)
    vehicle1.decelerate(trigger_sequence=3, target_speed=16.34183777)

2025-07-15 Tuesday 12:05:10  random_test.py : INFO  === Evaluation Finished === 
 Fitness: [6.999929772736801, -0.0], Collision: False
2025-07-15 Tuesday 12:05:16  random_test.py : INFO  === Evaluate Testcase === 
 def testcase(self):
    vehicle1 = NPC(lane_id=2, offset=1.56662455, initial_speed=37.62413044)
    vehicle2 = NPC(lane_id=4, offset=6.55568124, initial_speed=24.2827751)
    ego = NPC(lane_id=2, offset=18.80250828, initial_speed=26.1615786)
    vehicle4 = NPC(lane_id=4, offset=37.24394578, initial_speed=8.5403172)
    vehicle1.changeLane(trigger_sequence=1, target_lane=1, target_speed=13.12180999)
    vehicle2.decelerate(trigger_sequence=1, target_speed=6.12995035)
    vehicle1.changeLane(trigger_sequence=2, target_lane=3, target_speed=2.6182881)
    vehicle4.changeLane(trigger_sequence=2, target_lane=1, target_speed=25.46225019)
    vehicle2.accelerate(trigger_sequence=3, target_speed=44.27883205)
    vehicle4.decelerate(trigger_sequence=3, target_speed=10.08543897)
    vehicle1.decelerate(trigger_sequence=4, target_speed=21.87881061)
    vehicle4.accelerate(trigger_sequence=4, target_speed=59.68369569)

2025-07-15 Tuesday 12:05:16  random_test.py : INFO  === Evaluation Finished === 
 Fitness: [7.001618619700353, -0.0], Collision: False
2025-07-15 Tuesday 12:05:22  random_test.py : INFO  === Evaluate Testcase === 
 def testcase(self):
    ego = NPC(lane_id=5, offset=21.8593978, initial_speed=17.68594964)
    vehicle2 = NPC(lane_id=3, offset=3.51341947, initial_speed=35.34678338)
    vehicle3 = NPC(lane_id=2, offset=6.38391405, initial_speed=23.03429852)
    vehicle2.accelerate(trigger_sequence=1, target_speed=41.61412786)
    vehicle3.decelerate(trigger_sequence=1, target_speed=29.62346927)
    vehicle3.changeLane(trigger_sequence=2, target_lane=3, target_speed=37.87064452)
    vehicle2.decelerate(trigger_sequence=4, target_speed=1.84482724)
    vehicle3.decelerate(trigger_sequence=5, target_speed=26.78151808)

2025-07-15 Tuesday 12:05:22  random_test.py : INFO  === Evaluation Finished === 
 Fitness: [14.576980644304188, -0.0], Collision: False
2025-07-15 Tuesday 12:05:28  random_test.py : INFO  === Evaluate Testcase === 
 def testcase(self):
    ego = NPC(lane_id=2, offset=7.21682548, initial_speed=20.67781236)
    vehicle2 = NPC(lane_id=1, offset=15.93161314, initial_speed=34.5741645)
    vehicle3 = NPC(lane_id=4, offset=49.3147489, initial_speed=14.15643799)
    vehicle2.accelerate(trigger_sequence=2, target_speed=30.97028654)
    vehicle3.accelerate(trigger_sequence=2, target_speed=37.96456666)
    vehicle2.changeLane(trigger_sequence=3, target_lane=3, target_speed=8.613683)
    vehicle3.decelerate(trigger_sequence=4, target_speed=22.38809549)
    vehicle2.accelerate(trigger_sequence=5, target_speed=47.63441991)
# 1
2025-07-15 Tuesday 12:05:28  random_test.py : INFO  === Evaluation Finished === 
 Fitness: [1.9693720853334564, -0.0033333333333333335], Collision: True
2025-07-15 Tuesday 12:05:28  random_test.py : INFO  === Find a collision ===
2025-07-15 Tuesday 12:05:33  random_test.py : INFO  === Evaluate Testcase === 
 def testcase(self):
    ego = NPC(lane_id=2, offset=13.4658274, initial_speed=3.85341651)
    vehicle2 = NPC(lane_id=5, offset=45.35211591, initial_speed=4.83371965)
    vehicle2.accelerate(trigger_sequence=2, target_speed=47.55067466)
    vehicle2.decelerate(trigger_sequence=4, target_speed=21.86333772)
    vehicle2.decelerate(trigger_sequence=5, target_speed=17.84580734)

2025-07-15 Tuesday 12:05:33  random_test.py : INFO  === Evaluation Finished === 
 Fitness: [10.500161429213845, -0.0], Collision: False
2025-07-15 Tuesday 12:05:37  random_test.py : INFO  === Evaluate Testcase === 
 def testcase(self):
    ego = NPC(lane_id=5, offset=36.14016534, initial_speed=5.46209166)
    vehicle2 = NPC(lane_id=3, offset=36.23983151, initial_speed=4.67793022)
    vehicle3 = NPC(lane_id=1, offset=42.36275667, initial_speed=22.82475635)
    vehicle4 = NPC(lane_id=3, offset=35.64917357, initial_speed=17.93239745)
    vehicle4.accelerate(trigger_sequence=1, target_speed=30.74916236)
    vehicle2.decelerate(trigger_sequence=3, target_speed=13.37882974)
    vehicle4.decelerate(trigger_sequence=4, target_speed=11.49416574)
    vehicle2.decelerate(trigger_sequence=5, target_speed=11.74446454)
    vehicle3.accelerate(trigger_sequence=5, target_speed=34.66724228)

2025-07-15 Tuesday 12:05:37  random_test.py : INFO  === Evaluation Finished === 
 Fitness: [inf, 0], Collision: False
2025-07-15 Tuesday 12:05:43  random_test.py : INFO  === Evaluate Testcase === 
 def testcase(self):
    vehicle1 = NPC(lane_id=1, offset=15.73324968, initial_speed=1.035599)
    vehicle2 = NPC(lane_id=2, offset=21.99189665, initial_speed=39.31826105)
    ego = NPC(lane_id=5, offset=43.74000911, initial_speed=15.52189593)
    vehicle1.changeLane(trigger_sequence=1, target_lane=1, target_speed=20.72418621)
    vehicle2.decelerate(trigger_sequence=2, target_speed=22.46844066)
    vehicle1.accelerate(trigger_sequence=3, target_speed=55.31290691)
    vehicle1.accelerate(trigger_sequence=4, target_speed=35.01358552)
    vehicle1.decelerate(trigger_sequence=5, target_speed=9.93308282)

2025-07-15 Tuesday 12:05:43  random_test.py : INFO  === Evaluation Finished === 
 Fitness: [15.470239701216622, -0.0], Collision: False
2025-07-15 Tuesday 12:05:48  random_test.py : INFO  === Evaluate Testcase === 
 def testcase(self):
    vehicle1 = NPC(lane_id=2, offset=23.95261372, initial_speed=16.42786852)
    vehicle2 = NPC(lane_id=1, offset=34.80661368, initial_speed=22.96104159)
    ego = NPC(lane_id=4, offset=13.1700085, initial_speed=12.62511586)
    vehicle1.changeLane(trigger_sequence=1, target_lane=3, target_speed=34.40822965)
    vehicle2.changeLane(trigger_sequence=1, target_lane=3, target_speed=52.45040635)
    vehicle1.decelerate(trigger_sequence=2, target_speed=19.09213151)
    vehicle1.changeLane(trigger_sequence=3, target_lane=1, target_speed=28.67194458)
    vehicle2.changeLane(trigger_sequence=3, target_lane=3, target_speed=57.28634599)
    vehicle1.decelerate(trigger_sequence=4, target_speed=8.44783839)
    vehicle2.changeLane(trigger_sequence=4, target_lane=3, target_speed=56.14878009)
    vehicle1.accelerate(trigger_sequence=5, target_speed=40.75354186)
    vehicle2.accelerate(trigger_sequence=5, target_speed=48.11314467)

2025-07-15 Tuesday 12:05:48  random_test.py : INFO  === Evaluation Finished === 
 Fitness: [7.001327928164539, -0.0], Collision: False
2025-07-15 Tuesday 12:05:54  random_test.py : INFO  === Evaluate Testcase === 
 def testcase(self):
    vehicle1 = NPC(lane_id=3, offset=32.77578197, initial_speed=13.6295186)
    ego = NPC(lane_id=4, offset=37.90849994, initial_speed=27.74779339)
    vehicle3 = NPC(lane_id=1, offset=11.66492345, initial_speed=20.71784162)
    vehicle1.changeLane(trigger_sequence=2, target_lane=3, target_speed=4.07204904)
    vehicle3.decelerate(trigger_sequence=2, target_speed=24.46865949)
    vehicle1.accelerate(trigger_sequence=4, target_speed=35.16571606)
    vehicle3.decelerate(trigger_sequence=5, target_speed=21.4197024)

2025-07-15 Tuesday 12:05:54  random_test.py : INFO  === Evaluation Finished === 
 Fitness: [7.198772240027186, -0.0], Collision: False
2025-07-15 Tuesday 12:05:59  random_test.py : INFO  === Evaluate Testcase === 
 def testcase(self):
    vehicle1 = NPC(lane_id=1, offset=49.36769037, initial_speed=29.65740835)
    vehicle2 = NPC(lane_id=4, offset=6.17323121, initial_speed=9.07464708)
    vehicle3 = NPC(lane_id=5, offset=0.77482868, initial_speed=25.78068919)
    ego = NPC(lane_id=4, offset=43.19906026, initial_speed=19.18735734)
    vehicle2.decelerate(trigger_sequence=2, target_speed=0.19454662)
    vehicle3.changeLane(trigger_sequence=2, target_lane=1, target_speed=36.20027998)
    vehicle1.changeLane(trigger_sequence=3, target_lane=1, target_speed=29.69868887)
    vehicle1.changeLane(trigger_sequence=4, target_lane=3, target_speed=4.69462718)
    vehicle3.decelerate(trigger_sequence=4, target_speed=9.50045191)

2025-07-15 Tuesday 12:05:59  random_test.py : INFO  === Evaluation Finished === 
 Fitness: [10.499971559720535, -0.0], Collision: False
2025-07-15 Tuesday 12:06:04  simulate.py : INFO  Rear-end collision with vehicle 2128 ignored
2025-07-15 Tuesday 12:06:05  random_test.py : INFO  === Evaluate Testcase === 
 def testcase(self):
    ego = NPC(lane_id=1, offset=16.58942975, initial_speed=0.98247042)
    vehicle2 = NPC(lane_id=2, offset=48.11309165, initial_speed=15.39615152)
    vehicle3 = NPC(lane_id=4, offset=21.3952653, initial_speed=5.91169552)
    vehicle3.changeLane(trigger_sequence=1, target_lane=3, target_speed=30.91131038)
    vehicle2.changeLane(trigger_sequence=2, target_lane=1, target_speed=42.29833482)
    vehicle3.changeLane(trigger_sequence=2, target_lane=3, target_speed=40.07236471)
    vehicle3.changeLane(trigger_sequence=3, target_lane=1, target_speed=45.86033338)
    vehicle2.decelerate(trigger_sequence=5, target_speed=28.69290306)
    vehicle3.accelerate(trigger_sequence=5, target_speed=34.3084766)

2025-07-15 Tuesday 12:06:05  random_test.py : INFO  === Evaluation Finished === 
 Fitness: [3.500613168453974, -0.0], Collision: False
2025-07-15 Tuesday 12:06:11  random_test.py : INFO  === Evaluate Testcase === 
 def testcase(self):
    ego = NPC(lane_id=4, offset=20.92799807, initial_speed=6.05578018)
    vehicle2 = NPC(lane_id=4, offset=43.27908955, initial_speed=14.40406244)
    vehicle3 = NPC(lane_id=2, offset=4.40742565, initial_speed=17.24076503)
    vehicle2.changeLane(trigger_sequence=1, target_lane=1, target_speed=54.854904)
    vehicle3.accelerate(trigger_sequence=1, target_speed=44.45894805)
    vehicle3.accelerate(trigger_sequence=4, target_speed=52.40136151)
    vehicle2.changeLane(trigger_sequence=5, target_lane=1, target_speed=48.07875053)

2025-07-15 Tuesday 12:06:11  random_test.py : INFO  === Evaluation Finished === 
 Fitness: [7.041981263549652, -0.0], Collision: False
2025-07-15 Tuesday 12:06:16  random_test.py : INFO  === Evaluate Testcase === 
 def testcase(self):
    ego = NPC(lane_id=5, offset=47.80397945, initial_speed=14.21396266)
    vehicle2 = NPC(lane_id=2, offset=27.69682513, initial_speed=22.77980917)
    vehicle3 = NPC(lane_id=4, offset=21.78561985, initial_speed=25.13083561)
    vehicle2.decelerate(trigger_sequence=1, target_speed=11.10842659)
    vehicle3.decelerate(trigger_sequence=1, target_speed=12.63997864)
    vehicle3.decelerate(trigger_sequence=4, target_speed=7.69752133)
    vehicle3.decelerate(trigger_sequence=5, target_speed=18.27815553)

2025-07-15 Tuesday 12:06:16  random_test.py : INFO  === Evaluation Finished === 
 Fitness: [21.39707582550695, -0.0], Collision: False
2025-07-15 Tuesday 12:06:21  random_test.py : INFO  === Evaluate Testcase === 
 def testcase(self):
    ego = NPC(lane_id=1, offset=16.82337427, initial_speed=38.93313187)
    vehicle2 = NPC(lane_id=3, offset=31.78178371, initial_speed=20.86780749)
    vehicle3 = NPC(lane_id=2, offset=46.00088881, initial_speed=23.38662279)
    vehicle2.accelerate(trigger_sequence=1, target_speed=41.70698134)
    vehicle2.accelerate(trigger_sequence=2, target_speed=50.40365116)
    vehicle2.decelerate(trigger_sequence=3, target_speed=21.33625541)
    vehicle2.decelerate(trigger_sequence=5, target_speed=13.27930341)

2025-07-15 Tuesday 12:06:21  random_test.py : INFO  === Evaluation Finished === 
 Fitness: [3.500244849578047, -0.0], Collision: False
2025-07-15 Tuesday 12:06:25  simulate.py : INFO  Rear-end collision with vehicle 2145 ignored
2025-07-15 Tuesday 12:06:27  random_test.py : INFO  === Evaluate Testcase === 
 def testcase(self):
    vehicle1 = NPC(lane_id=3, offset=1.05277485, initial_speed=22.48667611)
    vehicle2 = NPC(lane_id=2, offset=33.86446681, initial_speed=24.3498784)
    ego = NPC(lane_id=3, offset=45.65377849, initial_speed=1.96406701)
    vehicle2.changeLane(trigger_sequence=1, target_lane=3, target_speed=59.30738456)
    vehicle1.accelerate(trigger_sequence=2, target_speed=45.5184785)
    vehicle2.changeLane(trigger_sequence=3, target_lane=1, target_speed=50.69679463)
    vehicle1.changeLane(trigger_sequence=4, target_lane=3, target_speed=35.07686505)
    vehicle2.accelerate(trigger_sequence=4, target_speed=58.32859947)
    vehicle1.accelerate(trigger_sequence=5, target_speed=32.81535741)
    vehicle2.changeLane(trigger_sequence=5, target_lane=3, target_speed=6.96661885)

2025-07-15 Tuesday 12:06:27  random_test.py : INFO  === Evaluation Finished === 
 Fitness: [4.719132688365245, -0.0], Collision: False
2025-07-15 Tuesday 12:06:32  random_test.py : INFO  === Evaluate Testcase === 
 def testcase(self):
    vehicle1 = NPC(lane_id=5, offset=31.21685118, initial_speed=8.67886581)
    vehicle2 = NPC(lane_id=2, offset=29.24228691, initial_speed=29.55582779)
    vehicle3 = NPC(lane_id=1, offset=46.49098925, initial_speed=35.88711506)
    ego = NPC(lane_id=4, offset=10.68674278, initial_speed=5.27709742)
    vehicle1.changeLane(trigger_sequence=1, target_lane=3, target_speed=4.82950038)
    vehicle1.accelerate(trigger_sequence=2, target_speed=42.47774766)
    vehicle1.changeLane(trigger_sequence=3, target_lane=1, target_speed=43.67715919)
    vehicle3.changeLane(trigger_sequence=3, target_lane=1, target_speed=38.11636911)
    vehicle2.accelerate(trigger_sequence=4, target_speed=42.54283167)
    vehicle3.decelerate(trigger_sequence=4, target_speed=13.36096876)
    vehicle2.changeLane(trigger_sequence=5, target_lane=1, target_speed=10.94666996)
    vehicle3.changeLane(trigger_sequence=5, target_lane=3, target_speed=58.91478544)

2025-07-15 Tuesday 12:06:32  random_test.py : INFO  === Evaluation Finished === 
 Fitness: [3.50121594628791, -0.0], Collision: False
2025-07-15 Tuesday 12:06:38  random_test.py : INFO  === Evaluate Testcase === 
 def testcase(self):
    vehicle1 = NPC(lane_id=5, offset=32.55860717, initial_speed=39.44154473)
    ego = NPC(lane_id=2, offset=47.40326843, initial_speed=37.92310001)
    vehicle3 = NPC(lane_id=2, offset=28.59706437, initial_speed=39.99738883)
    vehicle3.changeLane(trigger_sequence=2, target_lane=3, target_speed=2.04107287)
    vehicle1.decelerate(trigger_sequence=4, target_speed=3.71992764)
    vehicle3.accelerate(trigger_sequence=4, target_speed=44.97505925)

2025-07-15 Tuesday 12:06:38  random_test.py : INFO  === Evaluation Finished === 
 Fitness: [14.894330632154645, -0.0], Collision: False
2025-07-15 Tuesday 12:06:43  random_test.py : INFO  === Evaluate Testcase === 
 def testcase(self):
    vehicle1 = NPC(lane_id=4, offset=16.34808408, initial_speed=37.45340457)
    vehicle2 = NPC(lane_id=3, offset=37.75547231, initial_speed=14.75046828)
    ego = NPC(lane_id=2, offset=9.08502621, initial_speed=20.14497591)
    vehicle1.changeLane(trigger_sequence=1, target_lane=3, target_speed=51.36365521)
    vehicle2.decelerate(trigger_sequence=1, target_speed=10.16593021)
    vehicle1.accelerate(trigger_sequence=3, target_speed=37.17179652)
    vehicle1.decelerate(trigger_sequence=4, target_speed=10.33559775)
    vehicle2.decelerate(trigger_sequence=5, target_speed=16.13323578)

2025-07-15 Tuesday 12:06:43  random_test.py : INFO  === Evaluation Finished === 
 Fitness: [3.5027915009352015, -0.0], Collision: False
2025-07-15 Tuesday 12:06:49  random_test.py : INFO  === Evaluate Testcase === 
 def testcase(self):
    ego = NPC(lane_id=2, offset=45.59190794, initial_speed=33.66510354)
    vehicle2 = NPC(lane_id=1, offset=13.36647297, initial_speed=12.79532803)
    vehicle3 = NPC(lane_id=5, offset=27.75782875, initial_speed=16.81642948)
    vehicle4 = NPC(lane_id=4, offset=5.920047, initial_speed=8.94778491)
    vehicle4.accelerate(trigger_sequence=1, target_speed=59.72644709)
    vehicle2.changeLane(trigger_sequence=2, target_lane=3, target_speed=35.69160829)
    vehicle3.accelerate(trigger_sequence=2, target_speed=37.19792982)
    vehicle3.changeLane(trigger_sequence=3, target_lane=3, target_speed=4.5673766)
    vehicle2.changeLane(trigger_sequence=4, target_lane=1, target_speed=15.51800187)
    vehicle4.changeLane(trigger_sequence=4, target_lane=1, target_speed=20.88861852)
    vehicle2.decelerate(trigger_sequence=5, target_speed=1.82636787)
    vehicle3.decelerate(trigger_sequence=5, target_speed=29.41035095)

2025-07-15 Tuesday 12:06:49  random_test.py : INFO  === Evaluation Finished === 
 Fitness: [22.331452079358666, -0.0], Collision: False
2025-07-15 Tuesday 12:06:54  random_test.py : INFO  === Evaluate Testcase === 
 def testcase(self):
    vehicle1 = NPC(lane_id=3, offset=2.56879939, initial_speed=14.15261005)
    ego = NPC(lane_id=3, offset=11.36325494, initial_speed=6.00785907)
    vehicle1.decelerate(trigger_sequence=2, target_speed=10.67084778)
    vehicle1.changeLane(trigger_sequence=3, target_lane=3, target_speed=40.1017733)
    vehicle1.decelerate(trigger_sequence=4, target_speed=1.43992017)

2025-07-15 Tuesday 12:06:54  random_test.py : INFO  === Evaluation Finished === 
 Fitness: [7.5190271767694075, -0.0028328611898017], Collision: False
2025-07-15 Tuesday 12:06:59  random_test.py : INFO  === Evaluate Testcase === 
 def testcase(self):
    vehicle1 = NPC(lane_id=4, offset=15.50728301, initial_speed=38.90758761)
    ego = NPC(lane_id=5, offset=1.07221871, initial_speed=25.36746902)
    vehicle1.changeLane(trigger_sequence=1, target_lane=3, target_speed=59.55638295)
    vehicle1.accelerate(trigger_sequence=4, target_speed=58.30114618)

2025-07-15 Tuesday 12:06:59  random_test.py : INFO  === Evaluation Finished === 
 Fitness: [14.349694234190949, -0.0], Collision: False
2025-07-15 Tuesday 12:07:04  random_test.py : INFO  === Evaluate Testcase === 
 def testcase(self):
    ego = NPC(lane_id=3, offset=27.54481884, initial_speed=30.99095641)
    vehicle2 = NPC(lane_id=1, offset=36.32000384, initial_speed=6.19987433)
    vehicle2.accelerate(trigger_sequence=2, target_speed=46.44319026)
    vehicle2.accelerate(trigger_sequence=3, target_speed=46.01611196)
    vehicle2.accelerate(trigger_sequence=5, target_speed=53.32648823)

2025-07-15 Tuesday 12:07:04  random_test.py : INFO  === Evaluation Finished === 
 Fitness: [6.999138817190265, -0.0], Collision: False
2025-07-15 Tuesday 12:07:09  random_test.py : INFO  === Evaluate Testcase === 
 def testcase(self):
    ego = NPC(lane_id=1, offset=46.03187977, initial_speed=38.93812615)
    vehicle2 = NPC(lane_id=4, offset=29.04824778, initial_speed=3.78489742)
    vehicle3 = NPC(lane_id=2, offset=4.62341865, initial_speed=18.27253295)
    vehicle4 = NPC(lane_id=2, offset=16.64070791, initial_speed=11.0781069)
    vehicle2.accelerate(trigger_sequence=1, target_speed=41.84650266)
    vehicle3.accelerate(trigger_sequence=1, target_speed=31.59843949)
    vehicle4.decelerate(trigger_sequence=2, target_speed=25.80377022)
    vehicle2.decelerate(trigger_sequence=3, target_speed=4.15179504)
    vehicle4.accelerate(trigger_sequence=3, target_speed=49.00857647)
    vehicle2.accelerate(trigger_sequence=4, target_speed=59.11245861)
    vehicle3.changeLane(trigger_sequence=4, target_lane=1, target_speed=38.98291426)
    vehicle4.decelerate(trigger_sequence=4, target_speed=0.766368)
    vehicle4.decelerate(trigger_sequence=5, target_speed=17.62647729)

2025-07-15 Tuesday 12:07:09  random_test.py : INFO  === Evaluation Finished === 
 Fitness: [22.177069439073453, -0.0], Collision: False
2025-07-15 Tuesday 12:07:15  random_test.py : INFO  === Evaluate Testcase === 
 def testcase(self):
    ego = NPC(lane_id=4, offset=34.38809016, initial_speed=4.66228122)
    vehicle2 = NPC(lane_id=5, offset=12.70263236, initial_speed=22.77012486)
    vehicle3 = NPC(lane_id=5, offset=4.63970594, initial_speed=10.72863057)
    vehicle2.decelerate(trigger_sequence=1, target_speed=24.44955259)
    vehicle3.accelerate(trigger_sequence=1, target_speed=54.13357609)
    vehicle2.decelerate(trigger_sequence=3, target_speed=23.31213289)
    vehicle3.changeLane(trigger_sequence=3, target_lane=1, target_speed=38.24205072)
    vehicle2.changeLane(trigger_sequence=4, target_lane=3, target_speed=5.08229614)
    vehicle3.decelerate(trigger_sequence=4, target_speed=12.93754074)

2025-07-15 Tuesday 12:07:15  random_test.py : INFO  === Evaluation Finished === 
 Fitness: [17.651110252718812, -0.0], Collision: False
2025-07-15 Tuesday 12:07:20  random_test.py : INFO  === Evaluate Testcase === 
 def testcase(self):
    vehicle1 = NPC(lane_id=2, offset=28.96625631, initial_speed=32.82495894)
    ego = NPC(lane_id=5, offset=46.98263012, initial_speed=35.04909985)
    vehicle3 = NPC(lane_id=4, offset=24.99913738, initial_speed=24.92009169)
    vehicle3.accelerate(trigger_sequence=1, target_speed=34.46098637)
    vehicle3.changeLane(trigger_sequence=2, target_lane=1, target_speed=44.25284118)
    vehicle1.decelerate(trigger_sequence=3, target_speed=14.04449071)
    vehicle3.accelerate(trigger_sequence=3, target_speed=34.03810934)
    vehicle3.changeLane(trigger_sequence=4, target_lane=1, target_speed=3.21419193)
    vehicle1.accelerate(trigger_sequence=5, target_speed=33.62493869)
    vehicle3.changeLane(trigger_sequence=5, target_lane=1, target_speed=4.36548375)

2025-07-15 Tuesday 12:07:20  random_test.py : INFO  === Evaluation Finished === 
 Fitness: [21.749284703170666, -0.0], Collision: False
2025-07-15 Tuesday 12:07:24  random_test.py : INFO  === Evaluate Testcase === 
 def testcase(self):
    vehicle1 = NPC(lane_id=4, offset=38.03868197, initial_speed=10.11343922)
    ego = NPC(lane_id=3, offset=35.54898364, initial_speed=25.12467308)
    vehicle3 = NPC(lane_id=4, offset=38.21865696, initial_speed=18.71224893)
    vehicle4 = NPC(lane_id=4, offset=1.86565246, initial_speed=37.66017763)
    vehicle1.decelerate(trigger_sequence=1, target_speed=15.9824793)
    vehicle3.decelerate(trigger_sequence=1, target_speed=19.67481443)
    vehicle4.decelerate(trigger_sequence=1, target_speed=25.51423645)
    vehicle3.accelerate(trigger_sequence=3, target_speed=30.63142396)
    vehicle4.changeLane(trigger_sequence=3, target_lane=3, target_speed=33.8144793)
    vehicle4.decelerate(trigger_sequence=4, target_speed=24.59045388)
    vehicle1.accelerate(trigger_sequence=5, target_speed=40.4519636)
    vehicle4.accelerate(trigger_sequence=5, target_speed=44.07236394)

2025-07-15 Tuesday 12:07:24  random_test.py : INFO  === Evaluation Finished === 
 Fitness: [inf, 0], Collision: False
2025-07-15 Tuesday 12:07:30  random_test.py : INFO  === Evaluate Testcase === 
 def testcase(self):
    vehicle1 = NPC(lane_id=3, offset=21.93571017, initial_speed=36.13415605)
    vehicle2 = NPC(lane_id=4, offset=6.91250429, initial_speed=17.57835572)
    ego = NPC(lane_id=2, offset=7.45528026, initial_speed=22.01499732)
    vehicle1.accelerate(trigger_sequence=2, target_speed=46.69212863)
    vehicle2.changeLane(trigger_sequence=2, target_lane=1, target_speed=23.35011085)
    vehicle2.decelerate(trigger_sequence=3, target_speed=18.44527175)
    vehicle2.decelerate(trigger_sequence=4, target_speed=16.14382631)
    vehicle2.accelerate(trigger_sequence=5, target_speed=33.37181312)

2025-07-15 Tuesday 12:07:30  random_test.py : INFO  === Evaluation Finished === 
 Fitness: [7.172055145865488, -0.0], Collision: False
2025-07-15 Tuesday 12:07:35  random_test.py : INFO  === Evaluate Testcase === 
 def testcase(self):
    vehicle1 = NPC(lane_id=1, offset=24.31168396, initial_speed=14.07026131)
    vehicle2 = NPC(lane_id=5, offset=22.55108496, initial_speed=18.54118167)
    ego = NPC(lane_id=2, offset=7.40118114, initial_speed=31.15731871)
    vehicle4 = NPC(lane_id=4, offset=6.19848627, initial_speed=4.25428332)
    vehicle2.decelerate(trigger_sequence=1, target_speed=6.61262108)
    vehicle4.accelerate(trigger_sequence=1, target_speed=45.31000114)
    vehicle1.accelerate(trigger_sequence=2, target_speed=50.51258181)
    vehicle2.changeLane(trigger_sequence=2, target_lane=3, target_speed=24.34844855)
    vehicle1.changeLane(trigger_sequence=3, target_lane=3, target_speed=18.12015831)
    vehicle2.decelerate(trigger_sequence=3, target_speed=25.44267863)
    vehicle4.decelerate(trigger_sequence=3, target_speed=11.85216028)
    vehicle4.decelerate(trigger_sequence=4, target_speed=20.05580307)
    vehicle2.accelerate(trigger_sequence=5, target_speed=32.97344048)
    vehicle4.accelerate(trigger_sequence=5, target_speed=57.45312327)

2025-07-15 Tuesday 12:07:35  random_test.py : INFO  === Evaluation Finished === 
 Fitness: [3.5003557645048193, -0.0], Collision: False
2025-07-15 Tuesday 12:07:39  simulate.py : INFO  Rear-end collision with vehicle 2199 ignored
2025-07-15 Tuesday 12:07:41  random_test.py : INFO  === Evaluate Testcase === 
 def testcase(self):
    vehicle1 = NPC(lane_id=1, offset=28.74943571, initial_speed=29.92173389)
    vehicle2 = NPC(lane_id=1, offset=20.77030397, initial_speed=20.52773252)
    vehicle3 = NPC(lane_id=3, offset=10.53130086, initial_speed=12.55430191)
    ego = NPC(lane_id=1, offset=33.59221109, initial_speed=19.60631018)
    vehicle1.accelerate(trigger_sequence=1, target_speed=46.76334616)
    vehicle2.changeLane(trigger_sequence=1, target_lane=1, target_speed=9.93590386)
    vehicle1.changeLane(trigger_sequence=4, target_lane=3, target_speed=2.91418416)
    vehicle2.accelerate(trigger_sequence=4, target_speed=50.82524554)
    vehicle3.decelerate(trigger_sequence=4, target_speed=4.17871747)
    vehicle3.decelerate(trigger_sequence=5, target_speed=23.68715302)

2025-07-15 Tuesday 12:07:41  random_test.py : INFO  === Evaluation Finished === 
 Fitness: [4.7796903818184315, -0.002976190476190476], Collision: False
2025-07-15 Tuesday 12:07:45  random_test.py : INFO  === Evaluate Testcase === 
 def testcase(self):
    vehicle1 = NPC(lane_id=2, offset=7.26379284, initial_speed=29.81865352)
    vehicle2 = NPC(lane_id=1, offset=44.29491806, initial_speed=4.20637533)
    vehicle3 = NPC(lane_id=1, offset=43.11528192, initial_speed=0.96401072)
    ego = NPC(lane_id=2, offset=47.28939949, initial_speed=13.90651818)
    vehicle1.changeLane(trigger_sequence=1, target_lane=3, target_speed=53.74945253)
    vehicle3.decelerate(trigger_sequence=1, target_speed=14.66751959)
    vehicle1.decelerate(trigger_sequence=3, target_speed=17.80140154)
    vehicle2.decelerate(trigger_sequence=3, target_speed=7.73435247)
    vehicle3.accelerate(trigger_sequence=3, target_speed=55.95599211)
    vehicle2.changeLane(trigger_sequence=4, target_lane=1, target_speed=59.50050012)
    vehicle3.accelerate(trigger_sequence=5, target_speed=41.13041052)

2025-07-15 Tuesday 12:07:45  random_test.py : INFO  === Evaluation Finished === 
 Fitness: [inf, 0], Collision: False
2025-07-15 Tuesday 12:07:51  random_test.py : INFO  === Evaluate Testcase === 
 def testcase(self):
    ego = NPC(lane_id=5, offset=45.23322335, initial_speed=1.36927583)
    vehicle2 = NPC(lane_id=3, offset=20.94347666, initial_speed=32.14807713)
    vehicle3 = NPC(lane_id=5, offset=28.34518093, initial_speed=26.40195496)
    vehicle3.changeLane(trigger_sequence=1, target_lane=3, target_speed=32.64986714)
    vehicle2.decelerate(trigger_sequence=2, target_speed=3.79824472)
    vehicle3.accelerate(trigger_sequence=2, target_speed=49.80900491)
    vehicle3.decelerate(trigger_sequence=3, target_speed=27.14558556)
    vehicle3.changeLane(trigger_sequence=4, target_lane=3, target_speed=18.15145941)

2025-07-15 Tuesday 12:07:51  random_test.py : INFO  === Evaluation Finished === 
 Fitness: [9.869806213348069, -0.0], Collision: False
2025-07-15 Tuesday 12:07:56  random_test.py : INFO  === Evaluate Testcase === 
 def testcase(self):
    vehicle1 = NPC(lane_id=2, offset=31.94159377, initial_speed=16.32169846)
    ego = NPC(lane_id=5, offset=39.0672054, initial_speed=32.70974014)
    vehicle1.accelerate(trigger_sequence=1, target_speed=41.83699813)
    vehicle1.changeLane(trigger_sequence=5, target_lane=1, target_speed=35.78101408)

2025-07-15 Tuesday 12:07:56  random_test.py : INFO  === Evaluation Finished === 
 Fitness: [13.353716607071755, -0.0], Collision: False
2025-07-15 Tuesday 12:08:01  random_test.py : INFO  === Evaluate Testcase === 
 def testcase(self):
    vehicle1 = NPC(lane_id=4, offset=49.68770536, initial_speed=6.83826684)
    ego = NPC(lane_id=3, offset=8.42100712, initial_speed=29.42810446)
    vehicle3 = NPC(lane_id=1, offset=8.63952055, initial_speed=22.29243047)
    vehicle1.changeLane(trigger_sequence=1, target_lane=3, target_speed=47.62137191)
    vehicle1.changeLane(trigger_sequence=2, target_lane=1, target_speed=33.9896956)
    vehicle1.changeLane(trigger_sequence=3, target_lane=3, target_speed=27.49230205)
    vehicle1.decelerate(trigger_sequence=4, target_speed=14.78271841)
    vehicle1.changeLane(trigger_sequence=5, target_lane=1, target_speed=39.15242407)

2025-07-15 Tuesday 12:08:01  random_test.py : INFO  === Evaluation Finished === 
 Fitness: [3.5002002608214946, -0.0], Collision: False
2025-07-15 Tuesday 12:08:06  random_test.py : INFO  === Evaluate Testcase === 
 def testcase(self):
    ego = NPC(lane_id=3, offset=1.09161574, initial_speed=23.46779215)
    vehicle2 = NPC(lane_id=2, offset=19.0163205, initial_speed=23.6727462)
    vehicle3 = NPC(lane_id=4, offset=25.37912313, initial_speed=5.74293744)
    vehicle4 = NPC(lane_id=3, offset=6.8964189, initial_speed=35.8733705)
    vehicle3.decelerate(trigger_sequence=2, target_speed=24.64358116)
    vehicle2.changeLane(trigger_sequence=3, target_lane=1, target_speed=5.467089)
    vehicle3.accelerate(trigger_sequence=3, target_speed=42.41563833)
    vehicle4.changeLane(trigger_sequence=4, target_lane=1, target_speed=43.2772565)

2025-07-15 Tuesday 12:08:06  random_test.py : INFO  === Evaluation Finished === 
 Fitness: [inf, 0], Collision: False
2025-07-15 Tuesday 12:08:11  random_test.py : INFO  === Evaluate Testcase === 
 def testcase(self):
    vehicle1 = NPC(lane_id=2, offset=29.12580658, initial_speed=22.5731816)
    ego = NPC(lane_id=1, offset=27.60991214, initial_speed=7.16237068)
    vehicle1.changeLane(trigger_sequence=2, target_lane=3, target_speed=34.18214548)
    vehicle1.decelerate(trigger_sequence=3, target_speed=7.70769976)
    vehicle1.accelerate(trigger_sequence=5, target_speed=48.52833571)

2025-07-15 Tuesday 12:08:11  random_test.py : INFO  === Evaluation Finished === 
 Fitness: [3.4991157258408374, -0.002840909090909091], Collision: False
2025-07-15 Tuesday 12:08:16  random_test.py : INFO  === Evaluate Testcase === 
 def testcase(self):
    ego = NPC(lane_id=2, offset=39.03500257, initial_speed=18.98861698)
    vehicle2 = NPC(lane_id=5, offset=23.35685108, initial_speed=10.89048692)
    vehicle3 = NPC(lane_id=2, offset=27.77470311, initial_speed=19.68408295)
    vehicle2.accelerate(trigger_sequence=1, target_speed=59.00000759)
    vehicle2.changeLane(trigger_sequence=2, target_lane=1, target_speed=8.52888317)
    vehicle3.accelerate(trigger_sequence=3, target_speed=42.93261349)
    vehicle2.changeLane(trigger_sequence=5, target_lane=1, target_speed=19.20197587)
    vehicle3.accelerate(trigger_sequence=5, target_speed=39.18561013)

2025-07-15 Tuesday 12:08:16  random_test.py : INFO  === Evaluation Finished === 
 Fitness: [11.882374262826836, -0.0], Collision: False
2025-07-15 Tuesday 12:08:22  random_test.py : INFO  === Evaluate Testcase === 
 def testcase(self):
    vehicle1 = NPC(lane_id=3, offset=25.59740345, initial_speed=5.42439323)
    vehicle2 = NPC(lane_id=1, offset=48.89185306, initial_speed=32.69429385)
    ego = NPC(lane_id=1, offset=42.07985085, initial_speed=0.8543738)
    vehicle4 = NPC(lane_id=4, offset=22.45616142, initial_speed=9.81587716)
    vehicle1.accelerate(trigger_sequence=1, target_speed=44.76317074)
    vehicle2.accelerate(trigger_sequence=1, target_speed=50.68953877)
    vehicle2.accelerate(trigger_sequence=2, target_speed=36.97601949)
    vehicle1.accelerate(trigger_sequence=4, target_speed=56.44036798)
    vehicle2.changeLane(trigger_sequence=4, target_lane=3, target_speed=21.18842116)
    vehicle4.accelerate(trigger_sequence=4, target_speed=51.44139344)
    vehicle2.accelerate(trigger_sequence=5, target_speed=45.50429513)
    vehicle4.accelerate(trigger_sequence=5, target_speed=41.88940285)

2025-07-15 Tuesday 12:08:22  random_test.py : INFO  === Evaluation Finished === 
 Fitness: [4.5507023960555095, -0.0], Collision: False
2025-07-15 Tuesday 12:08:27  random_test.py : INFO  === Evaluate Testcase === 
 def testcase(self):
    vehicle1 = NPC(lane_id=3, offset=26.40758394, initial_speed=21.62769166)
    ego = NPC(lane_id=2, offset=5.04683845, initial_speed=1.7058634)
    vehicle3 = NPC(lane_id=1, offset=34.12742971, initial_speed=9.0501309)
    vehicle1.decelerate(trigger_sequence=1, target_speed=18.60164344)
    vehicle1.decelerate(trigger_sequence=3, target_speed=21.98071808)
    vehicle3.accelerate(trigger_sequence=3, target_speed=45.11232435)
    vehicle3.accelerate(trigger_sequence=5, target_speed=37.80618068)

2025-07-15 Tuesday 12:08:27  random_test.py : INFO  === Evaluation Finished === 
 Fitness: [3.5007394767898714, -0.0], Collision: False
2025-07-15 Tuesday 12:08:33  random_test.py : INFO  === Evaluate Testcase === 
 def testcase(self):
    ego = NPC(lane_id=3, offset=47.96332313, initial_speed=19.1828118)
    vehicle2 = NPC(lane_id=4, offset=14.9230197, initial_speed=39.73329384)
    vehicle3 = NPC(lane_id=5, offset=30.57299592, initial_speed=14.21733195)
    vehicle4 = NPC(lane_id=4, offset=21.23361685, initial_speed=26.29313457)
    vehicle3.accelerate(trigger_sequence=1, target_speed=44.90927031)
    vehicle3.accelerate(trigger_sequence=2, target_speed=45.46197383)
    vehicle4.changeLane(trigger_sequence=2, target_lane=1, target_speed=1.32493959)
    vehicle3.changeLane(trigger_sequence=3, target_lane=3, target_speed=13.29803775)
    vehicle2.changeLane(trigger_sequence=4, target_lane=1, target_speed=57.55956018)
    vehicle3.accelerate(trigger_sequence=4, target_speed=52.91152859)
    vehicle2.changeLane(trigger_sequence=5, target_lane=3, target_speed=12.73160525)
    vehicle3.decelerate(trigger_sequence=5, target_speed=0.6499158)

2025-07-15 Tuesday 12:08:33  random_test.py : INFO  === Evaluation Finished === 
 Fitness: [19.62186044429852, -0.0], Collision: False
2025-07-15 Tuesday 12:08:38  random_test.py : INFO  === Evaluate Testcase === 
 def testcase(self):
    vehicle1 = NPC(lane_id=1, offset=23.77108818, initial_speed=11.54454002)
    ego = NPC(lane_id=1, offset=37.2457247, initial_speed=12.4817638)
    vehicle1.decelerate(trigger_sequence=4, target_speed=8.80115094)
    vehicle1.decelerate(trigger_sequence=5, target_speed=6.83843567)

2025-07-15 Tuesday 12:08:38  random_test.py : INFO  === Evaluation Finished === 
 Fitness: [13.834311640853318, -0.0], Collision: False
2025-07-15 Tuesday 12:08:43  random_test.py : INFO  === Evaluate Testcase === 
 def testcase(self):
    vehicle1 = NPC(lane_id=3, offset=49.22962118, initial_speed=5.84131055)
    ego = NPC(lane_id=1, offset=37.77889656, initial_speed=15.33710046)
    vehicle3 = NPC(lane_id=4, offset=24.32453473, initial_speed=29.65708372)
    vehicle1.accelerate(trigger_sequence=1, target_speed=42.2748951)
    vehicle1.changeLane(trigger_sequence=2, target_lane=3, target_speed=19.86325324)
    vehicle3.decelerate(trigger_sequence=3, target_speed=0.25022166)
    vehicle1.accelerate(trigger_sequence=4, target_speed=52.94951366)
    vehicle1.accelerate(trigger_sequence=5, target_speed=51.95398442)
    vehicle3.decelerate(trigger_sequence=5, target_speed=3.61402124)

2025-07-15 Tuesday 12:08:43  random_test.py : INFO  === Evaluation Finished === 
 Fitness: [7.0002133129965936, -0.0], Collision: False
2025-07-15 Tuesday 12:08:48  random_test.py : INFO  === Evaluate Testcase === 
 def testcase(self):
    vehicle1 = NPC(lane_id=5, offset=11.08433671, initial_speed=20.42317666)
    ego = NPC(lane_id=1, offset=8.64873401, initial_speed=7.92027403)
    vehicle1.decelerate(trigger_sequence=1, target_speed=3.02621625)

2025-07-15 Tuesday 12:08:48  random_test.py : INFO  === Evaluation Finished === 
 Fitness: [13.99897394156579, -0.002849002849002849], Collision: False
2025-07-15 Tuesday 12:08:54  random_test.py : INFO  === Evaluate Testcase === 
 def testcase(self):
    ego = NPC(lane_id=5, offset=23.76403047, initial_speed=35.11823252)
    vehicle2 = NPC(lane_id=4, offset=38.74651788, initial_speed=22.4767818)
    vehicle3 = NPC(lane_id=5, offset=12.34905506, initial_speed=26.32004657)
    vehicle2.accelerate(trigger_sequence=1, target_speed=55.16507008)
    vehicle3.decelerate(trigger_sequence=1, target_speed=14.52700483)
    vehicle2.changeLane(trigger_sequence=2, target_lane=3, target_speed=28.85500851)
    vehicle3.changeLane(trigger_sequence=2, target_lane=1, target_speed=55.72767638)
    vehicle2.decelerate(trigger_sequence=3, target_speed=22.95639574)
    vehicle2.decelerate(trigger_sequence=4, target_speed=11.43312108)

2025-07-15 Tuesday 12:08:54  random_test.py : INFO  === Evaluation Finished === 
 Fitness: [3.5003931191498516, -0.0], Collision: False
2025-07-15 Tuesday 12:08:59  random_test.py : INFO  === Evaluate Testcase === 
 def testcase(self):
    ego = NPC(lane_id=3, offset=36.85098373, initial_speed=28.43254881)
    vehicle2 = NPC(lane_id=3, offset=2.19977833, initial_speed=35.58084797)
    vehicle2.decelerate(trigger_sequence=2, target_speed=9.86215854)
    vehicle2.changeLane(trigger_sequence=5, target_lane=1, target_speed=36.15058728)

2025-07-15 Tuesday 12:08:59  random_test.py : INFO  === Evaluation Finished === 
 Fitness: [33.4085028737421, -0.0], Collision: False
2025-07-15 Tuesday 12:09:04  random_test.py : INFO  === Evaluate Testcase === 
 def testcase(self):
    ego = NPC(lane_id=5, offset=2.7855076, initial_speed=5.0841148)
    vehicle2 = NPC(lane_id=5, offset=34.63861849, initial_speed=36.95822448)
    vehicle2.accelerate(trigger_sequence=1, target_speed=56.5143272)
    vehicle2.accelerate(trigger_sequence=2, target_speed=54.23570979)
    vehicle2.decelerate(trigger_sequence=5, target_speed=3.27462434)

2025-07-15 Tuesday 12:09:04  random_test.py : INFO  === Evaluation Finished === 
 Fitness: [19.583771800559262, -0.00558659217877095], Collision: False
2025-07-15 Tuesday 12:09:09  random_test.py : INFO  === Evaluate Testcase === 
 def testcase(self):
    vehicle1 = NPC(lane_id=1, offset=4.95975849, initial_speed=5.71994487)
    vehicle2 = NPC(lane_id=2, offset=18.05852442, initial_speed=0.37682858)
    ego = NPC(lane_id=1, offset=40.0056455, initial_speed=20.33641573)
    vehicle1.accelerate(trigger_sequence=1, target_speed=46.55172554)
    vehicle2.accelerate(trigger_sequence=1, target_speed=48.35490653)
    vehicle2.decelerate(trigger_sequence=2, target_speed=28.17710377)
    vehicle1.decelerate(trigger_sequence=3, target_speed=3.21583735)
    vehicle2.decelerate(trigger_sequence=3, target_speed=18.70636012)
    vehicle1.accelerate(trigger_sequence=4, target_speed=37.9966245)
    vehicle1.accelerate(trigger_sequence=5, target_speed=57.87667101)
    vehicle2.accelerate(trigger_sequence=5, target_speed=55.01525267)

2025-07-15 Tuesday 12:09:09  random_test.py : INFO  === Evaluation Finished === 
 Fitness: [23.33688003076963, -0.0], Collision: False
2025-07-15 Tuesday 12:09:15  random_test.py : INFO  === Evaluate Testcase === 
 def testcase(self):
    vehicle1 = NPC(lane_id=4, offset=3.7105048, initial_speed=30.74620408)
    ego = NPC(lane_id=2, offset=3.88991127, initial_speed=19.36268824)
    vehicle3 = NPC(lane_id=5, offset=48.76460694, initial_speed=39.87630127)
    vehicle4 = NPC(lane_id=3, offset=39.04422369, initial_speed=28.59436157)
    vehicle1.accelerate(trigger_sequence=1, target_speed=32.01617045)
    vehicle3.accelerate(trigger_sequence=1, target_speed=34.97487938)
    vehicle3.changeLane(trigger_sequence=2, target_lane=1, target_speed=36.86949405)
    vehicle4.changeLane(trigger_sequence=2, target_lane=1, target_speed=25.6289354)
    vehicle1.accelerate(trigger_sequence=3, target_speed=33.06964598)
    vehicle4.changeLane(trigger_sequence=3, target_lane=3, target_speed=4.47506258)
    vehicle1.changeLane(trigger_sequence=4, target_lane=3, target_speed=28.86902985)

2025-07-15 Tuesday 12:09:15  random_test.py : INFO  === Evaluation Finished === 
 Fitness: [3.8886077162825616, -0.005235602094240838], Collision: False
2025-07-15 Tuesday 12:09:19  simulate.py : INFO  Rear-end collision with vehicle 2272 ignored
2025-07-15 Tuesday 12:09:21  random_test.py : INFO  === Evaluate Testcase === 
 def testcase(self):
    vehicle1 = NPC(lane_id=4, offset=32.92406398, initial_speed=10.36876828)
    vehicle2 = NPC(lane_id=2, offset=17.03555118, initial_speed=35.29551593)
    vehicle3 = NPC(lane_id=3, offset=23.50523424, initial_speed=23.45170895)
    ego = NPC(lane_id=2, offset=38.25120011, initial_speed=7.17319115)
    vehicle2.accelerate(trigger_sequence=1, target_speed=51.11368585)
    vehicle3.decelerate(trigger_sequence=1, target_speed=14.51790416)
    vehicle3.decelerate(trigger_sequence=2, target_speed=19.16876387)
    vehicle1.changeLane(trigger_sequence=3, target_lane=1, target_speed=37.41563609)
    vehicle2.changeLane(trigger_sequence=3, target_lane=3, target_speed=59.21069506)
    vehicle2.accelerate(trigger_sequence=4, target_speed=47.29888372)
    vehicle3.accelerate(trigger_sequence=4, target_speed=52.4791018)
    vehicle3.changeLane(trigger_sequence=5, target_lane=1, target_speed=39.62405117)

2025-07-15 Tuesday 12:09:21  random_test.py : INFO  === Evaluation Finished === 
 Fitness: [4.4277832937630235, -0.0], Collision: False
2025-07-15 Tuesday 12:09:26  random_test.py : INFO  === Evaluate Testcase === 
 def testcase(self):
    ego = NPC(lane_id=4, offset=28.0371696, initial_speed=36.25446543)
    vehicle2 = NPC(lane_id=2, offset=26.02536296, initial_speed=29.15274081)
    vehicle3 = NPC(lane_id=2, offset=7.20889875, initial_speed=23.5360301)
    vehicle4 = NPC(lane_id=3, offset=12.00102301, initial_speed=27.90853215)
    vehicle2.decelerate(trigger_sequence=1, target_speed=13.5691523)
    vehicle4.decelerate(trigger_sequence=1, target_speed=22.15369422)
    vehicle2.decelerate(trigger_sequence=3, target_speed=19.95403871)
    vehicle3.decelerate(trigger_sequence=3, target_speed=6.49203891)
    vehicle2.accelerate(trigger_sequence=5, target_speed=50.8928551)

2025-07-15 Tuesday 12:09:26  random_test.py : INFO  === Evaluation Finished === 
 Fitness: [7.000223815604951, -0.0], Collision: False
2025-07-15 Tuesday 12:09:30  simulate.py : INFO  Rear-end collision with vehicle 2282 ignored
2025-07-15 Tuesday 12:09:32  random_test.py : INFO  === Evaluate Testcase === 
 def testcase(self):
    ego = NPC(lane_id=2, offset=4.98765375, initial_speed=17.56345875)
    vehicle2 = NPC(lane_id=4, offset=39.06017696, initial_speed=30.68566172)
    vehicle3 = NPC(lane_id=1, offset=23.36051833, initial_speed=18.55934622)
    vehicle3.decelerate(trigger_sequence=1, target_speed=17.52130256)
    vehicle2.changeLane(trigger_sequence=2, target_lane=1, target_speed=46.77711196)
    vehicle3.decelerate(trigger_sequence=2, target_speed=16.07485869)
    vehicle2.changeLane(trigger_sequence=4, target_lane=1, target_speed=51.9403246)
    vehicle3.changeLane(trigger_sequence=4, target_lane=3, target_speed=59.68841809)
    vehicle2.accelerate(trigger_sequence=5, target_speed=55.19446486)
    vehicle3.accelerate(trigger_sequence=5, target_speed=32.31642675)

2025-07-15 Tuesday 12:09:32  random_test.py : INFO  === Evaluation Finished === 
 Fitness: [3.4999563376290213, -0.006172839506172839], Collision: False
2025-07-15 Tuesday 12:09:36  random_test.py : INFO  === Evaluate Testcase === 
 def testcase(self):
    vehicle1 = NPC(lane_id=1, offset=22.61221848, initial_speed=34.63844834)
    vehicle2 = NPC(lane_id=1, offset=25.6513456, initial_speed=2.51059813)
    ego = NPC(lane_id=2, offset=24.56028221, initial_speed=37.17371289)
    vehicle1.changeLane(trigger_sequence=1, target_lane=3, target_speed=0.88969747)
    vehicle1.changeLane(trigger_sequence=2, target_lane=3, target_speed=57.29286742)
    vehicle1.accelerate(trigger_sequence=3, target_speed=39.03324018)
    vehicle2.changeLane(trigger_sequence=3, target_lane=3, target_speed=2.37678817)
    vehicle1.decelerate(trigger_sequence=4, target_speed=7.52727974)
    vehicle2.changeLane(trigger_sequence=4, target_lane=3, target_speed=6.78352455)

2025-07-15 Tuesday 12:09:36  random_test.py : INFO  === Evaluation Finished === 
 Fitness: [inf, 0], Collision: False
2025-07-15 Tuesday 12:09:41  random_test.py : INFO  === Evaluate Testcase === 
 def testcase(self):
    vehicle1 = NPC(lane_id=2, offset=49.94579617, initial_speed=34.8287989)
    ego = NPC(lane_id=5, offset=45.77794761, initial_speed=16.53389429)
    vehicle3 = NPC(lane_id=3, offset=40.77917303, initial_speed=38.26501978)
    vehicle4 = NPC(lane_id=5, offset=10.67361008, initial_speed=10.54220073)
    vehicle1.changeLane(trigger_sequence=1, target_lane=3, target_speed=13.94496597)
    vehicle4.decelerate(trigger_sequence=2, target_speed=15.58383592)
    vehicle1.decelerate(trigger_sequence=3, target_speed=18.6322036)
    vehicle3.decelerate(trigger_sequence=3, target_speed=14.24732303)
    vehicle4.changeLane(trigger_sequence=3, target_lane=1, target_speed=3.56357772)
    vehicle3.changeLane(trigger_sequence=4, target_lane=3, target_speed=40.6219616)
    vehicle1.decelerate(trigger_sequence=5, target_speed=20.47671144)
    vehicle3.accelerate(trigger_sequence=5, target_speed=46.10301816)
    vehicle4.accelerate(trigger_sequence=5, target_speed=48.92332522)
# 2
2025-07-15 Tuesday 12:09:41  random_test.py : INFO  === Evaluation Finished === 
 Fitness: [1.06923556030893, -0.0], Collision: True
2025-07-15 Tuesday 12:09:41  random_test.py : INFO  === Find a coollision ===
2025-07-15 Tuesday 12:09:46  random_test.py : INFO  === Evaluate Testcase === 
 def testcase(self):
    vehicle1 = NPC(lane_id=1, offset=32.42414886, initial_speed=17.23852204)
    ego = NPC(lane_id=4, offset=16.12238719, initial_speed=33.72029857)
    vehicle1.changeLane(trigger_sequence=1, target_lane=1, target_speed=10.88364088)
    vehicle1.accelerate(trigger_sequence=4, target_speed=52.32673835)
    vehicle1.changeLane(trigger_sequence=5, target_lane=1, target_speed=56.64937356)

2025-07-15 Tuesday 12:09:46  random_test.py : INFO  === Evaluation Finished === 
 Fitness: [10.499845034053225, -0.0], Collision: False
2025-07-15 Tuesday 12:09:52  random_test.py : INFO  === Evaluate Testcase === 
 def testcase(self):
    vehicle1 = NPC(lane_id=3, offset=17.59531472, initial_speed=19.25765444)
    vehicle2 = NPC(lane_id=3, offset=49.3089369, initial_speed=39.81865791)
    ego = NPC(lane_id=2, offset=8.3922978, initial_speed=4.21520815)
    vehicle4 = NPC(lane_id=4, offset=32.27732567, initial_speed=4.97593794)
    vehicle2.decelerate(trigger_sequence=2, target_speed=19.73433491)
    vehicle1.changeLane(trigger_sequence=3, target_lane=3, target_speed=33.82584487)
    vehicle1.accelerate(trigger_sequence=4, target_speed=48.63252334)
    vehicle4.decelerate(trigger_sequence=4, target_speed=27.55814261)
    vehicle1.decelerate(trigger_sequence=5, target_speed=5.16263103)
    vehicle2.changeLane(trigger_sequence=5, target_lane=1, target_speed=14.29945107)

2025-07-15 Tuesday 12:09:52  random_test.py : INFO  === Evaluation Finished === 
 Fitness: [3.501537690125034, -0.0], Collision: False
2025-07-15 Tuesday 12:09:57  random_test.py : INFO  === Evaluate Testcase === 
 def testcase(self):
    vehicle1 = NPC(lane_id=5, offset=7.87079543, initial_speed=38.16976152)
    ego = NPC(lane_id=1, offset=14.38082335, initial_speed=36.04414002)
    vehicle1.changeLane(trigger_sequence=2, target_lane=1, target_speed=0.43014515)
    vehicle1.accelerate(trigger_sequence=3, target_speed=56.96849702)
    vehicle1.decelerate(trigger_sequence=4, target_speed=19.52182557)

2025-07-15 Tuesday 12:09:57  random_test.py : INFO  === Evaluation Finished === 
 Fitness: [13.493439717780454, -0.0], Collision: False
2025-07-15 Tuesday 12:10:02  random_test.py : INFO  === Evaluate Testcase === 
 def testcase(self):
    vehicle1 = NPC(lane_id=3, offset=20.26271038, initial_speed=13.41560139)
    ego = NPC(lane_id=2, offset=0.59775488, initial_speed=29.89401126)
    vehicle1.accelerate(trigger_sequence=1, target_speed=42.02555836)
    vehicle1.changeLane(trigger_sequence=3, target_lane=1, target_speed=49.07313518)
    vehicle1.decelerate(trigger_sequence=4, target_speed=25.2989619)

2025-07-15 Tuesday 12:10:02  random_test.py : INFO  === Evaluation Finished === 
 Fitness: [3.50066497119751, -0.0], Collision: False
2025-07-15 Tuesday 12:10:06  random_test.py : INFO  === Evaluate Testcase === 
 def testcase(self):
    vehicle1 = NPC(lane_id=5, offset=21.77884592, initial_speed=25.75089448)
    ego = NPC(lane_id=5, offset=4.18803762, initial_speed=17.94698748)
    vehicle3 = NPC(lane_id=1, offset=19.49461243, initial_speed=5.90062682)
    vehicle4 = NPC(lane_id=5, offset=4.62527962, initial_speed=18.21231073)
    vehicle1.decelerate(trigger_sequence=1, target_speed=22.07987002)
    vehicle3.changeLane(trigger_sequence=1, target_lane=1, target_speed=2.06833564)
    vehicle3.accelerate(trigger_sequence=2, target_speed=39.4114665)
    vehicle4.accelerate(trigger_sequence=2, target_speed=42.77704619)
    vehicle1.decelerate(trigger_sequence=3, target_speed=21.39443785)
    vehicle3.changeLane(trigger_sequence=3, target_lane=3, target_speed=13.39225013)
    vehicle4.changeLane(trigger_sequence=3, target_lane=1, target_speed=54.89383545)
    vehicle1.accelerate(trigger_sequence=4, target_speed=55.88791396)
    vehicle4.changeLane(trigger_sequence=4, target_lane=1, target_speed=3.79072892)
    vehicle1.decelerate(trigger_sequence=5, target_speed=2.84687596)
    vehicle3.changeLane(trigger_sequence=5, target_lane=3, target_speed=52.88153808)
    vehicle4.accelerate(trigger_sequence=5, target_speed=50.60333873)

2025-07-15 Tuesday 12:10:06  random_test.py : INFO  === Evaluation Finished === 
 Fitness: [inf, 0], Collision: False
2025-07-15 Tuesday 12:10:12  random_test.py : INFO  === Evaluate Testcase === 
 def testcase(self):
    vehicle1 = NPC(lane_id=4, offset=7.41337193, initial_speed=35.93443023)
    ego = NPC(lane_id=5, offset=17.20419971, initial_speed=20.34279599)
    vehicle3 = NPC(lane_id=2, offset=43.89525732, initial_speed=1.83124875)
    vehicle1.accelerate(trigger_sequence=1, target_speed=37.58376238)
    vehicle3.changeLane(trigger_sequence=1, target_lane=3, target_speed=24.67014239)
    vehicle1.decelerate(trigger_sequence=5, target_speed=12.26352781)
    vehicle3.accelerate(trigger_sequence=5, target_speed=50.75551364)

2025-07-15 Tuesday 12:10:12  random_test.py : INFO  === Evaluation Finished === 
 Fitness: [5.953028331138958, -0.0], Collision: False
2025-07-15 Tuesday 12:10:17  random_test.py : INFO  === Evaluate Testcase === 
 def testcase(self):
    ego = NPC(lane_id=5, offset=35.87616457, initial_speed=34.12340819)
    vehicle2 = NPC(lane_id=4, offset=0.27789405, initial_speed=9.9320759)
    vehicle2.accelerate(trigger_sequence=2, target_speed=37.27334134)
    vehicle2.accelerate(trigger_sequence=3, target_speed=32.2688742)
    vehicle2.changeLane(trigger_sequence=4, target_lane=1, target_speed=39.7512042)
    vehicle2.changeLane(trigger_sequence=5, target_lane=1, target_speed=7.10028276)

2025-07-15 Tuesday 12:10:17  random_test.py : INFO  === Evaluation Finished === 
 Fitness: [37.0468727354013, -0.0], Collision: False
2025-07-15 Tuesday 12:10:23  random_test.py : INFO  === Evaluate Testcase === 
 def testcase(self):
    vehicle1 = NPC(lane_id=4, offset=47.61990296, initial_speed=8.75543245)
    vehicle2 = NPC(lane_id=2, offset=48.22089718, initial_speed=9.76750492)
    ego = NPC(lane_id=3, offset=27.03288298, initial_speed=3.01332206)
    vehicle1.changeLane(trigger_sequence=1, target_lane=3, target_speed=18.11199981)
    vehicle2.changeLane(trigger_sequence=1, target_lane=1, target_speed=25.13575331)
    vehicle2.decelerate(trigger_sequence=2, target_speed=26.12520363)
    vehicle2.changeLane(trigger_sequence=3, target_lane=3, target_speed=47.11885904)
    vehicle2.changeLane(trigger_sequence=4, target_lane=1, target_speed=0.58009419)

2025-07-15 Tuesday 12:10:23  random_test.py : INFO  === Evaluation Finished === 
 Fitness: [3.5001602419890196, -0.0], Collision: False
2025-07-15 Tuesday 12:10:28  random_test.py : INFO  === Evaluate Testcase === 
 def testcase(self):
    vehicle1 = NPC(lane_id=1, offset=35.20579276, initial_speed=27.71853195)
    vehicle2 = NPC(lane_id=3, offset=9.82903212, initial_speed=7.98348506)
    ego = NPC(lane_id=3, offset=43.09627436, initial_speed=7.45505164)
    vehicle1.accelerate(trigger_sequence=1, target_speed=59.335237)
    vehicle2.accelerate(trigger_sequence=1, target_speed=44.15831433)
    vehicle1.decelerate(trigger_sequence=2, target_speed=24.23897288)
    vehicle2.decelerate(trigger_sequence=2, target_speed=26.91496701)
    vehicle1.decelerate(trigger_sequence=3, target_speed=2.97714661)
    vehicle1.accelerate(trigger_sequence=4, target_speed=32.782957)

2025-07-15 Tuesday 12:10:28  random_test.py : INFO  === Evaluation Finished === 
 Fitness: [6.999828809674882, -0.0], Collision: False
2025-07-15 Tuesday 12:10:33  random_test.py : INFO  === Evaluate Testcase === 
 def testcase(self):
    vehicle1 = NPC(lane_id=1, offset=25.16672366, initial_speed=27.37426165)
    vehicle2 = NPC(lane_id=3, offset=35.45042661, initial_speed=7.35595487)
    ego = NPC(lane_id=4, offset=13.36953522, initial_speed=19.07673989)
    vehicle4 = NPC(lane_id=5, offset=33.72861469, initial_speed=8.77310537)
    vehicle1.accelerate(trigger_sequence=1, target_speed=58.71112206)
    vehicle2.changeLane(trigger_sequence=1, target_lane=1, target_speed=45.07618235)
    vehicle2.decelerate(trigger_sequence=2, target_speed=3.8998283)
    vehicle4.decelerate(trigger_sequence=3, target_speed=3.31690412)
    vehicle1.accelerate(trigger_sequence=4, target_speed=37.07567788)
    vehicle2.changeLane(trigger_sequence=4, target_lane=3, target_speed=41.20949038)
    vehicle1.changeLane(trigger_sequence=5, target_lane=1, target_speed=39.5862633)
    vehicle2.changeLane(trigger_sequence=5, target_lane=1, target_speed=20.00991967)

2025-07-15 Tuesday 12:10:33  random_test.py : INFO  === Evaluation Finished === 
 Fitness: [3.500350412268268, -0.0], Collision: False
2025-07-15 Tuesday 12:10:39  random_test.py : INFO  === Evaluate Testcase === 
 def testcase(self):
    vehicle1 = NPC(lane_id=2, offset=7.87100515, initial_speed=35.83409838)
    ego = NPC(lane_id=5, offset=3.03075619, initial_speed=1.02120762)
    vehicle3 = NPC(lane_id=1, offset=10.26241031, initial_speed=28.41911716)
    vehicle4 = NPC(lane_id=4, offset=11.29432466, initial_speed=36.86584341)
    vehicle3.changeLane(trigger_sequence=1, target_lane=1, target_speed=21.78717303)
    vehicle1.accelerate(trigger_sequence=2, target_speed=57.86480665)
    vehicle3.changeLane(trigger_sequence=2, target_lane=3, target_speed=51.76524541)
    vehicle4.accelerate(trigger_sequence=2, target_speed=40.47745925)
    vehicle1.accelerate(trigger_sequence=3, target_speed=30.47401732)
    vehicle4.decelerate(trigger_sequence=3, target_speed=7.70128775)
    vehicle1.decelerate(trigger_sequence=4, target_speed=13.78750793)
    vehicle1.changeLane(trigger_sequence=5, target_lane=3, target_speed=27.44342649)
    vehicle3.accelerate(trigger_sequence=5, target_speed=58.07272003)

2025-07-15 Tuesday 12:10:39  random_test.py : INFO  === Evaluation Finished === 
 Fitness: [7.961335085516301, -0.0], Collision: False
2025-07-15 Tuesday 12:10:45  random_test.py : INFO  === Evaluate Testcase === 
 def testcase(self):
    vehicle1 = NPC(lane_id=2, offset=30.51344743, initial_speed=5.3675771)
    ego = NPC(lane_id=3, offset=0.8860853, initial_speed=23.8564164)
    vehicle3 = NPC(lane_id=1, offset=46.5285572, initial_speed=9.31667132)
    vehicle4 = NPC(lane_id=5, offset=18.92111743, initial_speed=6.5548379)
    vehicle3.decelerate(trigger_sequence=1, target_speed=23.4669482)
    vehicle4.accelerate(trigger_sequence=1, target_speed=41.13928685)
    vehicle3.accelerate(trigger_sequence=3, target_speed=33.64982087)
    vehicle4.changeLane(trigger_sequence=3, target_lane=1, target_speed=1.53849131)
    vehicle3.changeLane(trigger_sequence=4, target_lane=3, target_speed=25.50478738)
    vehicle4.accelerate(trigger_sequence=5, target_speed=54.6147906)

2025-07-15 Tuesday 12:10:45  random_test.py : INFO  === Evaluation Finished === 
 Fitness: [3.502731714092636, -0.0], Collision: False
2025-07-15 Tuesday 12:10:50  random_test.py : INFO  === Evaluate Testcase === 
 def testcase(self):
    vehicle1 = NPC(lane_id=5, offset=6.97561157, initial_speed=26.03500283)
    ego = NPC(lane_id=1, offset=23.15834973, initial_speed=37.41333831)
    vehicle1.decelerate(trigger_sequence=1, target_speed=16.2692724)
    vehicle1.changeLane(trigger_sequence=4, target_lane=1, target_speed=0.26550408)

2025-07-15 Tuesday 12:10:50  random_test.py : INFO  === Evaluation Finished === 
 Fitness: [22.32271095680986, -0.0], Collision: False
2025-07-15 Tuesday 12:10:55  random_test.py : INFO  === Evaluate Testcase === 
 def testcase(self):
    vehicle1 = NPC(lane_id=3, offset=41.20576015, initial_speed=17.23230784)
    ego = NPC(lane_id=4, offset=12.68366856, initial_speed=36.57379529)
    vehicle1.changeLane(trigger_sequence=2, target_lane=3, target_speed=43.82431567)
    vehicle1.changeLane(trigger_sequence=3, target_lane=1, target_speed=1.48147132)
    vehicle1.accelerate(trigger_sequence=5, target_speed=51.77057908)

2025-07-15 Tuesday 12:10:55  random_test.py : INFO  === Evaluation Finished === 
 Fitness: [3.5011894724294694, -0.0], Collision: False
2025-07-15 Tuesday 12:11:00  random_test.py : INFO  === Evaluate Testcase === 
 def testcase(self):
    ego = NPC(lane_id=1, offset=25.31348083, initial_speed=4.09037347)
    vehicle2 = NPC(lane_id=3, offset=6.9334884, initial_speed=11.66537733)
    vehicle2.accelerate(trigger_sequence=4, target_speed=56.67073538)
    vehicle2.decelerate(trigger_sequence=5, target_speed=8.80614567)

2025-07-15 Tuesday 12:11:00  random_test.py : INFO  === Evaluation Finished === 
 Fitness: [18.558287273303357, -0.0], Collision: False
2025-07-15 Tuesday 12:11:04  random_test.py : INFO  === Evaluate Testcase === 
 def testcase(self):
    vehicle1 = NPC(lane_id=1, offset=14.19656213, initial_speed=18.19103234)
    ego = NPC(lane_id=1, offset=9.4309475, initial_speed=30.65925576)
    vehicle1.accelerate(trigger_sequence=5, target_speed=44.92096604)

2025-07-15 Tuesday 12:11:04  random_test.py : INFO  === Evaluation Finished === 
 Fitness: [inf, 0], Collision: False
2025-07-15 Tuesday 12:11:10  random_test.py : INFO  === Evaluate Testcase === 
 def testcase(self):
    vehicle1 = NPC(lane_id=2, offset=26.46332318, initial_speed=15.67818374)
    vehicle2 = NPC(lane_id=4, offset=10.80024692, initial_speed=31.49626453)
    ego = NPC(lane_id=5, offset=15.91286098, initial_speed=19.73760768)
    vehicle1.changeLane(trigger_sequence=2, target_lane=3, target_speed=47.79981109)
    vehicle2.changeLane(trigger_sequence=2, target_lane=1, target_speed=35.67503191)
    vehicle1.decelerate(trigger_sequence=4, target_speed=21.25933863)
    vehicle2.changeLane(trigger_sequence=4, target_lane=3, target_speed=10.72677571)
    vehicle2.decelerate(trigger_sequence=5, target_speed=24.18400286)

2025-07-15 Tuesday 12:11:10  random_test.py : INFO  === Evaluation Finished === 
 Fitness: [3.7459523132537265, -0.005813953488372093], Collision: False
2025-07-15 Tuesday 12:11:16  random_test.py : INFO  === Evaluate Testcase === 
 def testcase(self):
    vehicle1 = NPC(lane_id=2, offset=3.88458726, initial_speed=28.01849245)
    vehicle2 = NPC(lane_id=3, offset=12.05526323, initial_speed=18.21482693)
    vehicle3 = NPC(lane_id=1, offset=32.12766729, initial_speed=6.69950524)
    ego = NPC(lane_id=4, offset=29.4646341, initial_speed=0.91432145)
    vehicle1.accelerate(trigger_sequence=1, target_speed=52.42737544)
    vehicle2.changeLane(trigger_sequence=2, target_lane=3, target_speed=26.61238025)
    vehicle3.changeLane(trigger_sequence=2, target_lane=3, target_speed=53.05570183)
    vehicle1.changeLane(trigger_sequence=3, target_lane=3, target_speed=12.93514395)
    vehicle3.decelerate(trigger_sequence=3, target_speed=16.19266067)
    vehicle3.accelerate(trigger_sequence=4, target_speed=47.52360678)
# 1
2025-07-15 Tuesday 12:11:16  random_test.py : INFO  === Evaluation Finished === 
 Fitness: [0.2505974341220831, -0.0], Collision: True
2025-07-15 Tuesday 12:11:16  random_test.py : INFO  === Find a collision ===
2025-07-15 Tuesday 12:11:21  random_test.py : INFO  === Evaluate Testcase === 
 def testcase(self):
    vehicle1 = NPC(lane_id=4, offset=5.05132073, initial_speed=28.78364471)
    vehicle2 = NPC(lane_id=2, offset=9.57471691, initial_speed=27.0292244)
    vehicle3 = NPC(lane_id=1, offset=24.74864918, initial_speed=39.94940774)
    ego = NPC(lane_id=4, offset=12.24153884, initial_speed=21.2659102)
    vehicle1.changeLane(trigger_sequence=1, target_lane=3, target_speed=17.50418654)
    vehicle1.decelerate(trigger_sequence=2, target_speed=29.70343265)
    vehicle2.accelerate(trigger_sequence=3, target_speed=41.52585877)
    vehicle3.accelerate(trigger_sequence=3, target_speed=37.48540497)
    vehicle1.accelerate(trigger_sequence=4, target_speed=33.35207597)
    vehicle2.changeLane(trigger_sequence=4, target_lane=3, target_speed=48.00920527)
    vehicle1.changeLane(trigger_sequence=5, target_lane=1, target_speed=58.81336502)
    vehicle2.accelerate(trigger_sequence=5, target_speed=41.24369845)
    vehicle3.accelerate(trigger_sequence=5, target_speed=54.77438575)

2025-07-15 Tuesday 12:11:21  random_test.py : INFO  === Evaluation Finished === 
 Fitness: [5.543367330978257, -0.0], Collision: False
2025-07-15 Tuesday 12:11:27  random_test.py : INFO  === Evaluate Testcase === 
 def testcase(self):
    vehicle1 = NPC(lane_id=4, offset=16.56339026, initial_speed=21.14393275)
    ego = NPC(lane_id=1, offset=10.40164225, initial_speed=5.10904281)
    vehicle3 = NPC(lane_id=1, offset=33.46577449, initial_speed=16.13807876)
    vehicle1.changeLane(trigger_sequence=1, target_lane=3, target_speed=13.51483706)
    vehicle3.decelerate(trigger_sequence=3, target_speed=12.69652105)
# 1
2025-07-15 Tuesday 12:11:27  random_test.py : INFO  === Evaluation Finished === 
 Fitness: [1.4638692107164373, -0.0], Collision: True
2025-07-15 Tuesday 12:11:27  random_test.py : INFO  === Find a collision ===
2025-07-15 Tuesday 12:11:33  random_test.py : INFO  === Evaluate Testcase === 
 def testcase(self):
    ego = NPC(lane_id=1, offset=11.96902393, initial_speed=4.85003484)
    vehicle2 = NPC(lane_id=4, offset=39.33551922, initial_speed=9.42465788)
    vehicle3 = NPC(lane_id=1, offset=42.80457604, initial_speed=18.70930377)

2025-07-15 Tuesday 12:11:33  random_test.py : INFO  === Evaluation Finished === 
 Fitness: [10.49976826105874, -0.5067340067340067], Collision: False
2025-07-15 Tuesday 12:11:39  random_test.py : INFO  === Evaluate Testcase === 
 def testcase(self):
    vehicle1 = NPC(lane_id=4, offset=26.59379511, initial_speed=15.71627448)
    vehicle2 = NPC(lane_id=4, offset=41.76239886, initial_speed=10.43078654)
    ego = NPC(lane_id=3, offset=43.70964673, initial_speed=8.84551524)
    vehicle4 = NPC(lane_id=4, offset=48.39213043, initial_speed=34.62915431)
    vehicle2.changeLane(trigger_sequence=2, target_lane=1, target_speed=40.53099602)
    vehicle4.decelerate(trigger_sequence=2, target_speed=22.54957486)
    vehicle4.accelerate(trigger_sequence=3, target_speed=58.87925463)
    vehicle2.changeLane(trigger_sequence=5, target_lane=3, target_speed=42.46908544)
    vehicle4.accelerate(trigger_sequence=5, target_speed=56.69773119)

2025-07-15 Tuesday 12:11:39  random_test.py : INFO  === Evaluation Finished === 
 Fitness: [4.055720473619834, -0.0], Collision: False
2025-07-15 Tuesday 12:11:45  random_test.py : INFO  === Evaluate Testcase === 
 def testcase(self):
    ego = NPC(lane_id=5, offset=42.71496856, initial_speed=0.17149233)
    vehicle2 = NPC(lane_id=1, offset=37.33520065, initial_speed=19.57492034)
    vehicle3 = NPC(lane_id=4, offset=8.40608486, initial_speed=36.50386491)
    vehicle4 = NPC(lane_id=2, offset=36.80028817, initial_speed=33.47300793)
    vehicle3.decelerate(trigger_sequence=1, target_speed=5.76927788)
    vehicle4.changeLane(trigger_sequence=1, target_lane=1, target_speed=57.30698996)
    vehicle2.decelerate(trigger_sequence=2, target_speed=12.73092447)
    vehicle2.decelerate(trigger_sequence=3, target_speed=27.38117264)
    vehicle4.decelerate(trigger_sequence=3, target_speed=26.10507531)
    vehicle4.accelerate(trigger_sequence=4, target_speed=32.66422649)
    vehicle4.decelerate(trigger_sequence=5, target_speed=2.49697792)

2025-07-15 Tuesday 12:11:45  random_test.py : INFO  === Evaluation Finished === 
 Fitness: [10.490988066702474, -0.0], Collision: False
2025-07-15 Tuesday 12:11:50  random_test.py : INFO  === Evaluate Testcase === 
 def testcase(self):
    vehicle1 = NPC(lane_id=2, offset=0.26437137, initial_speed=38.76242836)
    ego = NPC(lane_id=5, offset=34.0058131, initial_speed=4.98632015)
    vehicle1.accelerate(trigger_sequence=1, target_speed=52.87742376)
    vehicle1.decelerate(trigger_sequence=2, target_speed=20.20736335)
    vehicle1.changeLane(trigger_sequence=3, target_lane=1, target_speed=32.2678991)
    vehicle1.decelerate(trigger_sequence=4, target_speed=19.53990805)

2025-07-15 Tuesday 12:11:50  random_test.py : INFO  === Evaluation Finished === 
 Fitness: [10.685611575063163, -0.005649717514124294], Collision: False
2025-07-15 Tuesday 12:11:55  random_test.py : INFO  === Evaluate Testcase === 
 def testcase(self):
    vehicle1 = NPC(lane_id=3, offset=33.56405919, initial_speed=27.23156148)
    ego = NPC(lane_id=2, offset=7.29130841, initial_speed=15.45946387)
    vehicle3 = NPC(lane_id=4, offset=29.82273009, initial_speed=21.65470473)
    vehicle1.accelerate(trigger_sequence=2, target_speed=45.00292203)
    vehicle3.changeLane(trigger_sequence=3, target_lane=1, target_speed=32.70933502)
    vehicle1.decelerate(trigger_sequence=4, target_speed=2.66282568)
    vehicle3.accelerate(trigger_sequence=4, target_speed=46.26246942)
    vehicle1.accelerate(trigger_sequence=5, target_speed=55.89502517)
    vehicle3.accelerate(trigger_sequence=5, target_speed=40.99894624)

2025-07-15 Tuesday 12:11:55  random_test.py : INFO  === Evaluation Finished === 
 Fitness: [7.00073102081338, -0.0], Collision: False
2025-07-15 Tuesday 12:12:02  random_test.py : INFO  === Evaluate Testcase === 
 def testcase(self):
    vehicle1 = NPC(lane_id=1, offset=23.27690563, initial_speed=14.98760739)
    ego = NPC(lane_id=1, offset=16.40704861, initial_speed=27.26224072)
    vehicle3 = NPC(lane_id=3, offset=37.20431504, initial_speed=23.97761424)
    vehicle1.changeLane(trigger_sequence=1, target_lane=3, target_speed=11.74652553)
    vehicle3.decelerate(trigger_sequence=1, target_speed=11.08678872)
    vehicle1.decelerate(trigger_sequence=2, target_speed=6.81944248)
    vehicle3.changeLane(trigger_sequence=2, target_lane=1, target_speed=37.77748812)
    vehicle1.changeLane(trigger_sequence=3, target_lane=1, target_speed=7.30674944)
    vehicle3.decelerate(trigger_sequence=3, target_speed=20.96407705)
    vehicle1.decelerate(trigger_sequence=4, target_speed=1.41416539)
    vehicle1.decelerate(trigger_sequence=5, target_speed=20.85981223)

2025-07-15 Tuesday 12:12:02  random_test.py : INFO  === Evaluation Finished === 
 Fitness: [3.500480524273479, -0.0044943820224719105], Collision: False
2025-07-15 Tuesday 12:12:07  random_test.py : INFO  === Evaluate Testcase === 
 def testcase(self):
    vehicle1 = NPC(lane_id=4, offset=8.02541714, initial_speed=37.17861111)
    ego = NPC(lane_id=1, offset=23.75084596, initial_speed=22.28338359)
    vehicle1.accelerate(trigger_sequence=1, target_speed=38.49678161)
    vehicle1.accelerate(trigger_sequence=2, target_speed=34.01232556)
    vehicle1.decelerate(trigger_sequence=4, target_speed=22.35265356)

2025-07-15 Tuesday 12:12:07  random_test.py : INFO  === Evaluation Finished === 
 Fitness: [15.073254004754332, -0.0], Collision: False
2025-07-15 Tuesday 12:12:12  random_test.py : INFO  === Evaluate Testcase === 
 def testcase(self):
    ego = NPC(lane_id=2, offset=20.27234941, initial_speed=0.27232154)
    vehicle2 = NPC(lane_id=4, offset=29.33397889, initial_speed=1.57609944)
    vehicle2.changeLane(trigger_sequence=1, target_lane=3, target_speed=11.73495958)
    vehicle2.decelerate(trigger_sequence=2, target_speed=4.79347017)
    vehicle2.changeLane(trigger_sequence=3, target_lane=1, target_speed=44.49359076)
    vehicle2.accelerate(trigger_sequence=4, target_speed=53.62755854)

2025-07-15 Tuesday 12:12:12  random_test.py : INFO  === Evaluation Finished === 
 Fitness: [7.001763539016275, -0.0], Collision: False
2025-07-15 Tuesday 12:12:15  simulate.py : INFO  Rear-end collision with vehicle 2398 ignored
2025-07-15 Tuesday 12:12:17  random_test.py : INFO  === Evaluate Testcase === 
 def testcase(self):
    ego = NPC(lane_id=2, offset=45.55553187, initial_speed=11.7337864)
    vehicle2 = NPC(lane_id=2, offset=38.16682078, initial_speed=27.77204647)
    vehicle2.decelerate(trigger_sequence=1, target_speed=12.6130589)
    vehicle2.accelerate(trigger_sequence=2, target_speed=58.85002451)
    vehicle2.accelerate(trigger_sequence=4, target_speed=51.36131769)

2025-07-15 Tuesday 12:12:17  random_test.py : INFO  === Evaluation Finished === 
 Fitness: [4.740151575468151, -0.005865102639296188], Collision: False
2025-07-15 Tuesday 12:12:21  simulate.py : INFO  Rear-end collision with vehicle 2402 ignored
2025-07-15 Tuesday 12:12:23  random_test.py : INFO  === Evaluate Testcase === 
 def testcase(self):
    vehicle1 = NPC(lane_id=4, offset=27.35482846, initial_speed=12.98326159)
    vehicle2 = NPC(lane_id=1, offset=1.04883625, initial_speed=39.03734885)
    vehicle3 = NPC(lane_id=5, offset=16.05734794, initial_speed=27.15167147)
    ego = NPC(lane_id=1, offset=15.62092961, initial_speed=38.50309454)
    vehicle1.accelerate(trigger_sequence=1, target_speed=38.45188673)
    vehicle2.accelerate(trigger_sequence=1, target_speed=50.92170979)
    vehicle3.changeLane(trigger_sequence=2, target_lane=3, target_speed=15.77492767)
    vehicle2.changeLane(trigger_sequence=3, target_lane=1, target_speed=10.01279743)
    vehicle3.changeLane(trigger_sequence=3, target_lane=1, target_speed=0.67359346)
    vehicle3.accelerate(trigger_sequence=4, target_speed=47.99221937)
    vehicle1.decelerate(trigger_sequence=5, target_speed=7.101431)
    vehicle2.decelerate(trigger_sequence=5, target_speed=8.17637593)
    vehicle3.changeLane(trigger_sequence=5, target_lane=3, target_speed=14.6042777)

2025-07-15 Tuesday 12:12:23  random_test.py : INFO  === Evaluation Finished === 
 Fitness: [4.749787044226696, -0.0], Collision: False
2025-07-15 Tuesday 12:12:28  random_test.py : INFO  === Evaluate Testcase === 
 def testcase(self):
    vehicle1 = NPC(lane_id=1, offset=32.75695098, initial_speed=29.8584771)
    vehicle2 = NPC(lane_id=2, offset=25.36485809, initial_speed=36.69138722)
    ego = NPC(lane_id=1, offset=25.76135037, initial_speed=29.99510663)
    vehicle2.accelerate(trigger_sequence=1, target_speed=47.72531014)
    vehicle2.changeLane(trigger_sequence=3, target_lane=1, target_speed=22.65981286)
    vehicle2.decelerate(trigger_sequence=4, target_speed=25.25996082)
    vehicle2.decelerate(trigger_sequence=5, target_speed=7.37906471)

2025-07-15 Tuesday 12:12:28  random_test.py : INFO  === Evaluation Finished === 
 Fitness: [0.09094267083448845, -0.012371134020618556], Collision: False
2025-07-15 Tuesday 12:12:35  random_test.py : INFO  === Evaluate Testcase === 
 def testcase(self):
    vehicle1 = NPC(lane_id=3, offset=13.77937472, initial_speed=7.21714476)
    vehicle2 = NPC(lane_id=1, offset=19.69702037, initial_speed=24.17090654)
    vehicle3 = NPC(lane_id=5, offset=4.73298079, initial_speed=21.09272118)
    ego = NPC(lane_id=1, offset=0.84921324, initial_speed=22.92256303)
    vehicle2.changeLane(trigger_sequence=1, target_lane=3, target_speed=19.71276886)
    vehicle3.changeLane(trigger_sequence=1, target_lane=3, target_speed=42.01181503)
    vehicle2.changeLane(trigger_sequence=2, target_lane=3, target_speed=46.61494221)
    vehicle3.changeLane(trigger_sequence=2, target_lane=1, target_speed=25.30428136)
    vehicle1.accelerate(trigger_sequence=3, target_speed=45.76614685)
    vehicle1.changeLane(trigger_sequence=4, target_lane=1, target_speed=45.6452945)
    vehicle2.decelerate(trigger_sequence=4, target_speed=8.97190786)
    vehicle3.changeLane(trigger_sequence=4, target_lane=3, target_speed=19.18438734)
    vehicle1.decelerate(trigger_sequence=5, target_speed=26.8629534)
    vehicle2.changeLane(trigger_sequence=5, target_lane=3, target_speed=30.508082)
    vehicle3.accelerate(trigger_sequence=5, target_speed=40.75821426)

2025-07-15 Tuesday 12:12:35  random_test.py : INFO  === Evaluation Finished === 
 Fitness: [6.998790461462487, -0.0051813471502590676], Collision: False
2025-07-15 Tuesday 12:12:40  random_test.py : INFO  === Evaluate Testcase === 
 def testcase(self):
    ego = NPC(lane_id=1, offset=14.41228278, initial_speed=14.09067332)
    vehicle2 = NPC(lane_id=4, offset=13.47834726, initial_speed=16.08549647)
    vehicle2.decelerate(trigger_sequence=1, target_speed=15.62494665)
    vehicle2.accelerate(trigger_sequence=5, target_speed=57.34714103)

2025-07-15 Tuesday 12:12:40  random_test.py : INFO  === Evaluation Finished === 
 Fitness: [10.500309140482864, -0.0], Collision: False
2025-07-15 Tuesday 12:12:45  random_test.py : INFO  === Evaluate Testcase === 
 def testcase(self):
    ego = NPC(lane_id=5, offset=31.36175134, initial_speed=20.6405765)
    vehicle2 = NPC(lane_id=3, offset=26.89845645, initial_speed=37.42558709)
    vehicle3 = NPC(lane_id=4, offset=12.14241952, initial_speed=1.43601124)
    vehicle4 = NPC(lane_id=1, offset=26.14696674, initial_speed=12.77861771)
    vehicle3.decelerate(trigger_sequence=1, target_speed=10.23315301)
    vehicle2.accelerate(trigger_sequence=3, target_speed=34.77896537)
    vehicle3.changeLane(trigger_sequence=3, target_lane=1, target_speed=25.72963125)
    vehicle4.accelerate(trigger_sequence=3, target_speed=45.42999312)
    vehicle2.decelerate(trigger_sequence=4, target_speed=12.65843499)
    vehicle4.decelerate(trigger_sequence=4, target_speed=22.44147501)
    vehicle3.decelerate(trigger_sequence=5, target_speed=12.83238735)

2025-07-15 Tuesday 12:12:45  random_test.py : INFO  === Evaluation Finished === 
 Fitness: [6.996261231227275, -0.0], Collision: False
2025-07-15 Tuesday 12:12:52  random_test.py : INFO  === Evaluate Testcase === 
 def testcase(self):
    vehicle1 = NPC(lane_id=5, offset=9.42007639, initial_speed=28.16357457)
    vehicle2 = NPC(lane_id=3, offset=26.02644367, initial_speed=7.40792147)
    vehicle3 = NPC(lane_id=4, offset=45.96699807, initial_speed=19.47341749)
    ego = NPC(lane_id=4, offset=13.51931267, initial_speed=5.89800505)
    vehicle1.changeLane(trigger_sequence=1, target_lane=1, target_speed=49.29278159)
    vehicle2.changeLane(trigger_sequence=1, target_lane=3, target_speed=32.65612718)
    vehicle1.decelerate(trigger_sequence=2, target_speed=18.76934718)
    vehicle3.changeLane(trigger_sequence=2, target_lane=3, target_speed=16.80161611)
    vehicle2.decelerate(trigger_sequence=3, target_speed=0.63655879)
    vehicle1.decelerate(trigger_sequence=4, target_speed=2.15045476)
    vehicle2.decelerate(trigger_sequence=4, target_speed=28.95990139)
    vehicle3.decelerate(trigger_sequence=5, target_speed=14.56430025)
# 1
2025-07-15 Tuesday 12:12:52  random_test.py : INFO  === Evaluation Finished === 
 Fitness: [0.2084882676668098, -0.0], Collision: True
2025-07-15 Tuesday 12:12:52  random_test.py : INFO  === Find a collision ===
2025-07-15 Tuesday 12:12:57  random_test.py : INFO  === Evaluate Testcase === 
 def testcase(self):
    vehicle1 = NPC(lane_id=5, offset=17.14760929, initial_speed=19.10339858)
    ego = NPC(lane_id=1, offset=47.85979915, initial_speed=11.13648087)
    vehicle1.decelerate(trigger_sequence=2, target_speed=19.6894782)
    vehicle1.decelerate(trigger_sequence=3, target_speed=23.14495905)

2025-07-15 Tuesday 12:12:57  random_test.py : INFO  === Evaluation Finished === 
 Fitness: [32.728362601951105, -0.0], Collision: False
2025-07-15 Tuesday 12:13:02  random_test.py : INFO  === Evaluate Testcase === 
 def testcase(self):
    vehicle1 = NPC(lane_id=3, offset=31.86157031, initial_speed=11.92259133)
    ego = NPC(lane_id=2, offset=9.32671683, initial_speed=29.77831838)
    vehicle1.decelerate(trigger_sequence=2, target_speed=21.13198631)
    vehicle1.accelerate(trigger_sequence=4, target_speed=52.23308433)
    vehicle1.decelerate(trigger_sequence=5, target_speed=4.35305104)

2025-07-15 Tuesday 12:13:02  random_test.py : INFO  === Evaluation Finished === 
 Fitness: [3.5004753029609716, -0.0], Collision: False
2025-07-15 Tuesday 12:13:07  random_test.py : INFO  === Evaluate Testcase === 
 def testcase(self):
    ego = NPC(lane_id=1, offset=0.55201562, initial_speed=33.70465394)
    vehicle2 = NPC(lane_id=4, offset=26.58410127, initial_speed=34.00372925)
    vehicle2.changeLane(trigger_sequence=3, target_lane=3, target_speed=12.7177241)
# 1
2025-07-15 Tuesday 12:13:07  random_test.py : INFO  === Evaluation Finished === 
 Fitness: [2.406100387883959, -0.01], Collision: True
2025-07-15 Tuesday 12:13:07  random_test.py : INFO  === Find a collision ===
2025-07-15 Tuesday 12:13:12  random_test.py : INFO  === Evaluate Testcase === 
 def testcase(self):
    vehicle1 = NPC(lane_id=5, offset=19.64035435, initial_speed=23.82215974)
    vehicle2 = NPC(lane_id=2, offset=40.90236486, initial_speed=15.25596032)
    vehicle3 = NPC(lane_id=3, offset=48.96313191, initial_speed=21.75914124)
    ego = NPC(lane_id=3, offset=48.4237546, initial_speed=8.49675249)
    vehicle2.accelerate(trigger_sequence=1, target_speed=50.97587087)
    vehicle3.accelerate(trigger_sequence=1, target_speed=38.76250656)
    vehicle3.accelerate(trigger_sequence=2, target_speed=48.98400299)
    vehicle1.decelerate(trigger_sequence=3, target_speed=23.09350407)
    vehicle2.accelerate(trigger_sequence=3, target_speed=55.57692383)
    vehicle3.accelerate(trigger_sequence=3, target_speed=52.54408997)
    vehicle3.accelerate(trigger_sequence=4, target_speed=36.15923899)

2025-07-15 Tuesday 12:13:12  random_test.py : INFO  === Evaluation Finished === 
 Fitness: [inf, 0], Collision: False
2025-07-15 Tuesday 12:13:17  random_test.py : INFO  === Evaluate Testcase === 
 def testcase(self):
    vehicle1 = NPC(lane_id=3, offset=7.90321158, initial_speed=20.11189395)
    vehicle2 = NPC(lane_id=4, offset=13.10398777, initial_speed=34.9501917)
    vehicle3 = NPC(lane_id=4, offset=20.39982204, initial_speed=15.17558049)
    ego = NPC(lane_id=1, offset=8.44297964, initial_speed=3.10990914)
    vehicle1.accelerate(trigger_sequence=1, target_speed=34.01375512)
    vehicle3.changeLane(trigger_sequence=1, target_lane=1, target_speed=35.88381228)
    vehicle1.decelerate(trigger_sequence=2, target_speed=6.82700669)
    vehicle2.accelerate(trigger_sequence=2, target_speed=32.87905143)
    vehicle3.accelerate(trigger_sequence=2, target_speed=37.58837465)
    vehicle1.changeLane(trigger_sequence=3, target_lane=3, target_speed=47.80892307)
    vehicle2.accelerate(trigger_sequence=3, target_speed=36.44059709)
    vehicle2.changeLane(trigger_sequence=4, target_lane=1, target_speed=50.66124719)
    vehicle1.decelerate(trigger_sequence=5, target_speed=3.74085994)
    vehicle2.changeLane(trigger_sequence=5, target_lane=1, target_speed=30.06187299)
# 2
2025-07-15 Tuesday 12:13:17  random_test.py : INFO  === Evaluation Finished === 
 Fitness: [0.8205933640674634, -0.0], Collision: True
2025-07-15 Tuesday 12:13:17  random_test.py : INFO  === Find a collision ===
2025-07-15 Tuesday 12:13:23  random_test.py : INFO  === Evaluate Testcase === 
 def testcase(self):
    ego = NPC(lane_id=1, offset=24.60000245, initial_speed=8.16193496)
    vehicle2 = NPC(lane_id=2, offset=5.55060557, initial_speed=32.2552231)
    vehicle2.decelerate(trigger_sequence=2, target_speed=18.54446167)
    vehicle2.changeLane(trigger_sequence=5, target_lane=3, target_speed=53.97816494)

2025-07-15 Tuesday 12:13:23  random_test.py : INFO  === Evaluation Finished === 
 Fitness: [7.000353254810832, -0.002849002849002849], Collision: False
2025-07-15 Tuesday 12:13:28  random_test.py : INFO  === Evaluate Testcase === 
 def testcase(self):
    vehicle1 = NPC(lane_id=3, offset=30.09258335, initial_speed=37.03296626)
    ego = NPC(lane_id=5, offset=5.83330594, initial_speed=19.81901251)
    vehicle3 = NPC(lane_id=3, offset=14.59375644, initial_speed=35.31198384)
    vehicle1.decelerate(trigger_sequence=1, target_speed=24.77531494)
    vehicle3.changeLane(trigger_sequence=1, target_lane=1, target_speed=46.10638676)
    vehicle3.accelerate(trigger_sequence=2, target_speed=34.12557235)
    vehicle1.accelerate(trigger_sequence=4, target_speed=33.9786202)
    vehicle3.changeLane(trigger_sequence=4, target_lane=1, target_speed=8.28219694)
    vehicle1.changeLane(trigger_sequence=5, target_lane=3, target_speed=30.59112787)
    vehicle3.changeLane(trigger_sequence=5, target_lane=3, target_speed=7.02751095)

2025-07-15 Tuesday 12:13:28  random_test.py : INFO  === Evaluation Finished === 
 Fitness: [10.737660017038719, -0.005813953488372093], Collision: False
2025-07-15 Tuesday 12:13:32  random_test.py : INFO  === Evaluate Testcase === 
 def testcase(self):
    ego = NPC(lane_id=5, offset=37.19852633, initial_speed=34.8852464)
    vehicle2 = NPC(lane_id=1, offset=29.79565036, initial_speed=28.82599923)
    vehicle3 = NPC(lane_id=2, offset=35.52641857, initial_speed=19.30297401)
    vehicle4 = NPC(lane_id=2, offset=33.35589939, initial_speed=5.4559167)
    vehicle2.accelerate(trigger_sequence=1, target_speed=47.37545724)
    vehicle4.accelerate(trigger_sequence=1, target_speed=47.85835665)
    vehicle2.changeLane(trigger_sequence=2, target_lane=3, target_speed=43.92531151)
    vehicle2.decelerate(trigger_sequence=3, target_speed=9.05529385)
    vehicle3.changeLane(trigger_sequence=3, target_lane=3, target_speed=7.5944672)
    vehicle2.decelerate(trigger_sequence=4, target_speed=25.62158401)
    vehicle3.decelerate(trigger_sequence=4, target_speed=27.37743009)
    vehicle4.changeLane(trigger_sequence=4, target_lane=3, target_speed=49.13568862)
    vehicle3.changeLane(trigger_sequence=5, target_lane=3, target_speed=24.07002473)

2025-07-15 Tuesday 12:13:32  random_test.py : INFO  === Evaluation Finished === 
 Fitness: [inf, 0], Collision: False
2025-07-15 Tuesday 12:13:38  random_test.py : INFO  === Evaluate Testcase === 
 def testcase(self):
    vehicle1 = NPC(lane_id=2, offset=25.06611046, initial_speed=19.43415175)
    ego = NPC(lane_id=2, offset=29.77580418, initial_speed=9.17627993)
    vehicle3 = NPC(lane_id=4, offset=6.08412432, initial_speed=18.5214137)
    vehicle4 = NPC(lane_id=5, offset=17.79088579, initial_speed=33.41464738)
    vehicle3.accelerate(trigger_sequence=2, target_speed=31.23098044)
    vehicle4.decelerate(trigger_sequence=2, target_speed=16.52690708)
    vehicle1.decelerate(trigger_sequence=3, target_speed=29.81992152)
    vehicle3.accelerate(trigger_sequence=3, target_speed=53.02772406)
    vehicle4.changeLane(trigger_sequence=3, target_lane=1, target_speed=42.75952379)
    vehicle1.accelerate(trigger_sequence=4, target_speed=52.53130989)
    vehicle3.changeLane(trigger_sequence=4, target_lane=1, target_speed=50.03962374)
    vehicle4.accelerate(trigger_sequence=4, target_speed=43.69731861)
    vehicle1.decelerate(trigger_sequence=5, target_speed=2.6435485)
    vehicle3.accelerate(trigger_sequence=5, target_speed=35.74889127)
    vehicle4.changeLane(trigger_sequence=5, target_lane=1, target_speed=59.45015252)

2025-07-15 Tuesday 12:13:38  random_test.py : INFO  === Evaluation Finished === 
 Fitness: [4.776945361529895, -0.0], Collision: False
2025-07-15 Tuesday 12:13:41  simulate.py : INFO  Rear-end collision with vehicle 2460 ignored
2025-07-15 Tuesday 12:13:44  random_test.py : INFO  === Evaluate Testcase === 
 def testcase(self):
    vehicle1 = NPC(lane_id=5, offset=11.12143838, initial_speed=39.85352303)
    ego = NPC(lane_id=5, offset=23.67724082, initial_speed=4.71387124)
    vehicle3 = NPC(lane_id=2, offset=9.69562737, initial_speed=12.03193006)
    vehicle4 = NPC(lane_id=4, offset=12.64451802, initial_speed=12.02159563)
    vehicle1.changeLane(trigger_sequence=4, target_lane=1, target_speed=29.82344454)
    vehicle4.decelerate(trigger_sequence=4, target_speed=7.45254938)
    vehicle4.changeLane(trigger_sequence=5, target_lane=3, target_speed=18.87205367)

2025-07-15 Tuesday 12:13:44  random_test.py : INFO  === Evaluation Finished === 
 Fitness: [4.739656567655243, -0.005865102639296188], Collision: False
2025-07-15 Tuesday 12:13:50  random_test.py : INFO  === Evaluate Testcase === 
 def testcase(self):
    ego = NPC(lane_id=1, offset=8.30443682, initial_speed=8.01882191)
    vehicle2 = NPC(lane_id=1, offset=38.73681123, initial_speed=6.84972181)
    vehicle3 = NPC(lane_id=5, offset=10.05905137, initial_speed=2.59751994)
    vehicle2.decelerate(trigger_sequence=1, target_speed=21.53681034)
    vehicle3.accelerate(trigger_sequence=2, target_speed=36.86566424)
    vehicle2.accelerate(trigger_sequence=3, target_speed=49.94067309)
    vehicle2.changeLane(trigger_sequence=4, target_lane=1, target_speed=36.85146751)
    vehicle3.decelerate(trigger_sequence=4, target_speed=19.35374791)

2025-07-15 Tuesday 12:13:50  random_test.py : INFO  === Evaluation Finished === 
 Fitness: [10.53894121716055, -0.008097165991902834], Collision: False
2025-07-15 Tuesday 12:13:54  simulate.py : INFO  Rear-end collision with vehicle 2470 ignored
2025-07-15 Tuesday 12:13:56  random_test.py : INFO  === Evaluate Testcase === 
 def testcase(self):
    ego = NPC(lane_id=4, offset=24.57210116, initial_speed=2.10179927)
    vehicle2 = NPC(lane_id=3, offset=49.366888, initial_speed=19.49045429)
    vehicle3 = NPC(lane_id=5, offset=8.41754569, initial_speed=32.20917516)
    vehicle2.decelerate(trigger_sequence=1, target_speed=26.13941852)
    vehicle3.accelerate(trigger_sequence=1, target_speed=41.76129582)
    vehicle3.changeLane(trigger_sequence=3, target_lane=3, target_speed=59.53302079)
    vehicle2.changeLane(trigger_sequence=4, target_lane=1, target_speed=40.03017906)
    vehicle3.changeLane(trigger_sequence=4, target_lane=1, target_speed=10.22222834)

2025-07-15 Tuesday 12:13:56  random_test.py : INFO  === Evaluation Finished === 
 Fitness: [3.500235550827254, -0.008417508417508417], Collision: False
2025-07-15 Tuesday 12:14:02  random_test.py : INFO  === Evaluate Testcase === 
 def testcase(self):
    ego = NPC(lane_id=1, offset=42.42567522, initial_speed=25.01324699)
    vehicle2 = NPC(lane_id=4, offset=8.59498987, initial_speed=30.81662457)
    vehicle3 = NPC(lane_id=5, offset=21.12174282, initial_speed=9.74288462)
    vehicle2.accelerate(trigger_sequence=1, target_speed=37.56209289)
    vehicle3.accelerate(trigger_sequence=2, target_speed=45.23833798)
    vehicle2.accelerate(trigger_sequence=3, target_speed=57.78451524)
    vehicle2.decelerate(trigger_sequence=4, target_speed=29.60318305)
    vehicle3.changeLane(trigger_sequence=5, target_lane=3, target_speed=40.02682511)

2025-07-15 Tuesday 12:14:02  random_test.py : INFO  === Evaluation Finished === 
 Fitness: [26.55397198779266, -0.0], Collision: False
2025-07-15 Tuesday 12:14:07  random_test.py : INFO  === Evaluate Testcase === 
 def testcase(self):
    vehicle1 = NPC(lane_id=5, offset=34.27985547, initial_speed=2.31059975)
    vehicle2 = NPC(lane_id=2, offset=32.14843257, initial_speed=17.22657601)
    vehicle3 = NPC(lane_id=4, offset=8.80127162, initial_speed=30.90862089)
    ego = NPC(lane_id=1, offset=38.96155726, initial_speed=35.52970395)
    vehicle2.decelerate(trigger_sequence=1, target_speed=5.57781975)
    vehicle1.accelerate(trigger_sequence=2, target_speed=58.7116112)
    vehicle2.accelerate(trigger_sequence=2, target_speed=49.65552994)
    vehicle3.decelerate(trigger_sequence=2, target_speed=19.58666292)
    vehicle1.decelerate(trigger_sequence=3, target_speed=20.19465484)
    vehicle2.accelerate(trigger_sequence=3, target_speed=40.40825577)
    vehicle2.changeLane(trigger_sequence=5, target_lane=1, target_speed=27.50637124)
    vehicle3.accelerate(trigger_sequence=5, target_speed=37.56183183)

2025-07-15 Tuesday 12:14:07  random_test.py : INFO  === Evaluation Finished === 
 Fitness: [9.47500924132375, -0.0], Collision: False
2025-07-15 Tuesday 12:14:12  random_test.py : INFO  === Evaluate Testcase === 
 def testcase(self):
    ego = NPC(lane_id=3, offset=34.75132582, initial_speed=3.10365291)
    vehicle2 = NPC(lane_id=2, offset=40.96302302, initial_speed=6.72150744)
    vehicle2.changeLane(trigger_sequence=3, target_lane=1, target_speed=18.37071328)
    vehicle2.decelerate(trigger_sequence=5, target_speed=15.27231742)

2025-07-15 Tuesday 12:14:12  random_test.py : INFO  === Evaluation Finished === 
 Fitness: [3.5009297676114706, -0.0], Collision: False
2025-07-15 Tuesday 12:14:18  random_test.py : INFO  === Evaluate Testcase === 
 def testcase(self):
    vehicle1 = NPC(lane_id=1, offset=22.73228748, initial_speed=19.22855564)
    vehicle2 = NPC(lane_id=5, offset=31.20998429, initial_speed=16.10995675)
    vehicle3 = NPC(lane_id=3, offset=29.9804111, initial_speed=33.00987672)
    ego = NPC(lane_id=4, offset=45.98454664, initial_speed=7.01216901)
    vehicle1.decelerate(trigger_sequence=1, target_speed=16.41970489)
    vehicle2.changeLane(trigger_sequence=1, target_lane=1, target_speed=20.83690135)
    vehicle3.accelerate(trigger_sequence=1, target_speed=36.9463594)
    vehicle2.decelerate(trigger_sequence=2, target_speed=16.8915391)
    vehicle3.accelerate(trigger_sequence=2, target_speed=39.33127674)
    vehicle1.accelerate(trigger_sequence=3, target_speed=49.4738316)
    vehicle2.decelerate(trigger_sequence=3, target_speed=23.5489325)
    vehicle2.accelerate(trigger_sequence=4, target_speed=39.698332)
    vehicle1.changeLane(trigger_sequence=5, target_lane=3, target_speed=16.7673189)
    vehicle2.changeLane(trigger_sequence=5, target_lane=1, target_speed=24.9734345)
    vehicle3.decelerate(trigger_sequence=5, target_speed=3.45422266)

2025-07-15 Tuesday 12:14:18  random_test.py : INFO  === Evaluation Finished === 
 Fitness: [8.778272091288244, -0.0], Collision: False
2025-07-15 Tuesday 12:14:24  random_test.py : INFO  === Evaluate Testcase === 
 def testcase(self):
    vehicle1 = NPC(lane_id=3, offset=41.42475438, initial_speed=12.07907879)
    ego = NPC(lane_id=3, offset=4.9980819, initial_speed=12.58529512)
    vehicle3 = NPC(lane_id=3, offset=35.73583644, initial_speed=13.28110362)
    vehicle4 = NPC(lane_id=5, offset=12.33686056, initial_speed=36.82677617)
    vehicle3.accelerate(trigger_sequence=1, target_speed=37.68471874)
    vehicle4.decelerate(trigger_sequence=1, target_speed=13.10344511)
    vehicle1.decelerate(trigger_sequence=2, target_speed=11.08914862)
    vehicle3.decelerate(trigger_sequence=3, target_speed=1.89225135)
    vehicle3.decelerate(trigger_sequence=4, target_speed=14.33827747)
    vehicle1.changeLane(trigger_sequence=5, target_lane=1, target_speed=42.93190391)
    vehicle3.accelerate(trigger_sequence=5, target_speed=43.27202365)

2025-07-15 Tuesday 12:14:24  random_test.py : INFO  === Evaluation Finished === 
 Fitness: [7.227812616661769, -0.008680555555555556], Collision: False
2025-07-15 Tuesday 12:14:30  random_test.py : INFO  === Evaluate Testcase === 
 def testcase(self):
    vehicle1 = NPC(lane_id=1, offset=4.69015713, initial_speed=16.88059014)
    ego = NPC(lane_id=4, offset=29.95403, initial_speed=37.02639851)
    vehicle3 = NPC(lane_id=4, offset=39.72522815, initial_speed=8.63166601)
    vehicle3.decelerate(trigger_sequence=2, target_speed=25.43089858)
    vehicle1.accelerate(trigger_sequence=3, target_speed=59.40564166)
    vehicle3.changeLane(trigger_sequence=3, target_lane=1, target_speed=25.27059516)
    vehicle3.decelerate(trigger_sequence=4, target_speed=27.74982709)

2025-07-15 Tuesday 12:14:30  random_test.py : INFO  === Evaluation Finished === 
 Fitness: [5.245296303984347, -0.006289308176100629], Collision: False
2025-07-15 Tuesday 12:14:36  random_test.py : INFO  === Evaluate Testcase === 
 def testcase(self):
    vehicle1 = NPC(lane_id=4, offset=44.59504003, initial_speed=19.71511205)
    ego = NPC(lane_id=2, offset=47.99827407, initial_speed=0.07470947)
    vehicle3 = NPC(lane_id=3, offset=10.85807275, initial_speed=25.57125722)
    vehicle4 = NPC(lane_id=4, offset=16.09082061, initial_speed=35.84174361)
    vehicle1.accelerate(trigger_sequence=1, target_speed=43.44885982)
    vehicle3.accelerate(trigger_sequence=1, target_speed=48.71703897)
    vehicle4.accelerate(trigger_sequence=1, target_speed=55.25197648)
    vehicle1.accelerate(trigger_sequence=3, target_speed=31.55984787)
    vehicle3.accelerate(trigger_sequence=3, target_speed=52.16474438)
    vehicle4.decelerate(trigger_sequence=3, target_speed=12.81346229)
    vehicle1.changeLane(trigger_sequence=4, target_lane=1, target_speed=17.57337051)
    vehicle1.decelerate(trigger_sequence=5, target_speed=27.84156134)
    vehicle4.accelerate(trigger_sequence=5, target_speed=41.56122985)

2025-07-15 Tuesday 12:14:36  random_test.py : INFO  === Evaluation Finished === 
 Fitness: [7.000028983500953, -0.0], Collision: False
2025-07-15 Tuesday 12:14:41  random_test.py : INFO  === Evaluate Testcase === 
 def testcase(self):
    ego = NPC(lane_id=3, offset=23.57653085, initial_speed=28.98574149)
    vehicle2 = NPC(lane_id=5, offset=49.51300386, initial_speed=38.00145374)
    vehicle3 = NPC(lane_id=1, offset=12.00033488, initial_speed=25.38668838)
    vehicle3.changeLane(trigger_sequence=1, target_lane=1, target_speed=14.56432935)
    vehicle2.accelerate(trigger_sequence=3, target_speed=50.12548656)
    vehicle3.changeLane(trigger_sequence=4, target_lane=3, target_speed=19.51367664)
    vehicle2.changeLane(trigger_sequence=5, target_lane=1, target_speed=54.37962428)

2025-07-15 Tuesday 12:14:41  random_test.py : INFO  === Evaluation Finished === 
 Fitness: [14.614510726908952, -0.0], Collision: False
2025-07-15 Tuesday 12:14:47  random_test.py : INFO  === Evaluate Testcase === 
 def testcase(self):
    vehicle1 = NPC(lane_id=1, offset=10.0230125, initial_speed=21.35927212)
    vehicle2 = NPC(lane_id=5, offset=25.51351595, initial_speed=34.49876675)
    ego = NPC(lane_id=5, offset=5.64849687, initial_speed=9.87023326)
    vehicle4 = NPC(lane_id=3, offset=6.78328083, initial_speed=19.71913536)
    vehicle1.changeLane(trigger_sequence=1, target_lane=1, target_speed=34.28589584)
    vehicle4.changeLane(trigger_sequence=1, target_lane=3, target_speed=58.79447126)
    vehicle1.changeLane(trigger_sequence=2, target_lane=1, target_speed=45.62106712)
    vehicle2.accelerate(trigger_sequence=4, target_speed=57.34112669)
    vehicle4.changeLane(trigger_sequence=5, target_lane=3, target_speed=3.75074235)

2025-07-15 Tuesday 12:14:47  random_test.py : INFO  === Evaluation Finished === 
 Fitness: [7.000744305000264, -0.0], Collision: False
2025-07-15 Tuesday 12:14:52  random_test.py : INFO  === Evaluate Testcase === 
 def testcase(self):
    vehicle1 = NPC(lane_id=1, offset=32.98193914, initial_speed=6.26175037)
    ego = NPC(lane_id=2, offset=47.89720045, initial_speed=20.65245518)
    vehicle3 = NPC(lane_id=4, offset=0.28208862, initial_speed=34.38844082)
    vehicle1.accelerate(trigger_sequence=2, target_speed=56.89627739)

2025-07-15 Tuesday 12:14:52  random_test.py : INFO  === Evaluation Finished === 
 Fitness: [16.26763909399849, -0.0], Collision: False
2025-07-15 Tuesday 12:14:58  random_test.py : INFO  === Evaluate Testcase === 
 def testcase(self):
    vehicle1 = NPC(lane_id=4, offset=29.61953819, initial_speed=11.45618605)
    vehicle2 = NPC(lane_id=1, offset=1.78157422, initial_speed=39.68399416)
    ego = NPC(lane_id=2, offset=2.24932752, initial_speed=30.07185958)
    vehicle1.accelerate(trigger_sequence=1, target_speed=36.46990612)
    vehicle2.changeLane(trigger_sequence=1, target_lane=3, target_speed=51.1387382)
    vehicle1.decelerate(trigger_sequence=2, target_speed=4.58983444)
    vehicle2.decelerate(trigger_sequence=5, target_speed=21.56465779)

2025-07-15 Tuesday 12:14:58  random_test.py : INFO  === Evaluation Finished === 
 Fitness: [3.494941072613054, -0.005509641873278237], Collision: False
2025-07-15 Tuesday 12:15:03  random_test.py : INFO  === Evaluate Testcase === 
 def testcase(self):
    vehicle1 = NPC(lane_id=4, offset=3.77969014, initial_speed=19.35839881)
    vehicle2 = NPC(lane_id=4, offset=47.35341483, initial_speed=33.82294724)
    ego = NPC(lane_id=3, offset=21.60739487, initial_speed=8.75866645)
    vehicle2.accelerate(trigger_sequence=1, target_speed=54.7917351)
    vehicle1.accelerate(trigger_sequence=3, target_speed=41.08171654)
    vehicle2.changeLane(trigger_sequence=3, target_lane=3, target_speed=8.36229408)
    vehicle1.decelerate(trigger_sequence=4, target_speed=26.07771108)
    vehicle2.decelerate(trigger_sequence=4, target_speed=11.01708393)
    vehicle1.changeLane(trigger_sequence=5, target_lane=1, target_speed=21.04026812)

2025-07-15 Tuesday 12:15:03  random_test.py : INFO  === Evaluation Finished === 
 Fitness: [3.499776655367539, -0.0], Collision: False
2025-07-15 Tuesday 12:15:09  random_test.py : INFO  === Evaluate Testcase === 
 def testcase(self):
    vehicle1 = NPC(lane_id=2, offset=33.18477096, initial_speed=20.38211855)
    vehicle2 = NPC(lane_id=3, offset=9.05642512, initial_speed=18.4724792)
    ego = NPC(lane_id=1, offset=35.80015119, initial_speed=34.62096942)
    vehicle4 = NPC(lane_id=3, offset=1.75265892, initial_speed=0.99583391)
    vehicle2.decelerate(trigger_sequence=1, target_speed=18.22881864)
    vehicle4.accelerate(trigger_sequence=1, target_speed=45.74480075)
    vehicle4.decelerate(trigger_sequence=2, target_speed=26.83381682)
    vehicle1.accelerate(trigger_sequence=3, target_speed=37.64107288)
    vehicle2.accelerate(trigger_sequence=3, target_speed=53.4206148)
    vehicle4.accelerate(trigger_sequence=3, target_speed=59.81493028)
    vehicle1.changeLane(trigger_sequence=4, target_lane=3, target_speed=25.91878082)
    vehicle2.decelerate(trigger_sequence=4, target_speed=23.88710901)
    vehicle4.accelerate(trigger_sequence=4, target_speed=40.98410915)
    vehicle2.accelerate(trigger_sequence=5, target_speed=52.43767212)
    vehicle4.accelerate(trigger_sequence=5, target_speed=32.86654218)

2025-07-15 Tuesday 12:15:09  random_test.py : INFO  === Evaluation Finished === 
 Fitness: [5.449592106926641, -0.0], Collision: False
2025-07-15 Tuesday 12:15:12  random_test.py : INFO  === Evaluate Testcase === 
 def testcase(self):
    vehicle1 = NPC(lane_id=2, offset=30.49662588, initial_speed=31.23539101)
    ego = NPC(lane_id=2, offset=32.86564292, initial_speed=16.23069234)
    vehicle1.decelerate(trigger_sequence=1, target_speed=8.40122935)
    vehicle1.changeLane(trigger_sequence=3, target_lane=3, target_speed=34.72163447)
    vehicle1.decelerate(trigger_sequence=4, target_speed=21.345204)
    vehicle1.accelerate(trigger_sequence=5, target_speed=43.45009532)

2025-07-15 Tuesday 12:15:12  random_test.py : INFO  === Evaluation Finished === 
 Fitness: [inf, 0], Collision: False
2025-07-15 Tuesday 12:15:18  random_test.py : INFO  === Evaluate Testcase === 
 def testcase(self):
    vehicle1 = NPC(lane_id=3, offset=34.07309761, initial_speed=39.3495984)
    ego = NPC(lane_id=2, offset=21.04557686, initial_speed=12.35959195)
    vehicle1.changeLane(trigger_sequence=1, target_lane=3, target_speed=2.37309229)
    vehicle1.decelerate(trigger_sequence=2, target_speed=16.69358452)
    vehicle1.decelerate(trigger_sequence=3, target_speed=9.06527805)
    vehicle1.accelerate(trigger_sequence=5, target_speed=55.87948192)

2025-07-15 Tuesday 12:15:18  random_test.py : INFO  === Evaluation Finished === 
 Fitness: [13.522277088338393, -0.0], Collision: False
2025-07-15 Tuesday 12:15:22  random_test.py : INFO  === Evaluate Testcase === 
 def testcase(self):
    ego = NPC(lane_id=4, offset=17.71417316, initial_speed=28.03065013)
    vehicle2 = NPC(lane_id=1, offset=28.81040209, initial_speed=33.1476909)
    vehicle3 = NPC(lane_id=4, offset=22.27148488, initial_speed=33.07731894)
    vehicle2.accelerate(trigger_sequence=1, target_speed=33.74350764)
    vehicle3.accelerate(trigger_sequence=1, target_speed=40.06106672)
    vehicle2.decelerate(trigger_sequence=3, target_speed=29.73931369)
    vehicle3.decelerate(trigger_sequence=4, target_speed=4.45905235)

2025-07-15 Tuesday 12:15:22  random_test.py : INFO  === Evaluation Finished === 
 Fitness: [inf, 0], Collision: False
2025-07-15 Tuesday 12:15:27  random_test.py : INFO  === Evaluate Testcase === 
 def testcase(self):
    vehicle1 = NPC(lane_id=3, offset=7.83760533, initial_speed=30.99496943)
    ego = NPC(lane_id=1, offset=10.17855739, initial_speed=11.79522871)
    vehicle1.changeLane(trigger_sequence=1, target_lane=1, target_speed=1.70320189)
    vehicle1.decelerate(trigger_sequence=4, target_speed=24.28406087)

2025-07-15 Tuesday 12:15:27  random_test.py : INFO  === Evaluation Finished === 
 Fitness: [6.99982213804996, -0.0], Collision: False
2025-07-15 Tuesday 12:15:33  random_test.py : INFO  === Evaluate Testcase === 
 def testcase(self):
    vehicle1 = NPC(lane_id=1, offset=25.87069419, initial_speed=19.34998982)
    vehicle2 = NPC(lane_id=1, offset=13.78342669, initial_speed=1.28009645)
    ego = NPC(lane_id=3, offset=3.49238801, initial_speed=31.77866586)
    vehicle4 = NPC(lane_id=3, offset=13.84745066, initial_speed=10.5294661)
    vehicle2.decelerate(trigger_sequence=1, target_speed=2.12684192)
    vehicle1.decelerate(trigger_sequence=2, target_speed=19.77400546)
    vehicle2.decelerate(trigger_sequence=2, target_speed=0.83904594)
    vehicle1.accelerate(trigger_sequence=4, target_speed=43.95792759)
    vehicle2.accelerate(trigger_sequence=4, target_speed=46.58076712)
    vehicle4.decelerate(trigger_sequence=5, target_speed=22.71814713)

2025-07-15 Tuesday 12:15:33  random_test.py : INFO  === Evaluation Finished === 
 Fitness: [6.845942262637879, -0.015], Collision: False
2025-07-15 Tuesday 12:15:38  random_test.py : INFO  === Evaluate Testcase === 
 def testcase(self):
    vehicle1 = NPC(lane_id=4, offset=29.15620178, initial_speed=16.02907321)
    ego = NPC(lane_id=1, offset=2.73869053, initial_speed=22.34319759)
    vehicle3 = NPC(lane_id=2, offset=25.07571205, initial_speed=33.94683153)
    vehicle3.decelerate(trigger_sequence=2, target_speed=15.41839622)
    vehicle1.decelerate(trigger_sequence=3, target_speed=4.53437707)
    vehicle1.changeLane(trigger_sequence=4, target_lane=1, target_speed=22.80122625)

2025-07-15 Tuesday 12:15:38  random_test.py : INFO  === Evaluation Finished === 
 Fitness: [3.5007632603235774, -0.0], Collision: False
2025-07-15 Tuesday 12:15:44  random_test.py : INFO  === Evaluate Testcase === 
 def testcase(self):
    vehicle1 = NPC(lane_id=4, offset=44.30998433, initial_speed=4.00641484)
    ego = NPC(lane_id=4, offset=18.40439823, initial_speed=25.66729731)
    vehicle1.decelerate(trigger_sequence=1, target_speed=20.44802985)
    vehicle1.accelerate(trigger_sequence=4, target_speed=54.09882004)
    vehicle1.decelerate(trigger_sequence=5, target_speed=18.82469661)

2025-07-15 Tuesday 12:15:44  random_test.py : INFO  === Evaluation Finished === 
 Fitness: [10.521622440591566, -0.018333333333333333], Collision: False
2025-07-15 Tuesday 12:15:48  random_test.py : INFO  === Evaluate Testcase === 
 def testcase(self):
    vehicle1 = NPC(lane_id=3, offset=25.93384564, initial_speed=4.28563029)
    vehicle2 = NPC(lane_id=3, offset=29.68520295, initial_speed=33.71499235)
    vehicle3 = NPC(lane_id=5, offset=45.99365494, initial_speed=36.88912116)
    ego = NPC(lane_id=4, offset=6.72124355, initial_speed=17.551436)
    vehicle1.accelerate(trigger_sequence=1, target_speed=51.40809855)
    vehicle2.decelerate(trigger_sequence=2, target_speed=7.88590298)
    vehicle3.decelerate(trigger_sequence=3, target_speed=1.93137335)
    vehicle1.decelerate(trigger_sequence=4, target_speed=4.80359055)
    vehicle1.accelerate(trigger_sequence=5, target_speed=43.15600467)
    vehicle3.changeLane(trigger_sequence=5, target_lane=1, target_speed=5.92589897)

2025-07-15 Tuesday 12:15:48  random_test.py : INFO  === Evaluation Finished === 
 Fitness: [inf, 0], Collision: False
2025-07-15 Tuesday 12:15:53  random_test.py : INFO  === Evaluate Testcase === 
 def testcase(self):
    vehicle1 = NPC(lane_id=5, offset=11.15493331, initial_speed=17.4169986)
    ego = NPC(lane_id=3, offset=23.48916036, initial_speed=1.60152788)
    vehicle1.accelerate(trigger_sequence=1, target_speed=49.61648838)
    vehicle1.changeLane(trigger_sequence=3, target_lane=1, target_speed=15.88904156)

2025-07-15 Tuesday 12:15:53  random_test.py : INFO  === Evaluation Finished === 
 Fitness: [11.456108999625572, -0.0], Collision: False
2025-07-15 Tuesday 12:15:59  random_test.py : INFO  === Evaluate Testcase === 
 def testcase(self):
    ego = NPC(lane_id=5, offset=10.64781568, initial_speed=37.69248768)
    vehicle2 = NPC(lane_id=4, offset=28.44398988, initial_speed=8.29445715)
    vehicle2.changeLane(trigger_sequence=1, target_lane=1, target_speed=14.46673101)
    vehicle2.accelerate(trigger_sequence=3, target_speed=54.12602421)
    vehicle2.decelerate(trigger_sequence=5, target_speed=4.61639628)

2025-07-15 Tuesday 12:15:59  random_test.py : INFO  === Evaluation Finished === 
 Fitness: [3.50251721387086, -0.0], Collision: False
2025-07-15 Tuesday 12:16:04  random_test.py : INFO  === Evaluate Testcase === 
 def testcase(self):
    ego = NPC(lane_id=1, offset=3.72587466, initial_speed=36.37204667)
    vehicle2 = NPC(lane_id=3, offset=41.25661882, initial_speed=23.18217467)
    vehicle3 = NPC(lane_id=3, offset=26.47953776, initial_speed=37.29020703)
    vehicle2.decelerate(trigger_sequence=1, target_speed=24.17963117)
    vehicle3.changeLane(trigger_sequence=1, target_lane=1, target_speed=20.92460721)
    vehicle2.decelerate(trigger_sequence=4, target_speed=17.07478806)
    vehicle3.accelerate(trigger_sequence=4, target_speed=35.21930621)
    vehicle3.decelerate(trigger_sequence=5, target_speed=12.51594262)

2025-07-15 Tuesday 12:16:04  random_test.py : INFO  === Evaluation Finished === 
 Fitness: [3.5004140279907814, -0.0], Collision: False
2025-07-15 Tuesday 12:16:10  random_test.py : INFO  === Evaluate Testcase === 
 def testcase(self):
    vehicle1 = NPC(lane_id=2, offset=30.12628895, initial_speed=4.90714216)
    vehicle2 = NPC(lane_id=3, offset=12.8766386, initial_speed=2.92505778)
    ego = NPC(lane_id=2, offset=24.61340917, initial_speed=21.46643073)
    vehicle1.changeLane(trigger_sequence=1, target_lane=3, target_speed=16.35629891)
    vehicle2.accelerate(trigger_sequence=1, target_speed=59.81639387)
    vehicle2.decelerate(trigger_sequence=2, target_speed=9.46416776)
    vehicle2.changeLane(trigger_sequence=3, target_lane=3, target_speed=39.48486964)
    vehicle1.decelerate(trigger_sequence=4, target_speed=20.41270412)
    vehicle2.decelerate(trigger_sequence=4, target_speed=13.98383647)

2025-07-15 Tuesday 12:16:10  random_test.py : INFO  === Evaluation Finished === 
 Fitness: [3.5024054597698213, -0.0], Collision: False
2025-07-15 Tuesday 12:16:15  random_test.py : INFO  === Evaluate Testcase === 
 def testcase(self):
    vehicle1 = NPC(lane_id=4, offset=36.39544305, initial_speed=18.72296931)
    vehicle2 = NPC(lane_id=3, offset=39.93048711, initial_speed=13.45427496)
    ego = NPC(lane_id=1, offset=7.61096459, initial_speed=30.70104788)
    vehicle4 = NPC(lane_id=4, offset=42.42828155, initial_speed=8.30436438)
    vehicle2.decelerate(trigger_sequence=2, target_speed=4.4396569)
    vehicle4.changeLane(trigger_sequence=2, target_lane=3, target_speed=40.42429871)
    vehicle4.decelerate(trigger_sequence=3, target_speed=16.15861875)
    vehicle4.accelerate(trigger_sequence=5, target_speed=48.77960823)

2025-07-15 Tuesday 12:16:15  random_test.py : INFO  === Evaluation Finished === 
 Fitness: [7.000207421839073, -0.0], Collision: False
2025-07-15 Tuesday 12:16:20  random_test.py : INFO  === Evaluate Testcase === 
 def testcase(self):
    vehicle1 = NPC(lane_id=3, offset=43.53027715, initial_speed=33.30693592)
    ego = NPC(lane_id=3, offset=7.72599353, initial_speed=17.69196058)
    vehicle1.changeLane(trigger_sequence=5, target_lane=3, target_speed=31.76686936)

2025-07-15 Tuesday 12:16:20  random_test.py : INFO  === Evaluation Finished === 
 Fitness: [14.329346478837392, -0.0], Collision: False
2025-07-15 Tuesday 12:16:25  random_test.py : INFO  === Evaluate Testcase === 
 def testcase(self):
    vehicle1 = NPC(lane_id=5, offset=14.9663161, initial_speed=2.44431469)
    ego = NPC(lane_id=5, offset=25.6014961, initial_speed=8.43726173)
    vehicle1.decelerate(trigger_sequence=3, target_speed=0.9640665)
    vehicle1.accelerate(trigger_sequence=5, target_speed=34.64911872)

2025-07-15 Tuesday 12:16:25  random_test.py : INFO  === Evaluation Finished === 
 Fitness: [10.952804435728927, -0.002857142857142857], Collision: False
2025-07-15 Tuesday 12:16:29  random_test.py : INFO  === Evaluate Testcase === 
 def testcase(self):
    vehicle1 = NPC(lane_id=5, offset=41.20084016, initial_speed=8.15250548)
    ego = NPC(lane_id=5, offset=37.39403535, initial_speed=7.62332462)
    vehicle3 = NPC(lane_id=3, offset=15.63290253, initial_speed=37.70852447)
    vehicle4 = NPC(lane_id=2, offset=8.40382194, initial_speed=27.31747737)
    vehicle1.decelerate(trigger_sequence=1, target_speed=22.91417727)
    vehicle1.accelerate(trigger_sequence=2, target_speed=56.24886568)
    vehicle1.changeLane(trigger_sequence=3, target_lane=3, target_speed=17.87000648)
    vehicle1.changeLane(trigger_sequence=4, target_lane=1, target_speed=44.46426406)
    vehicle3.decelerate(trigger_sequence=4, target_speed=13.225686)
    vehicle4.decelerate(trigger_sequence=4, target_speed=21.00084705)
    vehicle4.changeLane(trigger_sequence=5, target_lane=1, target_speed=54.43067019)

2025-07-15 Tuesday 12:16:29  random_test.py : INFO  === Evaluation Finished === 
 Fitness: [inf, 0], Collision: False
2025-07-15 Tuesday 12:16:35  random_test.py : INFO  === Evaluate Testcase === 
 def testcase(self):
    vehicle1 = NPC(lane_id=3, offset=49.34942878, initial_speed=37.72419903)
    vehicle2 = NPC(lane_id=5, offset=4.69763581, initial_speed=12.95739747)
    ego = NPC(lane_id=3, offset=5.02581302, initial_speed=3.95758194)
    vehicle4 = NPC(lane_id=1, offset=45.39348167, initial_speed=4.63916564)
    vehicle1.accelerate(trigger_sequence=1, target_speed=33.62715422)
    vehicle2.decelerate(trigger_sequence=1, target_speed=15.71538157)
    vehicle4.changeLane(trigger_sequence=1, target_lane=3, target_speed=46.19083329)
    vehicle1.decelerate(trigger_sequence=2, target_speed=22.66402638)
    vehicle4.accelerate(trigger_sequence=2, target_speed=33.7412664)
    vehicle1.changeLane(trigger_sequence=3, target_lane=1, target_speed=1.37823681)
    vehicle2.changeLane(trigger_sequence=3, target_lane=3, target_speed=37.1207411)
    vehicle2.accelerate(trigger_sequence=4, target_speed=59.26868428)
    vehicle4.decelerate(trigger_sequence=4, target_speed=25.64888691)
    vehicle1.decelerate(trigger_sequence=5, target_speed=24.51946679)
    vehicle2.decelerate(trigger_sequence=5, target_speed=16.35773648)

2025-07-15 Tuesday 12:16:35  random_test.py : INFO  === Evaluation Finished === 
 Fitness: [3.499964781493772, -0.0], Collision: False
2025-07-15 Tuesday 12:16:41  random_test.py : INFO  === Evaluate Testcase === 
 def testcase(self):
    vehicle1 = NPC(lane_id=4, offset=38.88110624, initial_speed=27.9199516)
    ego = NPC(lane_id=3, offset=31.42239308, initial_speed=7.71944982)
    vehicle3 = NPC(lane_id=2, offset=45.47882076, initial_speed=18.67515464)
    vehicle3.decelerate(trigger_sequence=1, target_speed=23.31823736)
    vehicle1.accelerate(trigger_sequence=2, target_speed=36.81644916)
    vehicle3.changeLane(trigger_sequence=3, target_lane=1, target_speed=32.61426984)
    vehicle1.decelerate(trigger_sequence=4, target_speed=9.88329344)
    vehicle3.decelerate(trigger_sequence=4, target_speed=21.66968785)

2025-07-15 Tuesday 12:16:41  random_test.py : INFO  === Evaluation Finished === 
 Fitness: [3.4998615639446875, -0.0], Collision: False
2025-07-15 Tuesday 12:16:47  random_test.py : INFO  === Evaluate Testcase === 
 def testcase(self):
    ego = NPC(lane_id=5, offset=2.54905474, initial_speed=3.07434908)
    vehicle2 = NPC(lane_id=4, offset=14.98835163, initial_speed=30.66298691)
    vehicle3 = NPC(lane_id=5, offset=13.66002064, initial_speed=31.09571053)
    vehicle2.accelerate(trigger_sequence=1, target_speed=34.40241171)
    vehicle3.decelerate(trigger_sequence=2, target_speed=5.90709144)
    vehicle2.changeLane(trigger_sequence=4, target_lane=1, target_speed=58.72537056)
    vehicle3.decelerate(trigger_sequence=4, target_speed=5.86320217)
    vehicle2.changeLane(trigger_sequence=5, target_lane=1, target_speed=38.78116369)

2025-07-15 Tuesday 12:16:47  random_test.py : INFO  === Evaluation Finished === 
 Fitness: [10.499329317406115, -0.003367003367003367], Collision: False
2025-07-15 Tuesday 12:16:53  random_test.py : INFO  === Evaluate Testcase === 
 def testcase(self):
    vehicle1 = NPC(lane_id=2, offset=32.40281128, initial_speed=23.75542109)
    ego = NPC(lane_id=2, offset=21.07307635, initial_speed=25.53546637)
    vehicle3 = NPC(lane_id=1, offset=29.19811225, initial_speed=33.35704876)
    vehicle1.changeLane(trigger_sequence=1, target_lane=3, target_speed=53.4078494)
    vehicle3.changeLane(trigger_sequence=1, target_lane=3, target_speed=4.23114461)
    vehicle1.changeLane(trigger_sequence=2, target_lane=1, target_speed=1.57250307)
    vehicle3.decelerate(trigger_sequence=2, target_speed=24.45553069)
    vehicle3.decelerate(trigger_sequence=4, target_speed=18.30766063)

2025-07-15 Tuesday 12:16:53  random_test.py : INFO  === Evaluation Finished === 
 Fitness: [3.5037452248837044, -0.005221932114882507], Collision: False
2025-07-15 Tuesday 12:16:57  random_test.py : INFO  === Evaluate Testcase === 
 def testcase(self):
    vehicle1 = NPC(lane_id=4, offset=9.95278456, initial_speed=4.18766826)
    ego = NPC(lane_id=2, offset=28.56344838, initial_speed=1.44683449)
    vehicle3 = NPC(lane_id=4, offset=7.19510855, initial_speed=19.12404044)
    vehicle3.decelerate(trigger_sequence=1, target_speed=19.35753105)
    vehicle1.changeLane(trigger_sequence=2, target_lane=3, target_speed=38.56089785)
    vehicle3.changeLane(trigger_sequence=2, target_lane=3, target_speed=25.81639756)
    vehicle3.accelerate(trigger_sequence=4, target_speed=32.02306426)

2025-07-15 Tuesday 12:16:57  random_test.py : INFO  === Evaluation Finished === 
 Fitness: [inf, 0], Collision: False
2025-07-15 Tuesday 12:17:02  random_test.py : INFO  === Evaluate Testcase === 
 def testcase(self):
    ego = NPC(lane_id=2, offset=49.92374706, initial_speed=32.33817591)
    vehicle2 = NPC(lane_id=2, offset=40.80149851, initial_speed=21.84674462)
    vehicle2.accelerate(trigger_sequence=1, target_speed=54.3465314)
    vehicle2.decelerate(trigger_sequence=4, target_speed=8.46092697)
    vehicle2.accelerate(trigger_sequence=5, target_speed=57.4972844)

2025-07-15 Tuesday 12:17:02  random_test.py : INFO  === Evaluation Finished === 
 Fitness: [10.166129783686564, -0.0], Collision: False
2025-07-15 Tuesday 12:17:07  random_test.py : INFO  === Evaluate Testcase === 
 def testcase(self):
    ego = NPC(lane_id=1, offset=37.1208393, initial_speed=20.21108044)
    vehicle2 = NPC(lane_id=2, offset=29.93719658, initial_speed=11.75708622)
    vehicle2.accelerate(trigger_sequence=1, target_speed=40.88744784)

2025-07-15 Tuesday 12:17:07  random_test.py : INFO  === Evaluation Finished === 
 Fitness: [8.609912403274086, -0.0], Collision: False
2025-07-15 Tuesday 12:17:12  random_test.py : INFO  === Evaluate Testcase === 
 def testcase(self):
    vehicle1 = NPC(lane_id=2, offset=45.2609136, initial_speed=12.34357847)
    vehicle2 = NPC(lane_id=2, offset=4.36232182, initial_speed=13.76384425)
    vehicle3 = NPC(lane_id=5, offset=14.18736475, initial_speed=10.55752155)
    ego = NPC(lane_id=1, offset=6.28587186, initial_speed=16.44843541)
    vehicle2.decelerate(trigger_sequence=1, target_speed=16.04305214)
    vehicle3.changeLane(trigger_sequence=1, target_lane=1, target_speed=4.24714757)
    vehicle3.changeLane(trigger_sequence=2, target_lane=1, target_speed=45.39500311)
    vehicle1.changeLane(trigger_sequence=3, target_lane=3, target_speed=20.10069332)
    vehicle2.decelerate(trigger_sequence=3, target_speed=3.02416411)
    vehicle3.accelerate(trigger_sequence=3, target_speed=54.72148754)

2025-07-15 Tuesday 12:17:12  random_test.py : INFO  === Evaluation Finished === 
 Fitness: [3.503748292669084, -0.0], Collision: False
2025-07-15 Tuesday 12:17:17  random_test.py : INFO  === Evaluate Testcase === 
 def testcase(self):
    ego = NPC(lane_id=5, offset=45.35989735, initial_speed=10.49827107)
    vehicle2 = NPC(lane_id=3, offset=45.04982126, initial_speed=15.5448584)
    vehicle2.decelerate(trigger_sequence=1, target_speed=4.87003573)

2025-07-15 Tuesday 12:17:17  random_test.py : INFO  === Evaluation Finished === 
 Fitness: [6.991466350185338, -0.0028735632183908046], Collision: False
2025-07-15 Tuesday 12:17:23  random_test.py : INFO  === Evaluate Testcase === 
 def testcase(self):
    vehicle1 = NPC(lane_id=1, offset=26.46442018, initial_speed=3.39339439)
    ego = NPC(lane_id=5, offset=37.96954234, initial_speed=23.45435205)
    vehicle3 = NPC(lane_id=5, offset=16.54571444, initial_speed=38.10991696)
    vehicle1.accelerate(trigger_sequence=3, target_speed=55.05975187)
    vehicle1.changeLane(trigger_sequence=4, target_lane=1, target_speed=22.61861344)
    vehicle3.decelerate(trigger_sequence=4, target_speed=21.28837741)
    vehicle1.decelerate(trigger_sequence=5, target_speed=28.60314223)
    vehicle3.changeLane(trigger_sequence=5, target_lane=1, target_speed=1.71219846)

2025-07-15 Tuesday 12:17:23  random_test.py : INFO  === Evaluation Finished === 
 Fitness: [17.408219152309115, -0.0], Collision: False
2025-07-15 Tuesday 12:17:28  random_test.py : INFO  === Evaluate Testcase === 
 def testcase(self):
    ego = NPC(lane_id=4, offset=45.2422504, initial_speed=39.1663022)
    vehicle2 = NPC(lane_id=2, offset=28.4512742, initial_speed=23.5130684)
    vehicle3 = NPC(lane_id=3, offset=11.42088803, initial_speed=11.09456992)
    vehicle3.decelerate(trigger_sequence=1, target_speed=4.38818443)
    vehicle3.changeLane(trigger_sequence=2, target_lane=1, target_speed=50.41505657)
    vehicle3.accelerate(trigger_sequence=3, target_speed=41.18912757)
    vehicle3.accelerate(trigger_sequence=4, target_speed=44.92358778)

2025-07-15 Tuesday 12:17:28  random_test.py : INFO  === Evaluation Finished === 
 Fitness: [19.602640168501296, -0.0], Collision: False
2025-07-15 Tuesday 12:17:33  random_test.py : INFO  === Evaluate Testcase === 
 def testcase(self):
    vehicle1 = NPC(lane_id=5, offset=24.05553782, initial_speed=36.91761207)
    ego = NPC(lane_id=3, offset=6.38170022, initial_speed=12.94210794)
    vehicle1.decelerate(trigger_sequence=2, target_speed=12.98208028)
    vehicle1.changeLane(trigger_sequence=3, target_lane=3, target_speed=7.58340995)

2025-07-15 Tuesday 12:17:33  random_test.py : INFO  === Evaluation Finished === 
 Fitness: [6.661642828268872, -0.0], Collision: False
2025-07-15 Tuesday 12:17:39  random_test.py : INFO  === Evaluate Testcase === 
 def testcase(self):
    vehicle1 = NPC(lane_id=3, offset=18.75639029, initial_speed=21.04389411)
    vehicle2 = NPC(lane_id=3, offset=46.85267827, initial_speed=29.21217801)
    ego = NPC(lane_id=2, offset=23.76273627, initial_speed=32.3692401)
    vehicle4 = NPC(lane_id=1, offset=0.87692979, initial_speed=20.70590259)
    vehicle2.decelerate(trigger_sequence=1, target_speed=28.89908349)
    vehicle4.changeLane(trigger_sequence=1, target_lane=3, target_speed=23.99978674)
    vehicle1.accelerate(trigger_sequence=2, target_speed=46.17267041)
    vehicle4.changeLane(trigger_sequence=2, target_lane=1, target_speed=54.93221768)
    vehicle1.decelerate(trigger_sequence=4, target_speed=18.9204732)
    vehicle2.decelerate(trigger_sequence=4, target_speed=11.26526122)
    vehicle4.changeLane(trigger_sequence=4, target_lane=3, target_speed=28.95323483)
    vehicle1.accelerate(trigger_sequence=5, target_speed=44.23064165)
    vehicle4.decelerate(trigger_sequence=5, target_speed=5.6383165)

2025-07-15 Tuesday 12:17:39  random_test.py : INFO  === Evaluation Finished === 
 Fitness: [3.502610225802242, -0.0], Collision: False
2025-07-15 Tuesday 12:17:45  random_test.py : INFO  === Evaluate Testcase === 
 def testcase(self):
    ego = NPC(lane_id=2, offset=23.26300745, initial_speed=26.642221)
    vehicle2 = NPC(lane_id=1, offset=23.27326114, initial_speed=11.34314953)
    vehicle3 = NPC(lane_id=2, offset=36.78933084, initial_speed=10.38577082)
    vehicle3.accelerate(trigger_sequence=2, target_speed=55.28295572)
    vehicle3.accelerate(trigger_sequence=3, target_speed=41.90474212)
    vehicle3.decelerate(trigger_sequence=4, target_speed=17.37039441)
    vehicle3.changeLane(trigger_sequence=5, target_lane=3, target_speed=36.89862331)

2025-07-15 Tuesday 12:17:45  random_test.py : INFO  === Evaluation Finished === 
 Fitness: [3.50134211891057, -0.006550218340611353], Collision: False
2025-07-15 Tuesday 12:17:50  random_test.py : INFO  === Evaluate Testcase === 
 def testcase(self):
    vehicle1 = NPC(lane_id=4, offset=32.95940535, initial_speed=33.40246411)
    vehicle2 = NPC(lane_id=5, offset=0.30633553, initial_speed=33.06752243)
    ego = NPC(lane_id=2, offset=48.00023294, initial_speed=33.4595836)
    vehicle4 = NPC(lane_id=2, offset=15.1420865, initial_speed=39.55802523)
    vehicle1.accelerate(trigger_sequence=1, target_speed=58.13763646)
    vehicle2.decelerate(trigger_sequence=1, target_speed=18.41582686)
    vehicle2.decelerate(trigger_sequence=2, target_speed=3.18346961)
    vehicle4.changeLane(trigger_sequence=3, target_lane=1, target_speed=41.03142471)
    vehicle2.accelerate(trigger_sequence=4, target_speed=46.18557659)
    vehicle4.changeLane(trigger_sequence=4, target_lane=3, target_speed=48.16708896)
    vehicle4.accelerate(trigger_sequence=5, target_speed=34.32236775)

2025-07-15 Tuesday 12:17:50  random_test.py : INFO  === Evaluation Finished === 
 Fitness: [7.001060171994257, -0.0], Collision: False
2025-07-15 Tuesday 12:17:55  random_test.py : INFO  === Evaluate Testcase === 
 def testcase(self):
    ego = NPC(lane_id=2, offset=22.95603986, initial_speed=4.79911771)
    vehicle2 = NPC(lane_id=1, offset=42.75909193, initial_speed=14.60097012)
    vehicle2.decelerate(trigger_sequence=4, target_speed=25.1595779)

2025-07-15 Tuesday 12:17:55  random_test.py : INFO  === Evaluation Finished === 
 Fitness: [3.5020298490002166, -0.005649717514124294], Collision: False
2025-07-15 Tuesday 12:18:00  random_test.py : INFO  === Evaluate Testcase === 
 def testcase(self):
    ego = NPC(lane_id=3, offset=36.62921592, initial_speed=34.9669994)
    vehicle2 = NPC(lane_id=2, offset=6.18692705, initial_speed=2.07445569)
    vehicle3 = NPC(lane_id=4, offset=15.80285164, initial_speed=16.81153666)
    vehicle2.changeLane(trigger_sequence=1, target_lane=3, target_speed=2.66199205)
    vehicle2.decelerate(trigger_sequence=2, target_speed=29.00792865)
    vehicle3.accelerate(trigger_sequence=2, target_speed=37.6389981)
    vehicle3.decelerate(trigger_sequence=3, target_speed=19.51340237)
    vehicle2.changeLane(trigger_sequence=4, target_lane=1, target_speed=54.56526073)
    vehicle3.accelerate(trigger_sequence=5, target_speed=59.87940036)

2025-07-15 Tuesday 12:18:00  random_test.py : INFO  === Evaluation Finished === 
 Fitness: [22.806708323026353, -0.0], Collision: False
2025-07-15 Tuesday 12:18:05  random_test.py : INFO  === Evaluate Testcase === 
 def testcase(self):
    vehicle1 = NPC(lane_id=5, offset=14.59463864, initial_speed=30.83158542)
    ego = NPC(lane_id=5, offset=0.70366124, initial_speed=21.02658353)
    vehicle1.accelerate(trigger_sequence=1, target_speed=49.70716396)
    vehicle1.accelerate(trigger_sequence=2, target_speed=56.36680177)
    vehicle1.accelerate(trigger_sequence=3, target_speed=59.82019847)

2025-07-15 Tuesday 12:18:05  random_test.py : INFO  === Evaluation Finished === 
 Fitness: [10.882736801848564, -0.0], Collision: False
2025-07-15 Tuesday 12:18:11  random_test.py : INFO  === Evaluate Testcase === 
 def testcase(self):
    vehicle1 = NPC(lane_id=1, offset=0.68251971, initial_speed=4.20323784)
    vehicle2 = NPC(lane_id=2, offset=17.14856095, initial_speed=26.84493591)
    vehicle3 = NPC(lane_id=1, offset=46.68724122, initial_speed=9.854413)
    ego = NPC(lane_id=5, offset=21.55527361, initial_speed=4.05178153)
    vehicle1.accelerate(trigger_sequence=3, target_speed=48.66254101)
    vehicle3.accelerate(trigger_sequence=3, target_speed=40.79991976)
    vehicle1.decelerate(trigger_sequence=4, target_speed=15.33602445)
    vehicle3.accelerate(trigger_sequence=4, target_speed=35.59847356)
    vehicle1.accelerate(trigger_sequence=5, target_speed=52.39151132)
    vehicle2.accelerate(trigger_sequence=5, target_speed=31.86944363)
    vehicle3.changeLane(trigger_sequence=5, target_lane=3, target_speed=15.39832718)

2025-07-15 Tuesday 12:18:11  random_test.py : INFO  === Evaluation Finished === 
 Fitness: [10.49166273165901, -0.0], Collision: False
2025-07-15 Tuesday 12:18:16  random_test.py : INFO  === Evaluate Testcase === 
 def testcase(self):
    ego = NPC(lane_id=2, offset=39.14823018, initial_speed=33.26075907)
    vehicle2 = NPC(lane_id=3, offset=11.84455332, initial_speed=27.73240991)
    vehicle3 = NPC(lane_id=4, offset=23.25471959, initial_speed=16.05541365)
    vehicle3.accelerate(trigger_sequence=1, target_speed=46.31532116)
    vehicle2.decelerate(trigger_sequence=3, target_speed=0.53714403)
    vehicle3.accelerate(trigger_sequence=3, target_speed=46.4961415)
    vehicle3.accelerate(trigger_sequence=4, target_speed=45.15186891)

2025-07-15 Tuesday 12:18:16  random_test.py : INFO  === Evaluation Finished === 
 Fitness: [18.86808421419695, -0.0], Collision: False
2025-07-15 Tuesday 12:18:21  random_test.py : INFO  === Evaluate Testcase === 
 def testcase(self):
    ego = NPC(lane_id=3, offset=47.97729099, initial_speed=4.23380391)
    vehicle2 = NPC(lane_id=5, offset=27.13400186, initial_speed=25.85668636)
    vehicle2.decelerate(trigger_sequence=4, target_speed=22.49624303)

2025-07-15 Tuesday 12:18:21  random_test.py : INFO  === Evaluation Finished === 
 Fitness: [16.74590694093308, -0.0], Collision: False
2025-07-15 Tuesday 12:18:26  random_test.py : INFO  === Evaluate Testcase === 
 def testcase(self):
    vehicle1 = NPC(lane_id=3, offset=45.18885785, initial_speed=34.68752149)
    ego = NPC(lane_id=2, offset=20.67387311, initial_speed=3.48543975)
    vehicle1.accelerate(trigger_sequence=2, target_speed=35.990038)

2025-07-15 Tuesday 12:18:26  random_test.py : INFO  === Evaluation Finished === 
 Fitness: [25.098090027709162, -0.0], Collision: False
2025-07-15 Tuesday 12:18:31  random_test.py : INFO  === Evaluate Testcase === 
 def testcase(self):
    vehicle1 = NPC(lane_id=1, offset=30.83073189, initial_speed=35.04092851)
    vehicle2 = NPC(lane_id=3, offset=48.3969222, initial_speed=14.28348371)
    ego = NPC(lane_id=3, offset=48.8782378, initial_speed=28.04477971)
    vehicle1.accelerate(trigger_sequence=1, target_speed=44.4995349)
    vehicle2.accelerate(trigger_sequence=1, target_speed=34.39290302)
    vehicle1.changeLane(trigger_sequence=2, target_lane=3, target_speed=0.50311424)
    vehicle2.changeLane(trigger_sequence=2, target_lane=1, target_speed=26.09308044)
    vehicle1.decelerate(trigger_sequence=3, target_speed=18.57438386)
    vehicle2.accelerate(trigger_sequence=3, target_speed=41.85603432)
    vehicle2.decelerate(trigger_sequence=5, target_speed=0.1016415)

2025-07-15 Tuesday 12:18:31  random_test.py : INFO  === Evaluation Finished === 
 Fitness: [inf, 0], Collision: False
2025-07-15 Tuesday 12:18:36  random_test.py : INFO  === Evaluate Testcase === 
 def testcase(self):
    vehicle1 = NPC(lane_id=1, offset=18.39371463, initial_speed=5.36128604)
    ego = NPC(lane_id=1, offset=26.39274769, initial_speed=15.58783884)
    vehicle1.accelerate(trigger_sequence=1, target_speed=39.25551205)
    vehicle1.decelerate(trigger_sequence=3, target_speed=8.22177001)
    vehicle1.accelerate(trigger_sequence=4, target_speed=40.93984067)
    vehicle1.changeLane(trigger_sequence=5, target_lane=3, target_speed=29.42224711)

2025-07-15 Tuesday 12:18:36  random_test.py : INFO  === Evaluation Finished === 
 Fitness: [8.574097332079104, -0.0], Collision: False
2025-07-15 Tuesday 12:18:41  random_test.py : INFO  === Evaluate Testcase === 
 def testcase(self):
    vehicle1 = NPC(lane_id=1, offset=3.62569928, initial_speed=3.3423348)
    vehicle2 = NPC(lane_id=2, offset=38.11045832, initial_speed=5.51617241)
    ego = NPC(lane_id=3, offset=31.61086898, initial_speed=37.88028033)
    vehicle1.decelerate(trigger_sequence=3, target_speed=5.42630129)
    vehicle1.changeLane(trigger_sequence=4, target_lane=1, target_speed=33.77866797)
    vehicle1.changeLane(trigger_sequence=5, target_lane=1, target_speed=0.34338085)

2025-07-15 Tuesday 12:18:41  random_test.py : INFO  === Evaluation Finished === 
 Fitness: [3.496555442866116, -0.0], Collision: False
2025-07-15 Tuesday 12:18:47  random_test.py : INFO  === Evaluate Testcase === 
 def testcase(self):
    vehicle1 = NPC(lane_id=2, offset=27.71169603, initial_speed=26.02937495)
    vehicle2 = NPC(lane_id=4, offset=12.82276788, initial_speed=13.64059532)
    vehicle3 = NPC(lane_id=5, offset=3.06165675, initial_speed=11.96203654)
    ego = NPC(lane_id=2, offset=37.59828897, initial_speed=20.32287254)
    vehicle2.changeLane(trigger_sequence=1, target_lane=1, target_speed=9.41784922)
    vehicle3.changeLane(trigger_sequence=1, target_lane=1, target_speed=4.52042701)
    vehicle1.accelerate(trigger_sequence=2, target_speed=50.2485017)
    vehicle2.changeLane(trigger_sequence=2, target_lane=3, target_speed=42.3247812)
    vehicle2.changeLane(trigger_sequence=3, target_lane=3, target_speed=9.67565174)
    vehicle3.decelerate(trigger_sequence=4, target_speed=14.62104377)

2025-07-15 Tuesday 12:18:47  random_test.py : INFO  === Evaluation Finished === 
 Fitness: [8.877604350277544, -0.0], Collision: False
2025-07-15 Tuesday 12:18:52  random_test.py : INFO  === Evaluate Testcase === 
 def testcase(self):
    vehicle1 = NPC(lane_id=4, offset=33.79350344, initial_speed=10.81910377)
    ego = NPC(lane_id=1, offset=47.16176904, initial_speed=18.80805054)
    vehicle1.changeLane(trigger_sequence=1, target_lane=3, target_speed=45.04031378)
    vehicle1.changeLane(trigger_sequence=2, target_lane=3, target_speed=0.77651196)
    vehicle1.changeLane(trigger_sequence=5, target_lane=3, target_speed=3.02963915)

2025-07-15 Tuesday 12:18:52  random_test.py : INFO  === Evaluation Finished === 
 Fitness: [17.506684504899525, -0.0], Collision: False
2025-07-15 Tuesday 12:18:58  random_test.py : INFO  === Evaluate Testcase === 
 def testcase(self):
    vehicle1 = NPC(lane_id=2, offset=32.27453492, initial_speed=3.10459025)
    vehicle2 = NPC(lane_id=4, offset=29.88608814, initial_speed=10.02662134)
    ego = NPC(lane_id=1, offset=48.44485431, initial_speed=9.48899673)
    vehicle1.decelerate(trigger_sequence=1, target_speed=8.69481844)
    vehicle2.accelerate(trigger_sequence=1, target_speed=38.97323666)
    vehicle1.decelerate(trigger_sequence=2, target_speed=17.54550189)
    vehicle2.decelerate(trigger_sequence=2, target_speed=6.45798364)
    vehicle2.changeLane(trigger_sequence=3, target_lane=3, target_speed=31.8443936)
    vehicle2.decelerate(trigger_sequence=4, target_speed=19.0047084)

2025-07-15 Tuesday 12:18:58  random_test.py : INFO  === Evaluation Finished === 
 Fitness: [16.977822679507646, -0.0], Collision: False
2025-07-15 Tuesday 12:19:02  random_test.py : INFO  === Evaluate Testcase === 
 def testcase(self):
    vehicle1 = NPC(lane_id=5, offset=3.96934793, initial_speed=9.03653432)
    ego = NPC(lane_id=5, offset=7.64473728, initial_speed=13.73578963)
    vehicle3 = NPC(lane_id=2, offset=31.70402953, initial_speed=31.44446847)
    vehicle1.changeLane(trigger_sequence=1, target_lane=3, target_speed=20.95234956)
    vehicle1.decelerate(trigger_sequence=2, target_speed=26.95105268)
    vehicle3.decelerate(trigger_sequence=2, target_speed=19.08328847)
    vehicle1.accelerate(trigger_sequence=4, target_speed=52.47929785)
    vehicle3.decelerate(trigger_sequence=5, target_speed=17.51757669)

2025-07-15 Tuesday 12:19:02  random_test.py : INFO  === Evaluation Finished === 
 Fitness: [inf, 0], Collision: False
2025-07-15 Tuesday 12:19:07  random_test.py : INFO  === Evaluate Testcase === 
 def testcase(self):
    vehicle1 = NPC(lane_id=3, offset=16.67241191, initial_speed=30.9380367)
    vehicle2 = NPC(lane_id=3, offset=37.52486876, initial_speed=18.47014824)
    ego = NPC(lane_id=5, offset=6.84106803, initial_speed=20.88842136)
    vehicle4 = NPC(lane_id=1, offset=39.29726643, initial_speed=0.37740263)
    vehicle1.decelerate(trigger_sequence=2, target_speed=20.09519211)
    vehicle2.changeLane(trigger_sequence=2, target_lane=1, target_speed=38.89904941)
    vehicle2.changeLane(trigger_sequence=4, target_lane=3, target_speed=28.82142537)
    vehicle1.decelerate(trigger_sequence=5, target_speed=16.57396733)
    vehicle4.changeLane(trigger_sequence=5, target_lane=1, target_speed=23.56437196)

2025-07-15 Tuesday 12:19:07  random_test.py : INFO  === Evaluation Finished === 
 Fitness: [6.99996247518329, -0.0], Collision: False
2025-07-15 Tuesday 12:19:13  random_test.py : INFO  === Evaluate Testcase === 
 def testcase(self):
    ego = NPC(lane_id=2, offset=29.73990676, initial_speed=20.70780116)
    vehicle2 = NPC(lane_id=5, offset=42.85215776, initial_speed=21.03585508)
    vehicle3 = NPC(lane_id=5, offset=35.62756598, initial_speed=13.46736535)
    vehicle2.changeLane(trigger_sequence=1, target_lane=1, target_speed=22.6699494)
    vehicle2.changeLane(trigger_sequence=2, target_lane=1, target_speed=5.43270943)
    vehicle3.decelerate(trigger_sequence=2, target_speed=0.26886165)
    vehicle2.decelerate(trigger_sequence=3, target_speed=28.04094871)
    vehicle3.accelerate(trigger_sequence=4, target_speed=56.89937836)
    vehicle2.changeLane(trigger_sequence=5, target_lane=3, target_speed=51.77375199)

2025-07-15 Tuesday 12:19:13  random_test.py : INFO  === Evaluation Finished === 
 Fitness: [10.500074039096456, -0.0], Collision: False
2025-07-15 Tuesday 12:19:18  random_test.py : INFO  === Evaluate Testcase === 
 def testcase(self):
    vehicle1 = NPC(lane_id=5, offset=4.47144693, initial_speed=32.45366253)
    ego = NPC(lane_id=4, offset=16.37750844, initial_speed=36.10556201)
    vehicle1.decelerate(trigger_sequence=1, target_speed=0.70938091)
    vehicle1.decelerate(trigger_sequence=2, target_speed=4.42385679)

2025-07-15 Tuesday 12:19:18  random_test.py : INFO  === Evaluation Finished === 
 Fitness: [13.426142026433448, -0.0], Collision: False
2025-07-15 Tuesday 12:19:23  random_test.py : INFO  === Evaluate Testcase === 
 def testcase(self):
    vehicle1 = NPC(lane_id=2, offset=33.11509385, initial_speed=10.70402939)
    vehicle2 = NPC(lane_id=2, offset=40.74627731, initial_speed=17.2747553)
    vehicle3 = NPC(lane_id=3, offset=31.51125269, initial_speed=35.54744556)
    ego = NPC(lane_id=4, offset=20.84944735, initial_speed=29.43244997)
    vehicle3.decelerate(trigger_sequence=1, target_speed=7.32016805)
    vehicle1.changeLane(trigger_sequence=3, target_lane=1, target_speed=53.95625074)
    vehicle3.decelerate(trigger_sequence=3, target_speed=6.4242261)
    vehicle3.decelerate(trigger_sequence=4, target_speed=8.05287294)
    vehicle1.accelerate(trigger_sequence=5, target_speed=55.70008413)
    vehicle3.decelerate(trigger_sequence=5, target_speed=21.02547177)

2025-07-15 Tuesday 12:19:23  random_test.py : INFO  === Evaluation Finished === 
 Fitness: [3.5014088744498033, -0.0], Collision: False
2025-07-15 Tuesday 12:19:29  random_test.py : INFO  === Evaluate Testcase === 
 def testcase(self):
    ego = NPC(lane_id=3, offset=2.00989883, initial_speed=26.06281628)
    vehicle2 = NPC(lane_id=4, offset=36.88357952, initial_speed=20.82501216)
    vehicle3 = NPC(lane_id=3, offset=12.28435148, initial_speed=39.20577729)
    vehicle2.changeLane(trigger_sequence=1, target_lane=1, target_speed=30.07060265)
    vehicle3.decelerate(trigger_sequence=1, target_speed=29.78826587)
    vehicle2.accelerate(trigger_sequence=2, target_speed=31.09637388)
    vehicle2.changeLane(trigger_sequence=4, target_lane=1, target_speed=41.98245682)
    vehicle3.accelerate(trigger_sequence=5, target_speed=43.62145063)

2025-07-15 Tuesday 12:19:29  random_test.py : INFO  === Evaluation Finished === 
 Fitness: [6.999798895646466, -0.005571030640668524], Collision: False
2025-07-15 Tuesday 12:19:35  random_test.py : INFO  === Evaluate Testcase === 
 def testcase(self):
    ego = NPC(lane_id=4, offset=4.28036849, initial_speed=25.67744088)
    vehicle2 = NPC(lane_id=5, offset=40.60477704, initial_speed=24.05269425)
    vehicle3 = NPC(lane_id=2, offset=43.58087787, initial_speed=26.52662855)
    vehicle4 = NPC(lane_id=4, offset=22.88294974, initial_speed=25.43924471)
    vehicle3.accelerate(trigger_sequence=1, target_speed=58.09731511)
    vehicle2.decelerate(trigger_sequence=2, target_speed=8.70163342)
    vehicle3.changeLane(trigger_sequence=2, target_lane=1, target_speed=17.66018899)
    vehicle4.decelerate(trigger_sequence=2, target_speed=15.25214097)
    vehicle2.accelerate(trigger_sequence=5, target_speed=42.38133059)
    vehicle3.decelerate(trigger_sequence=5, target_speed=16.57400395)

2025-07-15 Tuesday 12:19:35  random_test.py : INFO  === Evaluation Finished === 
 Fitness: [10.49475195504009, -0.02218430034129693], Collision: False
2025-07-15 Tuesday 12:19:40  random_test.py : INFO  === Evaluate Testcase === 
 def testcase(self):
    ego = NPC(lane_id=1, offset=40.66962056, initial_speed=39.10171492)
    vehicle2 = NPC(lane_id=5, offset=23.43368637, initial_speed=1.49764531)
    vehicle2.decelerate(trigger_sequence=2, target_speed=0.98337134)
    vehicle2.changeLane(trigger_sequence=5, target_lane=3, target_speed=49.56292436)

2025-07-15 Tuesday 12:19:40  random_test.py : INFO  === Evaluation Finished === 
 Fitness: [23.480744998644823, -0.0], Collision: False
2025-07-15 Tuesday 12:19:45  random_test.py : INFO  === Evaluate Testcase === 
 def testcase(self):
    ego = NPC(lane_id=3, offset=42.93576404, initial_speed=14.03423552)
    vehicle2 = NPC(lane_id=3, offset=0.78241292, initial_speed=0.05013125)
    vehicle2.changeLane(trigger_sequence=1, target_lane=3, target_speed=18.91288048)
    vehicle2.accelerate(trigger_sequence=2, target_speed=43.08621615)
    vehicle2.decelerate(trigger_sequence=3, target_speed=7.9284103)
    vehicle2.decelerate(trigger_sequence=5, target_speed=21.70568054)

2025-07-15 Tuesday 12:19:45  random_test.py : INFO  === Evaluation Finished === 
 Fitness: [42.73740275083461, -0.0], Collision: False
2025-07-15 Tuesday 12:19:50  random_test.py : INFO  === Evaluate Testcase === 
 def testcase(self):
    vehicle1 = NPC(lane_id=5, offset=43.38971224, initial_speed=16.80650491)
    ego = NPC(lane_id=1, offset=48.26216299, initial_speed=7.02129052)
    vehicle1.accelerate(trigger_sequence=3, target_speed=31.17790723)

2025-07-15 Tuesday 12:19:50  random_test.py : INFO  === Evaluation Finished === 
 Fitness: [14.378739378647277, -0.002840909090909091], Collision: False
2025-07-15 Tuesday 12:19:56  random_test.py : INFO  === Evaluate Testcase === 
 def testcase(self):
    vehicle1 = NPC(lane_id=3, offset=36.50507264, initial_speed=2.85996466)
    vehicle2 = NPC(lane_id=3, offset=5.88026552, initial_speed=1.63004322)
    vehicle3 = NPC(lane_id=2, offset=43.57210798, initial_speed=10.30316359)
    ego = NPC(lane_id=5, offset=10.5284821, initial_speed=35.59771681)
    vehicle1.accelerate(trigger_sequence=1, target_speed=32.69892024)
    vehicle2.decelerate(trigger_sequence=2, target_speed=22.94494806)
    vehicle3.decelerate(trigger_sequence=2, target_speed=6.64997034)
    vehicle3.accelerate(trigger_sequence=3, target_speed=52.28893033)
    vehicle2.changeLane(trigger_sequence=4, target_lane=3, target_speed=20.92855226)
    vehicle1.decelerate(trigger_sequence=5, target_speed=20.6418433)
    vehicle3.decelerate(trigger_sequence=5, target_speed=0.73098014)

2025-07-15 Tuesday 12:19:56  random_test.py : INFO  === Evaluation Finished === 
 Fitness: [7.003501275309856, -0.0], Collision: False
2025-07-15 Tuesday 12:20:02  random_test.py : INFO  === Evaluate Testcase === 
 def testcase(self):
    vehicle1 = NPC(lane_id=4, offset=16.68092566, initial_speed=15.12650005)
    ego = NPC(lane_id=1, offset=13.72536364, initial_speed=8.06992852)
    vehicle3 = NPC(lane_id=4, offset=2.1108251, initial_speed=5.67662837)
    vehicle4 = NPC(lane_id=4, offset=41.29372195, initial_speed=20.2817859)
    vehicle4.changeLane(trigger_sequence=2, target_lane=1, target_speed=16.00151161)
    vehicle3.accelerate(trigger_sequence=3, target_speed=44.50518572)
    vehicle4.decelerate(trigger_sequence=3, target_speed=8.80764723)
    vehicle4.accelerate(trigger_sequence=4, target_speed=55.52457742)
    vehicle3.decelerate(trigger_sequence=5, target_speed=18.30097255)

2025-07-15 Tuesday 12:20:02  random_test.py : INFO  === Evaluation Finished === 
 Fitness: [7.00106863144091, -0.0], Collision: False
2025-07-15 Tuesday 12:20:07  random_test.py : INFO  === Evaluate Testcase === 
 def testcase(self):
    vehicle1 = NPC(lane_id=4, offset=22.9386341, initial_speed=12.40771299)
    vehicle2 = NPC(lane_id=5, offset=19.89094427, initial_speed=9.40469988)
    vehicle3 = NPC(lane_id=2, offset=17.78763422, initial_speed=27.79242134)
    ego = NPC(lane_id=1, offset=44.99118575, initial_speed=16.01574847)
    vehicle1.accelerate(trigger_sequence=1, target_speed=43.18062364)
    vehicle1.decelerate(trigger_sequence=2, target_speed=5.8832273)
    vehicle3.decelerate(trigger_sequence=2, target_speed=13.08004862)
    vehicle1.changeLane(trigger_sequence=4, target_lane=3, target_speed=16.42764617)
    vehicle1.decelerate(trigger_sequence=5, target_speed=7.45441244)
    vehicle3.decelerate(trigger_sequence=5, target_speed=15.9879322)

2025-07-15 Tuesday 12:20:07  random_test.py : INFO  === Evaluation Finished === 
 Fitness: [24.96703919612853, -0.0], Collision: False
2025-07-15 Tuesday 12:20:11  random_test.py : INFO  === Evaluate Testcase === 
 def testcase(self):
    vehicle1 = NPC(lane_id=1, offset=9.2005582, initial_speed=29.63661897)
    vehicle2 = NPC(lane_id=1, offset=10.8007444, initial_speed=34.70836388)
    ego = NPC(lane_id=2, offset=30.81090714, initial_speed=9.5745033)
    vehicle4 = NPC(lane_id=2, offset=49.062992, initial_speed=11.19044166)
    vehicle2.accelerate(trigger_sequence=1, target_speed=43.73666976)
    vehicle1.accelerate(trigger_sequence=2, target_speed=45.9413979)
    vehicle2.changeLane(trigger_sequence=2, target_lane=1, target_speed=30.96713176)
    vehicle2.accelerate(trigger_sequence=3, target_speed=45.63918368)
    vehicle4.changeLane(trigger_sequence=5, target_lane=3, target_speed=3.25218483)

2025-07-15 Tuesday 12:20:11  random_test.py : INFO  === Evaluation Finished === 
 Fitness: [inf, 0], Collision: False
2025-07-15 Tuesday 12:20:17  random_test.py : INFO  === Evaluate Testcase === 
 def testcase(self):
    vehicle1 = NPC(lane_id=4, offset=18.77490094, initial_speed=11.21005481)
    ego = NPC(lane_id=2, offset=36.78771853, initial_speed=23.04642564)
    vehicle3 = NPC(lane_id=4, offset=39.34109843, initial_speed=22.7592812)
    vehicle1.changeLane(trigger_sequence=1, target_lane=3, target_speed=5.79031889)
    vehicle1.accelerate(trigger_sequence=3, target_speed=50.58550691)
    vehicle3.changeLane(trigger_sequence=5, target_lane=1, target_speed=31.84782039)

2025-07-15 Tuesday 12:20:17  random_test.py : INFO  === Evaluation Finished === 
 Fitness: [6.999999187105022, -0.0], Collision: False
2025-07-15 Tuesday 12:20:23  random_test.py : INFO  === Evaluate Testcase === 
 def testcase(self):
    ego = NPC(lane_id=4, offset=11.79094755, initial_speed=37.90381194)
    vehicle2 = NPC(lane_id=5, offset=34.78792077, initial_speed=4.91000474)
    vehicle3 = NPC(lane_id=3, offset=17.28087797, initial_speed=29.61197594)
    vehicle2.changeLane(trigger_sequence=2, target_lane=1, target_speed=42.43664904)
    vehicle2.decelerate(trigger_sequence=3, target_speed=29.53665566)
    vehicle3.decelerate(trigger_sequence=3, target_speed=6.01957195)
    vehicle2.accelerate(trigger_sequence=4, target_speed=48.15042883)
    vehicle2.accelerate(trigger_sequence=5, target_speed=42.24139184)

2025-07-15 Tuesday 12:20:23  random_test.py : INFO  === Evaluation Finished === 
 Fitness: [3.501082643427378, -0.0], Collision: False
2025-07-15 Tuesday 12:20:28  random_test.py : INFO  === Evaluate Testcase === 
 def testcase(self):
    ego = NPC(lane_id=1, offset=43.14150085, initial_speed=0.564274)
    vehicle2 = NPC(lane_id=4, offset=22.18116349, initial_speed=21.6246337)
    vehicle2.changeLane(trigger_sequence=1, target_lane=1, target_speed=46.50391221)
    vehicle2.accelerate(trigger_sequence=3, target_speed=44.014277)

2025-07-15 Tuesday 12:20:28  random_test.py : INFO  === Evaluation Finished === 
 Fitness: [6.342560249751452, -0.0], Collision: False
2025-07-15 Tuesday 12:20:33  random_test.py : INFO  === Evaluate Testcase === 
 def testcase(self):
    vehicle1 = NPC(lane_id=5, offset=35.75726485, initial_speed=32.54521536)
    ego = NPC(lane_id=2, offset=33.1420131, initial_speed=34.38739366)
    vehicle3 = NPC(lane_id=5, offset=7.8801352, initial_speed=8.12618406)
    vehicle1.decelerate(trigger_sequence=2, target_speed=25.0788127)
    vehicle3.accelerate(trigger_sequence=3, target_speed=43.03002081)
    vehicle1.decelerate(trigger_sequence=4, target_speed=6.87438369)
    vehicle3.accelerate(trigger_sequence=4, target_speed=58.58502411)
    vehicle3.changeLane(trigger_sequence=5, target_lane=1, target_speed=53.08461308)

2025-07-15 Tuesday 12:20:33  random_test.py : INFO  === Evaluation Finished === 
 Fitness: [10.498539026179468, -0.0], Collision: False
2025-07-15 Tuesday 12:20:39  random_test.py : INFO  === Evaluate Testcase === 
 def testcase(self):
    vehicle1 = NPC(lane_id=2, offset=18.13470073, initial_speed=25.67060401)
    vehicle2 = NPC(lane_id=5, offset=25.98909928, initial_speed=23.23063185)
    vehicle3 = NPC(lane_id=5, offset=39.37553899, initial_speed=39.99832053)
    ego = NPC(lane_id=2, offset=25.98350027, initial_speed=28.44900513)
    vehicle1.changeLane(trigger_sequence=1, target_lane=3, target_speed=54.81788938)
    vehicle3.accelerate(trigger_sequence=1, target_speed=42.45439368)
    vehicle2.decelerate(trigger_sequence=2, target_speed=3.10320576)
    vehicle3.decelerate(trigger_sequence=2, target_speed=11.63490097)
    vehicle1.decelerate(trigger_sequence=3, target_speed=8.33772877)
    vehicle2.accelerate(trigger_sequence=3, target_speed=58.21613924)
    vehicle3.decelerate(trigger_sequence=3, target_speed=1.06315372)
    vehicle1.accelerate(trigger_sequence=4, target_speed=58.52326716)
    vehicle2.changeLane(trigger_sequence=5, target_lane=1, target_speed=12.34436768)
    vehicle3.decelerate(trigger_sequence=5, target_speed=25.98526378)

2025-07-15 Tuesday 12:20:39  random_test.py : INFO  === Evaluation Finished === 
 Fitness: [3.5016112312601577, -0.0], Collision: False
2025-07-15 Tuesday 12:20:44  random_test.py : INFO  === Evaluate Testcase === 
 def testcase(self):
    vehicle1 = NPC(lane_id=5, offset=48.79127179, initial_speed=35.4402811)
    vehicle2 = NPC(lane_id=1, offset=47.94770394, initial_speed=21.80166113)
    ego = NPC(lane_id=5, offset=26.31860881, initial_speed=1.9782642)
    vehicle1.changeLane(trigger_sequence=2, target_lane=3, target_speed=25.14187437)
    vehicle1.changeLane(trigger_sequence=4, target_lane=3, target_speed=56.51443073)
    vehicle1.accelerate(trigger_sequence=5, target_speed=44.66910947)

2025-07-15 Tuesday 12:20:44  random_test.py : INFO  === Evaluation Finished === 
 Fitness: [7.000207372613481, -0.0], Collision: False
2025-07-15 Tuesday 12:20:50  random_test.py : INFO  === Evaluate Testcase === 
 def testcase(self):
    vehicle1 = NPC(lane_id=1, offset=37.40765166, initial_speed=20.48733822)
    ego = NPC(lane_id=4, offset=46.94826607, initial_speed=8.99529132)
    vehicle1.changeLane(trigger_sequence=2, target_lane=1, target_speed=30.22745907)
    vehicle1.changeLane(trigger_sequence=3, target_lane=1, target_speed=3.82124443)
    vehicle1.accelerate(trigger_sequence=5, target_speed=49.66665175)

2025-07-15 Tuesday 12:20:50  random_test.py : INFO  === Evaluation Finished === 
 Fitness: [10.499752156626876, -0.002857142857142857], Collision: False
2025-07-15 Tuesday 12:20:54  random_test.py : INFO  === Evaluate Testcase === 
 def testcase(self):
    vehicle1 = NPC(lane_id=5, offset=11.75943064, initial_speed=34.52158425)
    vehicle2 = NPC(lane_id=3, offset=47.79703745, initial_speed=29.09222373)
    vehicle3 = NPC(lane_id=5, offset=9.98640432, initial_speed=31.21999394)
    ego = NPC(lane_id=5, offset=19.01748022, initial_speed=26.82623287)
    vehicle3.changeLane(trigger_sequence=1, target_lane=1, target_speed=19.27002782)
    vehicle1.changeLane(trigger_sequence=2, target_lane=3, target_speed=42.77814129)
    vehicle1.changeLane(trigger_sequence=3, target_lane=3, target_speed=39.17953699)
    vehicle2.accelerate(trigger_sequence=4, target_speed=40.27879902)
    vehicle3.changeLane(trigger_sequence=4, target_lane=3, target_speed=8.95265622)
    vehicle3.decelerate(trigger_sequence=5, target_speed=7.53780608)

2025-07-15 Tuesday 12:20:54  random_test.py : INFO  === Evaluation Finished === 
 Fitness: [inf, 0], Collision: False
2025-07-15 Tuesday 12:20:59  random_test.py : INFO  === Evaluate Testcase === 
 def testcase(self):
    vehicle1 = NPC(lane_id=1, offset=13.28791587, initial_speed=8.38185496)
    ego = NPC(lane_id=4, offset=49.395847, initial_speed=13.85686199)
    vehicle1.changeLane(trigger_sequence=3, target_lane=3, target_speed=13.27316393)
    vehicle1.decelerate(trigger_sequence=4, target_speed=13.20785917)

2025-07-15 Tuesday 12:20:59  random_test.py : INFO  === Evaluation Finished === 
 Fitness: [38.043913961237244, -0.0], Collision: False
2025-07-15 Tuesday 12:21:05  random_test.py : INFO  === Evaluate Testcase === 
 def testcase(self):
    ego = NPC(lane_id=4, offset=49.35397073, initial_speed=32.63097045)
    vehicle2 = NPC(lane_id=3, offset=10.08800784, initial_speed=26.14870587)
    vehicle3 = NPC(lane_id=1, offset=29.884504, initial_speed=11.55622557)
    vehicle4 = NPC(lane_id=5, offset=30.17837425, initial_speed=27.63809789)
    vehicle3.changeLane(trigger_sequence=2, target_lane=1, target_speed=58.45959947)
    vehicle4.changeLane(trigger_sequence=2, target_lane=3, target_speed=12.52822076)
    vehicle2.accelerate(trigger_sequence=3, target_speed=50.47252405)
    vehicle3.accelerate(trigger_sequence=3, target_speed=30.43172627)
    vehicle2.accelerate(trigger_sequence=4, target_speed=55.40255369)

2025-07-15 Tuesday 12:21:05  random_test.py : INFO  === Evaluation Finished === 
 Fitness: [21.347717118438226, -0.0], Collision: False
2025-07-15 Tuesday 12:21:10  random_test.py : INFO  === Evaluate Testcase === 
 def testcase(self):
    ego = NPC(lane_id=1, offset=44.23224528, initial_speed=12.48369145)
    vehicle2 = NPC(lane_id=5, offset=8.5849007, initial_speed=12.66380785)
    vehicle2.changeLane(trigger_sequence=2, target_lane=1, target_speed=38.74561512)
    vehicle2.accelerate(trigger_sequence=3, target_speed=54.23288651)

2025-07-15 Tuesday 12:21:10  random_test.py : INFO  === Evaluation Finished === 
 Fitness: [38.58934535118999, -0.0], Collision: False
2025-07-15 Tuesday 12:21:14  random_test.py : INFO  === Evaluate Testcase === 
 def testcase(self):
    ego = NPC(lane_id=3, offset=36.05192647, initial_speed=37.44257296)
    vehicle2 = NPC(lane_id=3, offset=38.81070916, initial_speed=23.2575739)
    vehicle3 = NPC(lane_id=2, offset=24.52131677, initial_speed=10.4953377)
    vehicle4 = NPC(lane_id=3, offset=3.43694193, initial_speed=18.21921298)
    vehicle3.accelerate(trigger_sequence=1, target_speed=56.67045904)
    vehicle4.changeLane(trigger_sequence=1, target_lane=1, target_speed=40.48888372)
    vehicle2.accelerate(trigger_sequence=2, target_speed=53.10300288)
    vehicle3.changeLane(trigger_sequence=3, target_lane=3, target_speed=57.36443081)
    vehicle2.decelerate(trigger_sequence=4, target_speed=8.738424)
    vehicle3.decelerate(trigger_sequence=5, target_speed=17.5496872)
    vehicle4.accelerate(trigger_sequence=5, target_speed=51.13504935)

2025-07-15 Tuesday 12:21:14  random_test.py : INFO  === Evaluation Finished === 
 Fitness: [inf, 0], Collision: False
2025-07-15 Tuesday 12:21:19  random_test.py : INFO  === Evaluate Testcase === 
 def testcase(self):
    ego = NPC(lane_id=3, offset=12.62378587, initial_speed=14.75623241)
    vehicle2 = NPC(lane_id=4, offset=25.10512439, initial_speed=20.52439196)
    vehicle3 = NPC(lane_id=4, offset=45.64219551, initial_speed=2.22557481)
    vehicle2.accelerate(trigger_sequence=1, target_speed=48.88039472)
    vehicle2.changeLane(trigger_sequence=2, target_lane=3, target_speed=7.60301022)
    vehicle3.decelerate(trigger_sequence=2, target_speed=3.24562288)
    vehicle2.decelerate(trigger_sequence=3, target_speed=27.77216658)
    vehicle2.decelerate(trigger_sequence=4, target_speed=10.76137644)
    vehicle2.decelerate(trigger_sequence=5, target_speed=29.36353113)

2025-07-15 Tuesday 12:21:19  random_test.py : INFO  === Evaluation Finished === 
 Fitness: [3.501574271679458, -0.0], Collision: False
