Random第一次实验 basic
2025-04-22 Tuesday 10:04:41  random_test.py : INFO  === Evaluate Testcase ===
 def testcase(self):
    vehicle1 = NPC(lane_id=5, offset=8.40798974, initial_speed=7.3713913)
    ego = NPC(lane_id=1, offset=3.25485051, initial_speed=39.55404483)
    vehicle1.changeLane(trigger_sequence=4, target_lane=3, target_speed=41.12412344)

2025-04-22 Tuesday 10:04:41  random_test.py : INFO  === Evaluation Finished === 
 Fitness: [14.002156446124808, -0.22344322344322345], Collision: False
2025-04-22 Tuesday 10:04:45  random_test.py : INFO  === Evaluate Testcase === 
 def testcase(self):
    ego = NPC(lane_id=3, offset=16.30073049, initial_speed=24.58513477)
    vehicle2 = NPC(lane_id=3, offset=12.96784255, initial_speed=1.05744432)
    vehicle3 = NPC(lane_id=1, offset=2.72213113, initial_speed=6.90022543)
    vehicle4 = NPC(lane_id=3, offset=41.31553212, initial_speed=37.07783928)
    vehicle2.decelerate(trigger_sequence=1, target_speed=22.38920973)
    vehicle3.changeLane(trigger_sequence=1, target_lane=3, target_speed=26.68954021)
    vehicle4.changeLane(trigger_sequence=1, target_lane=3, target_speed=21.989545)
    vehicle2.changeLane(trigger_sequence=2, target_lane=1, target_speed=44.31038856)
    vehicle3.changeLane(trigger_sequence=3, target_lane=1, target_speed=27.39088798)
    vehicle4.changeLane(trigger_sequence=3, target_lane=1, target_speed=38.78475866)
    vehicle3.accelerate(trigger_sequence=4, target_speed=47.1256192)
    vehicle4.changeLane(trigger_sequence=4, target_lane=3, target_speed=6.87755281)

2025-04-22 Tuesday 10:04:45  random_test.py : INFO  === Evaluation Finished === 
 Fitness: [inf, 0], Collision: False
2025-04-22 Tuesday 10:04:50  random_test.py : INFO  === Evaluate Testcase === 
 def testcase(self):
    vehicle1 = NPC(lane_id=2, offset=44.55249967, initial_speed=22.52308159)
    vehicle2 = NPC(lane_id=2, offset=13.9237619, initial_speed=4.25035068)
    ego = NPC(lane_id=2, offset=42.40836793, initial_speed=9.71622121)
    vehicle4 = NPC(lane_id=4, offset=1.43467604, initial_speed=37.4172193)
    vehicle1.accelerate(trigger_sequence=1, target_speed=44.23786704)
    vehicle2.decelerate(trigger_sequence=1, target_speed=8.58702017)
    vehicle4.accelerate(trigger_sequence=1, target_speed=45.27779399)
    vehicle1.changeLane(trigger_sequence=2, target_lane=1, target_speed=36.13972702)
    vehicle2.accelerate(trigger_sequence=2, target_speed=38.41347323)
    vehicle1.changeLane(trigger_sequence=3, target_lane=3, target_speed=46.55239068)
    vehicle2.accelerate(trigger_sequence=3, target_speed=38.99184227)
    vehicle4.changeLane(trigger_sequence=3, target_lane=1, target_speed=39.38219905)
    vehicle1.changeLane(trigger_sequence=5, target_lane=1, target_speed=56.285742)
    vehicle2.accelerate(trigger_sequence=5, target_speed=36.17661553)

2025-04-22 Tuesday 10:04:50  random_test.py : INFO  === Evaluation Finished === 
 Fitness: [inf, 0], Collision: False
2025-04-22 Tuesday 10:05:00  random_test.py : INFO  === Evaluate Testcase === 
 def testcase(self):
    vehicle1 = NPC(lane_id=5, offset=46.88437083, initial_speed=4.25744008)
    vehicle2 = NPC(lane_id=2, offset=37.75485913, initial_speed=28.69944283)
    ego = NPC(lane_id=1, offset=31.08877988, initial_speed=37.52477332)
    vehicle4 = NPC(lane_id=5, offset=4.49602103, initial_speed=18.88604736)
    vehicle2.changeLane(trigger_sequence=1, target_lane=1, target_speed=38.53806693)
    vehicle1.accelerate(trigger_sequence=3, target_speed=35.17261815)
    vehicle2.changeLane(trigger_sequence=3, target_lane=1, target_speed=17.14080169)
    vehicle1.decelerate(trigger_sequence=4, target_speed=20.21709482)
    vehicle2.decelerate(trigger_sequence=4, target_speed=15.85008913)
    vehicle1.decelerate(trigger_sequence=5, target_speed=3.00480999)
    vehicle4.changeLane(trigger_sequence=5, target_lane=1, target_speed=2.11624584)

2025-04-22 Tuesday 10:05:00  random_test.py : INFO  === Evaluation Finished === 
 Fitness: [5.883636705396626, -0.3551912568306011], Collision: False
2025-04-22 Tuesday 10:05:10  random_test.py : INFO  === Evaluate Testcase === 
 def testcase(self):
    ego = NPC(lane_id=1, offset=16.72675794, initial_speed=24.81891465)
    vehicle2 = NPC(lane_id=4, offset=44.8214352, initial_speed=15.40879756)
    vehicle2.changeLane(trigger_sequence=1, target_lane=1, target_speed=26.75698445)
    vehicle2.accelerate(trigger_sequence=2, target_speed=34.46607233)
    vehicle2.decelerate(trigger_sequence=3, target_speed=29.3471137)
    vehicle2.accelerate(trigger_sequence=4, target_speed=43.63325626)

2025-04-22 Tuesday 10:05:10  random_test.py : INFO  === Evaluation Finished === 
 Fitness: [20.56121105869146, -0.4929328621908127], Collision: False
2025-04-22 Tuesday 10:05:20  random_test.py : INFO  === Evaluate Testcase === 
 def testcase(self):
    ego = NPC(lane_id=1, offset=31.54832083, initial_speed=36.61377941)
    vehicle2 = NPC(lane_id=3, offset=25.67630738, initial_speed=29.04325177)
    vehicle2.decelerate(trigger_sequence=2, target_speed=21.42458762)
    vehicle2.decelerate(trigger_sequence=3, target_speed=11.76638308)

2025-04-22 Tuesday 10:05:20  random_test.py : INFO  === Evaluation Finished === 
 Fitness: [7.000394052128874, -0.2872727272727273], Collision: False
2025-04-22 Tuesday 10:05:31  random_test.py : INFO  === Evaluate Testcase === 
 def testcase(self):
    ego = NPC(lane_id=5, offset=23.92284392, initial_speed=21.11125769)
    vehicle2 = NPC(lane_id=3, offset=35.89400665, initial_speed=13.69083064)
    vehicle2.decelerate(trigger_sequence=2, target_speed=0.4576564)
    vehicle2.changeLane(trigger_sequence=5, target_lane=1, target_speed=53.6425779)

2025-04-22 Tuesday 10:05:31  random_test.py : INFO  === Evaluation Finished === 
 Fitness: [6.999182268877767, -0.5836236933797909], Collision: False
2025-04-22 Tuesday 10:05:41  random_test.py : INFO  === Evaluate Testcase === 
 def testcase(self):
    ego = NPC(lane_id=5, offset=1.06554446, initial_speed=13.84403896)
    vehicle2 = NPC(lane_id=1, offset=41.17985351, initial_speed=37.96478288)
    vehicle3 = NPC(lane_id=3, offset=0.28170316, initial_speed=28.18799448)
    vehicle2.decelerate(trigger_sequence=1, target_speed=13.67576984)
    vehicle3.decelerate(trigger_sequence=1, target_speed=12.05168845)
    vehicle3.accelerate(trigger_sequence=2, target_speed=36.71057461)
    vehicle2.accelerate(trigger_sequence=3, target_speed=57.26114225)
    vehicle3.changeLane(trigger_sequence=3, target_lane=3, target_speed=37.15358745)
    vehicle2.decelerate(trigger_sequence=4, target_speed=28.12522128)
    vehicle2.accelerate(trigger_sequence=5, target_speed=43.40437825)

2025-04-22 Tuesday 10:05:41  random_test.py : INFO  === Evaluation Finished === 
 Fitness: [6.990799712819989, -0.030100334448160536], Collision: False
2025-04-22 Tuesday 10:05:51  random_test.py : INFO  === Evaluate Testcase === 
 def testcase(self):
    vehicle1 = NPC(lane_id=3, offset=11.29262487, initial_speed=29.28664111)
    ego = NPC(lane_id=2, offset=45.81886184, initial_speed=8.2983974)
    vehicle3 = NPC(lane_id=4, offset=17.24308494, initial_speed=5.91653061)
    vehicle3.accelerate(trigger_sequence=1, target_speed=47.80807794)
    vehicle3.accelerate(trigger_sequence=2, target_speed=53.01290281)
    vehicle1.decelerate(trigger_sequence=3, target_speed=14.85313888)
    vehicle1.decelerate(trigger_sequence=4, target_speed=18.70983992)
    vehicle1.decelerate(trigger_sequence=5, target_speed=22.67205728)

2025-04-22 Tuesday 10:05:51  random_test.py : INFO  === Evaluation Finished === 
 Fitness: [3.502428458739437, -0.021666666666666667], Collision: False
2025-04-22 Tuesday 10:06:02  random_test.py : INFO  === Evaluate Testcase === 
 def testcase(self):
    vehicle1 = NPC(lane_id=4, offset=34.11257168, initial_speed=19.23408823)
    vehicle2 = NPC(lane_id=2, offset=40.50475426, initial_speed=33.0277775)
    vehicle3 = NPC(lane_id=1, offset=38.50353592, initial_speed=38.76143389)
    ego = NPC(lane_id=1, offset=6.95525405, initial_speed=0.9533739)
    vehicle2.accelerate(trigger_sequence=1, target_speed=40.71865081)
    vehicle2.changeLane(trigger_sequence=2, target_lane=1, target_speed=23.3846279)
    vehicle3.decelerate(trigger_sequence=2, target_speed=3.16403026)
    vehicle3.changeLane(trigger_sequence=3, target_lane=3, target_speed=9.07324543)
    vehicle1.accelerate(trigger_sequence=4, target_speed=51.04064926)
    vehicle3.decelerate(trigger_sequence=4, target_speed=17.41838925)
    vehicle1.decelerate(trigger_sequence=5, target_speed=28.94009759)
    vehicle2.changeLane(trigger_sequence=5, target_lane=3, target_speed=36.72878827)
    vehicle3.decelerate(trigger_sequence=5, target_speed=4.38502591)

2025-04-22 Tuesday 10:06:02  random_test.py : INFO  === Evaluation Finished === 
 Fitness: [29.868608526770913, -0.6487394957983194], Collision: False
2025-04-22 Tuesday 10:06:12  random_test.py : INFO  === Evaluate Testcase === 
 def testcase(self):
    vehicle1 = NPC(lane_id=1, offset=36.14380577, initial_speed=14.77746567)
    vehicle2 = NPC(lane_id=5, offset=49.69820532, initial_speed=12.38842301)
    ego = NPC(lane_id=5, offset=11.36204214, initial_speed=8.27648023)
    vehicle1.decelerate(trigger_sequence=1, target_speed=25.50265478)
    vehicle2.changeLane(trigger_sequence=1, target_lane=3, target_speed=47.93689894)
    vehicle1.accelerate(trigger_sequence=5, target_speed=57.14675656)

2025-04-22 Tuesday 10:06:12  random_test.py : INFO  === Evaluation Finished === 
 Fitness: [28.81648819923254, -0.04], Collision: False
2025-04-22 Tuesday 10:06:23  random_test.py : INFO  === Evaluate Testcase === 
 def testcase(self):
    ego = NPC(lane_id=2, offset=35.23498627, initial_speed=7.64403639)
    vehicle2 = NPC(lane_id=3, offset=41.3856067, initial_speed=17.83598085)
    vehicle3 = NPC(lane_id=1, offset=23.19007614, initial_speed=12.59017683)
    vehicle4 = NPC(lane_id=2, offset=26.86929943, initial_speed=23.3575128)
    vehicle2.changeLane(trigger_sequence=1, target_lane=3, target_speed=27.60722474)
    vehicle3.decelerate(trigger_sequence=1, target_speed=15.32041539)
    vehicle2.decelerate(trigger_sequence=2, target_speed=27.99749966)
    vehicle3.decelerate(trigger_sequence=2, target_speed=16.21138353)
    vehicle2.decelerate(trigger_sequence=3, target_speed=12.10533279)
    vehicle3.changeLane(trigger_sequence=3, target_lane=1, target_speed=14.75926413)
    vehicle4.changeLane(trigger_sequence=3, target_lane=1, target_speed=50.14077448)
    vehicle3.decelerate(trigger_sequence=4, target_speed=20.75285896)
    vehicle2.decelerate(trigger_sequence=5, target_speed=23.23386059)
    vehicle3.decelerate(trigger_sequence=5, target_speed=11.57973585)
    vehicle4.decelerate(trigger_sequence=5, target_speed=14.73501081)

2025-04-22 Tuesday 10:06:23  random_test.py : INFO  === Evaluation Finished === 
 Fitness: [3.499618208574511, -0.015410958904109588], Collision: True
2025-04-22 Tuesday 10:06:23  random_test.py : INFO  === Find a coollision ===
2025-04-22 Tuesday 10:06:33  random_test.py : INFO  === Evaluate Testcase === 
 def testcase(self):
    vehicle1 = NPC(lane_id=4, offset=43.65739461, initial_speed=15.22863835)
    ego = NPC(lane_id=5, offset=43.0791004, initial_speed=37.30076791)
    vehicle3 = NPC(lane_id=1, offset=6.70802704, initial_speed=17.39705851)
    vehicle1.decelerate(trigger_sequence=1, target_speed=0.84279931)
    vehicle3.decelerate(trigger_sequence=2, target_speed=28.78293406)
    vehicle1.accelerate(trigger_sequence=3, target_speed=37.97494519)
    vehicle1.accelerate(trigger_sequence=4, target_speed=58.75692211)
    vehicle3.accelerate(trigger_sequence=4, target_speed=45.51737976)

2025-04-22 Tuesday 10:06:33  random_test.py : INFO  === Evaluation Finished === 
 Fitness: [3.4986115102229096, -0.26958105646630237], Collision: False
2025-04-22 Tuesday 10:06:43  random_test.py : INFO  === Evaluate Testcase === 
 def testcase(self):
    vehicle1 = NPC(lane_id=5, offset=33.83635261, initial_speed=3.04425286)
    ego = NPC(lane_id=1, offset=10.11839595, initial_speed=14.97203895)
    vehicle3 = NPC(lane_id=2, offset=38.74510249, initial_speed=11.71275397)
    vehicle4 = NPC(lane_id=3, offset=16.90665283, initial_speed=23.55988129)
    vehicle1.accelerate(trigger_sequence=1, target_speed=53.74918273)
    vehicle1.accelerate(trigger_sequence=2, target_speed=41.84458596)
    vehicle1.accelerate(trigger_sequence=3, target_speed=59.34074075)
    vehicle4.changeLane(trigger_sequence=3, target_lane=3, target_speed=46.20068331)
    vehicle3.changeLane(trigger_sequence=4, target_lane=3, target_speed=11.19828104)
    vehicle4.decelerate(trigger_sequence=4, target_speed=2.07294011)
    vehicle1.changeLane(trigger_sequence=5, target_lane=3, target_speed=39.06671257)
    vehicle3.accelerate(trigger_sequence=5, target_speed=50.15276927)
    vehicle4.decelerate(trigger_sequence=5, target_speed=29.30652503)

2025-04-22 Tuesday 10:06:43  random_test.py : INFO  === Evaluation Finished === 
 Fitness: [8.419417605793907, -0.021739130434782608], Collision: False
2025-04-22 Tuesday 10:06:53  random_test.py : INFO  === Evaluate Testcase === 
 def testcase(self):
    vehicle1 = NPC(lane_id=3, offset=25.23446369, initial_speed=4.94777459)
    ego = NPC(lane_id=3, offset=43.72084554, initial_speed=9.33235833)
    vehicle1.changeLane(trigger_sequence=1, target_lane=1, target_speed=52.36410663)
    vehicle1.accelerate(trigger_sequence=2, target_speed=53.35081117)
    vehicle1.decelerate(trigger_sequence=4, target_speed=27.183096)
    vehicle1.accelerate(trigger_sequence=5, target_speed=33.83878158)

2025-04-22 Tuesday 10:06:53  random_test.py : INFO  === Evaluation Finished === 
 Fitness: [3.3065262993433757, -0.14333333333333334], Collision: True
2025-04-22 Tuesday 10:06:53  random_test.py : INFO  === Find a coollision ===
2025-04-22 Tuesday 10:07:03  random_test.py : INFO  === Evaluate Testcase === 
 def testcase(self):
    vehicle1 = NPC(lane_id=3, offset=27.8560063, initial_speed=6.57294339)
    ego = NPC(lane_id=5, offset=1.10973427, initial_speed=23.32160922)
    vehicle1.changeLane(trigger_sequence=3, target_lane=3, target_speed=10.98320807)
    vehicle1.changeLane(trigger_sequence=5, target_lane=1, target_speed=20.85720399)

2025-04-22 Tuesday 10:07:03  random_test.py : INFO  === Evaluation Finished === 
 Fitness: [6.999899175639053, -0.5404929577464789], Collision: False
2025-04-22 Tuesday 10:07:14  random_test.py : INFO  === Evaluate Testcase === 
 def testcase(self):
    ego = NPC(lane_id=4, offset=22.75778257, initial_speed=15.04013242)
    vehicle2 = NPC(lane_id=4, offset=46.26850371, initial_speed=2.42629874)
    vehicle3 = NPC(lane_id=5, offset=44.41899375, initial_speed=21.60566332)
    vehicle2.accelerate(trigger_sequence=1, target_speed=46.68099827)
    vehicle2.accelerate(trigger_sequence=3, target_speed=56.85936478)
    vehicle3.decelerate(trigger_sequence=3, target_speed=0.64080368)
    vehicle3.decelerate(trigger_sequence=5, target_speed=26.12073069)

2025-04-22 Tuesday 10:07:14  random_test.py : INFO  === Evaluation Finished === 
 Fitness: [8.056007428967416, -0.10385259631490787], Collision: False
2025-04-22 Tuesday 10:07:24  random_test.py : INFO  === Evaluate Testcase === 
 def testcase(self):
    vehicle1 = NPC(lane_id=4, offset=23.58858722, initial_speed=23.3522485)
    ego = NPC(lane_id=5, offset=18.40691063, initial_speed=17.34602531)
    vehicle3 = NPC(lane_id=4, offset=3.0040098, initial_speed=4.06003325)
    vehicle3.accelerate(trigger_sequence=1, target_speed=37.08886609)
    vehicle1.changeLane(trigger_sequence=2, target_lane=3, target_speed=35.97071301)
    vehicle3.decelerate(trigger_sequence=2, target_speed=23.03253667)
    vehicle3.changeLane(trigger_sequence=3, target_lane=1, target_speed=46.38662309)
    vehicle3.changeLane(trigger_sequence=4, target_lane=3, target_speed=52.23807269)
    vehicle1.changeLane(trigger_sequence=5, target_lane=1, target_speed=14.88135875)

2025-04-22 Tuesday 10:07:24  random_test.py : INFO  === Evaluation Finished === 
 Fitness: [6.795462533733599, -0.024179620034542316], Collision: False
2025-04-22 Tuesday 10:07:34  random_test.py : INFO  === Evaluate Testcase === 
 def testcase(self):
    ego = NPC(lane_id=2, offset=49.92951436, initial_speed=19.0382077)
    vehicle2 = NPC(lane_id=4, offset=4.28912783, initial_speed=18.38820113)
    vehicle3 = NPC(lane_id=3, offset=38.87077964, initial_speed=34.58689801)
    vehicle4 = NPC(lane_id=2, offset=4.77607384, initial_speed=14.25905631)
    vehicle2.accelerate(trigger_sequence=1, target_speed=45.99407951)
    vehicle3.decelerate(trigger_sequence=1, target_speed=1.75234243)
    vehicle2.changeLane(trigger_sequence=2, target_lane=3, target_speed=23.40040064)
    vehicle4.decelerate(trigger_sequence=3, target_speed=18.84590586)
    vehicle2.accelerate(trigger_sequence=4, target_speed=56.17423331)
    vehicle4.decelerate(trigger_sequence=4, target_speed=15.86602186)
    vehicle2.accelerate(trigger_sequence=5, target_speed=40.22350728)
    vehicle3.accelerate(trigger_sequence=5, target_speed=49.52219025)
    vehicle4.decelerate(trigger_sequence=5, target_speed=5.53938395)

2025-04-22 Tuesday 10:07:34  random_test.py : INFO  === Evaluation Finished === 
 Fitness: [3.5008187427356123, -0.6291161178509532], Collision: False
2025-04-22 Tuesday 10:07:45  random_test.py : INFO  === Evaluate Testcase === 
 def testcase(self):
    vehicle1 = NPC(lane_id=5, offset=8.5774011, initial_speed=25.55216405)
    ego = NPC(lane_id=1, offset=33.22212031, initial_speed=10.3167995)
    vehicle3 = NPC(lane_id=3, offset=10.83267908, initial_speed=17.4287571)
    vehicle3.changeLane(trigger_sequence=2, target_lane=3, target_speed=7.8594138)
    vehicle1.changeLane(trigger_sequence=3, target_lane=1, target_speed=14.53021619)
    vehicle3.changeLane(trigger_sequence=3, target_lane=3, target_speed=53.52919669)
    vehicle1.accelerate(trigger_sequence=4, target_speed=45.57426252)
    vehicle3.changeLane(trigger_sequence=4, target_lane=3, target_speed=51.63436488)
    vehicle1.decelerate(trigger_sequence=5, target_speed=5.58909171)

2025-04-22 Tuesday 10:07:45  random_test.py : INFO  === Evaluation Finished === 
 Fitness: [7.000035817942614, -0.03333333333333333], Collision: False
2025-04-22 Tuesday 10:07:55  random_test.py : INFO  === Evaluate Testcase === 
 def testcase(self):
    vehicle1 = NPC(lane_id=3, offset=14.84968565, initial_speed=15.09601983)
    vehicle2 = NPC(lane_id=1, offset=21.710685, initial_speed=10.61289097)
    vehicle3 = NPC(lane_id=3, offset=34.79594524, initial_speed=21.79957221)
    ego = NPC(lane_id=5, offset=44.94278794, initial_speed=32.2704325)
    vehicle1.decelerate(trigger_sequence=2, target_speed=9.76747727)
    vehicle2.decelerate(trigger_sequence=2, target_speed=24.49412735)
    vehicle3.accelerate(trigger_sequence=3, target_speed=49.12755411)
    vehicle2.changeLane(trigger_sequence=4, target_lane=3, target_speed=58.76054289)
    vehicle3.decelerate(trigger_sequence=4, target_speed=0.70172356)
    vehicle1.changeLane(trigger_sequence=5, target_lane=3, target_speed=1.00371226)
    vehicle2.changeLane(trigger_sequence=5, target_lane=3, target_speed=15.98765046)

2025-04-22 Tuesday 10:07:55  random_test.py : INFO  === Evaluation Finished === 
 Fitness: [8.394482683709267, -0.37410071942446044], Collision: False
2025-04-22 Tuesday 10:08:05  random_test.py : INFO  === Evaluate Testcase === 
 def testcase(self):
    vehicle1 = NPC(lane_id=1, offset=46.18503685, initial_speed=13.65700601)
    ego = NPC(lane_id=3, offset=8.56646589, initial_speed=2.57907035)
    vehicle1.accelerate(trigger_sequence=3, target_speed=56.82760747)
    vehicle1.accelerate(trigger_sequence=5, target_speed=43.34662302)

2025-04-22 Tuesday 10:08:05  random_test.py : INFO  === Evaluation Finished === 
 Fitness: [38.44915150860195, -0.5404040404040404], Collision: False
2025-04-22 Tuesday 10:08:10  random_test.py : INFO  === Evaluate Testcase === 
 def testcase(self):
    vehicle1 = NPC(lane_id=1, offset=22.31454049, initial_speed=3.71850235)
    ego = NPC(lane_id=1, offset=20.75500028, initial_speed=16.95701222)
    vehicle3 = NPC(lane_id=3, offset=44.08259243, initial_speed=36.79619115)
    vehicle1.decelerate(trigger_sequence=1, target_speed=15.61411018)
    vehicle3.changeLane(trigger_sequence=1, target_lane=1, target_speed=37.15043727)
    vehicle3.accelerate(trigger_sequence=2, target_speed=56.4564497)
    vehicle3.changeLane(trigger_sequence=3, target_lane=1, target_speed=9.65679485)

2025-04-22 Tuesday 10:08:10  random_test.py : INFO  === Evaluation Finished === 
 Fitness: [inf, 0], Collision: False
2025-04-22 Tuesday 10:08:20  random_test.py : INFO  === Evaluate Testcase === 
 def testcase(self):
    ego = NPC(lane_id=1, offset=10.63884348, initial_speed=31.86575583)
    vehicle2 = NPC(lane_id=5, offset=22.72187794, initial_speed=12.11256096)
    vehicle3 = NPC(lane_id=1, offset=1.9307152, initial_speed=27.69658681)
    vehicle3.changeLane(trigger_sequence=3, target_lane=3, target_speed=9.14401501)
    vehicle3.decelerate(trigger_sequence=4, target_speed=3.51487081)
    vehicle3.changeLane(trigger_sequence=5, target_lane=3, target_speed=47.80093719)

2025-04-22 Tuesday 10:08:20  random_test.py : INFO  === Evaluation Finished === 
 Fitness: [4.762740625013783, -0.37455197132616486], Collision: True
2025-04-22 Tuesday 10:08:20  random_test.py : INFO  === Find a coollision ===
2025-04-22 Tuesday 10:08:31  random_test.py : INFO  === Evaluate Testcase === 
 def testcase(self):
    vehicle1 = NPC(lane_id=2, offset=2.53445655, initial_speed=33.85197971)
    ego = NPC(lane_id=4, offset=45.20671364, initial_speed=1.62103761)
    vehicle3 = NPC(lane_id=1, offset=18.23914163, initial_speed=9.71700171)
    vehicle3.changeLane(trigger_sequence=1, target_lane=1, target_speed=11.40413512)
    vehicle3.changeLane(trigger_sequence=3, target_lane=3, target_speed=20.67591427)
    vehicle1.accelerate(trigger_sequence=4, target_speed=34.95898058)
    vehicle3.decelerate(trigger_sequence=4, target_speed=9.8396073)
    vehicle3.accelerate(trigger_sequence=5, target_speed=50.16789569)

2025-04-22 Tuesday 10:08:31  random_test.py : INFO  === Evaluation Finished === 
 Fitness: [6.995310141911812, -0.6599326599326599], Collision: False
2025-04-22 Tuesday 10:08:41  random_test.py : INFO  === Evaluate Testcase === 
 def testcase(self):
    ego = NPC(lane_id=4, offset=8.99016732, initial_speed=6.25066364)
    vehicle2 = NPC(lane_id=1, offset=22.34349496, initial_speed=2.2698383)
    vehicle3 = NPC(lane_id=3, offset=8.95863271, initial_speed=24.28878167)
    vehicle2.decelerate(trigger_sequence=1, target_speed=23.66286229)
    vehicle2.decelerate(trigger_sequence=2, target_speed=21.12322834)
    vehicle3.accelerate(trigger_sequence=2, target_speed=30.60148899)
    vehicle3.decelerate(trigger_sequence=4, target_speed=2.91571048)
    vehicle2.changeLane(trigger_sequence=5, target_lane=1, target_speed=17.66621321)

2025-04-22 Tuesday 10:08:41  random_test.py : INFO  === Evaluation Finished === 
 Fitness: [3.50415664411965, -0.7798319327731092], Collision: False
2025-04-22 Tuesday 10:08:51  random_test.py : INFO  === Evaluate Testcase === 
 def testcase(self):
    vehicle1 = NPC(lane_id=3, offset=8.66170224, initial_speed=20.41342051)
    ego = NPC(lane_id=1, offset=2.79533724, initial_speed=27.35344611)
    vehicle3 = NPC(lane_id=3, offset=34.22857065, initial_speed=27.38859942)
    vehicle1.accelerate(trigger_sequence=1, target_speed=39.71406094)
    vehicle1.accelerate(trigger_sequence=2, target_speed=52.83952123)
    vehicle1.changeLane(trigger_sequence=3, target_lane=3, target_speed=40.27063137)
    vehicle3.accelerate(trigger_sequence=4, target_speed=49.9465763)
    vehicle3.decelerate(trigger_sequence=5, target_speed=11.93536104)

2025-04-22 Tuesday 10:08:51  random_test.py : INFO  === Evaluation Finished === 
 Fitness: [7.331632511901777, -0.47602131438721135], Collision: False
2025-04-22 Tuesday 10:09:02  random_test.py : INFO  === Evaluate Testcase === 
 def testcase(self):
    vehicle1 = NPC(lane_id=4, offset=34.69666304, initial_speed=9.28364344)
    ego = NPC(lane_id=5, offset=18.99053962, initial_speed=12.00761199)
    vehicle1.accelerate(trigger_sequence=1, target_speed=45.73139453)
    vehicle1.accelerate(trigger_sequence=2, target_speed=36.9361527)
    vehicle1.changeLane(trigger_sequence=5, target_lane=1, target_speed=34.4667388)

2025-04-22 Tuesday 10:09:02  random_test.py : INFO  === Evaluation Finished === 
 Fitness: [14.051489811556726, -0.028428093645484948], Collision: False
2025-04-22 Tuesday 10:09:12  random_test.py : INFO  === Evaluate Testcase === 
 def testcase(self):
    vehicle1 = NPC(lane_id=2, offset=1.81872147, initial_speed=35.84335144)
    ego = NPC(lane_id=3, offset=34.17690972, initial_speed=32.21307397)
    vehicle1.decelerate(trigger_sequence=1, target_speed=25.70495739)
    vehicle1.decelerate(trigger_sequence=4, target_speed=0.19096777)
    vehicle1.decelerate(trigger_sequence=5, target_speed=24.25430698)

2025-04-22 Tuesday 10:09:12  random_test.py : INFO  === Evaluation Finished === 
 Fitness: [12.43268462089692, -0.368705035971223], Collision: False
2025-04-22 Tuesday 10:09:17  random_test.py : INFO  === Evaluate Testcase === 
 def testcase(self):
    vehicle1 = NPC(lane_id=1, offset=10.89849886, initial_speed=29.96350081)
    ego = NPC(lane_id=4, offset=24.81365706, initial_speed=33.10245668)
    vehicle3 = NPC(lane_id=1, offset=5.30765144, initial_speed=25.44454424)
    vehicle4 = NPC(lane_id=1, offset=4.76431028, initial_speed=8.2173168)
    vehicle1.changeLane(trigger_sequence=1, target_lane=3, target_speed=14.07028896)
    vehicle1.accelerate(trigger_sequence=3, target_speed=57.71399092)
    vehicle3.decelerate(trigger_sequence=3, target_speed=22.13760609)
    vehicle4.accelerate(trigger_sequence=3, target_speed=45.41767008)
    vehicle1.accelerate(trigger_sequence=4, target_speed=54.87247617)
    vehicle3.accelerate(trigger_sequence=4, target_speed=38.87363394)
    vehicle4.decelerate(trigger_sequence=4, target_speed=12.93130033)
    vehicle1.decelerate(trigger_sequence=5, target_speed=18.44880038)
    vehicle3.changeLane(trigger_sequence=5, target_lane=1, target_speed=4.74828179)
    vehicle4.accelerate(trigger_sequence=5, target_speed=37.03448495)

2025-04-22 Tuesday 10:09:17  random_test.py : INFO  === Evaluation Finished === 
 Fitness: [inf, 0], Collision: False
2025-04-22 Tuesday 10:09:27  random_test.py : INFO  === Evaluate Testcase === 
 def testcase(self):
    vehicle1 = NPC(lane_id=2, offset=41.04098488, initial_speed=30.81494525)
    ego = NPC(lane_id=5, offset=16.00672403, initial_speed=18.38688113)
    vehicle1.accelerate(trigger_sequence=2, target_speed=33.91902318)
    vehicle1.changeLane(trigger_sequence=4, target_lane=1, target_speed=54.44931229)

2025-04-22 Tuesday 10:09:27  random_test.py : INFO  === Evaluation Finished === 
 Fitness: [27.538755665315335, -0.6539792387543253], Collision: False
2025-04-22 Tuesday 10:09:37  random_test.py : INFO  === Evaluate Testcase === 
 def testcase(self):
    ego = NPC(lane_id=1, offset=22.18876287, initial_speed=27.57987867)
    vehicle2 = NPC(lane_id=2, offset=15.15488534, initial_speed=26.20954368)
    vehicle2.decelerate(trigger_sequence=1, target_speed=15.57625845)
    vehicle2.accelerate(trigger_sequence=2, target_speed=32.29913809)
    vehicle2.decelerate(trigger_sequence=3, target_speed=28.58676042)

2025-04-22 Tuesday 10:09:37  random_test.py : INFO  === Evaluation Finished === 
 Fitness: [3.499639819902207, -0.4849023090586146], Collision: False
2025-04-22 Tuesday 10:09:47  random_test.py : INFO  === Evaluate Testcase === 
 def testcase(self):
    ego = NPC(lane_id=5, offset=3.31646065, initial_speed=3.32400606)
    vehicle2 = NPC(lane_id=1, offset=33.69160085, initial_speed=34.30324845)
    vehicle2.changeLane(trigger_sequence=2, target_lane=1, target_speed=25.92309028)
    vehicle2.decelerate(trigger_sequence=3, target_speed=4.39626608)
    vehicle2.changeLane(trigger_sequence=4, target_lane=1, target_speed=8.44279184)
    vehicle2.accelerate(trigger_sequence=5, target_speed=57.54841089)

2025-04-22 Tuesday 10:09:47  random_test.py : INFO  === Evaluation Finished === 
 Fitness: [33.875669472387, -0.5202020202020202], Collision: False
2025-04-22 Tuesday 10:09:58  random_test.py : INFO  === Evaluate Testcase === 
 def testcase(self):
    vehicle1 = NPC(lane_id=5, offset=38.66575656, initial_speed=3.72889814)
    vehicle2 = NPC(lane_id=5, offset=32.20519604, initial_speed=17.91392943)
    vehicle3 = NPC(lane_id=5, offset=25.36164962, initial_speed=38.75148969)
    ego = NPC(lane_id=2, offset=39.24168346, initial_speed=14.07007637)
    vehicle1.accelerate(trigger_sequence=1, target_speed=56.06614987)
    vehicle2.changeLane(trigger_sequence=1, target_lane=1, target_speed=41.28545679)
    vehicle3.changeLane(trigger_sequence=1, target_lane=1, target_speed=51.98993874)
    vehicle2.decelerate(trigger_sequence=2, target_speed=16.63525055)
    vehicle1.changeLane(trigger_sequence=3, target_lane=1, target_speed=2.99673933)
    vehicle2.changeLane(trigger_sequence=3, target_lane=1, target_speed=46.45144355)
    vehicle1.accelerate(trigger_sequence=5, target_speed=44.89050467)
    vehicle2.changeLane(trigger_sequence=5, target_lane=3, target_speed=11.76741065)
    vehicle3.accelerate(trigger_sequence=5, target_speed=46.16032572)

2025-04-22 Tuesday 10:09:58  random_test.py : INFO  === Evaluation Finished === 
 Fitness: [8.693084848852585, -0.02337228714524207], Collision: False
2025-04-22 Tuesday 10:10:09  random_test.py : INFO  === Evaluate Testcase === 
 def testcase(self):
    vehicle1 = NPC(lane_id=2, offset=35.90205951, initial_speed=16.97068768)
    ego = NPC(lane_id=4, offset=9.63528226, initial_speed=4.57201627)
    vehicle3 = NPC(lane_id=2, offset=4.73331709, initial_speed=27.58160372)
    vehicle1.decelerate(trigger_sequence=1, target_speed=29.41451127)
    vehicle3.changeLane(trigger_sequence=1, target_lane=1, target_speed=6.30771935)
    vehicle1.decelerate(trigger_sequence=4, target_speed=12.74949907)

2025-04-22 Tuesday 10:10:09  random_test.py : INFO  === Evaluation Finished === 
 Fitness: [6.991198156900363, -0.5042016806722689], Collision: False
2025-04-22 Tuesday 10:10:19  random_test.py : INFO  === Evaluate Testcase === 
 def testcase(self):
    vehicle1 = NPC(lane_id=5, offset=28.81823848, initial_speed=1.2338915)
    ego = NPC(lane_id=2, offset=37.502876, initial_speed=39.08301399)
    vehicle3 = NPC(lane_id=3, offset=42.20883281, initial_speed=20.19511271)
    vehicle3.decelerate(trigger_sequence=2, target_speed=25.39987929)
    vehicle1.accelerate(trigger_sequence=3, target_speed=48.55429217)
    vehicle3.changeLane(trigger_sequence=3, target_lane=3, target_speed=5.80175001)
    vehicle3.changeLane(trigger_sequence=4, target_lane=1, target_speed=3.14735742)
    vehicle1.changeLane(trigger_sequence=5, target_lane=1, target_speed=28.09205189)

2025-04-22 Tuesday 10:10:19  random_test.py : INFO  === Evaluation Finished === 
 Fitness: [3.501038937739571, -0.2449725776965265], Collision: False
2025-04-22 Tuesday 10:10:30  random_test.py : INFO  === Evaluate Testcase === 
 def testcase(self):
    ego = NPC(lane_id=2, offset=25.94999665, initial_speed=28.28430566)
    vehicle2 = NPC(lane_id=3, offset=39.3962189, initial_speed=9.76510114)
    vehicle3 = NPC(lane_id=4, offset=1.34303694, initial_speed=23.55788107)
    vehicle3.decelerate(trigger_sequence=1, target_speed=22.14047058)
    vehicle2.changeLane(trigger_sequence=4, target_lane=3, target_speed=30.04781874)
    vehicle3.changeLane(trigger_sequence=4, target_lane=1, target_speed=23.9657041)

2025-04-22 Tuesday 10:10:30  random_test.py : INFO  === Evaluation Finished === 
 Fitness: [3.5001273388826784, -0.4563279857397504], Collision: False
2025-04-22 Tuesday 10:10:41  random_test.py : INFO  === Evaluate Testcase === 
 def testcase(self):
    vehicle1 = NPC(lane_id=1, offset=35.8021386, initial_speed=13.39989611)
    vehicle2 = NPC(lane_id=3, offset=43.34700371, initial_speed=26.36877035)
    ego = NPC(lane_id=4, offset=0.90308495, initial_speed=24.20360644)
    vehicle4 = NPC(lane_id=1, offset=46.50686027, initial_speed=6.48918884)
    vehicle1.accelerate(trigger_sequence=1, target_speed=41.03320423)
    vehicle4.changeLane(trigger_sequence=1, target_lane=1, target_speed=40.93648968)
    vehicle1.accelerate(trigger_sequence=2, target_speed=35.50338277)
    vehicle2.accelerate(trigger_sequence=2, target_speed=42.66052645)
    vehicle1.accelerate(trigger_sequence=3, target_speed=46.54343672)
    vehicle2.decelerate(trigger_sequence=3, target_speed=9.30116119)
    vehicle4.decelerate(trigger_sequence=3, target_speed=5.82143988)
    vehicle2.decelerate(trigger_sequence=4, target_speed=13.62225908)
    vehicle4.decelerate(trigger_sequence=4, target_speed=18.5856289)
    vehicle4.changeLane(trigger_sequence=5, target_lane=3, target_speed=32.97637315)

2025-04-22 Tuesday 10:10:41  random_test.py : INFO  === Evaluation Finished === 
 Fitness: [20.69185376059197, -0.5308641975308642], Collision: False
2025-04-22 Tuesday 10:10:51  random_test.py : INFO  === Evaluate Testcase === 
 def testcase(self):
    vehicle1 = NPC(lane_id=1, offset=35.16326268, initial_speed=10.03684759)
    vehicle2 = NPC(lane_id=4, offset=42.51622681, initial_speed=17.90486216)
    vehicle3 = NPC(lane_id=5, offset=46.0847338, initial_speed=2.40463921)
    ego = NPC(lane_id=4, offset=19.49293638, initial_speed=2.48228467)
    vehicle1.accelerate(trigger_sequence=1, target_speed=33.37671103)
    vehicle2.decelerate(trigger_sequence=1, target_speed=0.79410009)
    vehicle3.decelerate(trigger_sequence=1, target_speed=24.63917821)
    vehicle1.changeLane(trigger_sequence=2, target_lane=3, target_speed=0.33813502)
    vehicle1.changeLane(trigger_sequence=3, target_lane=3, target_speed=38.64853341)
    vehicle2.decelerate(trigger_sequence=3, target_speed=9.8179702)
    vehicle3.accelerate(trigger_sequence=3, target_speed=39.63440877)
    vehicle1.decelerate(trigger_sequence=4, target_speed=5.05961108)
    vehicle2.accelerate(trigger_sequence=4, target_speed=56.91167919)
    vehicle3.changeLane(trigger_sequence=4, target_lane=1, target_speed=25.46547629)
    vehicle1.changeLane(trigger_sequence=5, target_lane=1, target_speed=45.04167717)
    vehicle2.decelerate(trigger_sequence=5, target_speed=1.52757327)

2025-04-22 Tuesday 10:10:51  random_test.py : INFO  === Evaluation Finished === 
 Fitness: [19.206712269088374, -0.5134228187919463], Collision: False
2025-04-22 Tuesday 10:11:02  random_test.py : INFO  === Evaluate Testcase === 
 def testcase(self):
    ego = NPC(lane_id=5, offset=41.28361395, initial_speed=31.90352328)
    vehicle2 = NPC(lane_id=1, offset=40.03237914, initial_speed=6.21214562)
    vehicle3 = NPC(lane_id=3, offset=14.60911888, initial_speed=24.96142567)
    vehicle4 = NPC(lane_id=3, offset=44.40127812, initial_speed=22.89603016)
    vehicle4.changeLane(trigger_sequence=1, target_lane=3, target_speed=49.4958344)
    vehicle2.accelerate(trigger_sequence=2, target_speed=32.15427742)
    vehicle3.decelerate(trigger_sequence=2, target_speed=29.4837949)
    vehicle4.decelerate(trigger_sequence=3, target_speed=17.53415828)
    vehicle4.changeLane(trigger_sequence=4, target_lane=1, target_speed=52.65202053)
    vehicle2.changeLane(trigger_sequence=5, target_lane=3, target_speed=2.35221723)
    vehicle3.changeLane(trigger_sequence=5, target_lane=3, target_speed=31.11464351)
    vehicle4.decelerate(trigger_sequence=5, target_speed=15.2451862)

2025-04-22 Tuesday 10:11:02  random_test.py : INFO  === Evaluation Finished === 
 Fitness: [7.0000135287944145, -0.36983842010771995], Collision: False
2025-04-22 Tuesday 10:11:12  random_test.py : INFO  === Evaluate Testcase === 
 def testcase(self):
    vehicle1 = NPC(lane_id=2, offset=49.98863294, initial_speed=28.56061744)
    ego = NPC(lane_id=1, offset=43.22613597, initial_speed=31.72474845)
    vehicle1.decelerate(trigger_sequence=1, target_speed=15.74518016)
    vehicle1.changeLane(trigger_sequence=2, target_lane=3, target_speed=50.33774483)
    vehicle1.accelerate(trigger_sequence=5, target_speed=52.5044907)

2025-04-22 Tuesday 10:11:12  random_test.py : INFO  === Evaluation Finished === 
 Fitness: [5.337482275319381, -0.38061041292639136], Collision: False
2025-04-22 Tuesday 10:11:23  random_test.py : INFO  === Evaluate Testcase === 
 def testcase(self):
    ego = NPC(lane_id=1, offset=10.31511238, initial_speed=30.81125625)
    vehicle2 = NPC(lane_id=5, offset=6.94721874, initial_speed=3.93868144)
    vehicle3 = NPC(lane_id=5, offset=34.5449489, initial_speed=15.18108303)
    vehicle2.decelerate(trigger_sequence=1, target_speed=10.67484268)
    vehicle2.decelerate(trigger_sequence=2, target_speed=3.6328989)
    vehicle3.decelerate(trigger_sequence=2, target_speed=6.42400476)
    vehicle2.decelerate(trigger_sequence=3, target_speed=20.21650552)
    vehicle3.accelerate(trigger_sequence=3, target_speed=52.67890341)
    vehicle2.changeLane(trigger_sequence=5, target_lane=3, target_speed=22.28792733)

2025-04-22 Tuesday 10:11:23  random_test.py : INFO  === Evaluation Finished === 
 Fitness: [14.000119406969105, -0.3888888888888889], Collision: False
2025-04-22 Tuesday 10:11:33  random_test.py : INFO  === Evaluate Testcase === 
 def testcase(self):
    ego = NPC(lane_id=1, offset=6.16118707, initial_speed=36.92848624)
    vehicle2 = NPC(lane_id=4, offset=27.150561, initial_speed=0.1994747)
    vehicle2.changeLane(trigger_sequence=1, target_lane=1, target_speed=53.32616695)
    vehicle2.changeLane(trigger_sequence=5, target_lane=1, target_speed=17.75953843)

2025-04-22 Tuesday 10:11:33  random_test.py : INFO  === Evaluation Finished === 
 Fitness: [1.4583207243863179, -0.23636363636363636], Collision: True
2025-04-22 Tuesday 10:11:33  random_test.py : INFO  === Find a coollision ===
2025-04-22 Tuesday 10:11:43  random_test.py : INFO  === Evaluate Testcase === 
 def testcase(self):
    vehicle1 = NPC(lane_id=4, offset=19.0352246, initial_speed=3.01858838)
    ego = NPC(lane_id=5, offset=37.72036843, initial_speed=9.53479575)
    vehicle1.accelerate(trigger_sequence=3, target_speed=50.94583523)
    vehicle1.decelerate(trigger_sequence=4, target_speed=3.36289479)

2025-04-22 Tuesday 10:11:43  random_test.py : INFO  === Evaluation Finished === 
 Fitness: [18.327958701608583, -0.03666666666666667], Collision: False
2025-04-22 Tuesday 10:11:53  random_test.py : INFO  === Evaluate Testcase === 
 def testcase(self):
    ego = NPC(lane_id=2, offset=8.45190072, initial_speed=10.00771839)
    vehicle2 = NPC(lane_id=1, offset=31.87177676, initial_speed=4.2135999)

2025-04-22 Tuesday 10:11:53  random_test.py : INFO  === Evaluation Finished === 
 Fitness: [3.500086210271573, -0.03171953255425709], Collision: False
2025-04-22 Tuesday 10:11:58  random_test.py : INFO  === Evaluate Testcase === 
 def testcase(self):
    vehicle1 = NPC(lane_id=5, offset=7.49576641, initial_speed=24.90961337)
    vehicle2 = NPC(lane_id=2, offset=1.96779356, initial_speed=2.24553488)
    vehicle3 = NPC(lane_id=2, offset=16.19375206, initial_speed=17.58887985)
    ego = NPC(lane_id=2, offset=17.68908612, initial_speed=12.95004862)
    vehicle1.accelerate(trigger_sequence=1, target_speed=37.5990863)
    vehicle3.decelerate(trigger_sequence=1, target_speed=12.49058477)
    vehicle2.accelerate(trigger_sequence=2, target_speed=55.73766255)
    vehicle1.changeLane(trigger_sequence=3, target_lane=3, target_speed=19.05688236)
    vehicle2.decelerate(trigger_sequence=3, target_speed=19.19214182)
    vehicle3.accelerate(trigger_sequence=3, target_speed=55.11576026)
    vehicle1.accelerate(trigger_sequence=4, target_speed=36.49826988)
    vehicle3.accelerate(trigger_sequence=4, target_speed=30.74267192)
    vehicle1.changeLane(trigger_sequence=5, target_lane=3, target_speed=12.55541235)
    vehicle3.accelerate(trigger_sequence=5, target_speed=57.80382359)

2025-04-22 Tuesday 10:11:58  random_test.py : INFO  === Evaluation Finished === 
 Fitness: [inf, 0], Collision: False
2025-04-22 Tuesday 10:12:09  random_test.py : INFO  === Evaluate Testcase === 
 def testcase(self):
    ego = NPC(lane_id=2, offset=4.22676741, initial_speed=28.31278443)
    vehicle2 = NPC(lane_id=5, offset=31.99444789, initial_speed=38.81969207)
    vehicle3 = NPC(lane_id=5, offset=43.24197426, initial_speed=0.71186199)
    vehicle4 = NPC(lane_id=2, offset=48.58672769, initial_speed=19.31450929)
    vehicle2.changeLane(trigger_sequence=1, target_lane=1, target_speed=45.09021784)
    vehicle4.changeLane(trigger_sequence=1, target_lane=1, target_speed=51.71610143)
    vehicle4.accelerate(trigger_sequence=2, target_speed=49.83125859)
    vehicle2.accelerate(trigger_sequence=3, target_speed=49.71836624)
    vehicle2.decelerate(trigger_sequence=4, target_speed=3.45292191)
    vehicle3.accelerate(trigger_sequence=4, target_speed=33.55650848)
    vehicle3.decelerate(trigger_sequence=5, target_speed=9.49574418)

2025-04-22 Tuesday 10:12:09  random_test.py : INFO  === Evaluation Finished === 
 Fitness: [3.4997515719294023, -0.48663101604278075], Collision: False
2025-04-22 Tuesday 10:12:19  random_test.py : INFO  === Evaluate Testcase === 
 def testcase(self):
    vehicle1 = NPC(lane_id=2, offset=16.44668178, initial_speed=12.79182925)
    ego = NPC(lane_id=4, offset=45.26888532, initial_speed=13.30556175)
    vehicle1.accelerate(trigger_sequence=1, target_speed=32.40464333)
    vehicle1.changeLane(trigger_sequence=2, target_lane=3, target_speed=23.3206876)
    vehicle1.decelerate(trigger_sequence=3, target_speed=11.45308542)
    vehicle1.changeLane(trigger_sequence=5, target_lane=3, target_speed=24.91221154)

2025-04-22 Tuesday 10:12:19  random_test.py : INFO  === Evaluation Finished === 
 Fitness: [3.5001263449646807, -0.021775544388609715], Collision: False
2025-04-22 Tuesday 10:12:29  random_test.py : INFO  === Evaluate Testcase === 
 def testcase(self):
    vehicle1 = NPC(lane_id=4, offset=19.67208758, initial_speed=0.69396561)
    vehicle2 = NPC(lane_id=2, offset=17.73569545, initial_speed=0.30727852)
    ego = NPC(lane_id=1, offset=42.38451698, initial_speed=2.95467978)
    vehicle4 = NPC(lane_id=4, offset=43.29264862, initial_speed=37.84944661)
    vehicle2.changeLane(trigger_sequence=1, target_lane=3, target_speed=47.664344)
    vehicle1.accelerate(trigger_sequence=2, target_speed=52.36541039)
    vehicle2.changeLane(trigger_sequence=2, target_lane=1, target_speed=9.0904217)
    vehicle1.decelerate(trigger_sequence=3, target_speed=5.4883643)
    vehicle2.changeLane(trigger_sequence=4, target_lane=1, target_speed=13.47240993)

2025-04-22 Tuesday 10:12:29  random_test.py : INFO  === Evaluation Finished === 
 Fitness: [3.5029230493026535, -0.5587248322147651], Collision: False
2025-04-22 Tuesday 10:12:39  random_test.py : INFO  === Evaluate Testcase === 
 def testcase(self):
    vehicle1 = NPC(lane_id=3, offset=42.56671479, initial_speed=25.67342122)
    ego = NPC(lane_id=1, offset=10.16904801, initial_speed=0.44451713)
    vehicle1.changeLane(trigger_sequence=1, target_lane=3, target_speed=31.08926471)

2025-04-22 Tuesday 10:12:39  random_test.py : INFO  === Evaluation Finished === 
 Fitness: [33.495802004926176, -0.5750421585160203], Collision: False
2025-04-22 Tuesday 10:12:50  random_test.py : INFO  === Evaluate Testcase === 
 def testcase(self):
    vehicle1 = NPC(lane_id=1, offset=34.74043799, initial_speed=27.51572797)
    ego = NPC(lane_id=2, offset=30.19801062, initial_speed=32.08568167)
    vehicle1.accelerate(trigger_sequence=2, target_speed=39.88820186)
    vehicle1.decelerate(trigger_sequence=4, target_speed=5.56711398)

2025-04-22 Tuesday 10:12:50  random_test.py : INFO  === Evaluation Finished === 
 Fitness: [3.4999077215467116, -0.37881508078994613], Collision: False
2025-04-22 Tuesday 10:13:00  random_test.py : INFO  === Evaluate Testcase === 
 def testcase(self):
    vehicle1 = NPC(lane_id=3, offset=12.655691, initial_speed=37.0603861)
    ego = NPC(lane_id=5, offset=41.54336158, initial_speed=10.9307083)
    vehicle3 = NPC(lane_id=4, offset=24.36987029, initial_speed=21.02858019)
    vehicle4 = NPC(lane_id=5, offset=17.80217885, initial_speed=23.54073321)
    vehicle3.accelerate(trigger_sequence=2, target_speed=32.42560838)
    vehicle3.changeLane(trigger_sequence=4, target_lane=1, target_speed=6.79882268)
    vehicle1.accelerate(trigger_sequence=5, target_speed=43.51186681)
    vehicle3.decelerate(trigger_sequence=5, target_speed=4.24376085)
    vehicle4.changeLane(trigger_sequence=5, target_lane=1, target_speed=44.56375456)

2025-04-22 Tuesday 10:13:00  random_test.py : INFO  === Evaluation Finished === 
 Fitness: [3.498612030980573, -0.03833333333333333], Collision: True
2025-04-22 Tuesday 10:13:00  random_test.py : INFO  === Find a coollision ===
2025-04-22 Tuesday 10:13:11  random_test.py : INFO  === Evaluate Testcase === 
 def testcase(self):
    vehicle1 = NPC(lane_id=5, offset=22.6224751, initial_speed=24.83492459)
    vehicle2 = NPC(lane_id=4, offset=37.5700956, initial_speed=5.1816583)
    vehicle3 = NPC(lane_id=4, offset=9.1307521, initial_speed=17.53551746)
    ego = NPC(lane_id=3, offset=6.70843388, initial_speed=29.72179412)
    vehicle2.accelerate(trigger_sequence=1, target_speed=30.25559509)
    vehicle3.changeLane(trigger_sequence=1, target_lane=1, target_speed=12.64971068)
    vehicle3.changeLane(trigger_sequence=2, target_lane=1, target_speed=55.60715933)
    vehicle1.decelerate(trigger_sequence=3, target_speed=25.9257498)
    vehicle1.decelerate(trigger_sequence=4, target_speed=1.74604722)
    vehicle2.decelerate(trigger_sequence=4, target_speed=13.32770907)
    vehicle1.changeLane(trigger_sequence=5, target_lane=1, target_speed=20.99455547)
    vehicle2.decelerate(trigger_sequence=5, target_speed=2.61520162)
    vehicle3.decelerate(trigger_sequence=5, target_speed=8.13689332)

2025-04-22 Tuesday 10:13:11  random_test.py : INFO  === Evaluation Finished === 
 Fitness: [3.5012662835612547, -0.39285714285714285], Collision: False
2025-04-22 Tuesday 10:13:22  random_test.py : INFO  === Evaluate Testcase === 
 def testcase(self):
    ego = NPC(lane_id=4, offset=14.37044064, initial_speed=16.7971124)
    vehicle2 = NPC(lane_id=3, offset=41.72866136, initial_speed=18.48261842)
    vehicle3 = NPC(lane_id=2, offset=8.87472487, initial_speed=9.4541649)
    vehicle4 = NPC(lane_id=1, offset=23.14220157, initial_speed=34.52940531)
    vehicle2.decelerate(trigger_sequence=1, target_speed=29.46056725)
    vehicle2.decelerate(trigger_sequence=2, target_speed=19.90202659)
    vehicle3.decelerate(trigger_sequence=3, target_speed=22.84817959)
    vehicle3.changeLane(trigger_sequence=4, target_lane=3, target_speed=6.03712954)
    vehicle3.decelerate(trigger_sequence=5, target_speed=1.98150388)
    vehicle4.changeLane(trigger_sequence=5, target_lane=1, target_speed=17.17329164)

2025-04-22 Tuesday 10:13:22  random_test.py : INFO  === Evaluation Finished === 
 Fitness: [7.889868151031439, -0.017271157167530225], Collision: False
2025-04-22 Tuesday 10:13:32  random_test.py : INFO  === Evaluate Testcase === 
 def testcase(self):
    vehicle1 = NPC(lane_id=5, offset=38.0432299, initial_speed=8.55255299)
    vehicle2 = NPC(lane_id=3, offset=43.85785718, initial_speed=8.83623585)
    ego = NPC(lane_id=3, offset=15.87320711, initial_speed=29.63831501)
    vehicle1.decelerate(trigger_sequence=2, target_speed=8.13416226)
    vehicle2.decelerate(trigger_sequence=2, target_speed=17.31512052)
    vehicle1.decelerate(trigger_sequence=3, target_speed=11.54431105)
    vehicle2.changeLane(trigger_sequence=3, target_lane=3, target_speed=53.02898929)
    vehicle1.changeLane(trigger_sequence=4, target_lane=1, target_speed=6.97810181)
    vehicle2.decelerate(trigger_sequence=4, target_speed=24.95912362)
    vehicle1.changeLane(trigger_sequence=5, target_lane=1, target_speed=9.83730947)
    vehicle2.decelerate(trigger_sequence=5, target_speed=24.45325094)

2025-04-22 Tuesday 10:13:32  random_test.py : INFO  === Evaluation Finished === 
 Fitness: [7.000630366588394, -0.3410714285714286], Collision: False
2025-04-22 Tuesday 10:13:42  random_test.py : INFO  === Evaluate Testcase === 
 def testcase(self):
    ego = NPC(lane_id=5, offset=44.86625503, initial_speed=39.76413932)
    vehicle2 = NPC(lane_id=3, offset=34.92410305, initial_speed=36.11469659)
    vehicle2.decelerate(trigger_sequence=2, target_speed=27.11326925)
    vehicle2.changeLane(trigger_sequence=3, target_lane=3, target_speed=47.39708981)

2025-04-22 Tuesday 10:13:42  random_test.py : INFO  === Evaluation Finished === 
 Fitness: [6.993429763759544, -0.22344322344322345], Collision: False
2025-04-22 Tuesday 10:13:53  random_test.py : INFO  === Evaluate Testcase === 
 def testcase(self):
    vehicle1 = NPC(lane_id=1, offset=1.36795225, initial_speed=1.60756332)
    ego = NPC(lane_id=4, offset=11.5199285, initial_speed=1.05904847)
    vehicle3 = NPC(lane_id=2, offset=11.17425972, initial_speed=20.86096478)
    vehicle4 = NPC(lane_id=2, offset=2.75266485, initial_speed=14.24351686)
    vehicle1.decelerate(trigger_sequence=1, target_speed=17.26572987)
    vehicle3.decelerate(trigger_sequence=1, target_speed=1.81597052)
    vehicle4.decelerate(trigger_sequence=1, target_speed=5.98714082)
    vehicle1.changeLane(trigger_sequence=2, target_lane=1, target_speed=53.67918791)
    vehicle4.decelerate(trigger_sequence=2, target_speed=26.16296791)
    vehicle4.accelerate(trigger_sequence=5, target_speed=32.233876)

2025-04-22 Tuesday 10:13:53  random_test.py : INFO  === Evaluation Finished === 
 Fitness: [6.991731200104929, -0.626890756302521], Collision: False
2025-04-22 Tuesday 10:14:03  random_test.py : INFO  === Evaluate Testcase === 
 def testcase(self):
    vehicle1 = NPC(lane_id=3, offset=46.60714136, initial_speed=16.0659803)
    ego = NPC(lane_id=2, offset=14.90833825, initial_speed=36.76245964)
    vehicle1.changeLane(trigger_sequence=1, target_lane=3, target_speed=6.04168031)
    vehicle1.changeLane(trigger_sequence=2, target_lane=1, target_speed=9.47736517)
    vehicle1.decelerate(trigger_sequence=5, target_speed=10.61743851)

2025-04-22 Tuesday 10:14:03  random_test.py : INFO  === Evaluation Finished === 
 Fitness: [3.500407335726569, -0.28], Collision: False
2025-04-22 Tuesday 10:14:14  random_test.py : INFO  === Evaluate Testcase === 
 def testcase(self):
    ego = NPC(lane_id=5, offset=41.82881464, initial_speed=34.93296298)
    vehicle2 = NPC(lane_id=4, offset=29.20961965, initial_speed=2.5367236)
    vehicle2.changeLane(trigger_sequence=1, target_lane=1, target_speed=56.93641974)
    vehicle2.decelerate(trigger_sequence=3, target_speed=3.54447353)
    vehicle2.accelerate(trigger_sequence=4, target_speed=51.22792269)

2025-04-22 Tuesday 10:14:14  random_test.py : INFO  === Evaluation Finished === 
 Fitness: [12.700603050006919, -0.33634719710669075], Collision: False
2025-04-22 Tuesday 10:14:18  random_test.py : INFO  === Evaluate Testcase === 
 def testcase(self):
    vehicle1 = NPC(lane_id=4, offset=5.16512526, initial_speed=6.26968735)
    ego = NPC(lane_id=4, offset=27.81006322, initial_speed=30.34124422)
    vehicle3 = NPC(lane_id=4, offset=43.45371074, initial_speed=14.39353412)
    vehicle4 = NPC(lane_id=4, offset=31.71937211, initial_speed=12.50740014)
    vehicle4.changeLane(trigger_sequence=1, target_lane=1, target_speed=18.51649775)
    vehicle1.decelerate(trigger_sequence=2, target_speed=29.23764092)
    vehicle3.changeLane(trigger_sequence=2, target_lane=1, target_speed=44.8613987)
    vehicle1.changeLane(trigger_sequence=3, target_lane=1, target_speed=12.17013822)
    vehicle3.changeLane(trigger_sequence=3, target_lane=1, target_speed=8.30883905)
    vehicle4.accelerate(trigger_sequence=3, target_speed=34.71927203)
    vehicle1.decelerate(trigger_sequence=4, target_speed=11.32530886)
    vehicle3.decelerate(trigger_sequence=4, target_speed=8.08687772)
    vehicle4.accelerate(trigger_sequence=4, target_speed=33.76295799)
    vehicle1.accelerate(trigger_sequence=5, target_speed=53.88053603)
    vehicle3.accelerate(trigger_sequence=5, target_speed=35.66447293)

2025-04-22 Tuesday 10:14:18  random_test.py : INFO  === Evaluation Finished === 
 Fitness: [inf, 0], Collision: False
2025-04-22 Tuesday 10:14:30  random_test.py : INFO  === Evaluate Testcase === 
 def testcase(self):
    vehicle1 = NPC(lane_id=4, offset=12.74146127, initial_speed=6.58764089)
    vehicle2 = NPC(lane_id=5, offset=13.32222053, initial_speed=28.52457403)
    vehicle3 = NPC(lane_id=2, offset=47.23925931, initial_speed=5.1101166)
    ego = NPC(lane_id=5, offset=44.46483735, initial_speed=11.39295645)
    vehicle2.decelerate(trigger_sequence=1, target_speed=29.43019725)
    vehicle1.accelerate(trigger_sequence=2, target_speed=58.58950241)
    vehicle2.changeLane(trigger_sequence=3, target_lane=1, target_speed=37.25491679)
    vehicle1.changeLane(trigger_sequence=4, target_lane=3, target_speed=43.47425201)
    vehicle3.changeLane(trigger_sequence=4, target_lane=3, target_speed=58.97024982)
    vehicle1.changeLane(trigger_sequence=5, target_lane=1, target_speed=23.53617353)
    vehicle3.decelerate(trigger_sequence=5, target_speed=21.13671806)

2025-04-22 Tuesday 10:14:30  random_test.py : INFO  === Evaluation Finished === 
 Fitness: [3.357378739996129, -0.16166666666666665], Collision: True
2025-04-22 Tuesday 10:14:30  random_test.py : INFO  === Find a coollision ===
2025-04-22 Tuesday 10:14:40  random_test.py : INFO  === Evaluate Testcase === 
 def testcase(self):
    vehicle1 = NPC(lane_id=3, offset=28.26206652, initial_speed=20.34635456)
    ego = NPC(lane_id=3, offset=48.70217455, initial_speed=23.59600397)
    vehicle3 = NPC(lane_id=2, offset=21.83716532, initial_speed=1.38844666)
    vehicle4 = NPC(lane_id=3, offset=21.67488854, initial_speed=17.37111859)
    vehicle1.changeLane(trigger_sequence=1, target_lane=1, target_speed=34.91803144)
    vehicle3.accelerate(trigger_sequence=1, target_speed=43.63822977)
    vehicle4.accelerate(trigger_sequence=2, target_speed=45.8749983)
    vehicle3.changeLane(trigger_sequence=3, target_lane=1, target_speed=47.42790892)
    vehicle4.accelerate(trigger_sequence=3, target_speed=37.4890208)
    vehicle1.decelerate(trigger_sequence=4, target_speed=18.69057392)
    vehicle3.accelerate(trigger_sequence=4, target_speed=38.50725347)
    vehicle4.accelerate(trigger_sequence=4, target_speed=58.7392847)
    vehicle3.accelerate(trigger_sequence=5, target_speed=57.77175206)
    vehicle4.accelerate(trigger_sequence=5, target_speed=30.07265507)

2025-04-22 Tuesday 10:14:40  random_test.py : INFO  === Evaluation Finished === 
 Fitness: [4.747462066004338, -0.653169014084507], Collision: True
2025-04-22 Tuesday 10:14:40  random_test.py : INFO  === Find a coollision ===
2025-04-22 Tuesday 10:14:51  random_test.py : INFO  === Evaluate Testcase === 
 def testcase(self):
    vehicle1 = NPC(lane_id=5, offset=20.02237461, initial_speed=23.24482692)
    vehicle2 = NPC(lane_id=1, offset=4.48362966, initial_speed=22.86907654)
    vehicle3 = NPC(lane_id=1, offset=18.19423567, initial_speed=3.51190638)
    ego = NPC(lane_id=3, offset=21.12719455, initial_speed=29.92883736)
    vehicle1.accelerate(trigger_sequence=1, target_speed=46.81722961)
    vehicle1.decelerate(trigger_sequence=2, target_speed=29.56545762)
    vehicle2.accelerate(trigger_sequence=2, target_speed=57.70764641)
    vehicle3.changeLane(trigger_sequence=2, target_lane=1, target_speed=24.86473801)
    vehicle1.accelerate(trigger_sequence=3, target_speed=40.7966776)
    vehicle3.changeLane(trigger_sequence=3, target_lane=1, target_speed=43.24116424)
    vehicle1.decelerate(trigger_sequence=4, target_speed=5.5645549)
    vehicle2.decelerate(trigger_sequence=5, target_speed=14.71424318)

2025-04-22 Tuesday 10:14:51  random_test.py : INFO  === Evaluation Finished === 
 Fitness: [6.999847624472179, -0.5617173524150268], Collision: False
2025-04-22 Tuesday 10:15:01  random_test.py : INFO  === Evaluate Testcase === 
 def testcase(self):
    ego = NPC(lane_id=1, offset=26.38848076, initial_speed=23.29865376)
    vehicle2 = NPC(lane_id=4, offset=2.53355039, initial_speed=0.92091005)
    vehicle3 = NPC(lane_id=3, offset=8.82503014, initial_speed=14.34255487)
    vehicle3.accelerate(trigger_sequence=1, target_speed=48.06870338)
    vehicle3.accelerate(trigger_sequence=2, target_speed=41.28435386)
    vehicle2.changeLane(trigger_sequence=3, target_lane=1, target_speed=13.20777799)
    vehicle3.decelerate(trigger_sequence=3, target_speed=25.05018553)
    vehicle2.changeLane(trigger_sequence=4, target_lane=1, target_speed=43.44191257)
    vehicle3.accelerate(trigger_sequence=4, target_speed=32.93419465)
    vehicle2.changeLane(trigger_sequence=5, target_lane=1, target_speed=55.23929716)

2025-04-22 Tuesday 10:15:01  random_test.py : INFO  === Evaluation Finished === 
 Fitness: [6.999308158714027, -0.5440140845070423], Collision: False
2025-04-22 Tuesday 10:15:06  random_test.py : INFO  === Evaluate Testcase === 
 def testcase(self):
    vehicle1 = NPC(lane_id=2, offset=22.05328004, initial_speed=16.09991919)
    ego = NPC(lane_id=2, offset=19.47849996, initial_speed=18.5692659)
    vehicle3 = NPC(lane_id=3, offset=45.36247099, initial_speed=30.13332473)
    vehicle1.changeLane(trigger_sequence=2, target_lane=3, target_speed=26.10610392)
    vehicle3.accelerate(trigger_sequence=2, target_speed=57.88744826)
    vehicle3.accelerate(trigger_sequence=3, target_speed=32.99262477)
    vehicle1.decelerate(trigger_sequence=4, target_speed=17.70385322)
    vehicle3.accelerate(trigger_sequence=4, target_speed=31.23563713)
    vehicle1.accelerate(trigger_sequence=5, target_speed=31.12143796)
    vehicle3.accelerate(trigger_sequence=5, target_speed=55.54900947)

2025-04-22 Tuesday 10:15:06  random_test.py : INFO  === Evaluation Finished === 
 Fitness: [inf, 0], Collision: False
2025-04-22 Tuesday 10:15:16  random_test.py : INFO  === Evaluate Testcase === 
 def testcase(self):
    vehicle1 = NPC(lane_id=1, offset=18.32763396, initial_speed=13.43916176)
    ego = NPC(lane_id=4, offset=28.37471589, initial_speed=35.03712417)
    vehicle3 = NPC(lane_id=3, offset=48.1248216, initial_speed=34.12405282)
    vehicle3.accelerate(trigger_sequence=2, target_speed=56.4060679)
    vehicle1.changeLane(trigger_sequence=4, target_lane=1, target_speed=5.74436353)
    vehicle3.decelerate(trigger_sequence=4, target_speed=19.89490805)
    vehicle3.decelerate(trigger_sequence=5, target_speed=15.44423856)

2025-04-22 Tuesday 10:15:16  random_test.py : INFO  === Evaluation Finished === 
 Fitness: [12.719302120295747, -0.33634719710669075], Collision: False
2025-04-22 Tuesday 10:15:27  random_test.py : INFO  === Evaluate Testcase === 
 def testcase(self):
    vehicle1 = NPC(lane_id=4, offset=46.3040199, initial_speed=12.69800821)
    vehicle2 = NPC(lane_id=1, offset=46.06815235, initial_speed=12.15718102)
    vehicle3 = NPC(lane_id=2, offset=11.90553098, initial_speed=5.00241999)
    ego = NPC(lane_id=5, offset=34.51791823, initial_speed=16.70315104)
    vehicle2.changeLane(trigger_sequence=1, target_lane=1, target_speed=32.2640645)
    vehicle3.accelerate(trigger_sequence=1, target_speed=58.83650958)
    vehicle2.decelerate(trigger_sequence=2, target_speed=28.54319144)
    vehicle3.accelerate(trigger_sequence=2, target_speed=37.67795936)
    vehicle2.accelerate(trigger_sequence=3, target_speed=43.12948568)
    vehicle3.accelerate(trigger_sequence=3, target_speed=56.63464761)
    vehicle1.decelerate(trigger_sequence=4, target_speed=11.55435705)
    vehicle3.changeLane(trigger_sequence=4, target_lane=3, target_speed=30.77191306)
    vehicle2.accelerate(trigger_sequence=5, target_speed=58.80249938)

2025-04-22 Tuesday 10:15:27  random_test.py : INFO  === Evaluation Finished === 
 Fitness: [3.499389547105236, -0.01896551724137931], Collision: False
2025-04-22 Tuesday 10:15:37  random_test.py : INFO  === Evaluate Testcase === 
 def testcase(self):
    vehicle1 = NPC(lane_id=3, offset=5.59448096, initial_speed=9.50261101)
    vehicle2 = NPC(lane_id=1, offset=48.46625133, initial_speed=33.57386284)
    ego = NPC(lane_id=4, offset=37.42082549, initial_speed=17.53759337)
    vehicle1.decelerate(trigger_sequence=2, target_speed=8.43487743)
    vehicle2.accelerate(trigger_sequence=2, target_speed=39.60207876)
    vehicle1.decelerate(trigger_sequence=3, target_speed=27.10075364)
    vehicle2.decelerate(trigger_sequence=4, target_speed=25.16895352)

2025-04-22 Tuesday 10:15:37  random_test.py : INFO  === Evaluation Finished === 
 Fitness: [15.574860550000668, -0.17789291882556132], Collision: False
2025-04-22 Tuesday 10:15:42  random_test.py : INFO  === Evaluate Testcase === 
 def testcase(self):
    vehicle1 = NPC(lane_id=5, offset=7.90564435, initial_speed=13.72824265)
    vehicle2 = NPC(lane_id=4, offset=34.16991358, initial_speed=1.22400312)
    vehicle3 = NPC(lane_id=3, offset=43.55704245, initial_speed=28.21247742)
    ego = NPC(lane_id=4, offset=37.15587516, initial_speed=4.58841236)
    vehicle3.accelerate(trigger_sequence=1, target_speed=45.34984539)
    vehicle2.decelerate(trigger_sequence=2, target_speed=18.56810935)
    vehicle2.decelerate(trigger_sequence=3, target_speed=2.48408711)
    vehicle3.decelerate(trigger_sequence=4, target_speed=10.54902283)
    vehicle2.changeLane(trigger_sequence=5, target_lane=3, target_speed=37.76130203)

2025-04-22 Tuesday 10:15:42  random_test.py : INFO  === Evaluation Finished === 
 Fitness: [inf, 0], Collision: False
2025-04-22 Tuesday 10:15:52  random_test.py : INFO  === Evaluate Testcase === 
 def testcase(self):
    vehicle1 = NPC(lane_id=5, offset=6.58605418, initial_speed=32.74810305)
    vehicle2 = NPC(lane_id=4, offset=2.29195051, initial_speed=21.30786885)
    vehicle3 = NPC(lane_id=3, offset=36.5080886, initial_speed=17.31631908)
    ego = NPC(lane_id=5, offset=44.58837994, initial_speed=23.9090475)
    vehicle2.decelerate(trigger_sequence=1, target_speed=7.12529514)
    vehicle1.accelerate(trigger_sequence=2, target_speed=36.11565076)
    vehicle3.decelerate(trigger_sequence=2, target_speed=28.27533707)
    vehicle1.accelerate(trigger_sequence=3, target_speed=38.4414449)
    vehicle3.accelerate(trigger_sequence=3, target_speed=56.31665443)
    vehicle1.changeLane(trigger_sequence=4, target_lane=1, target_speed=15.57699486)
    vehicle2.accelerate(trigger_sequence=4, target_speed=52.39703237)
    vehicle1.accelerate(trigger_sequence=5, target_speed=30.63654039)
    vehicle3.changeLane(trigger_sequence=5, target_lane=3, target_speed=11.68308878)

2025-04-22 Tuesday 10:15:52  random_test.py : INFO  === Evaluation Finished === 
 Fitness: [4.749054144909667, -0.6243386243386243], Collision: True
2025-04-22 Tuesday 10:15:52  random_test.py : INFO  === Find a coollision ===
2025-04-22 Tuesday 10:16:03  random_test.py : INFO  === Evaluate Testcase === 
 def testcase(self):
    vehicle1 = NPC(lane_id=1, offset=18.74478942, initial_speed=39.22471031)
    ego = NPC(lane_id=2, offset=35.41473261, initial_speed=11.02401695)
    vehicle1.accelerate(trigger_sequence=1, target_speed=58.38856559)
    vehicle1.changeLane(trigger_sequence=2, target_lane=3, target_speed=49.35000402)
    vehicle1.decelerate(trigger_sequence=3, target_speed=18.67059773)
    vehicle1.decelerate(trigger_sequence=5, target_speed=16.8768378)

2025-04-22 Tuesday 10:16:03  random_test.py : INFO  === Evaluation Finished === 
 Fitness: [3.497989164614653, -0.03171953255425709], Collision: False
2025-04-22 Tuesday 10:16:13  random_test.py : INFO  === Evaluate Testcase === 
 def testcase(self):
    vehicle1 = NPC(lane_id=4, offset=17.89983391, initial_speed=13.92138601)
    ego = NPC(lane_id=4, offset=27.49368107, initial_speed=16.01665317)
    vehicle1.changeLane(trigger_sequence=1, target_lane=3, target_speed=50.65774563)
    vehicle1.accelerate(trigger_sequence=3, target_speed=30.95031303)
    vehicle1.accelerate(trigger_sequence=4, target_speed=58.78451269)

2025-04-22 Tuesday 10:16:13  random_test.py : INFO  === Evaluation Finished === 
 Fitness: [3.375637985967246, -0.0738255033557047], Collision: True
2025-04-22 Tuesday 10:16:13  random_test.py : INFO  === Find a coollision ===
2025-04-22 Tuesday 10:16:24  random_test.py : INFO  === Evaluate Testcase === 
 def testcase(self):
    ego = NPC(lane_id=2, offset=37.9833581, initial_speed=1.45892134)
    vehicle2 = NPC(lane_id=4, offset=48.69353191, initial_speed=29.08413914)
    vehicle2.decelerate(trigger_sequence=1, target_speed=16.29932116)

2025-04-22 Tuesday 10:16:24  random_test.py : INFO  === Evaluation Finished === 
 Fitness: [13.139715275590927, -0.6677908937605397], Collision: False
2025-04-22 Tuesday 10:16:34  random_test.py : INFO  === Evaluate Testcase === 
 def testcase(self):
    ego = NPC(lane_id=5, offset=37.45787597, initial_speed=21.65227982)
    vehicle2 = NPC(lane_id=4, offset=34.39421634, initial_speed=38.85686635)
    vehicle3 = NPC(lane_id=3, offset=35.24923751, initial_speed=3.66543649)
    vehicle2.changeLane(trigger_sequence=2, target_lane=1, target_speed=26.43581444)
    vehicle3.accelerate(trigger_sequence=2, target_speed=55.96810139)
    vehicle2.accelerate(trigger_sequence=3, target_speed=32.7206597)
    vehicle3.decelerate(trigger_sequence=3, target_speed=1.02221124)
    vehicle2.decelerate(trigger_sequence=4, target_speed=20.8621152)
    vehicle3.decelerate(trigger_sequence=4, target_speed=13.15465594)
    vehicle2.changeLane(trigger_sequence=5, target_lane=3, target_speed=0.91041187)
    vehicle3.changeLane(trigger_sequence=5, target_lane=3, target_speed=36.34832516)

2025-04-22 Tuesday 10:16:34  random_test.py : INFO  === Evaluation Finished === 
 Fitness: [3.4951053292448893, -0.5734265734265734], Collision: False
2025-04-22 Tuesday 10:16:45  random_test.py : INFO  === Evaluate Testcase === 
 def testcase(self):
    ego = NPC(lane_id=4, offset=9.52151022, initial_speed=7.1570519)
    vehicle2 = NPC(lane_id=4, offset=36.31282161, initial_speed=38.96497673)
    vehicle2.accelerate(trigger_sequence=1, target_speed=46.24319212)
    vehicle2.accelerate(trigger_sequence=2, target_speed=54.27450272)
    vehicle2.accelerate(trigger_sequence=3, target_speed=55.02913839)
    vehicle2.decelerate(trigger_sequence=4, target_speed=14.84287153)
    vehicle2.decelerate(trigger_sequence=5, target_speed=12.61724331)

2025-04-22 Tuesday 10:16:45  random_test.py : INFO  === Evaluation Finished === 
 Fitness: [27.3324737551554, -0.041666666666666664], Collision: False
2025-04-22 Tuesday 10:16:55  random_test.py : INFO  === Evaluate Testcase === 
 def testcase(self):
    vehicle1 = NPC(lane_id=3, offset=46.01981058, initial_speed=25.4628147)
    ego = NPC(lane_id=2, offset=38.83646574, initial_speed=0.38434482)
    vehicle3 = NPC(lane_id=2, offset=19.41075847, initial_speed=8.28238764)
    vehicle4 = NPC(lane_id=3, offset=27.32419872, initial_speed=1.62767282)
    vehicle1.decelerate(trigger_sequence=2, target_speed=10.8116157)
    vehicle3.accelerate(trigger_sequence=2, target_speed=52.32232581)
    vehicle1.changeLane(trigger_sequence=3, target_lane=3, target_speed=6.91591779)
    vehicle4.decelerate(trigger_sequence=3, target_speed=21.74812873)
    vehicle1.accelerate(trigger_sequence=4, target_speed=56.1060893)
    vehicle4.accelerate(trigger_sequence=4, target_speed=37.03175497)
    vehicle1.accelerate(trigger_sequence=5, target_speed=38.5860559)

2025-04-22 Tuesday 10:16:55  random_test.py : INFO  === Evaluation Finished === 
 Fitness: [3.5106555041410528, -0.6739495798319328], Collision: True
2025-04-22 Tuesday 10:16:55  random_test.py : INFO  === Find a coollision ===
2025-04-22 Tuesday 10:17:05  random_test.py : INFO  === Evaluate Testcase === 
 def testcase(self):
    ego = NPC(lane_id=4, offset=13.78435836, initial_speed=36.37319811)
    vehicle2 = NPC(lane_id=3, offset=11.63873082, initial_speed=3.90095915)
    vehicle2.decelerate(trigger_sequence=3, target_speed=8.43055503)
    vehicle2.decelerate(trigger_sequence=4, target_speed=6.07496586)
    vehicle2.decelerate(trigger_sequence=5, target_speed=15.3843369)

2025-04-22 Tuesday 10:17:05  random_test.py : INFO  === Evaluation Finished === 
 Fitness: [3.8044179832258087, -0.30490018148820325], Collision: False
2025-04-22 Tuesday 10:17:16  random_test.py : INFO  === Evaluate Testcase === 
 def testcase(self):
    ego = NPC(lane_id=3, offset=1.85064319, initial_speed=33.56369203)
    vehicle2 = NPC(lane_id=2, offset=31.09224373, initial_speed=24.33560421)
    vehicle3 = NPC(lane_id=5, offset=38.51820391, initial_speed=6.42149858)
    vehicle4 = NPC(lane_id=5, offset=45.38848323, initial_speed=3.62077859)
    vehicle2.changeLane(trigger_sequence=1, target_lane=3, target_speed=43.34129508)
    vehicle4.accelerate(trigger_sequence=1, target_speed=41.30617351)
    vehicle2.decelerate(trigger_sequence=3, target_speed=10.73438626)
    vehicle3.changeLane(trigger_sequence=3, target_lane=3, target_speed=0.41454934)
    vehicle4.changeLane(trigger_sequence=3, target_lane=1, target_speed=3.04409175)
    vehicle2.decelerate(trigger_sequence=4, target_speed=1.90805074)
    vehicle4.accelerate(trigger_sequence=5, target_speed=32.87408839)

2025-04-22 Tuesday 10:17:16  random_test.py : INFO  === Evaluation Finished === 
 Fitness: [7.001486969986745, -0.36576576576576575], Collision: False
2025-04-22 Tuesday 10:17:27  random_test.py : INFO  === Evaluate Testcase === 
 def testcase(self):
    vehicle1 = NPC(lane_id=1, offset=10.71831775, initial_speed=21.72695599)
    vehicle2 = NPC(lane_id=3, offset=24.62572074, initial_speed=5.15099392)
    ego = NPC(lane_id=3, offset=29.60268511, initial_speed=20.39209177)
    vehicle1.accelerate(trigger_sequence=1, target_speed=40.21810415)
    vehicle2.decelerate(trigger_sequence=1, target_speed=0.41955221)
    vehicle1.accelerate(trigger_sequence=2, target_speed=50.78026899)
    vehicle1.changeLane(trigger_sequence=3, target_lane=3, target_speed=6.38655851)
    vehicle2.accelerate(trigger_sequence=4, target_speed=54.89997252)
    vehicle1.decelerate(trigger_sequence=5, target_speed=4.92196102)

2025-04-22 Tuesday 10:17:27  random_test.py : INFO  === Evaluation Finished === 
 Fitness: [3.499430997877472, -0.5993091537132987], Collision: True
2025-04-22 Tuesday 10:17:27  random_test.py : INFO  === Find a coollision ===
2025-04-22 Tuesday 10:17:38  random_test.py : INFO  === Evaluate Testcase === 
 def testcase(self):
    vehicle1 = NPC(lane_id=5, offset=37.41949897, initial_speed=1.52024833)
    vehicle2 = NPC(lane_id=5, offset=48.71255331, initial_speed=4.17561306)
    vehicle3 = NPC(lane_id=3, offset=44.64363645, initial_speed=15.20491459)
    ego = NPC(lane_id=5, offset=26.86545174, initial_speed=20.07036703)
    vehicle1.decelerate(trigger_sequence=1, target_speed=15.63927356)
    vehicle3.accelerate(trigger_sequence=1, target_speed=32.17923613)
    vehicle3.decelerate(trigger_sequence=2, target_speed=3.46835813)
    vehicle1.accelerate(trigger_sequence=3, target_speed=58.63605329)
    vehicle3.accelerate(trigger_sequence=3, target_speed=53.26049411)
    vehicle1.decelerate(trigger_sequence=4, target_speed=13.05255639)
    vehicle2.changeLane(trigger_sequence=4, target_lane=3, target_speed=41.1538918)
    vehicle3.accelerate(trigger_sequence=4, target_speed=48.82037061)
    vehicle1.accelerate(trigger_sequence=5, target_speed=41.53592374)
    vehicle2.accelerate(trigger_sequence=5, target_speed=33.65976315)
    vehicle3.accelerate(trigger_sequence=5, target_speed=38.06421828)

2025-04-22 Tuesday 10:17:38  random_test.py : INFO  === Evaluation Finished === 
 Fitness: [7.824670277392409, -0.5945945945945946], Collision: False
2025-04-22 Tuesday 10:17:48  random_test.py : INFO  === Evaluate Testcase === 
 def testcase(self):
    ego = NPC(lane_id=4, offset=1.77579163, initial_speed=25.96305933)
    vehicle2 = NPC(lane_id=1, offset=17.18257704, initial_speed=5.09462134)
    vehicle3 = NPC(lane_id=2, offset=26.06113459, initial_speed=34.93083308)
    vehicle3.decelerate(trigger_sequence=1, target_speed=12.89326521)
    vehicle2.decelerate(trigger_sequence=3, target_speed=22.46315429)
    vehicle2.accelerate(trigger_sequence=4, target_speed=34.96212119)
    vehicle2.decelerate(trigger_sequence=5, target_speed=26.48319445)

2025-04-22 Tuesday 10:17:48  random_test.py : INFO  === Evaluation Finished === 
 Fitness: [7.00056742506142, -0.4761061946902655], Collision: False
2025-04-22 Tuesday 10:17:59  random_test.py : INFO  === Evaluate Testcase === 
 def testcase(self):
    vehicle1 = NPC(lane_id=3, offset=43.50022093, initial_speed=37.2057647)
    ego = NPC(lane_id=2, offset=29.89400626, initial_speed=33.24629066)
    vehicle3 = NPC(lane_id=4, offset=31.48132438, initial_speed=22.54161324)
    vehicle4 = NPC(lane_id=1, offset=41.25504154, initial_speed=16.28975248)
    vehicle3.accelerate(trigger_sequence=1, target_speed=50.39273737)
    vehicle4.decelerate(trigger_sequence=1, target_speed=7.29976225)
    vehicle3.accelerate(trigger_sequence=2, target_speed=31.77928423)
    vehicle4.accelerate(trigger_sequence=2, target_speed=43.26383402)
    vehicle3.accelerate(trigger_sequence=3, target_speed=47.46907592)
    vehicle1.decelerate(trigger_sequence=4, target_speed=16.23211505)
    vehicle3.changeLane(trigger_sequence=4, target_lane=1, target_speed=35.01463198)
    vehicle4.decelerate(trigger_sequence=4, target_speed=4.48764784)
    vehicle3.accelerate(trigger_sequence=5, target_speed=45.50695522)
    vehicle4.changeLane(trigger_sequence=5, target_lane=3, target_speed=0.30524587)

2025-04-22 Tuesday 10:17:59  random_test.py : INFO  === Evaluation Finished === 
 Fitness: [3.4999591387152718, -0.34954954954954953], Collision: False
2025-04-22 Tuesday 10:18:10  random_test.py : INFO  === Evaluate Testcase === 
 def testcase(self):
    ego = NPC(lane_id=4, offset=11.37001755, initial_speed=14.21097962)
    vehicle2 = NPC(lane_id=2, offset=5.91775238, initial_speed=24.12708736)
    vehicle3 = NPC(lane_id=5, offset=27.62168086, initial_speed=25.01681839)
    vehicle4 = NPC(lane_id=4, offset=2.85347644, initial_speed=33.20560011)
    vehicle2.changeLane(trigger_sequence=1, target_lane=3, target_speed=5.43870237)
    vehicle2.accelerate(trigger_sequence=2, target_speed=45.73878331)
    vehicle3.changeLane(trigger_sequence=2, target_lane=1, target_speed=57.45923157)
    vehicle4.decelerate(trigger_sequence=2, target_speed=11.65756501)
    vehicle4.accelerate(trigger_sequence=3, target_speed=31.08614845)
    vehicle2.accelerate(trigger_sequence=4, target_speed=52.19214596)
    vehicle3.accelerate(trigger_sequence=4, target_speed=35.45642483)
    vehicle4.accelerate(trigger_sequence=4, target_speed=32.30441949)
    vehicle3.decelerate(trigger_sequence=5, target_speed=25.5714762)
    vehicle4.changeLane(trigger_sequence=5, target_lane=1, target_speed=24.53309898)

2025-04-22 Tuesday 10:18:10  random_test.py : INFO  === Evaluation Finished === 
 Fitness: [3.5005079752543256, -0.07679465776293823], Collision: True
2025-04-22 Tuesday 10:18:10  random_test.py : INFO  === Find a coollision ===
2025-04-22 Tuesday 10:18:22  random_test.py : INFO  === Evaluate Testcase === 
 def testcase(self):
    vehicle1 = NPC(lane_id=4, offset=31.85736364, initial_speed=37.7991521)
    vehicle2 = NPC(lane_id=1, offset=7.83612183, initial_speed=33.79045124)
    ego = NPC(lane_id=3, offset=37.12635118, initial_speed=24.23135347)
    vehicle4 = NPC(lane_id=5, offset=2.49999434, initial_speed=36.15876937)
    vehicle1.accelerate(trigger_sequence=1, target_speed=58.27389163)
    vehicle2.accelerate(trigger_sequence=1, target_speed=50.80608082)
    vehicle4.changeLane(trigger_sequence=1, target_lane=1, target_speed=44.42370097)
    vehicle1.accelerate(trigger_sequence=2, target_speed=59.08100225)
    vehicle2.decelerate(trigger_sequence=3, target_speed=16.62697099)
    vehicle1.changeLane(trigger_sequence=4, target_lane=3, target_speed=7.30760484)
    vehicle2.accelerate(trigger_sequence=4, target_speed=44.71770585)
    vehicle1.changeLane(trigger_sequence=5, target_lane=3, target_speed=34.78288472)
    vehicle2.changeLane(trigger_sequence=5, target_lane=3, target_speed=19.89775972)
    vehicle4.accelerate(trigger_sequence=5, target_speed=49.27206882)

2025-04-22 Tuesday 10:18:22  random_test.py : INFO  === Evaluation Finished === 
 Fitness: [3.5008345088643122, -0.5361552028218695], Collision: False
2025-04-22 Tuesday 10:18:32  random_test.py : INFO  === Evaluate Testcase === 
 def testcase(self):
    vehicle1 = NPC(lane_id=5, offset=9.31714685, initial_speed=34.57659068)
    ego = NPC(lane_id=2, offset=48.94821184, initial_speed=19.753528)
    vehicle3 = NPC(lane_id=3, offset=9.84727146, initial_speed=0.60675468)
    vehicle4 = NPC(lane_id=3, offset=18.35318845, initial_speed=36.70277375)
    vehicle3.changeLane(trigger_sequence=1, target_lane=1, target_speed=57.53370235)
    vehicle4.decelerate(trigger_sequence=2, target_speed=27.07915609)
    vehicle4.decelerate(trigger_sequence=3, target_speed=6.6480923)
    vehicle1.accelerate(trigger_sequence=4, target_speed=35.10253663)
    vehicle3.decelerate(trigger_sequence=4, target_speed=20.17564381)
    vehicle4.accelerate(trigger_sequence=4, target_speed=34.41421706)
    vehicle3.accelerate(trigger_sequence=5, target_speed=44.95468506)

2025-04-22 Tuesday 10:18:32  random_test.py : INFO  === Evaluation Finished === 
 Fitness: [3.4122916006052697, -0.4114583333333333], Collision: True
2025-04-22 Tuesday 10:18:32  random_test.py : INFO  === Find a coollision ===
2025-04-22 Tuesday 10:18:43  random_test.py : INFO  === Evaluate Testcase === 
 def testcase(self):
    ego = NPC(lane_id=1, offset=17.91743656, initial_speed=30.91621951)
    vehicle2 = NPC(lane_id=3, offset=3.55547601, initial_speed=20.04885214)
    vehicle3 = NPC(lane_id=2, offset=0.43419985, initial_speed=24.01849667)
    vehicle4 = NPC(lane_id=5, offset=33.49052646, initial_speed=17.08668176)
    vehicle2.accelerate(trigger_sequence=1, target_speed=39.26192843)
    vehicle3.decelerate(trigger_sequence=1, target_speed=23.05657829)
    vehicle2.changeLane(trigger_sequence=2, target_lane=1, target_speed=36.56418195)
    vehicle2.changeLane(trigger_sequence=3, target_lane=1, target_speed=53.09495633)
    vehicle4.changeLane(trigger_sequence=3, target_lane=3, target_speed=13.10709219)
    vehicle2.accelerate(trigger_sequence=4, target_speed=34.91960178)
    vehicle4.decelerate(trigger_sequence=4, target_speed=6.26286232)
    vehicle2.accelerate(trigger_sequence=5, target_speed=55.52532478)

2025-04-22 Tuesday 10:18:43  random_test.py : INFO  === Evaluation Finished === 
 Fitness: [4.738289782866486, -0.5627240143369175], Collision: True
2025-04-22 Tuesday 10:18:43  random_test.py : INFO  === Find a coollision ===
2025-04-22 Tuesday 10:18:54  random_test.py : INFO  === Evaluate Testcase === 
 def testcase(self):
    vehicle1 = NPC(lane_id=3, offset=44.75783271, initial_speed=20.37285343)
    ego = NPC(lane_id=4, offset=9.68533918, initial_speed=14.83291769)
    vehicle3 = NPC(lane_id=5, offset=39.71802864, initial_speed=6.19285688)
    vehicle4 = NPC(lane_id=2, offset=6.16011028, initial_speed=36.40229567)
    vehicle1.accelerate(trigger_sequence=2, target_speed=57.7685199)
    vehicle3.changeLane(trigger_sequence=2, target_lane=3, target_speed=57.82872564)
    vehicle4.accelerate(trigger_sequence=3, target_speed=31.55545288)
    vehicle3.accelerate(trigger_sequence=4, target_speed=40.16920577)
    vehicle4.decelerate(trigger_sequence=4, target_speed=15.06719558)
    vehicle4.accelerate(trigger_sequence=5, target_speed=37.58575348)

2025-04-22 Tuesday 10:18:54  random_test.py : INFO  === Evaluation Finished === 
 Fitness: [6.991095423997168, -0.048414023372287146], Collision: False
2025-04-22 Tuesday 10:19:05  random_test.py : INFO  === Evaluate Testcase === 
 def testcase(self):
    vehicle1 = NPC(lane_id=3, offset=16.97240343, initial_speed=26.85397992)
    vehicle2 = NPC(lane_id=4, offset=4.45570156, initial_speed=19.86524654)
    ego = NPC(lane_id=4, offset=48.27769851, initial_speed=3.55330947)
    vehicle1.decelerate(trigger_sequence=1, target_speed=14.17662448)
    vehicle2.changeLane(trigger_sequence=1, target_lane=1, target_speed=47.02459399)
    vehicle1.decelerate(trigger_sequence=2, target_speed=16.38074405)
    vehicle1.decelerate(trigger_sequence=4, target_speed=3.80471985)
    vehicle2.changeLane(trigger_sequence=4, target_lane=1, target_speed=4.38365813)
    vehicle1.decelerate(trigger_sequence=5, target_speed=20.30029456)

2025-04-22 Tuesday 10:19:05  random_test.py : INFO  === Evaluation Finished === 
 Fitness: [3.4974820123514068, -0.4638655462184874], Collision: True
2025-04-22 Tuesday 10:19:05  random_test.py : INFO  === Find a coollision ===
2025-04-22 Tuesday 10:19:15  random_test.py : INFO  === Evaluate Testcase === 
 def testcase(self):
    ego = NPC(lane_id=1, offset=9.84449155, initial_speed=28.10569904)
    vehicle2 = NPC(lane_id=3, offset=16.0433659, initial_speed=9.79145384)
    vehicle2.decelerate(trigger_sequence=1, target_speed=2.00616419)
    vehicle2.changeLane(trigger_sequence=3, target_lane=1, target_speed=25.5549958)
    vehicle2.accelerate(trigger_sequence=4, target_speed=39.486143)

2025-04-22 Tuesday 10:19:15  random_test.py : INFO  === Evaluation Finished === 
 Fitness: [7.0015775495520725, -0.49110320284697506], Collision: False
2025-04-22 Tuesday 10:19:26  random_test.py : INFO  === Evaluate Testcase === 
 def testcase(self):
    vehicle1 = NPC(lane_id=3, offset=6.84819301, initial_speed=33.39265286)
    ego = NPC(lane_id=5, offset=12.55256232, initial_speed=3.56668751)
    vehicle1.accelerate(trigger_sequence=1, target_speed=58.36288685)
    vehicle1.decelerate(trigger_sequence=2, target_speed=28.86055784)
    vehicle1.decelerate(trigger_sequence=3, target_speed=7.48947329)
    vehicle1.changeLane(trigger_sequence=5, target_lane=3, target_speed=9.57999141)

2025-04-22 Tuesday 10:19:26  random_test.py : INFO  === Evaluation Finished === 
 Fitness: [6.993442406023884, -0.4730639730639731], Collision: False
2025-04-22 Tuesday 10:19:31  random_test.py : INFO  === Evaluate Testcase === 
 def testcase(self):
    ego = NPC(lane_id=4, offset=24.89266437, initial_speed=16.07375228)
    vehicle2 = NPC(lane_id=4, offset=42.57478879, initial_speed=33.14005647)
    vehicle3 = NPC(lane_id=4, offset=28.31455392, initial_speed=18.85541848)
    vehicle4 = NPC(lane_id=4, offset=23.07002416, initial_speed=6.80489073)
    vehicle4.changeLane(trigger_sequence=1, target_lane=3, target_speed=34.33778039)
    vehicle3.changeLane(trigger_sequence=2, target_lane=1, target_speed=2.24946129)
    vehicle4.accelerate(trigger_sequence=2, target_speed=38.00249394)
    vehicle2.changeLane(trigger_sequence=3, target_lane=1, target_speed=40.43533231)
    vehicle4.decelerate(trigger_sequence=3, target_speed=12.04995532)
    vehicle3.accelerate(trigger_sequence=4, target_speed=31.7126064)
    vehicle2.accelerate(trigger_sequence=5, target_speed=54.29954423)

2025-04-22 Tuesday 10:19:31  random_test.py : INFO  === Evaluation Finished === 
 Fitness: [inf, 0], Collision: False
2025-04-22 Tuesday 10:19:36  random_test.py : INFO  === Evaluate Testcase === 
 def testcase(self):
    ego = NPC(lane_id=3, offset=49.77317416, initial_speed=22.7261511)
    vehicle2 = NPC(lane_id=3, offset=26.02259035, initial_speed=26.65352716)
    vehicle3 = NPC(lane_id=3, offset=27.8397649, initial_speed=1.53758176)
    vehicle4 = NPC(lane_id=4, offset=49.99216541, initial_speed=1.29314185)
    vehicle3.accelerate(trigger_sequence=1, target_speed=42.27308224)
    vehicle4.changeLane(trigger_sequence=1, target_lane=3, target_speed=21.24237979)
    vehicle2.decelerate(trigger_sequence=3, target_speed=21.05418794)
    vehicle3.accelerate(trigger_sequence=4, target_speed=31.7087564)

2025-04-22 Tuesday 10:19:36  random_test.py : INFO  === Evaluation Finished === 
 Fitness: [inf, 0], Collision: False
2025-04-22 Tuesday 10:19:46  random_test.py : INFO  === Evaluate Testcase === 
 def testcase(self):
    vehicle1 = NPC(lane_id=3, offset=34.80104949, initial_speed=27.29524258)
    ego = NPC(lane_id=3, offset=47.26310596, initial_speed=21.95060978)
    vehicle1.accelerate(trigger_sequence=4, target_speed=34.5203022)
    vehicle1.decelerate(trigger_sequence=5, target_speed=12.23749732)

2025-04-22 Tuesday 10:19:46  random_test.py : INFO  === Evaluation Finished === 
 Fitness: [4.745071474945603, -0.5814360770577933], Collision: True
2025-04-22 Tuesday 10:19:46  random_test.py : INFO  === Find a coollision ===
2025-04-22 Tuesday 10:19:57  random_test.py : INFO  === Evaluate Testcase === 
 def testcase(self):
    ego = NPC(lane_id=4, offset=43.94302303, initial_speed=39.83433574)
    vehicle2 = NPC(lane_id=5, offset=35.3509627, initial_speed=33.20535672)
    vehicle3 = NPC(lane_id=5, offset=28.76819982, initial_speed=14.097368)
    vehicle4 = NPC(lane_id=4, offset=9.7055214, initial_speed=38.67801791)
    vehicle2.accelerate(trigger_sequence=1, target_speed=45.46095388)
    vehicle2.changeLane(trigger_sequence=2, target_lane=1, target_speed=37.57964184)
    vehicle3.accelerate(trigger_sequence=2, target_speed=47.64510508)
    vehicle4.accelerate(trigger_sequence=2, target_speed=41.28073015)
    vehicle2.accelerate(trigger_sequence=3, target_speed=35.85476816)
    vehicle4.decelerate(trigger_sequence=3, target_speed=10.74596637)
    vehicle2.changeLane(trigger_sequence=5, target_lane=1, target_speed=51.70022535)
    vehicle3.decelerate(trigger_sequence=5, target_speed=15.28846008)

2025-04-22 Tuesday 10:19:57  random_test.py : INFO  === Evaluation Finished === 
 Fitness: [0.4483851670173186, -0.25824175824175827], Collision: True
2025-04-22 Tuesday 10:19:57  random_test.py : INFO  === Find a coollision ===
2025-04-22 Tuesday 10:20:08  random_test.py : INFO  === Evaluate Testcase === 
 def testcase(self):
    vehicle1 = NPC(lane_id=1, offset=44.00363337, initial_speed=2.89124322)
    ego = NPC(lane_id=2, offset=28.07386945, initial_speed=18.77433426)
    vehicle3 = NPC(lane_id=4, offset=43.02815177, initial_speed=10.40030849)
    vehicle1.accelerate(trigger_sequence=1, target_speed=55.81779802)
    vehicle3.changeLane(trigger_sequence=1, target_lane=1, target_speed=12.7173564)
    vehicle3.changeLane(trigger_sequence=2, target_lane=1, target_speed=52.22879423)
    vehicle1.accelerate(trigger_sequence=3, target_speed=44.67279301)
    vehicle3.accelerate(trigger_sequence=3, target_speed=50.90255278)
    vehicle3.changeLane(trigger_sequence=4, target_lane=1, target_speed=6.04413955)
    vehicle1.changeLane(trigger_sequence=5, target_lane=3, target_speed=11.45815936)
    vehicle3.decelerate(trigger_sequence=5, target_speed=20.84535909)

2025-04-22 Tuesday 10:20:08  random_test.py : INFO  === Evaluation Finished === 
 Fitness: [2.5982357533644134, -0.7123050259965338], Collision: True
2025-04-22 Tuesday 10:20:08  random_test.py : INFO  === Find a coollision ===
2025-04-22 Tuesday 10:20:12  random_test.py : INFO  === Evaluate Testcase === 
 def testcase(self):
    vehicle1 = NPC(lane_id=1, offset=45.16472389, initial_speed=15.08201041)
    vehicle2 = NPC(lane_id=3, offset=47.60737876, initial_speed=18.79376126)
    ego = NPC(lane_id=1, offset=43.55567191, initial_speed=10.42836818)
    vehicle1.changeLane(trigger_sequence=1, target_lane=1, target_speed=30.31058534)
    vehicle2.accelerate(trigger_sequence=1, target_speed=41.99242648)
    vehicle1.accelerate(trigger_sequence=2, target_speed=35.34017476)
    vehicle2.changeLane(trigger_sequence=3, target_lane=1, target_speed=53.78769649)
    vehicle2.decelerate(trigger_sequence=4, target_speed=26.7438486)
    vehicle2.accelerate(trigger_sequence=5, target_speed=41.53648568)

2025-04-22 Tuesday 10:20:12  random_test.py : INFO  === Evaluation Finished === 
 Fitness: [inf, 0], Collision: False
2025-04-22 Tuesday 10:20:24  random_test.py : INFO  === Evaluate Testcase === 
 def testcase(self):
    ego = NPC(lane_id=1, offset=38.3960376, initial_speed=18.02182391)
    vehicle2 = NPC(lane_id=5, offset=15.01094024, initial_speed=23.95444493)
    vehicle3 = NPC(lane_id=5, offset=32.38152195, initial_speed=39.09079733)
    vehicle2.changeLane(trigger_sequence=1, target_lane=1, target_speed=31.0924041)
    vehicle2.accelerate(trigger_sequence=3, target_speed=46.05177909)
    vehicle3.changeLane(trigger_sequence=3, target_lane=3, target_speed=45.1426342)
    vehicle2.accelerate(trigger_sequence=5, target_speed=41.76681243)

2025-04-22 Tuesday 10:20:24  random_test.py : INFO  === Evaluation Finished === 
 Fitness: [8.01834810308154, -0.01730103806228374], Collision: False
2025-04-22 Tuesday 10:20:28  random_test.py : INFO  === Evaluate Testcase === 
 def testcase(self):
    ego = NPC(lane_id=5, offset=25.71583856, initial_speed=25.60763073)
    vehicle2 = NPC(lane_id=5, offset=26.15300284, initial_speed=6.0939023)
    vehicle3 = NPC(lane_id=5, offset=12.39571905, initial_speed=28.57846741)
    vehicle4 = NPC(lane_id=1, offset=4.79139411, initial_speed=33.04929953)
    vehicle3.decelerate(trigger_sequence=1, target_speed=19.66920485)
    vehicle2.changeLane(trigger_sequence=2, target_lane=3, target_speed=38.23895172)
    vehicle2.changeLane(trigger_sequence=3, target_lane=3, target_speed=0.65109417)
    vehicle4.decelerate(trigger_sequence=4, target_speed=22.14848262)
    vehicle2.decelerate(trigger_sequence=5, target_speed=19.85756735)
    vehicle3.decelerate(trigger_sequence=5, target_speed=6.09037834)

2025-04-22 Tuesday 10:20:28  random_test.py : INFO  === Evaluation Finished === 
 Fitness: [inf, 0], Collision: False
2025-04-22 Tuesday 10:20:39  random_test.py : INFO  === Evaluate Testcase === 
 def testcase(self):
    ego = NPC(lane_id=1, offset=23.59934977, initial_speed=34.5916335)
    vehicle2 = NPC(lane_id=4, offset=3.48573327, initial_speed=22.700989)
    vehicle3 = NPC(lane_id=4, offset=46.65219779, initial_speed=31.70622493)
    vehicle2.accelerate(trigger_sequence=1, target_speed=53.02427267)
    vehicle2.accelerate(trigger_sequence=2, target_speed=39.88788316)
    vehicle3.accelerate(trigger_sequence=2, target_speed=46.84986695)
    vehicle2.decelerate(trigger_sequence=3, target_speed=17.86614804)
    vehicle2.accelerate(trigger_sequence=4, target_speed=50.20034529)
    vehicle2.changeLane(trigger_sequence=5, target_lane=1, target_speed=47.1594476)
    vehicle3.changeLane(trigger_sequence=5, target_lane=3, target_speed=45.65833585)

2025-04-22 Tuesday 10:20:39  random_test.py : INFO  === Evaluation Finished === 
 Fitness: [3.9577151633463066, -0.33815551537070526], Collision: False
2025-04-22 Tuesday 10:20:50  random_test.py : INFO  === Evaluate Testcase === 
 def testcase(self):
    vehicle1 = NPC(lane_id=1, offset=41.04185362, initial_speed=15.37675224)
    ego = NPC(lane_id=4, offset=43.77259033, initial_speed=33.70566471)
    vehicle1.changeLane(trigger_sequence=1, target_lane=3, target_speed=41.32431985)
    vehicle1.accelerate(trigger_sequence=5, target_speed=42.81781511)

2025-04-22 Tuesday 10:20:50  random_test.py : INFO  === Evaluation Finished === 
 Fitness: [3.4998174342276136, -0.3483754512635379], Collision: False
2025-04-22 Tuesday 10:21:01  random_test.py : INFO  === Evaluate Testcase === 
 def testcase(self):
    vehicle1 = NPC(lane_id=3, offset=13.46026769, initial_speed=6.24924261)
    vehicle2 = NPC(lane_id=4, offset=44.12709933, initial_speed=9.72049521)
    vehicle3 = NPC(lane_id=4, offset=24.72805947, initial_speed=38.88401662)
    ego = NPC(lane_id=3, offset=25.53966769, initial_speed=27.04211352)
    vehicle1.changeLane(trigger_sequence=1, target_lane=3, target_speed=10.64389328)
    vehicle2.changeLane(trigger_sequence=1, target_lane=3, target_speed=23.56245521)
    vehicle2.changeLane(trigger_sequence=2, target_lane=3, target_speed=25.73060901)
    vehicle1.decelerate(trigger_sequence=3, target_speed=16.30982171)
    vehicle3.accelerate(trigger_sequence=3, target_speed=51.54223836)
    vehicle2.changeLane(trigger_sequence=4, target_lane=3, target_speed=30.44248941)
    vehicle1.accelerate(trigger_sequence=5, target_speed=55.12813306)
    vehicle2.decelerate(trigger_sequence=5, target_speed=23.78594018)
    vehicle3.accelerate(trigger_sequence=5, target_speed=52.79025165)

2025-04-22 Tuesday 10:21:01  random_test.py : INFO  === Evaluation Finished === 
 Fitness: [3.4995615309460417, -0.48845470692717585], Collision: False
2025-04-22 Tuesday 10:21:12  random_test.py : INFO  === Evaluate Testcase === 
 def testcase(self):
    ego = NPC(lane_id=4, offset=31.85205734, initial_speed=35.3673909)
    vehicle2 = NPC(lane_id=2, offset=21.62688637, initial_speed=22.08224881)
    vehicle3 = NPC(lane_id=2, offset=10.09069956, initial_speed=29.13461424)
    vehicle3.decelerate(trigger_sequence=1, target_speed=17.05884552)
    vehicle2.changeLane(trigger_sequence=3, target_lane=3, target_speed=11.82300066)
    vehicle2.changeLane(trigger_sequence=4, target_lane=3, target_speed=58.99164581)
    vehicle3.changeLane(trigger_sequence=4, target_lane=3, target_speed=48.09784326)
    vehicle2.changeLane(trigger_sequence=5, target_lane=1, target_speed=18.24918259)

2025-04-22 Tuesday 10:21:12  random_test.py : INFO  === Evaluation Finished === 
 Fitness: [8.213549666013433, -0.3115942028985507], Collision: False
2025-04-22 Tuesday 10:21:23  random_test.py : INFO  === Evaluate Testcase === 
 def testcase(self):
    vehicle1 = NPC(lane_id=2, offset=33.09512911, initial_speed=14.62201434)
    ego = NPC(lane_id=3, offset=5.07256114, initial_speed=14.0767992)
    vehicle3 = NPC(lane_id=2, offset=10.16280598, initial_speed=36.79021344)
    vehicle4 = NPC(lane_id=4, offset=28.99663893, initial_speed=2.43625312)
    vehicle4.accelerate(trigger_sequence=1, target_speed=30.51333492)
    vehicle1.accelerate(trigger_sequence=2, target_speed=30.48480478)
    vehicle3.changeLane(trigger_sequence=2, target_lane=1, target_speed=27.98366466)
    vehicle4.changeLane(trigger_sequence=3, target_lane=1, target_speed=2.99905012)
    vehicle1.changeLane(trigger_sequence=4, target_lane=3, target_speed=12.32767163)
    vehicle4.changeLane(trigger_sequence=4, target_lane=3, target_speed=44.30160034)
    vehicle1.accelerate(trigger_sequence=5, target_speed=50.11162768)
    vehicle3.decelerate(trigger_sequence=5, target_speed=9.05722152)

2025-04-22 Tuesday 10:21:23  random_test.py : INFO  === Evaluation Finished === 
 Fitness: [3.614028968835355, -0.1636060100166945], Collision: False
2025-04-22 Tuesday 10:21:34  random_test.py : INFO  === Evaluate Testcase === 
 def testcase(self):
    ego = NPC(lane_id=5, offset=18.17715562, initial_speed=2.37613054)
    vehicle2 = NPC(lane_id=2, offset=8.67003456, initial_speed=35.81466301)
    vehicle2.accelerate(trigger_sequence=2, target_speed=54.16105239)
    vehicle2.decelerate(trigger_sequence=5, target_speed=15.32625353)

2025-04-22 Tuesday 10:21:34  random_test.py : INFO  === Evaluation Finished === 
 Fitness: [10.4929982161607, -0.5151515151515151], Collision: False
2025-04-22 Tuesday 10:21:44  random_test.py : INFO  === Evaluate Testcase === 
 def testcase(self):
    vehicle1 = NPC(lane_id=5, offset=0.28624631, initial_speed=25.56391012)
    vehicle2 = NPC(lane_id=2, offset=25.93098433, initial_speed=0.21313405)
    vehicle3 = NPC(lane_id=4, offset=35.20449998, initial_speed=15.25109412)
    ego = NPC(lane_id=1, offset=1.23595942, initial_speed=25.04104288)
    vehicle1.decelerate(trigger_sequence=1, target_speed=10.50018745)
    vehicle2.decelerate(trigger_sequence=1, target_speed=15.73644993)
    vehicle3.decelerate(trigger_sequence=1, target_speed=10.19652997)
    vehicle1.decelerate(trigger_sequence=2, target_speed=4.79342399)
    vehicle3.decelerate(trigger_sequence=3, target_speed=8.93865361)
    vehicle1.decelerate(trigger_sequence=4, target_speed=18.55387109)
    vehicle3.decelerate(trigger_sequence=4, target_speed=25.91688074)

2025-04-22 Tuesday 10:21:44  random_test.py : INFO  === Evaluation Finished === 
 Fitness: [3.500573311443585, -0.48586572438162545], Collision: False
2025-04-22 Tuesday 10:21:55  random_test.py : INFO  === Evaluate Testcase === 
 def testcase(self):
    vehicle1 = NPC(lane_id=3, offset=18.13663342, initial_speed=10.65216555)
    ego = NPC(lane_id=2, offset=27.75648705, initial_speed=16.33324537)
    vehicle1.changeLane(trigger_sequence=3, target_lane=3, target_speed=18.47261574)

2025-04-22 Tuesday 10:21:55  random_test.py : INFO  === Evaluation Finished === 
 Fitness: [8.416576042191625, -0.020134228187919462], Collision: False
2025-04-22 Tuesday 10:22:06  random_test.py : INFO  === Evaluate Testcase === 
 def testcase(self):
    ego = NPC(lane_id=2, offset=45.63804221, initial_speed=11.25480418)
    vehicle2 = NPC(lane_id=3, offset=11.94228762, initial_speed=8.36236226)
    vehicle3 = NPC(lane_id=1, offset=24.85464408, initial_speed=8.45680018)
    vehicle4 = NPC(lane_id=1, offset=45.37763227, initial_speed=1.36507456)
    vehicle2.accelerate(trigger_sequence=1, target_speed=50.36271198)
    vehicle3.decelerate(trigger_sequence=1, target_speed=22.5635807)
    vehicle4.decelerate(trigger_sequence=1, target_speed=24.46348985)
    vehicle2.decelerate(trigger_sequence=2, target_speed=1.23826793)
    vehicle4.accelerate(trigger_sequence=2, target_speed=50.2924928)
    vehicle2.changeLane(trigger_sequence=3, target_lane=3, target_speed=24.18765716)
    vehicle2.accelerate(trigger_sequence=4, target_speed=31.36715255)
    vehicle4.decelerate(trigger_sequence=5, target_speed=6.61910054)

2025-04-22 Tuesday 10:22:06  random_test.py : INFO  === Evaluation Finished === 
 Fitness: [3.491089553865286, -0.03], Collision: False
2025-04-22 Tuesday 10:22:17  random_test.py : INFO  === Evaluate Testcase === 
 def testcase(self):
    ego = NPC(lane_id=3, offset=41.04171621, initial_speed=0.93656601)
    vehicle2 = NPC(lane_id=3, offset=33.01796843, initial_speed=16.22526571)
    vehicle3 = NPC(lane_id=5, offset=41.7249747, initial_speed=17.08461182)
    vehicle4 = NPC(lane_id=4, offset=16.74622985, initial_speed=28.25936093)
    vehicle3.decelerate(trigger_sequence=1, target_speed=23.60051161)
    vehicle3.decelerate(trigger_sequence=2, target_speed=3.22206025)
    vehicle3.accelerate(trigger_sequence=3, target_speed=37.60720523)
    vehicle3.decelerate(trigger_sequence=4, target_speed=6.64237208)
    vehicle4.accelerate(trigger_sequence=4, target_speed=58.73381795)
    vehicle2.accelerate(trigger_sequence=5, target_speed=46.10558532)
    vehicle3.decelerate(trigger_sequence=5, target_speed=29.23633936)
    vehicle4.changeLane(trigger_sequence=5, target_lane=3, target_speed=45.85678146)

2025-04-22 Tuesday 10:22:17  random_test.py : INFO  === Evaluation Finished === 
 Fitness: [3.5143146931861406, -0.626890756302521], Collision: True
2025-04-22 Tuesday 10:22:17  random_test.py : INFO  === Find a coollision ===
2025-04-22 Tuesday 10:22:21  random_test.py : INFO  === Evaluate Testcase === 
 def testcase(self):
    ego = NPC(lane_id=5, offset=47.43180814, initial_speed=39.86225307)
    vehicle2 = NPC(lane_id=5, offset=29.39943406, initial_speed=30.73190573)
    vehicle3 = NPC(lane_id=5, offset=25.5992752, initial_speed=19.4586389)
    vehicle2.changeLane(trigger_sequence=1, target_lane=3, target_speed=14.22109821)
    vehicle3.accelerate(trigger_sequence=1, target_speed=47.96326122)
    vehicle3.decelerate(trigger_sequence=2, target_speed=27.09887939)
    vehicle2.decelerate(trigger_sequence=3, target_speed=22.87855507)
    vehicle3.decelerate(trigger_sequence=5, target_speed=6.47809947)

2025-04-22 Tuesday 10:22:21  random_test.py : INFO  === Evaluation Finished === 
 Fitness: [inf, 0], Collision: False
2025-04-22 Tuesday 10:22:32  random_test.py : INFO  === Evaluate Testcase === 
 def testcase(self):
    ego = NPC(lane_id=2, offset=36.5281623, initial_speed=13.98581981)
    vehicle2 = NPC(lane_id=3, offset=19.91469551, initial_speed=11.01600573)
    vehicle2.accelerate(trigger_sequence=5, target_speed=32.02141052)

2025-04-22 Tuesday 10:22:32  random_test.py : INFO  === Evaluation Finished === 
 Fitness: [14.833283064258477, -0.02847571189279732], Collision: False
2025-04-22 Tuesday 10:22:43  random_test.py : INFO  === Evaluate Testcase === 
 def testcase(self):
    ego = NPC(lane_id=3, offset=43.06049972, initial_speed=24.07166149)
    vehicle2 = NPC(lane_id=3, offset=19.44216045, initial_speed=38.80332762)
    vehicle2.accelerate(trigger_sequence=2, target_speed=55.3612592)
    vehicle2.accelerate(trigger_sequence=3, target_speed=45.44042222)
    vehicle2.decelerate(trigger_sequence=4, target_speed=15.92002617)

2025-04-22 Tuesday 10:22:43  random_test.py : INFO  === Evaluation Finished === 
 Fitness: [4.7501110115694045, -0.4691358024691358], Collision: True
2025-04-22 Tuesday 10:22:43  random_test.py : INFO  === Find a coollision ===
2025-04-22 Tuesday 10:22:53  random_test.py : INFO  === Evaluate Testcase === 
 def testcase(self):
    ego = NPC(lane_id=1, offset=28.12016219, initial_speed=38.73349684)
    vehicle2 = NPC(lane_id=1, offset=3.61556072, initial_speed=12.99960092)
    vehicle3 = NPC(lane_id=1, offset=34.61683588, initial_speed=19.65669934)
    vehicle4 = NPC(lane_id=2, offset=19.08975663, initial_speed=34.89267457)
    vehicle4.accelerate(trigger_sequence=1, target_speed=46.79071861)
    vehicle2.decelerate(trigger_sequence=3, target_speed=21.45549438)
    vehicle3.changeLane(trigger_sequence=3, target_lane=1, target_speed=37.98755695)
    vehicle3.decelerate(trigger_sequence=4, target_speed=8.43524604)
    vehicle2.decelerate(trigger_sequence=5, target_speed=18.93818198)
    vehicle3.accelerate(trigger_sequence=5, target_speed=32.173626)

2025-04-22 Tuesday 10:22:53  random_test.py : INFO  === Evaluation Finished === 
 Fitness: [3.5099023093301858, -0.0], Collision: False
2025-04-22 Tuesday 10:23:05  random_test.py : INFO  === Evaluate Testcase === 
 def testcase(self):
    vehicle1 = NPC(lane_id=4, offset=4.17082942, initial_speed=18.11674555)
    vehicle2 = NPC(lane_id=1, offset=13.45218809, initial_speed=29.00146235)
    ego = NPC(lane_id=3, offset=13.63162168, initial_speed=28.46883382)
    vehicle1.decelerate(trigger_sequence=2, target_speed=4.03381205)
    vehicle2.changeLane(trigger_sequence=2, target_lane=1, target_speed=42.63474707)
    vehicle1.decelerate(trigger_sequence=3, target_speed=3.01892737)
    vehicle2.changeLane(trigger_sequence=3, target_lane=3, target_speed=22.26294183)
    vehicle1.decelerate(trigger_sequence=4, target_speed=9.75586389)
    vehicle1.decelerate(trigger_sequence=5, target_speed=11.1143274)
    vehicle2.decelerate(trigger_sequence=5, target_speed=29.01337204)

2025-04-22 Tuesday 10:23:05  random_test.py : INFO  === Evaluation Finished === 
 Fitness: [3.323000946012828, -0.47950089126559714], Collision: True
2025-04-22 Tuesday 10:23:05  random_test.py : INFO  === Find a coollision ===
2025-04-22 Tuesday 10:23:09  random_test.py : INFO  === Evaluate Testcase === 
 def testcase(self):
    vehicle1 = NPC(lane_id=3, offset=36.48396558, initial_speed=5.57817308)
    vehicle2 = NPC(lane_id=3, offset=40.76690953, initial_speed=16.57578143)
    ego = NPC(lane_id=3, offset=36.71616222, initial_speed=0.98320259)
    vehicle2.decelerate(trigger_sequence=1, target_speed=4.51196051)
    vehicle1.changeLane(trigger_sequence=2, target_lane=3, target_speed=22.96805712)
    vehicle2.accelerate(trigger_sequence=2, target_speed=44.4858456)
    vehicle1.decelerate(trigger_sequence=4, target_speed=24.72742216)
    vehicle2.changeLane(trigger_sequence=4, target_lane=1, target_speed=19.50981404)

2025-04-22 Tuesday 10:23:09  random_test.py : INFO  === Evaluation Finished === 
 Fitness: [inf, 0], Collision: False
2025-04-22 Tuesday 10:23:20  random_test.py : INFO  === Evaluate Testcase === 
 def testcase(self):
    vehicle1 = NPC(lane_id=3, offset=32.14128832, initial_speed=16.65241434)
    vehicle2 = NPC(lane_id=4, offset=7.14923595, initial_speed=0.26924855)
    ego = NPC(lane_id=5, offset=42.20574991, initial_speed=30.5794034)
    vehicle2.accelerate(trigger_sequence=1, target_speed=49.14910123)
    vehicle1.accelerate(trigger_sequence=2, target_speed=40.35502721)
    vehicle2.accelerate(trigger_sequence=2, target_speed=42.38949027)
    vehicle1.decelerate(trigger_sequence=4, target_speed=17.41540694)
    vehicle2.accelerate(trigger_sequence=4, target_speed=45.38349363)
    vehicle1.changeLane(trigger_sequence=5, target_lane=3, target_speed=41.7895832)

2025-04-22 Tuesday 10:23:20  random_test.py : INFO  === Evaluation Finished === 
 Fitness: [9.358935786143281, -0.41323792486583183], Collision: False
2025-04-22 Tuesday 10:23:25  random_test.py : INFO  === Evaluate Testcase === 
 def testcase(self):
    vehicle1 = NPC(lane_id=1, offset=11.08734618, initial_speed=37.86028869)
    vehicle2 = NPC(lane_id=4, offset=17.87142767, initial_speed=21.28550882)
    ego = NPC(lane_id=2, offset=10.63871566, initial_speed=0.13431534)
    vehicle4 = NPC(lane_id=1, offset=12.49893239, initial_speed=16.52162652)
    vehicle2.decelerate(trigger_sequence=2, target_speed=19.61101785)
    vehicle4.changeLane(trigger_sequence=2, target_lane=3, target_speed=32.26465253)
    vehicle2.decelerate(trigger_sequence=5, target_speed=1.84095317)
    vehicle4.decelerate(trigger_sequence=5, target_speed=16.97497436)

2025-04-22 Tuesday 10:23:25  random_test.py : INFO  === Evaluation Finished === 
 Fitness: [inf, 0], Collision: False
2025-04-22 Tuesday 10:23:36  random_test.py : INFO  === Evaluate Testcase === 
 def testcase(self):
    ego = NPC(lane_id=5, offset=44.56253431, initial_speed=2.50150734)
    vehicle2 = NPC(lane_id=1, offset=38.08752447, initial_speed=15.28473146)
    vehicle2.decelerate(trigger_sequence=2, target_speed=0.49177003)
    vehicle2.changeLane(trigger_sequence=3, target_lane=1, target_speed=52.86143549)

2025-04-22 Tuesday 10:23:36  random_test.py : INFO  === Evaluation Finished === 
 Fitness: [13.99227150481734, -0.5235690235690236], Collision: False
2025-04-22 Tuesday 10:23:47  random_test.py : INFO  === Evaluate Testcase === 
 def testcase(self):
    ego = NPC(lane_id=1, offset=41.66824824, initial_speed=7.84271001)
    vehicle2 = NPC(lane_id=3, offset=48.02921341, initial_speed=30.75547592)
    vehicle3 = NPC(lane_id=3, offset=35.75716057, initial_speed=6.30886317)
    vehicle3.decelerate(trigger_sequence=2, target_speed=20.12736739)
    vehicle3.changeLane(trigger_sequence=3, target_lane=3, target_speed=16.85375858)
    vehicle3.changeLane(trigger_sequence=4, target_lane=1, target_speed=45.65284277)

2025-04-22 Tuesday 10:23:47  random_test.py : INFO  === Evaluation Finished === 
 Fitness: [6.9998481764923675, -0.04], Collision: False
2025-04-22 Tuesday 10:23:57  random_test.py : INFO  === Evaluate Testcase === 
 def testcase(self):
    ego = NPC(lane_id=2, offset=24.05861644, initial_speed=8.26492742)
    vehicle2 = NPC(lane_id=1, offset=10.16764084, initial_speed=39.56477068)
    vehicle2.accelerate(trigger_sequence=2, target_speed=49.02876172)
    vehicle2.changeLane(trigger_sequence=4, target_lane=1, target_speed=44.6083729)

2025-04-22 Tuesday 10:23:57  random_test.py : INFO  === Evaluation Finished === 
 Fitness: [3.492424852938958, -0.03666666666666667], Collision: False
2025-04-22 Tuesday 10:24:09  random_test.py : INFO  === Evaluate Testcase === 
 def testcase(self):
    ego = NPC(lane_id=3, offset=3.89969748, initial_speed=31.11357931)
    vehicle2 = NPC(lane_id=1, offset=11.84135149, initial_speed=39.07252046)
    vehicle3 = NPC(lane_id=5, offset=12.05611349, initial_speed=22.837719)
    vehicle4 = NPC(lane_id=1, offset=23.22076076, initial_speed=19.05617189)
    vehicle2.changeLane(trigger_sequence=1, target_lane=3, target_speed=49.51943563)
    vehicle3.accelerate(trigger_sequence=1, target_speed=47.61115966)
    vehicle2.decelerate(trigger_sequence=2, target_speed=4.84751163)
    vehicle3.decelerate(trigger_sequence=2, target_speed=1.67023418)
    vehicle2.decelerate(trigger_sequence=3, target_speed=22.34308972)
    vehicle4.changeLane(trigger_sequence=3, target_lane=1, target_speed=32.96892016)
    vehicle3.decelerate(trigger_sequence=4, target_speed=23.99945207)
    vehicle2.accelerate(trigger_sequence=5, target_speed=51.9818919)
    vehicle3.accelerate(trigger_sequence=5, target_speed=39.45961659)

2025-04-22 Tuesday 10:24:09  random_test.py : INFO  === Evaluation Finished === 
 Fitness: [7.001698890530316, -0.3906810035842294], Collision: False
2025-04-22 Tuesday 10:24:20  random_test.py : INFO  === Evaluate Testcase === 
 def testcase(self):
    vehicle1 = NPC(lane_id=3, offset=34.09580367, initial_speed=3.17401872)
    vehicle2 = NPC(lane_id=1, offset=40.12839265, initial_speed=5.90513728)
    ego = NPC(lane_id=2, offset=47.08651237, initial_speed=14.45315261)
    vehicle4 = NPC(lane_id=3, offset=21.57970427, initial_speed=9.78501723)
    vehicle1.decelerate(trigger_sequence=1, target_speed=14.03851501)
    vehicle1.decelerate(trigger_sequence=2, target_speed=12.29286451)
    vehicle4.changeLane(trigger_sequence=2, target_lane=1, target_speed=43.05508139)
    vehicle1.changeLane(trigger_sequence=3, target_lane=3, target_speed=2.21939633)
    vehicle4.accelerate(trigger_sequence=3, target_speed=34.49190679)
    vehicle2.accelerate(trigger_sequence=4, target_speed=45.16351617)
    vehicle4.decelerate(trigger_sequence=4, target_speed=12.79130088)
    vehicle1.accelerate(trigger_sequence=5, target_speed=35.70524523)
    vehicle4.changeLane(trigger_sequence=5, target_lane=3, target_speed=38.17175519)

2025-04-22 Tuesday 10:24:20  random_test.py : INFO  === Evaluation Finished === 
 Fitness: [3.5046533224210847, -0.025041736227045076], Collision: False
2025-04-22 Tuesday 10:24:31  random_test.py : INFO  === Evaluate Testcase === 
 def testcase(self):
    vehicle1 = NPC(lane_id=2, offset=9.6188506, initial_speed=27.94076201)
    vehicle2 = NPC(lane_id=1, offset=38.97633641, initial_speed=30.59087255)
    ego = NPC(lane_id=2, offset=2.89091791, initial_speed=38.64410521)
    vehicle2.decelerate(trigger_sequence=1, target_speed=11.13306369)
    vehicle1.decelerate(trigger_sequence=2, target_speed=18.43746079)
    vehicle1.changeLane(trigger_sequence=3, target_lane=1, target_speed=8.74968675)
    vehicle1.changeLane(trigger_sequence=4, target_lane=3, target_speed=4.37003613)
    vehicle2.changeLane(trigger_sequence=5, target_lane=3, target_speed=42.6469295)

2025-04-22 Tuesday 10:24:31  random_test.py : INFO  === Evaluation Finished === 
 Fitness: [3.499788820259867, -0.35424354243542433], Collision: False
2025-04-22 Tuesday 10:24:42  random_test.py : INFO  === Evaluate Testcase === 
 def testcase(self):
    vehicle1 = NPC(lane_id=4, offset=10.10665697, initial_speed=16.60427133)
    ego = NPC(lane_id=3, offset=36.61746696, initial_speed=24.58504463)
    vehicle3 = NPC(lane_id=1, offset=48.18237351, initial_speed=9.37248008)
    vehicle4 = NPC(lane_id=1, offset=35.21309943, initial_speed=17.54640438)
    vehicle1.accelerate(trigger_sequence=1, target_speed=35.02700216)
    vehicle4.decelerate(trigger_sequence=2, target_speed=7.97893609)
    vehicle1.decelerate(trigger_sequence=4, target_speed=4.26339601)
    vehicle3.accelerate(trigger_sequence=4, target_speed=43.55020628)
    vehicle3.decelerate(trigger_sequence=5, target_speed=23.5312842)

2025-04-22 Tuesday 10:24:42  random_test.py : INFO  === Evaluation Finished === 
 Fitness: [3.499421341173325, -0.519434628975265], Collision: False
2025-04-22 Tuesday 10:24:53  random_test.py : INFO  === Evaluate Testcase === 
 def testcase(self):
    ego = NPC(lane_id=3, offset=4.6528431, initial_speed=0.58687164)
    vehicle2 = NPC(lane_id=5, offset=48.35712166, initial_speed=22.04088459)
    vehicle3 = NPC(lane_id=2, offset=37.00514509, initial_speed=38.71240125)
    vehicle4 = NPC(lane_id=5, offset=10.18766153, initial_speed=4.16014254)
    vehicle2.changeLane(trigger_sequence=2, target_lane=1, target_speed=5.99477279)
    vehicle3.decelerate(trigger_sequence=4, target_speed=10.87966231)
    vehicle3.accelerate(trigger_sequence=5, target_speed=33.19528431)
    vehicle4.decelerate(trigger_sequence=5, target_speed=20.2187019)

2025-04-22 Tuesday 10:24:53  random_test.py : INFO  === Evaluation Finished === 
 Fitness: [8.966941113250297, -0.6487394957983194], Collision: False
2025-04-22 Tuesday 10:25:04  random_test.py : INFO  === Evaluate Testcase === 
 def testcase(self):
    ego = NPC(lane_id=4, offset=44.51172727, initial_speed=14.06446156)
    vehicle2 = NPC(lane_id=3, offset=22.993278, initial_speed=30.42076612)
    vehicle2.changeLane(trigger_sequence=1, target_lane=3, target_speed=12.23961211)
    vehicle2.changeLane(trigger_sequence=3, target_lane=3, target_speed=50.94306888)

2025-04-22 Tuesday 10:25:04  random_test.py : INFO  === Evaluation Finished === 
 Fitness: [3.4999027071452256, -0.023450586264656615], Collision: False
2025-04-22 Tuesday 10:25:15  random_test.py : INFO  === Evaluate Testcase === 
 def testcase(self):
    ego = NPC(lane_id=1, offset=12.24097086, initial_speed=33.02362951)
    vehicle2 = NPC(lane_id=3, offset=19.7445383, initial_speed=34.52235297)
    vehicle2.decelerate(trigger_sequence=1, target_speed=22.08955884)
    vehicle2.accelerate(trigger_sequence=4, target_speed=44.06851289)

2025-04-22 Tuesday 10:25:15  random_test.py : INFO  === Evaluation Finished === 
 Fitness: [7.000300462179102, -0.3567567567567568], Collision: False
2025-04-22 Tuesday 10:25:19  random_test.py : INFO  === Evaluate Testcase === 
 def testcase(self):
    vehicle1 = NPC(lane_id=3, offset=0.56158351, initial_speed=31.59926518)
    ego = NPC(lane_id=4, offset=9.94398454, initial_speed=28.72280372)
    vehicle3 = NPC(lane_id=4, offset=8.37205118, initial_speed=14.41003882)
    vehicle1.accelerate(trigger_sequence=1, target_speed=54.00794442)
    vehicle3.changeLane(trigger_sequence=1, target_lane=1, target_speed=8.75549191)
    vehicle1.accelerate(trigger_sequence=2, target_speed=48.38562004)
    vehicle3.decelerate(trigger_sequence=3, target_speed=12.70159931)
    vehicle1.decelerate(trigger_sequence=4, target_speed=5.02546202)
    vehicle1.changeLane(trigger_sequence=5, target_lane=3, target_speed=13.47020799)
    vehicle3.accelerate(trigger_sequence=5, target_speed=52.24281065)

2025-04-22 Tuesday 10:25:19  random_test.py : INFO  === Evaluation Finished === 
 Fitness: [inf, 0], Collision: False
2025-04-22 Tuesday 10:25:24  random_test.py : INFO  === Evaluate Testcase === 
 def testcase(self):
    vehicle1 = NPC(lane_id=5, offset=20.56830938, initial_speed=34.72570994)
    ego = NPC(lane_id=3, offset=14.62392552, initial_speed=2.76788283)
    vehicle3 = NPC(lane_id=5, offset=24.05134752, initial_speed=12.26682861)
    vehicle4 = NPC(lane_id=5, offset=24.95110024, initial_speed=24.27525715)
    vehicle3.changeLane(trigger_sequence=1, target_lane=1, target_speed=46.77875798)
    vehicle4.decelerate(trigger_sequence=1, target_speed=25.41653105)
    vehicle3.changeLane(trigger_sequence=2, target_lane=3, target_speed=0.60633196)
    vehicle1.accelerate(trigger_sequence=3, target_speed=39.44941048)
    vehicle3.accelerate(trigger_sequence=3, target_speed=44.36352098)
    vehicle4.changeLane(trigger_sequence=3, target_lane=1, target_speed=30.16523293)
    vehicle4.decelerate(trigger_sequence=4, target_speed=22.13585763)
    vehicle1.accelerate(trigger_sequence=5, target_speed=53.13662907)
    vehicle3.decelerate(trigger_sequence=5, target_speed=13.36073387)

2025-04-22 Tuesday 10:25:24  random_test.py : INFO  === Evaluation Finished === 
 Fitness: [inf, 0], Collision: False
2025-04-22 Tuesday 10:25:35  random_test.py : INFO  === Evaluate Testcase === 
 def testcase(self):
    vehicle1 = NPC(lane_id=5, offset=38.32612975, initial_speed=24.65837574)
    ego = NPC(lane_id=5, offset=20.65180355, initial_speed=24.9773551)
    vehicle3 = NPC(lane_id=2, offset=42.67162794, initial_speed=29.87086124)
    vehicle3.accelerate(trigger_sequence=2, target_speed=55.81257233)
    vehicle3.accelerate(trigger_sequence=3, target_speed=30.07335831)
    vehicle1.decelerate(trigger_sequence=4, target_speed=20.52784336)

2025-04-22 Tuesday 10:25:35  random_test.py : INFO  === Evaluation Finished === 
 Fitness: [13.098420247316133, -0.5353356890459364], Collision: False
2025-04-22 Tuesday 10:25:46  random_test.py : INFO  === Evaluate Testcase === 
 def testcase(self):
    ego = NPC(lane_id=3, offset=27.20200779, initial_speed=23.53268171)
    vehicle2 = NPC(lane_id=4, offset=12.41373975, initial_speed=31.71479041)
    vehicle2.accelerate(trigger_sequence=1, target_speed=36.05861847)
    vehicle2.decelerate(trigger_sequence=4, target_speed=24.17992062)
    vehicle2.decelerate(trigger_sequence=5, target_speed=25.22524059)

2025-04-22 Tuesday 10:25:46  random_test.py : INFO  === Evaluation Finished === 
 Fitness: [3.5008485403638474, -0.5299295774647887], Collision: False
2025-04-22 Tuesday 10:25:56  random_test.py : INFO  === Evaluate Testcase === 
 def testcase(self):
    ego = NPC(lane_id=2, offset=38.45528579, initial_speed=32.76846823)
    vehicle2 = NPC(lane_id=4, offset=28.17062007, initial_speed=24.57943679)
    vehicle2.changeLane(trigger_sequence=1, target_lane=3, target_speed=28.3109999)
    vehicle2.changeLane(trigger_sequence=3, target_lane=3, target_speed=45.77426672)
    vehicle2.decelerate(trigger_sequence=5, target_speed=8.35178479)

2025-04-22 Tuesday 10:25:56  random_test.py : INFO  === Evaluation Finished === 
 Fitness: [7.824686020649599, -0.3723021582733813], Collision: False
2025-04-22 Tuesday 10:26:01  random_test.py : INFO  === Evaluate Testcase === 
 def testcase(self):
    ego = NPC(lane_id=1, offset=48.93119181, initial_speed=33.815667)
    vehicle2 = NPC(lane_id=3, offset=7.00475386, initial_speed=5.21612754)
    vehicle3 = NPC(lane_id=5, offset=38.64537687, initial_speed=9.52989083)
    vehicle4 = NPC(lane_id=1, offset=48.15074976, initial_speed=39.77349915)
    vehicle4.accelerate(trigger_sequence=1, target_speed=30.05530281)
    vehicle3.decelerate(trigger_sequence=2, target_speed=15.6837019)
    vehicle4.decelerate(trigger_sequence=2, target_speed=4.92902309)
    vehicle4.changeLane(trigger_sequence=3, target_lane=1, target_speed=59.79630613)
    vehicle3.decelerate(trigger_sequence=4, target_speed=10.06010296)
    vehicle2.accelerate(trigger_sequence=5, target_speed=31.74536509)
    vehicle3.changeLane(trigger_sequence=5, target_lane=1, target_speed=19.98043776)
    vehicle4.decelerate(trigger_sequence=5, target_speed=23.00784709)

2025-04-22 Tuesday 10:26:01  random_test.py : INFO  === Evaluation Finished === 
 Fitness: [inf, 0], Collision: False
2025-04-22 Tuesday 10:26:13  random_test.py : INFO  === Evaluate Testcase === 
 def testcase(self):
    vehicle1 = NPC(lane_id=5, offset=36.0968667, initial_speed=0.41911545)
    vehicle2 = NPC(lane_id=4, offset=18.52410865, initial_speed=31.51177292)
    vehicle3 = NPC(lane_id=3, offset=37.07450349, initial_speed=18.46638538)
    ego = NPC(lane_id=5, offset=17.65508855, initial_speed=25.61748065)
    vehicle1.accelerate(trigger_sequence=1, target_speed=55.09083633)
    vehicle2.accelerate(trigger_sequence=1, target_speed=44.81374394)
    vehicle3.changeLane(trigger_sequence=1, target_lane=1, target_speed=48.43762678)
    vehicle1.changeLane(trigger_sequence=2, target_lane=3, target_speed=5.52649187)
    vehicle2.accelerate(trigger_sequence=2, target_speed=43.22672982)
    vehicle2.accelerate(trigger_sequence=3, target_speed=59.79323265)
    vehicle3.changeLane(trigger_sequence=3, target_lane=1, target_speed=46.50951838)
    vehicle3.changeLane(trigger_sequence=4, target_lane=3, target_speed=58.66330172)
    vehicle1.changeLane(trigger_sequence=5, target_lane=3, target_speed=59.04010316)
    vehicle3.accelerate(trigger_sequence=5, target_speed=48.89520156)

2025-04-22 Tuesday 10:26:13  random_test.py : INFO  === Evaluation Finished === 
 Fitness: [3.5022563052128945, -0.44778761061946903], Collision: False
2025-04-22 Tuesday 10:26:23  random_test.py : INFO  === Evaluate Testcase === 
 def testcase(self):
    ego = NPC(lane_id=2, offset=33.50489098, initial_speed=23.4185375)
    vehicle2 = NPC(lane_id=4, offset=2.21849947, initial_speed=15.19932228)
    vehicle2.decelerate(trigger_sequence=4, target_speed=18.21673681)

2025-04-22 Tuesday 10:26:23  random_test.py : INFO  === Evaluation Finished === 
 Fitness: [28.98370220644747, -0.5387323943661971], Collision: False
2025-04-22 Tuesday 10:26:28  random_test.py : INFO  === Evaluate Testcase === 
 def testcase(self):
    ego = NPC(lane_id=5, offset=49.91568444, initial_speed=29.46384544)
    vehicle2 = NPC(lane_id=1, offset=29.041427, initial_speed=26.46630734)
    vehicle3 = NPC(lane_id=1, offset=48.63252894, initial_speed=20.385065)
    vehicle4 = NPC(lane_id=1, offset=33.54888168, initial_speed=26.37724985)
    vehicle4.decelerate(trigger_sequence=1, target_speed=21.0131958)
    vehicle2.changeLane(trigger_sequence=2, target_lane=3, target_speed=24.91754005)
    vehicle3.changeLane(trigger_sequence=2, target_lane=1, target_speed=11.64414068)
    vehicle4.changeLane(trigger_sequence=2, target_lane=3, target_speed=51.96726743)
    vehicle4.changeLane(trigger_sequence=3, target_lane=1, target_speed=35.97705534)
    vehicle2.accelerate(trigger_sequence=4, target_speed=51.4001461)
    vehicle2.changeLane(trigger_sequence=5, target_lane=3, target_speed=19.20375184)
    vehicle3.changeLane(trigger_sequence=5, target_lane=3, target_speed=13.76156401)
    vehicle4.decelerate(trigger_sequence=5, target_speed=11.56987351)

2025-04-22 Tuesday 10:26:28  random_test.py : INFO  === Evaluation Finished === 
 Fitness: [inf, 0], Collision: False
2025-04-22 Tuesday 10:26:40  random_test.py : INFO  === Evaluate Testcase === 
 def testcase(self):
    ego = NPC(lane_id=4, offset=36.6397191, initial_speed=0.18562417)
    vehicle2 = NPC(lane_id=2, offset=0.18191145, initial_speed=22.73971599)
    vehicle3 = NPC(lane_id=4, offset=17.46373644, initial_speed=8.60310553)
    vehicle3.accelerate(trigger_sequence=1, target_speed=48.56944126)
    vehicle2.changeLane(trigger_sequence=2, target_lane=3, target_speed=27.76806525)
    vehicle3.changeLane(trigger_sequence=2, target_lane=3, target_speed=33.39725512)
    vehicle3.decelerate(trigger_sequence=3, target_speed=29.09219833)
    vehicle2.decelerate(trigger_sequence=4, target_speed=15.8134971)
    vehicle3.changeLane(trigger_sequence=5, target_lane=3, target_speed=1.58015886)

2025-04-22 Tuesday 10:26:40  random_test.py : INFO  === Evaluation Finished === 
 Fitness: [4.747295274742351, -0.8585858585858586], Collision: True
2025-04-22 Tuesday 10:26:40  random_test.py : INFO  === Find a coollision ===
2025-04-22 Tuesday 10:26:51  random_test.py : INFO  === Evaluate Testcase === 
 def testcase(self):
    ego = NPC(lane_id=2, offset=20.43450968, initial_speed=38.90298277)
    vehicle2 = NPC(lane_id=5, offset=41.47967657, initial_speed=38.39923654)
    vehicle3 = NPC(lane_id=3, offset=27.17747483, initial_speed=27.61965831)
    vehicle3.accelerate(trigger_sequence=1, target_speed=59.54720839)
    vehicle3.decelerate(trigger_sequence=2, target_speed=24.3507785)
    vehicle2.changeLane(trigger_sequence=4, target_lane=1, target_speed=20.38934229)
    vehicle3.changeLane(trigger_sequence=4, target_lane=1, target_speed=37.49432365)
    vehicle2.decelerate(trigger_sequence=5, target_speed=10.60381204)

2025-04-22 Tuesday 10:26:51  random_test.py : INFO  === Evaluation Finished === 
 Fitness: [0.4903457427714601, -0.25045703839122485], Collision: True
2025-04-22 Tuesday 10:26:51  random_test.py : INFO  === Find a coollision ===
2025-04-22 Tuesday 10:26:56  random_test.py : INFO  === Evaluate Testcase === 
 def testcase(self):
    ego = NPC(lane_id=5, offset=11.15332608, initial_speed=19.17093833)
    vehicle2 = NPC(lane_id=4, offset=18.52048699, initial_speed=1.56390636)
    vehicle3 = NPC(lane_id=5, offset=8.80465626, initial_speed=39.49204397)
    vehicle4 = NPC(lane_id=1, offset=20.95890741, initial_speed=16.24234779)
    vehicle2.changeLane(trigger_sequence=1, target_lane=3, target_speed=48.61919904)
    vehicle3.changeLane(trigger_sequence=1, target_lane=3, target_speed=41.52152965)
    vehicle4.accelerate(trigger_sequence=1, target_speed=59.17487467)
    vehicle2.decelerate(trigger_sequence=3, target_speed=10.10825403)
    vehicle4.changeLane(trigger_sequence=3, target_lane=3, target_speed=11.22932069)
    vehicle3.decelerate(trigger_sequence=5, target_speed=2.55373128)

2025-04-22 Tuesday 10:26:56  random_test.py : INFO  === Evaluation Finished === 
 Fitness: [inf, 0], Collision: False
2025-04-22 Tuesday 10:27:06  random_test.py : INFO  === Evaluate Testcase === 
 def testcase(self):
    vehicle1 = NPC(lane_id=2, offset=24.26514277, initial_speed=1.94654293)
    ego = NPC(lane_id=5, offset=48.72505058, initial_speed=17.00156993)
    vehicle1.accelerate(trigger_sequence=1, target_speed=40.85020984)
    vehicle1.changeLane(trigger_sequence=3, target_lane=1, target_speed=37.82445759)
    vehicle1.decelerate(trigger_sequence=4, target_speed=17.94158225)

2025-04-22 Tuesday 10:27:06  random_test.py : INFO  === Evaluation Finished === 
 Fitness: [13.999834147039614, -0.018998272884283247], Collision: False
2025-04-22 Tuesday 10:27:18  random_test.py : INFO  === Evaluate Testcase === 
 def testcase(self):
    vehicle1 = NPC(lane_id=1, offset=4.0349553, initial_speed=33.416442)
    vehicle2 = NPC(lane_id=3, offset=8.44062563, initial_speed=0.91221667)
    ego = NPC(lane_id=5, offset=20.65823616, initial_speed=9.8903393)
    vehicle2.changeLane(trigger_sequence=1, target_lane=1, target_speed=16.74589509)
    vehicle2.changeLane(trigger_sequence=2, target_lane=1, target_speed=3.30101546)
    vehicle2.accelerate(trigger_sequence=4, target_speed=33.98246922)
    vehicle2.changeLane(trigger_sequence=5, target_lane=3, target_speed=0.99264475)

2025-04-22 Tuesday 10:27:18  random_test.py : INFO  === Evaluation Finished === 
 Fitness: [2.320897943690789, -0.12333333333333334], Collision: True
2025-04-22 Tuesday 10:27:18  random_test.py : INFO  === Find a coollision ===
2025-04-22 Tuesday 10:27:29  random_test.py : INFO  === Evaluate Testcase === 
 def testcase(self):
    ego = NPC(lane_id=2, offset=0.25946402, initial_speed=17.94383165)
    vehicle2 = NPC(lane_id=4, offset=33.84835934, initial_speed=15.69923739)
    vehicle2.changeLane(trigger_sequence=2, target_lane=3, target_speed=30.80095144)
    vehicle2.accelerate(trigger_sequence=3, target_speed=30.78772775)
    vehicle2.changeLane(trigger_sequence=5, target_lane=3, target_speed=20.19615604)

2025-04-22 Tuesday 10:27:29  random_test.py : INFO  === Evaluation Finished === 
 Fitness: [30.499782371661386, -0.015570934256055362], Collision: False
2025-04-22 Tuesday 10:27:40  random_test.py : INFO  === Evaluate Testcase === 
 def testcase(self):
    vehicle1 = NPC(lane_id=3, offset=29.99075621, initial_speed=6.32334669)
    vehicle2 = NPC(lane_id=5, offset=39.41448049, initial_speed=20.72245687)
    vehicle3 = NPC(lane_id=2, offset=22.57205237, initial_speed=10.01861489)
    ego = NPC(lane_id=3, offset=24.31545609, initial_speed=20.19866056)
    vehicle2.accelerate(trigger_sequence=1, target_speed=38.06653915)
    vehicle1.decelerate(trigger_sequence=2, target_speed=22.20072271)
    vehicle2.decelerate(trigger_sequence=2, target_speed=6.61023845)
    vehicle2.accelerate(trigger_sequence=3, target_speed=59.19199382)
    vehicle1.accelerate(trigger_sequence=5, target_speed=43.3098182)

2025-04-22 Tuesday 10:27:40  random_test.py : INFO  === Evaluation Finished === 
 Fitness: [3.4914810200572974, -0.5833333333333334], Collision: False
2025-04-22 Tuesday 10:27:51  random_test.py : INFO  === Evaluate Testcase === 
 def testcase(self):
    vehicle1 = NPC(lane_id=5, offset=45.80882313, initial_speed=14.06757854)
    ego = NPC(lane_id=4, offset=33.77497367, initial_speed=38.35878423)
    vehicle1.changeLane(trigger_sequence=1, target_lane=3, target_speed=39.0121797)
    vehicle1.decelerate(trigger_sequence=2, target_speed=12.32030793)

2025-04-22 Tuesday 10:27:51  random_test.py : INFO  === Evaluation Finished === 
 Fitness: [3.502053650430701, -0.23722627737226276], Collision: False
2025-04-22 Tuesday 10:28:02  random_test.py : INFO  === Evaluate Testcase === 
 def testcase(self):
    vehicle1 = NPC(lane_id=3, offset=3.41491713, initial_speed=29.8809857)
    ego = NPC(lane_id=4, offset=46.70944075, initial_speed=35.24127284)
    vehicle1.accelerate(trigger_sequence=2, target_speed=58.33777011)
    vehicle1.accelerate(trigger_sequence=3, target_speed=35.88665779)
    vehicle1.changeLane(trigger_sequence=4, target_lane=1, target_speed=59.58213393)

2025-04-22 Tuesday 10:28:02  random_test.py : INFO  === Evaluation Finished === 
 Fitness: [6.999890024109439, -0.30978260869565216], Collision: False
2025-04-22 Tuesday 10:28:13  random_test.py : INFO  === Evaluate Testcase === 
 def testcase(self):
    ego = NPC(lane_id=1, offset=27.18538286, initial_speed=33.04819636)
    vehicle2 = NPC(lane_id=2, offset=11.55577357, initial_speed=2.39294157)
    vehicle3 = NPC(lane_id=4, offset=45.99747665, initial_speed=8.50153461)
    vehicle4 = NPC(lane_id=1, offset=37.87458647, initial_speed=22.6828451)
    vehicle2.decelerate(trigger_sequence=1, target_speed=9.5522413)
    vehicle3.changeLane(trigger_sequence=1, target_lane=1, target_speed=48.02234243)
    vehicle2.accelerate(trigger_sequence=2, target_speed=46.42950237)
    vehicle2.changeLane(trigger_sequence=3, target_lane=3, target_speed=6.18919765)
    vehicle3.accelerate(trigger_sequence=3, target_speed=49.22039254)
    vehicle3.decelerate(trigger_sequence=4, target_speed=20.41699191)
    vehicle4.accelerate(trigger_sequence=4, target_speed=30.40674253)
    vehicle2.changeLane(trigger_sequence=5, target_lane=3, target_speed=12.90256461)
    vehicle4.decelerate(trigger_sequence=5, target_speed=20.68578839)

2025-04-22 Tuesday 10:28:13  random_test.py : INFO  === Evaluation Finished === 
 Fitness: [7.000520743301909, -0.5495495495495496], Collision: False
2025-04-22 Tuesday 10:28:25  random_test.py : INFO  === Evaluate Testcase === 
 def testcase(self):
    vehicle1 = NPC(lane_id=5, offset=15.82186217, initial_speed=35.40676528)
    ego = NPC(lane_id=3, offset=21.62280708, initial_speed=24.01935049)
    vehicle3 = NPC(lane_id=4, offset=37.07180671, initial_speed=16.86066259)
    vehicle1.decelerate(trigger_sequence=1, target_speed=9.67968708)
    vehicle3.changeLane(trigger_sequence=3, target_lane=3, target_speed=28.18418111)
    vehicle1.decelerate(trigger_sequence=5, target_speed=27.61324031)
    vehicle3.changeLane(trigger_sequence=5, target_lane=3, target_speed=30.7678264)

2025-04-22 Tuesday 10:28:25  random_test.py : INFO  === Evaluation Finished === 
 Fitness: [3.4997466294785964, -0.6049382716049383], Collision: True
2025-04-22 Tuesday 10:28:25  random_test.py : INFO  === Find a coollision ===
2025-04-22 Tuesday 10:28:35  random_test.py : INFO  === Evaluate Testcase === 
 def testcase(self):
    ego = NPC(lane_id=4, offset=47.99418767, initial_speed=36.28257039)
    vehicle2 = NPC(lane_id=5, offset=49.66835631, initial_speed=25.36464928)
    vehicle3 = NPC(lane_id=3, offset=4.09949463, initial_speed=5.99360095)
    vehicle3.changeLane(trigger_sequence=1, target_lane=3, target_speed=23.77509583)
    vehicle2.decelerate(trigger_sequence=2, target_speed=4.3032862)
    vehicle2.accelerate(trigger_sequence=4, target_speed=51.89479381)

2025-04-22 Tuesday 10:28:35  random_test.py : INFO  === Evaluation Finished === 
 Fitness: [3.5003479877453203, -0.2958257713248639], Collision: False
2025-04-22 Tuesday 10:28:47  random_test.py : INFO  === Evaluate Testcase === 
 def testcase(self):
    vehicle1 = NPC(lane_id=3, offset=21.877233, initial_speed=12.88299679)
    vehicle2 = NPC(lane_id=4, offset=23.51766148, initial_speed=10.97049293)
    ego = NPC(lane_id=2, offset=41.46885718, initial_speed=10.33441431)
    vehicle4 = NPC(lane_id=5, offset=42.50446227, initial_speed=21.90897651)
    vehicle1.decelerate(trigger_sequence=1, target_speed=29.92525136)
    vehicle2.accelerate(trigger_sequence=1, target_speed=30.99953388)
    vehicle1.accelerate(trigger_sequence=2, target_speed=40.69089077)
    vehicle1.accelerate(trigger_sequence=3, target_speed=34.98925891)
    vehicle2.accelerate(trigger_sequence=3, target_speed=59.99283721)
    vehicle2.decelerate(trigger_sequence=4, target_speed=2.24159619)
    vehicle1.changeLane(trigger_sequence=5, target_lane=3, target_speed=20.13957703)
    vehicle2.accelerate(trigger_sequence=5, target_speed=54.36216602)
    vehicle4.changeLane(trigger_sequence=5, target_lane=3, target_speed=7.67305844)

2025-04-22 Tuesday 10:28:47  random_test.py : INFO  === Evaluation Finished === 
 Fitness: [3.5004940107740077, -0.023333333333333334], Collision: False
2025-04-22 Tuesday 10:28:58  random_test.py : INFO  === Evaluate Testcase === 
 def testcase(self):
    vehicle1 = NPC(lane_id=3, offset=44.96055712, initial_speed=38.15590529)
    ego = NPC(lane_id=4, offset=46.35150108, initial_speed=1.16464463)
    vehicle1.decelerate(trigger_sequence=2, target_speed=1.04807089)

2025-04-22 Tuesday 10:28:58  random_test.py : INFO  === Evaluation Finished === 
 Fitness: [3.4964429846410985, -0.6627318718381113], Collision: False
2025-04-22 Tuesday 10:29:09  random_test.py : INFO  === Evaluate Testcase === 
 def testcase(self):
    ego = NPC(lane_id=2, offset=10.94244572, initial_speed=27.47227732)
    vehicle2 = NPC(lane_id=3, offset=47.2872352, initial_speed=6.23684359)
    vehicle2.decelerate(trigger_sequence=4, target_speed=16.49711766)
    vehicle2.accelerate(trigger_sequence=5, target_speed=57.40696001)

2025-04-22 Tuesday 10:29:09  random_test.py : INFO  === Evaluation Finished === 
 Fitness: [3.499700889282102, -0.4920071047957371], Collision: False
2025-04-22 Tuesday 10:29:20  random_test.py : INFO  === Evaluate Testcase === 
 def testcase(self):
    vehicle1 = NPC(lane_id=3, offset=37.24554892, initial_speed=18.90909058)
    vehicle2 = NPC(lane_id=3, offset=28.77684401, initial_speed=37.25444344)
    vehicle3 = NPC(lane_id=5, offset=6.17593408, initial_speed=26.34710102)
    ego = NPC(lane_id=4, offset=18.57683818, initial_speed=19.66313878)
    vehicle1.accelerate(trigger_sequence=1, target_speed=50.22925377)
    vehicle3.decelerate(trigger_sequence=2, target_speed=3.0303166)
    vehicle2.decelerate(trigger_sequence=3, target_speed=20.43388944)
    vehicle1.decelerate(trigger_sequence=4, target_speed=3.57473916)
    vehicle3.changeLane(trigger_sequence=4, target_lane=3, target_speed=17.58167121)
    vehicle1.decelerate(trigger_sequence=5, target_speed=12.28729034)
    vehicle3.changeLane(trigger_sequence=5, target_lane=1, target_speed=17.47664813)

2025-04-22 Tuesday 10:29:20  random_test.py : INFO  === Evaluation Finished === 
 Fitness: [3.5008874958754785, -0.6076388888888888], Collision: False
2025-04-22 Tuesday 10:29:31  random_test.py : INFO  === Evaluate Testcase === 
 def testcase(self):
    ego = NPC(lane_id=1, offset=29.41064897, initial_speed=36.73028508)
    vehicle2 = NPC(lane_id=2, offset=22.86798224, initial_speed=25.36227801)
    vehicle3 = NPC(lane_id=2, offset=3.85819507, initial_speed=36.54506666)
    vehicle4 = NPC(lane_id=5, offset=46.18484662, initial_speed=33.45103764)
    vehicle2.accelerate(trigger_sequence=1, target_speed=52.42784855)
    vehicle4.accelerate(trigger_sequence=1, target_speed=31.28404004)
    vehicle2.changeLane(trigger_sequence=2, target_lane=1, target_speed=40.08458961)
    vehicle3.accelerate(trigger_sequence=2, target_speed=55.67436432)
    vehicle2.decelerate(trigger_sequence=3, target_speed=10.83679979)
    vehicle3.decelerate(trigger_sequence=3, target_speed=18.53338747)
    vehicle4.changeLane(trigger_sequence=4, target_lane=1, target_speed=59.1310327)
    vehicle3.accelerate(trigger_sequence=5, target_speed=35.9311083)
    vehicle4.decelerate(trigger_sequence=5, target_speed=22.3685564)

2025-04-22 Tuesday 10:29:31  random_test.py : INFO  === Evaluation Finished === 
 Fitness: [0.6314728724078508, -0.2727272727272727], Collision: True
2025-04-22 Tuesday 10:29:31  random_test.py : INFO  === Find a coollision ===
2025-04-22 Tuesday 10:29:43  random_test.py : INFO  === Evaluate Testcase === 
 def testcase(self):
    ego = NPC(lane_id=5, offset=43.67304552, initial_speed=18.91429966)
    vehicle2 = NPC(lane_id=1, offset=18.29701944, initial_speed=5.81932929)
    vehicle3 = NPC(lane_id=3, offset=28.47241789, initial_speed=4.59428856)
    vehicle4 = NPC(lane_id=1, offset=31.7316038, initial_speed=34.01189394)
    vehicle2.accelerate(trigger_sequence=1, target_speed=54.34153753)
    vehicle4.changeLane(trigger_sequence=1, target_lane=3, target_speed=1.16680501)
    vehicle3.accelerate(trigger_sequence=2, target_speed=34.34984218)
    vehicle4.changeLane(trigger_sequence=3, target_lane=1, target_speed=27.49010316)
    vehicle3.accelerate(trigger_sequence=4, target_speed=37.850005)
    vehicle2.accelerate(trigger_sequence=5, target_speed=40.40878647)
    vehicle4.changeLane(trigger_sequence=5, target_lane=3, target_speed=29.80427606)

2025-04-22 Tuesday 10:29:43  random_test.py : INFO  === Evaluation Finished === 
 Fitness: [6.9992836403951015, -0.5892547660311959], Collision: False
2025-04-22 Tuesday 10:29:54  random_test.py : INFO  === Evaluate Testcase === 
 def testcase(self):
    vehicle1 = NPC(lane_id=1, offset=25.86426612, initial_speed=2.71688523)
    ego = NPC(lane_id=4, offset=41.45582384, initial_speed=7.49650297)
    vehicle1.changeLane(trigger_sequence=1, target_lane=3, target_speed=44.54397175)
    vehicle1.accelerate(trigger_sequence=3, target_speed=54.59689363)

2025-04-22 Tuesday 10:29:54  random_test.py : INFO  === Evaluation Finished === 
 Fitness: [10.500752949655238, -0.04], Collision: False
2025-04-22 Tuesday 10:30:06  random_test.py : INFO  === Evaluate Testcase === 
 def testcase(self):
    ego = NPC(lane_id=1, offset=15.33589093, initial_speed=10.72433562)
    vehicle2 = NPC(lane_id=4, offset=0.18682909, initial_speed=27.68896677)
    vehicle3 = NPC(lane_id=5, offset=31.57621726, initial_speed=20.33348503)
    vehicle4 = NPC(lane_id=3, offset=1.9064187, initial_speed=38.72375147)
    vehicle2.decelerate(trigger_sequence=1, target_speed=5.05314872)
    vehicle3.changeLane(trigger_sequence=1, target_lane=3, target_speed=44.11940811)
    vehicle3.accelerate(trigger_sequence=3, target_speed=43.96963272)
    vehicle4.changeLane(trigger_sequence=3, target_lane=1, target_speed=56.36429715)
    vehicle2.accelerate(trigger_sequence=4, target_speed=57.77092452)
    vehicle3.changeLane(trigger_sequence=4, target_lane=3, target_speed=54.78336436)

2025-04-22 Tuesday 10:30:06  random_test.py : INFO  === Evaluation Finished === 
 Fitness: [7.007287836372456, -0.03], Collision: False
2025-04-22 Tuesday 10:30:17  random_test.py : INFO  === Evaluate Testcase === 
 def testcase(self):
    vehicle1 = NPC(lane_id=5, offset=22.40298723, initial_speed=28.39046218)
    ego = NPC(lane_id=1, offset=43.87711472, initial_speed=36.09999291)
    vehicle3 = NPC(lane_id=2, offset=7.25954136, initial_speed=39.85564711)
    vehicle4 = NPC(lane_id=3, offset=9.49649942, initial_speed=31.42469271)
    vehicle1.decelerate(trigger_sequence=1, target_speed=17.69613772)
    vehicle3.changeLane(trigger_sequence=1, target_lane=1, target_speed=27.49384742)
    vehicle1.accelerate(trigger_sequence=2, target_speed=54.5061018)
    vehicle4.changeLane(trigger_sequence=2, target_lane=1, target_speed=19.89424521)
    vehicle3.accelerate(trigger_sequence=3, target_speed=35.6292224)
    vehicle4.decelerate(trigger_sequence=3, target_speed=28.85178459)
    vehicle3.changeLane(trigger_sequence=5, target_lane=1, target_speed=2.75316041)
    vehicle4.decelerate(trigger_sequence=5, target_speed=13.68541467)

2025-04-22 Tuesday 10:30:17  random_test.py : INFO  === Evaluation Finished === 
 Fitness: [14.000560997430634, -0.3103448275862069], Collision: False
2025-04-22 Tuesday 10:30:22  random_test.py : INFO  === Evaluate Testcase === 
 def testcase(self):
    ego = NPC(lane_id=3, offset=17.86015079, initial_speed=3.50486866)
    vehicle2 = NPC(lane_id=3, offset=13.17347334, initial_speed=18.29752009)
    vehicle3 = NPC(lane_id=5, offset=2.5819655, initial_speed=24.18007004)
    vehicle3.accelerate(trigger_sequence=1, target_speed=38.62291156)
    vehicle2.changeLane(trigger_sequence=4, target_lane=3, target_speed=2.62266636)
    vehicle3.accelerate(trigger_sequence=4, target_speed=52.74168069)

2025-04-22 Tuesday 10:30:22  random_test.py : INFO  === Evaluation Finished === 
 Fitness: [inf, 0], Collision: False
2025-04-22 Tuesday 10:30:27  random_test.py : INFO  === Evaluate Testcase === 
 def testcase(self):
    ego = NPC(lane_id=3, offset=29.80694057, initial_speed=18.70503075)
    vehicle2 = NPC(lane_id=5, offset=26.12122874, initial_speed=23.23883048)
    vehicle3 = NPC(lane_id=1, offset=9.28988112, initial_speed=13.53304049)
    vehicle4 = NPC(lane_id=5, offset=29.34842029, initial_speed=22.19723275)
    vehicle2.changeLane(trigger_sequence=1, target_lane=3, target_speed=49.06095907)
    vehicle3.changeLane(trigger_sequence=1, target_lane=3, target_speed=53.39304914)
    vehicle4.changeLane(trigger_sequence=1, target_lane=3, target_speed=31.23029439)
    vehicle2.accelerate(trigger_sequence=2, target_speed=45.38698844)
    vehicle3.changeLane(trigger_sequence=2, target_lane=1, target_speed=29.53408108)
    vehicle3.changeLane(trigger_sequence=3, target_lane=1, target_speed=25.31933502)
    vehicle4.changeLane(trigger_sequence=3, target_lane=1, target_speed=59.69625453)
    vehicle4.accelerate(trigger_sequence=4, target_speed=32.68199294)
    vehicle3.accelerate(trigger_sequence=5, target_speed=47.95908886)

2025-04-22 Tuesday 10:30:27  random_test.py : INFO  === Evaluation Finished === 
 Fitness: [inf, 0], Collision: False
2025-04-22 Tuesday 10:30:38  random_test.py : INFO  === Evaluate Testcase === 
 def testcase(self):
    vehicle1 = NPC(lane_id=4, offset=11.35348942, initial_speed=17.64416597)
    ego = NPC(lane_id=1, offset=16.82802967, initial_speed=31.19114317)
    vehicle3 = NPC(lane_id=2, offset=17.71890787, initial_speed=28.38042271)
    vehicle3.changeLane(trigger_sequence=1, target_lane=1, target_speed=42.17291413)
    vehicle1.decelerate(trigger_sequence=2, target_speed=11.59294629)
    vehicle3.changeLane(trigger_sequence=2, target_lane=3, target_speed=59.9863579)
    vehicle3.decelerate(trigger_sequence=3, target_speed=7.44171756)
    vehicle3.accelerate(trigger_sequence=4, target_speed=50.20494169)
    vehicle1.decelerate(trigger_sequence=5, target_speed=5.10964353)

2025-04-22 Tuesday 10:30:38  random_test.py : INFO  === Evaluation Finished === 
 Fitness: [3.737090726375615, -0.46236559139784944], Collision: False
2025-04-22 Tuesday 10:30:49  random_test.py : INFO  === Evaluate Testcase === 
 def testcase(self):
    vehicle1 = NPC(lane_id=2, offset=0.78380363, initial_speed=21.28643458)
    ego = NPC(lane_id=5, offset=12.05486428, initial_speed=7.90638598)
    vehicle1.accelerate(trigger_sequence=3, target_speed=58.49138413)
    vehicle1.accelerate(trigger_sequence=4, target_speed=47.33242995)
    vehicle1.decelerate(trigger_sequence=5, target_speed=2.36376842)

2025-04-22 Tuesday 10:30:49  random_test.py : INFO  === Evaluation Finished === 
 Fitness: [10.495594003045083, -0.04], Collision: False
2025-04-22 Tuesday 10:31:01  random_test.py : INFO  === Evaluate Testcase === 
 def testcase(self):
    ego = NPC(lane_id=3, offset=19.98429467, initial_speed=31.24800578)
    vehicle2 = NPC(lane_id=1, offset=33.73489222, initial_speed=22.7588265)
    vehicle3 = NPC(lane_id=5, offset=28.59356245, initial_speed=29.47540691)
    vehicle3.accelerate(trigger_sequence=1, target_speed=56.28541194)
    vehicle2.changeLane(trigger_sequence=2, target_lane=3, target_speed=33.72501077)
    vehicle2.accelerate(trigger_sequence=3, target_speed=34.43009565)
    vehicle3.decelerate(trigger_sequence=3, target_speed=21.48633242)
    vehicle3.changeLane(trigger_sequence=4, target_lane=3, target_speed=31.81045951)

2025-04-22 Tuesday 10:31:01  random_test.py : INFO  === Evaluation Finished === 
 Fitness: [1.9563512942073193, -0.34946236559139787], Collision: True
2025-04-22 Tuesday 10:31:01  random_test.py : INFO  === Find a coollision ===
2025-04-22 Tuesday 10:31:12  random_test.py : INFO  === Evaluate Testcase === 
 def testcase(self):
    ego = NPC(lane_id=4, offset=27.84989361, initial_speed=32.43620298)
    vehicle2 = NPC(lane_id=1, offset=33.60761424, initial_speed=31.47718386)
    vehicle2.accelerate(trigger_sequence=2, target_speed=55.38228901)
    vehicle2.decelerate(trigger_sequence=3, target_speed=25.92699826)
    vehicle2.decelerate(trigger_sequence=4, target_speed=3.81502771)
    vehicle2.changeLane(trigger_sequence=5, target_lane=3, target_speed=41.83226833)

2025-04-22 Tuesday 10:31:12  random_test.py : INFO  === Evaluation Finished === 
 Fitness: [12.183317980151827, -0.38489208633093525], Collision: False
2025-04-22 Tuesday 10:31:16  random_test.py : INFO  === Evaluate Testcase === 
 def testcase(self):
    vehicle1 = NPC(lane_id=1, offset=46.31349323, initial_speed=38.00373503)
    vehicle2 = NPC(lane_id=2, offset=32.21761906, initial_speed=27.19178824)
    ego = NPC(lane_id=1, offset=44.16962133, initial_speed=6.06595505)
    vehicle1.changeLane(trigger_sequence=1, target_lane=1, target_speed=24.64520578)
    vehicle2.decelerate(trigger_sequence=1, target_speed=5.3269111)
    vehicle1.changeLane(trigger_sequence=2, target_lane=3, target_speed=15.57317938)
    vehicle2.changeLane(trigger_sequence=2, target_lane=1, target_speed=6.9179961)
    vehicle1.changeLane(trigger_sequence=3, target_lane=3, target_speed=26.06470155)
    vehicle2.accelerate(trigger_sequence=3, target_speed=53.42226316)
    vehicle2.changeLane(trigger_sequence=5, target_lane=3, target_speed=28.03136519)

2025-04-22 Tuesday 10:31:16  random_test.py : INFO  === Evaluation Finished === 
 Fitness: [inf, 0], Collision: False
2025-04-22 Tuesday 10:31:28  random_test.py : INFO  === Evaluate Testcase === 
 def testcase(self):
    vehicle1 = NPC(lane_id=1, offset=18.71817072, initial_speed=7.27332998)
    vehicle2 = NPC(lane_id=2, offset=45.84412822, initial_speed=39.73643991)
    vehicle3 = NPC(lane_id=3, offset=4.61426938, initial_speed=20.78823748)
    ego = NPC(lane_id=5, offset=37.22196952, initial_speed=39.97152141)
    vehicle1.decelerate(trigger_sequence=1, target_speed=2.34773421)
    vehicle3.accelerate(trigger_sequence=1, target_speed=36.33860123)
    vehicle1.decelerate(trigger_sequence=2, target_speed=6.97410051)
    vehicle1.decelerate(trigger_sequence=3, target_speed=3.97563258)
    vehicle2.accelerate(trigger_sequence=3, target_speed=50.4129916)
    vehicle1.decelerate(trigger_sequence=4, target_speed=0.20359547)
    vehicle3.changeLane(trigger_sequence=4, target_lane=3, target_speed=15.29484111)
    vehicle1.decelerate(trigger_sequence=5, target_speed=26.02381699)
    vehicle2.decelerate(trigger_sequence=5, target_speed=10.34527267)

2025-04-22 Tuesday 10:31:28  random_test.py : INFO  === Evaluation Finished === 
 Fitness: [14.305567816425459, -0.20512820512820512], Collision: False
2025-04-22 Tuesday 10:31:39  random_test.py : INFO  === Evaluate Testcase === 
 def testcase(self):
    ego = NPC(lane_id=4, offset=26.31423884, initial_speed=30.10455661)
    vehicle2 = NPC(lane_id=5, offset=31.32548, initial_speed=37.11377146)
    vehicle2.changeLane(trigger_sequence=1, target_lane=3, target_speed=12.48919427)
    vehicle2.changeLane(trigger_sequence=2, target_lane=3, target_speed=54.43413139)
    vehicle2.decelerate(trigger_sequence=5, target_speed=15.83468396)

2025-04-22 Tuesday 10:31:39  random_test.py : INFO  === Evaluation Finished === 
 Fitness: [3.5005710563817996, -0.44364937388193204], Collision: False
2025-04-22 Tuesday 10:31:50  random_test.py : INFO  === Evaluate Testcase === 
 def testcase(self):
    ego = NPC(lane_id=2, offset=10.47123366, initial_speed=27.32865581)
    vehicle2 = NPC(lane_id=1, offset=34.37983124, initial_speed=9.28231245)
    vehicle2.decelerate(trigger_sequence=5, target_speed=5.92246591)

2025-04-22 Tuesday 10:31:50  random_test.py : INFO  === Evaluation Finished === 
 Fitness: [3.5015080859171666, -0.477797513321492], Collision: False
2025-04-22 Tuesday 10:32:02  random_test.py : INFO  === Evaluate Testcase === 
 def testcase(self):
    vehicle1 = NPC(lane_id=1, offset=3.86487354, initial_speed=24.07466725)
    ego = NPC(lane_id=5, offset=24.78919047, initial_speed=24.81021855)
    vehicle1.changeLane(trigger_sequence=1, target_lane=3, target_speed=29.52896021)
    vehicle1.decelerate(trigger_sequence=2, target_speed=0.20661925)
    vehicle1.accelerate(trigger_sequence=4, target_speed=49.77264176)

2025-04-22 Tuesday 10:32:02  random_test.py : INFO  === Evaluation Finished === 
 Fitness: [7.000771599687406, -0.48586572438162545], Collision: False
2025-04-22 Tuesday 10:32:14  random_test.py : INFO  === Evaluate Testcase === 
 def testcase(self):
    ego = NPC(lane_id=3, offset=48.9795003, initial_speed=35.05971667)
    vehicle2 = NPC(lane_id=2, offset=7.30089689, initial_speed=36.75105198)
    vehicle3 = NPC(lane_id=1, offset=10.7427347, initial_speed=32.9864264)
    vehicle4 = NPC(lane_id=5, offset=16.60356163, initial_speed=6.64238714)
    vehicle2.changeLane(trigger_sequence=1, target_lane=3, target_speed=54.14312783)
    vehicle3.changeLane(trigger_sequence=1, target_lane=1, target_speed=39.82797597)
    vehicle4.changeLane(trigger_sequence=1, target_lane=3, target_speed=22.38073887)
    vehicle2.accelerate(trigger_sequence=2, target_speed=53.87217059)
    vehicle2.decelerate(trigger_sequence=3, target_speed=11.13121159)
    vehicle3.changeLane(trigger_sequence=3, target_lane=3, target_speed=45.28559543)
    vehicle2.accelerate(trigger_sequence=5, target_speed=50.66253047)
    vehicle3.changeLane(trigger_sequence=5, target_lane=1, target_speed=28.3964197)
    vehicle4.accelerate(trigger_sequence=5, target_speed=49.12462598)

2025-04-22 Tuesday 10:32:14  random_test.py : INFO  === Evaluation Finished === 
 Fitness: [3.516699671734016, -0.2640144665461121], Collision: True
2025-04-22 Tuesday 10:32:14  random_test.py : INFO  === Find a coollision ===
2025-04-22 Tuesday 10:32:25  random_test.py : INFO  === Evaluate Testcase === 
 def testcase(self):
    ego = NPC(lane_id=4, offset=12.21796767, initial_speed=28.09070487)
    vehicle2 = NPC(lane_id=1, offset=48.8977737, initial_speed=33.127264)
    vehicle3 = NPC(lane_id=5, offset=1.61494195, initial_speed=25.5385428)
    vehicle2.accelerate(trigger_sequence=1, target_speed=58.76377134)
    vehicle3.accelerate(trigger_sequence=1, target_speed=51.09108368)
    vehicle3.accelerate(trigger_sequence=2, target_speed=46.90987861)
    vehicle3.accelerate(trigger_sequence=3, target_speed=53.46569441)
    vehicle3.decelerate(trigger_sequence=5, target_speed=17.22909521)

2025-04-22 Tuesday 10:32:25  random_test.py : INFO  === Evaluation Finished === 
 Fitness: [3.500220394173704, -0.47153024911032027], Collision: False
2025-04-22 Tuesday 10:32:37  random_test.py : INFO  === Evaluate Testcase === 
 def testcase(self):
    vehicle1 = NPC(lane_id=3, offset=6.88962458, initial_speed=12.45827144)
    vehicle2 = NPC(lane_id=1, offset=3.01533791, initial_speed=27.93885426)
    vehicle3 = NPC(lane_id=5, offset=31.84685805, initial_speed=12.73719384)
    ego = NPC(lane_id=4, offset=4.24934091, initial_speed=11.14114271)
    vehicle1.decelerate(trigger_sequence=1, target_speed=9.46080691)
    vehicle2.changeLane(trigger_sequence=1, target_lane=1, target_speed=22.89542887)
    vehicle3.accelerate(trigger_sequence=2, target_speed=49.792983)
    vehicle1.changeLane(trigger_sequence=3, target_lane=1, target_speed=52.38980734)
    vehicle2.decelerate(trigger_sequence=4, target_speed=22.55905633)

2025-04-22 Tuesday 10:32:37  random_test.py : INFO  === Evaluation Finished === 
 Fitness: [4.708214757306057, -0.03333333333333333], Collision: False
2025-04-22 Tuesday 10:32:48  random_test.py : INFO  === Evaluate Testcase === 
 def testcase(self):
    vehicle1 = NPC(lane_id=5, offset=18.15842371, initial_speed=17.33899259)
    vehicle2 = NPC(lane_id=1, offset=43.2882372, initial_speed=29.03649094)
    vehicle3 = NPC(lane_id=1, offset=26.27731017, initial_speed=17.13107611)
    ego = NPC(lane_id=4, offset=16.7864184, initial_speed=18.75690153)
    vehicle2.changeLane(trigger_sequence=1, target_lane=1, target_speed=50.48408982)
    vehicle1.decelerate(trigger_sequence=2, target_speed=19.90964285)
    vehicle3.accelerate(trigger_sequence=2, target_speed=39.45103637)
    vehicle1.changeLane(trigger_sequence=3, target_lane=1, target_speed=35.92652377)
    vehicle3.changeLane(trigger_sequence=3, target_lane=1, target_speed=12.79617408)
    vehicle1.decelerate(trigger_sequence=5, target_speed=15.37441765)
    vehicle2.decelerate(trigger_sequence=5, target_speed=2.90550519)
    vehicle3.accelerate(trigger_sequence=5, target_speed=58.08135262)

2025-04-22 Tuesday 10:32:48  random_test.py : INFO  === Evaluation Finished === 
 Fitness: [3.5671934051549385, -0.8266897746967071], Collision: False
2025-04-22 Tuesday 10:33:00  random_test.py : INFO  === Evaluate Testcase === 
 def testcase(self):
    vehicle1 = NPC(lane_id=3, offset=12.56004353, initial_speed=6.14345657)
    ego = NPC(lane_id=5, offset=27.37311943, initial_speed=4.21952632)
    vehicle1.decelerate(trigger_sequence=2, target_speed=1.511971)
    vehicle1.decelerate(trigger_sequence=3, target_speed=1.58876735)

2025-04-22 Tuesday 10:33:00  random_test.py : INFO  === Evaluation Finished === 
 Fitness: [9.001577411793047, -0.5185185185185185], Collision: False
2025-04-22 Tuesday 10:33:11  random_test.py : INFO  === Evaluate Testcase === 
 def testcase(self):
    vehicle1 = NPC(lane_id=5, offset=12.21871424, initial_speed=34.13808912)
    ego = NPC(lane_id=3, offset=6.55390301, initial_speed=20.12206641)
    vehicle1.changeLane(trigger_sequence=1, target_lane=1, target_speed=52.91213833)
    vehicle1.decelerate(trigger_sequence=2, target_speed=28.05494195)
    vehicle1.accelerate(trigger_sequence=5, target_speed=51.84203565)

2025-04-22 Tuesday 10:33:11  random_test.py : INFO  === Evaluation Finished === 
 Fitness: [9.317483300004119, -0.6], Collision: False
2025-04-22 Tuesday 10:33:16  random_test.py : INFO  === Evaluate Testcase === 
 def testcase(self):
    vehicle1 = NPC(lane_id=2, offset=35.49878111, initial_speed=19.73603817)
    ego = NPC(lane_id=3, offset=37.11255411, initial_speed=30.75602905)
    vehicle3 = NPC(lane_id=5, offset=30.01291378, initial_speed=36.7743038)
    vehicle4 = NPC(lane_id=2, offset=36.65746364, initial_speed=27.29764166)
    vehicle3.changeLane(trigger_sequence=1, target_lane=1, target_speed=8.25498814)
    vehicle4.accelerate(trigger_sequence=1, target_speed=37.8872403)
    vehicle1.changeLane(trigger_sequence=2, target_lane=1, target_speed=2.87279786)
    vehicle4.accelerate(trigger_sequence=2, target_speed=32.85551466)
    vehicle1.accelerate(trigger_sequence=3, target_speed=55.97094519)
    vehicle1.changeLane(trigger_sequence=4, target_lane=1, target_speed=6.55908555)
    vehicle3.changeLane(trigger_sequence=4, target_lane=3, target_speed=5.73402699)
    vehicle3.decelerate(trigger_sequence=5, target_speed=11.61513062)
    vehicle4.changeLane(trigger_sequence=5, target_lane=1, target_speed=55.06868878)

2025-04-22 Tuesday 10:33:16  random_test.py : INFO  === Evaluation Finished === 
 Fitness: [inf, 0], Collision: False
2025-04-22 Tuesday 10:33:27  random_test.py : INFO  === Evaluate Testcase === 
 def testcase(self):
    vehicle1 = NPC(lane_id=2, offset=14.74581851, initial_speed=30.43104304)
    ego = NPC(lane_id=5, offset=31.77071555, initial_speed=21.57152217)
    vehicle3 = NPC(lane_id=4, offset=38.10087687, initial_speed=26.36212372)
    vehicle3.decelerate(trigger_sequence=1, target_speed=23.459992)
    vehicle1.decelerate(trigger_sequence=2, target_speed=6.73351199)
    vehicle3.decelerate(trigger_sequence=2, target_speed=26.21285359)
    vehicle3.decelerate(trigger_sequence=3, target_speed=6.72345007)
    vehicle3.accelerate(trigger_sequence=4, target_speed=35.51704603)

2025-04-22 Tuesday 10:33:27  random_test.py : INFO  === Evaluation Finished === 
 Fitness: [7.55154980985091, -0.5681818181818182], Collision: False
2025-04-22 Tuesday 10:33:39  random_test.py : INFO  === Evaluate Testcase === 
 def testcase(self):
    vehicle1 = NPC(lane_id=2, offset=24.9287503, initial_speed=33.80260551)
    vehicle2 = NPC(lane_id=1, offset=30.57080037, initial_speed=27.96354572)
    ego = NPC(lane_id=3, offset=37.16148133, initial_speed=4.57696478)
    vehicle4 = NPC(lane_id=3, offset=19.13591953, initial_speed=29.6384803)
    vehicle1.accelerate(trigger_sequence=1, target_speed=57.49390251)
    vehicle2.accelerate(trigger_sequence=2, target_speed=43.23968426)
    vehicle4.decelerate(trigger_sequence=2, target_speed=9.99612698)
    vehicle1.accelerate(trigger_sequence=4, target_speed=43.59844323)
    vehicle1.changeLane(trigger_sequence=5, target_lane=1, target_speed=4.09695218)
    vehicle2.decelerate(trigger_sequence=5, target_speed=13.98670417)

2025-04-22 Tuesday 10:33:39  random_test.py : INFO  === Evaluation Finished === 
 Fitness: [3.4962979761286874, -0.5251677852348994], Collision: True
2025-04-22 Tuesday 10:33:39  random_test.py : INFO  === Find a coollision ===
2025-04-22 Tuesday 10:33:44  random_test.py : INFO  === Evaluate Testcase === 
 def testcase(self):
    vehicle1 = NPC(lane_id=5, offset=13.44559299, initial_speed=15.18393981)
    vehicle2 = NPC(lane_id=5, offset=40.7793195, initial_speed=3.37484849)
    ego = NPC(lane_id=4, offset=7.39375115, initial_speed=11.97379702)
    vehicle4 = NPC(lane_id=4, offset=8.96905079, initial_speed=7.47862134)
    vehicle4.accelerate(trigger_sequence=1, target_speed=37.14934487)
    vehicle1.changeLane(trigger_sequence=2, target_lane=3, target_speed=42.73140305)
    vehicle2.changeLane(trigger_sequence=2, target_lane=1, target_speed=39.0359247)
    vehicle4.accelerate(trigger_sequence=2, target_speed=53.75535049)
    vehicle1.decelerate(trigger_sequence=3, target_speed=4.32631934)
    vehicle1.accelerate(trigger_sequence=4, target_speed=32.87679824)
    vehicle2.accelerate(trigger_sequence=5, target_speed=36.37710602)

2025-04-22 Tuesday 10:33:44  random_test.py : INFO  === Evaluation Finished === 
 Fitness: [inf, 0], Collision: False
2025-04-22 Tuesday 10:33:56  random_test.py : INFO  === Evaluate Testcase === 
 def testcase(self):
    ego = NPC(lane_id=3, offset=23.79467381, initial_speed=21.7907467)
    vehicle2 = NPC(lane_id=3, offset=9.61552155, initial_speed=26.13585478)
    vehicle3 = NPC(lane_id=1, offset=34.65242118, initial_speed=28.18434731)
    vehicle4 = NPC(lane_id=5, offset=22.26201291, initial_speed=32.86043049)
    vehicle2.changeLane(trigger_sequence=1, target_lane=1, target_speed=37.18604573)
    vehicle3.decelerate(trigger_sequence=1, target_speed=12.81551913)
    vehicle4.accelerate(trigger_sequence=2, target_speed=38.61676317)
    vehicle2.accelerate(trigger_sequence=3, target_speed=42.72608677)
    vehicle2.changeLane(trigger_sequence=4, target_lane=1, target_speed=54.08473631)
    vehicle4.decelerate(trigger_sequence=4, target_speed=20.4965589)
    vehicle2.changeLane(trigger_sequence=5, target_lane=3, target_speed=38.43843795)
    vehicle3.accelerate(trigger_sequence=5, target_speed=42.89194895)

2025-04-22 Tuesday 10:33:56  random_test.py : INFO  === Evaluation Finished === 
 Fitness: [3.436322057874644, -0.5481611208406305], Collision: True
2025-04-22 Tuesday 10:33:56  random_test.py : INFO  === Find a coollision ===
2025-04-22 Tuesday 10:34:00  random_test.py : INFO  === Evaluate Testcase === 
 def testcase(self):
    vehicle1 = NPC(lane_id=3, offset=14.94511591, initial_speed=37.48818772)
    ego = NPC(lane_id=3, offset=11.72802613, initial_speed=16.89303507)
    vehicle1.changeLane(trigger_sequence=2, target_lane=3, target_speed=8.77933438)
    vehicle1.decelerate(trigger_sequence=3, target_speed=13.87361691)
    vehicle1.decelerate(trigger_sequence=4, target_speed=25.73763389)

2025-04-22 Tuesday 10:34:00  random_test.py : INFO  === Evaluation Finished === 
 Fitness: [inf, 0], Collision: False
2025-04-22 Tuesday 10:34:12  random_test.py : INFO  === Evaluate Testcase === 
 def testcase(self):
    ego = NPC(lane_id=5, offset=22.99934726, initial_speed=24.10723825)
    vehicle2 = NPC(lane_id=1, offset=26.56618645, initial_speed=26.2393666)
    vehicle3 = NPC(lane_id=3, offset=45.40011785, initial_speed=6.69911385)
    vehicle4 = NPC(lane_id=4, offset=2.41370101, initial_speed=9.01789544)
    vehicle2.changeLane(trigger_sequence=1, target_lane=3, target_speed=0.42882586)
    vehicle3.decelerate(trigger_sequence=1, target_speed=0.48262042)
    vehicle4.accelerate(trigger_sequence=1, target_speed=46.43566708)
    vehicle2.changeLane(trigger_sequence=2, target_lane=3, target_speed=38.37732806)
    vehicle2.accelerate(trigger_sequence=3, target_speed=49.95792847)
    vehicle3.accelerate(trigger_sequence=3, target_speed=36.69282123)
    vehicle4.changeLane(trigger_sequence=3, target_lane=3, target_speed=51.2004259)
    vehicle3.decelerate(trigger_sequence=4, target_speed=14.40279443)
    vehicle3.accelerate(trigger_sequence=5, target_speed=33.97092898)

2025-04-22 Tuesday 10:34:12  random_test.py : INFO  === Evaluation Finished === 
 Fitness: [7.000349226494011, -0.5255731922398589], Collision: False
2025-04-22 Tuesday 10:34:23  random_test.py : INFO  === Evaluate Testcase === 
 def testcase(self):
    vehicle1 = NPC(lane_id=5, offset=28.60590953, initial_speed=23.38417121)
    ego = NPC(lane_id=2, offset=26.94762905, initial_speed=20.24156802)
    vehicle1.decelerate(trigger_sequence=1, target_speed=27.57167424)
    vehicle1.changeLane(trigger_sequence=5, target_lane=1, target_speed=58.30701653)

2025-04-22 Tuesday 10:34:23  random_test.py : INFO  === Evaluation Finished === 
 Fitness: [10.694662996625862, -0.5965217391304348], Collision: False
2025-04-22 Tuesday 10:34:35  random_test.py : INFO  === Evaluate Testcase === 
 def testcase(self):
    ego = NPC(lane_id=1, offset=22.8854327, initial_speed=14.17572413)
    vehicle2 = NPC(lane_id=4, offset=31.90741273, initial_speed=13.98334246)
    vehicle2.decelerate(trigger_sequence=1, target_speed=21.57988191)
    vehicle2.decelerate(trigger_sequence=2, target_speed=12.00898594)
    vehicle2.changeLane(trigger_sequence=4, target_lane=3, target_speed=35.23325861)
    vehicle2.accelerate(trigger_sequence=5, target_speed=59.75973588)

2025-04-22 Tuesday 10:34:35  random_test.py : INFO  === Evaluation Finished === 
 Fitness: [13.977881450215182, -0.023450586264656615], Collision: False
2025-04-22 Tuesday 10:34:46  random_test.py : INFO  === Evaluate Testcase === 
 def testcase(self):
    vehicle1 = NPC(lane_id=5, offset=3.7218031, initial_speed=4.7713258)
    ego = NPC(lane_id=3, offset=3.26055358, initial_speed=17.28161714)
    vehicle3 = NPC(lane_id=1, offset=17.94683595, initial_speed=25.06528781)
    vehicle4 = NPC(lane_id=2, offset=43.04977865, initial_speed=37.98243861)
    vehicle1.decelerate(trigger_sequence=1, target_speed=16.12556415)
    vehicle4.accelerate(trigger_sequence=3, target_speed=40.46942509)
    vehicle1.accelerate(trigger_sequence=4, target_speed=39.3362862)
    vehicle4.changeLane(trigger_sequence=4, target_lane=1, target_speed=35.62285957)
    vehicle1.decelerate(trigger_sequence=5, target_speed=22.61539851)
    vehicle4.changeLane(trigger_sequence=5, target_lane=3, target_speed=22.9283987)

2025-04-22 Tuesday 10:34:46  random_test.py : INFO  === Evaluation Finished === 
 Fitness: [7.0064349999382936, -0.02072538860103627], Collision: False
2025-04-22 Tuesday 10:34:58  random_test.py : INFO  === Evaluate Testcase === 
 def testcase(self):
    ego = NPC(lane_id=3, offset=22.5117575, initial_speed=4.6535103)
    vehicle2 = NPC(lane_id=1, offset=0.2002193, initial_speed=22.23240594)
    vehicle2.changeLane(trigger_sequence=4, target_lane=1, target_speed=26.97452668)

2025-04-22 Tuesday 10:34:58  random_test.py : INFO  === Evaluation Finished === 
 Fitness: [7.000117373084493, -0.5033333333333333], Collision: False
2025-04-22 Tuesday 10:35:10  random_test.py : INFO  === Evaluate Testcase === 
 def testcase(self):
    ego = NPC(lane_id=5, offset=47.20032531, initial_speed=7.82643362)
    vehicle2 = NPC(lane_id=4, offset=44.80097926, initial_speed=34.70320054)
    vehicle3 = NPC(lane_id=4, offset=32.04639742, initial_speed=24.29784975)
    vehicle4 = NPC(lane_id=2, offset=42.06758221, initial_speed=9.77688606)
    vehicle2.decelerate(trigger_sequence=1, target_speed=22.04882492)
    vehicle3.changeLane(trigger_sequence=3, target_lane=1, target_speed=57.14810749)
    vehicle4.changeLane(trigger_sequence=3, target_lane=1, target_speed=43.43241758)
    vehicle2.changeLane(trigger_sequence=4, target_lane=3, target_speed=47.46469976)
    vehicle4.accelerate(trigger_sequence=4, target_speed=31.87998551)
    vehicle2.accelerate(trigger_sequence=5, target_speed=39.35555665)
    vehicle3.decelerate(trigger_sequence=5, target_speed=6.96387376)

2025-04-22 Tuesday 10:35:10  random_test.py : INFO  === Evaluation Finished === 
 Fitness: [3.4908106378667108, -0.03430531732418525], Collision: False
2025-04-22 Tuesday 10:35:21  random_test.py : INFO  === Evaluate Testcase === 
 def testcase(self):
    vehicle1 = NPC(lane_id=5, offset=3.67179164, initial_speed=14.86199657)
    vehicle2 = NPC(lane_id=5, offset=47.70988289, initial_speed=14.52862666)
    ego = NPC(lane_id=4, offset=43.50667407, initial_speed=37.16614384)
    vehicle1.decelerate(trigger_sequence=1, target_speed=26.28767224)
    vehicle2.accelerate(trigger_sequence=2, target_speed=59.41956329)
    vehicle1.changeLane(trigger_sequence=3, target_lane=1, target_speed=34.06207634)
    vehicle1.decelerate(trigger_sequence=5, target_speed=5.46532149)
    vehicle2.accelerate(trigger_sequence=5, target_speed=58.97394391)

2025-04-22 Tuesday 10:35:21  random_test.py : INFO  === Evaluation Finished === 
 Fitness: [3.5004695771311343, -0.2727272727272727], Collision: False
2025-04-22 Tuesday 10:35:33  random_test.py : INFO  === Evaluate Testcase === 
 def testcase(self):
    vehicle1 = NPC(lane_id=4, offset=16.51971808, initial_speed=15.36880789)
    ego = NPC(lane_id=3, offset=36.06925797, initial_speed=17.47176799)
    vehicle3 = NPC(lane_id=5, offset=17.97572329, initial_speed=37.7877149)
    vehicle4 = NPC(lane_id=1, offset=19.18049174, initial_speed=33.35094574)
    vehicle3.accelerate(trigger_sequence=1, target_speed=48.80278685)
    vehicle4.changeLane(trigger_sequence=1, target_lane=1, target_speed=52.76162401)
    vehicle3.decelerate(trigger_sequence=2, target_speed=27.00643176)
    vehicle4.decelerate(trigger_sequence=2, target_speed=14.75941839)
    vehicle3.decelerate(trigger_sequence=5, target_speed=25.29393704)

2025-04-22 Tuesday 10:35:33  random_test.py : INFO  === Evaluation Finished === 
 Fitness: [6.998025503034107, -0.031088082901554404], Collision: False
2025-04-22 Tuesday 10:35:45  random_test.py : INFO  === Evaluate Testcase === 
 def testcase(self):
    ego = NPC(lane_id=1, offset=12.62295795, initial_speed=20.407706)
    vehicle2 = NPC(lane_id=1, offset=38.13633735, initial_speed=23.49124343)
    vehicle3 = NPC(lane_id=5, offset=5.71366268, initial_speed=21.70605498)
    vehicle4 = NPC(lane_id=4, offset=43.12377512, initial_speed=5.34050562)
    vehicle2.accelerate(trigger_sequence=1, target_speed=31.36474971)
    vehicle4.accelerate(trigger_sequence=1, target_speed=48.6526319)
    vehicle2.decelerate(trigger_sequence=2, target_speed=13.13871755)
    vehicle4.changeLane(trigger_sequence=2, target_lane=1, target_speed=22.48759703)
    vehicle3.decelerate(trigger_sequence=3, target_speed=28.54889011)
    vehicle4.accelerate(trigger_sequence=3, target_speed=45.13319809)
    vehicle4.changeLane(trigger_sequence=4, target_lane=3, target_speed=21.072467)
    vehicle2.accelerate(trigger_sequence=5, target_speed=32.99180332)

2025-04-22 Tuesday 10:35:45  random_test.py : INFO  === Evaluation Finished === 
 Fitness: [4.1485443439627945, -0.5808695652173913], Collision: True
2025-04-22 Tuesday 10:35:45  random_test.py : INFO  === Find a collision ===
2025-04-22 Tuesday 10:35:57  random_test.py : INFO  === Evaluate Testcase === 
 def testcase(self):
    ego = NPC(lane_id=3, offset=36.02048484, initial_speed=26.32624808)
    vehicle2 = NPC(lane_id=3, offset=25.43114135, initial_speed=23.37159994)
    vehicle3 = NPC(lane_id=4, offset=43.55498757, initial_speed=28.83706443)
    vehicle4 = NPC(lane_id=4, offset=38.29926518, initial_speed=16.37133781)
    vehicle2.changeLane(trigger_sequence=1, target_lane=3, target_speed=5.63872748)
    vehicle4.changeLane(trigger_sequence=1, target_lane=1, target_speed=18.3356543)
    vehicle2.changeLane(trigger_sequence=2, target_lane=1, target_speed=47.81411654)
    vehicle3.accelerate(trigger_sequence=2, target_speed=42.94718106)
    vehicle2.decelerate(trigger_sequence=3, target_speed=7.59699934)
    vehicle4.accelerate(trigger_sequence=3, target_speed=42.97640745)
    vehicle2.accelerate(trigger_sequence=4, target_speed=50.23976973)
    vehicle4.decelerate(trigger_sequence=4, target_speed=7.45698633)
    vehicle2.changeLane(trigger_sequence=5, target_lane=3, target_speed=6.0803231)
    vehicle3.changeLane(trigger_sequence=5, target_lane=3, target_speed=48.26717192)
    vehicle4.changeLane(trigger_sequence=5, target_lane=3, target_speed=23.8637796)

2025-04-22 Tuesday 10:35:57  random_test.py : INFO  === Evaluation Finished === 
 Fitness: [3.5011189128553983, -0.4964912280701754], Collision: True
2025-04-22 Tuesday 10:35:57  random_test.py : INFO  === Find a coollision ===
2025-04-22 Tuesday 10:36:08  random_test.py : INFO  === Evaluate Testcase === 
 def testcase(self):
    ego = NPC(lane_id=1, offset=17.67557303, initial_speed=26.46095829)
    vehicle2 = NPC(lane_id=1, offset=42.87953462, initial_speed=35.94052667)
    vehicle3 = NPC(lane_id=5, offset=19.00528323, initial_speed=2.89003739)
    vehicle2.accelerate(trigger_sequence=1, target_speed=48.93506765)
    vehicle3.changeLane(trigger_sequence=2, target_lane=3, target_speed=19.82827221)
    vehicle3.accelerate(trigger_sequence=3, target_speed=45.65871612)
    vehicle2.accelerate(trigger_sequence=5, target_speed=31.02313936)

2025-04-22 Tuesday 10:36:08  random_test.py : INFO  === Evaluation Finished === 
 Fitness: [14.006316815393111, -0.475177304964539], Collision: False
2025-04-22 Tuesday 10:36:20  random_test.py : INFO  === Evaluate Testcase === 
 def testcase(self):
    ego = NPC(lane_id=2, offset=29.04185526, initial_speed=2.77865418)
    vehicle2 = NPC(lane_id=2, offset=40.01404235, initial_speed=27.28532578)
    vehicle2.changeLane(trigger_sequence=1, target_lane=3, target_speed=22.30140161)
    vehicle2.decelerate(trigger_sequence=2, target_speed=19.55157848)

2025-04-22 Tuesday 10:36:20  random_test.py : INFO  === Evaluation Finished === 
 Fitness: [11.351144139639132, -0.5673400673400674], Collision: False
2025-04-22 Tuesday 10:36:31  random_test.py : INFO  === Evaluate Testcase === 
 def testcase(self):
    vehicle1 = NPC(lane_id=2, offset=16.41717477, initial_speed=30.39515211)
    ego = NPC(lane_id=4, offset=15.35478701, initial_speed=30.71161221)
    vehicle3 = NPC(lane_id=5, offset=2.68961811, initial_speed=21.94634186)
    vehicle3.decelerate(trigger_sequence=1, target_speed=19.35445477)
    vehicle1.decelerate(trigger_sequence=2, target_speed=11.04727299)
    vehicle3.decelerate(trigger_sequence=2, target_speed=3.49987936)
    vehicle3.accelerate(trigger_sequence=3, target_speed=43.20450337)
    vehicle1.accelerate(trigger_sequence=4, target_speed=31.03185223)
    vehicle3.accelerate(trigger_sequence=4, target_speed=56.40093326)
    vehicle3.accelerate(trigger_sequence=5, target_speed=50.90101883)

2025-04-22 Tuesday 10:36:31  random_test.py : INFO  === Evaluation Finished === 
 Fitness: [7.0000785583812135, -0.4283154121863799], Collision: False
2025-04-22 Tuesday 10:36:43  random_test.py : INFO  === Evaluate Testcase === 
 def testcase(self):
    vehicle1 = NPC(lane_id=1, offset=28.6832604, initial_speed=11.24247405)
    ego = NPC(lane_id=2, offset=26.61095785, initial_speed=6.76241784)
    vehicle3 = NPC(lane_id=5, offset=10.73074766, initial_speed=17.58889487)
    vehicle1.decelerate(trigger_sequence=1, target_speed=8.67141208)
    vehicle3.accelerate(trigger_sequence=3, target_speed=52.20823629)
    vehicle3.accelerate(trigger_sequence=4, target_speed=49.43613784)

2025-04-22 Tuesday 10:36:43  random_test.py : INFO  === Evaluation Finished === 
 Fitness: [4.227523606873077, -0.9683333333333334], Collision: False
2025-04-22 Tuesday 10:36:55  random_test.py : INFO  === Evaluate Testcase === 
 def testcase(self):
    ego = NPC(lane_id=1, offset=39.96501446, initial_speed=15.39037899)
    vehicle2 = NPC(lane_id=1, offset=14.65084807, initial_speed=12.53044566)
    vehicle3 = NPC(lane_id=3, offset=27.03399089, initial_speed=16.80376327)
    vehicle4 = NPC(lane_id=4, offset=14.7782304, initial_speed=35.05517498)
    vehicle2.changeLane(trigger_sequence=1, target_lane=1, target_speed=21.77735116)
    vehicle3.decelerate(trigger_sequence=1, target_speed=3.13930836)
    vehicle4.accelerate(trigger_sequence=1, target_speed=57.53393103)
    vehicle4.decelerate(trigger_sequence=4, target_speed=27.51958948)
    vehicle2.decelerate(trigger_sequence=5, target_speed=26.19342889)
    vehicle3.changeLane(trigger_sequence=5, target_lane=3, target_speed=39.78510423)
    vehicle4.decelerate(trigger_sequence=5, target_speed=0.21385716)

2025-04-22 Tuesday 10:36:55  random_test.py : INFO  === Evaluation Finished === 
 Fitness: [8.548992823687625, -0.020066889632107024], Collision: False
2025-04-22 Tuesday 10:37:06  random_test.py : INFO  === Evaluate Testcase === 
 def testcase(self):
    vehicle1 = NPC(lane_id=5, offset=29.06910734, initial_speed=29.27661528)
    vehicle2 = NPC(lane_id=3, offset=6.58197381, initial_speed=38.9253756)
    vehicle3 = NPC(lane_id=3, offset=35.27009814, initial_speed=8.76414015)
    ego = NPC(lane_id=4, offset=41.20848791, initial_speed=34.39064173)
    vehicle2.changeLane(trigger_sequence=1, target_lane=3, target_speed=37.02077319)
    vehicle3.decelerate(trigger_sequence=1, target_speed=25.40618761)
    vehicle1.changeLane(trigger_sequence=2, target_lane=1, target_speed=58.72817396)
    vehicle3.accelerate(trigger_sequence=2, target_speed=45.4716622)
    vehicle3.decelerate(trigger_sequence=3, target_speed=13.01033859)
    vehicle1.changeLane(trigger_sequence=4, target_lane=1, target_speed=15.45409075)
    vehicle3.decelerate(trigger_sequence=4, target_speed=6.64695631)

2025-04-22 Tuesday 10:37:06  random_test.py : INFO  === Evaluation Finished === 
 Fitness: [3.369981976374762, -0.30198915009041594], Collision: True
2025-04-22 Tuesday 10:37:06  random_test.py : INFO  === Find a coollision ===
2025-04-22 Tuesday 10:37:18  random_test.py : INFO  === Evaluate Testcase === 
 def testcase(self):
    ego = NPC(lane_id=3, offset=48.74071136, initial_speed=24.91024086)
    vehicle2 = NPC(lane_id=3, offset=24.72289925, initial_speed=35.36412793)
    vehicle2.changeLane(trigger_sequence=1, target_lane=3, target_speed=5.51908701)
    vehicle2.decelerate(trigger_sequence=2, target_speed=18.27691741)
    vehicle2.accelerate(trigger_sequence=3, target_speed=50.10422175)
    vehicle2.decelerate(trigger_sequence=5, target_speed=27.22747259)

2025-04-22 Tuesday 10:37:18  random_test.py : INFO  === Evaluation Finished === 
 Fitness: [4.732105181777029, -0.6042402826855123], Collision: True
2025-04-22 Tuesday 10:37:18  random_test.py : INFO  === Find a coollision ===
2025-04-22 Tuesday 10:37:29  random_test.py : INFO  === Evaluate Testcase === 
 def testcase(self):
    vehicle1 = NPC(lane_id=3, offset=10.15353577, initial_speed=37.69973891)
    ego = NPC(lane_id=1, offset=42.65089288, initial_speed=26.62358271)
    vehicle3 = NPC(lane_id=4, offset=38.63941104, initial_speed=19.58635065)
    vehicle3.accelerate(trigger_sequence=1, target_speed=46.02635933)
    vehicle3.decelerate(trigger_sequence=2, target_speed=27.13577285)
    vehicle3.decelerate(trigger_sequence=4, target_speed=18.4120035)
    vehicle3.changeLane(trigger_sequence=5, target_lane=3, target_speed=51.24130914)

2025-04-22 Tuesday 10:37:29  random_test.py : INFO  === Evaluation Finished === 
 Fitness: [6.999739052537235, -0.4627659574468085], Collision: False
2025-04-22 Tuesday 10:37:41  random_test.py : INFO  === Evaluate Testcase === 
 def testcase(self):
    ego = NPC(lane_id=4, offset=24.298943, initial_speed=2.53812584)
    vehicle2 = NPC(lane_id=4, offset=33.65708614, initial_speed=10.34860454)
    vehicle2.accelerate(trigger_sequence=1, target_speed=44.72062133)
    vehicle2.changeLane(trigger_sequence=3, target_lane=1, target_speed=52.78888537)
    vehicle2.accelerate(trigger_sequence=4, target_speed=55.73542567)
    vehicle2.changeLane(trigger_sequence=5, target_lane=3, target_speed=56.89387323)

2025-04-22 Tuesday 10:37:41  random_test.py : INFO  === Evaluation Finished === 
 Fitness: [9.501901592304677, -0.5370370370370371], Collision: False
2025-04-22 Tuesday 10:37:53  random_test.py : INFO  === Evaluate Testcase === 
 def testcase(self):
    vehicle1 = NPC(lane_id=4, offset=45.26663783, initial_speed=1.39787375)
    vehicle2 = NPC(lane_id=4, offset=26.54608255, initial_speed=10.88877734)
    vehicle3 = NPC(lane_id=1, offset=16.58906346, initial_speed=18.89781134)
    ego = NPC(lane_id=5, offset=8.58003887, initial_speed=37.70463473)
    vehicle1.accelerate(trigger_sequence=1, target_speed=51.63912223)
    vehicle2.decelerate(trigger_sequence=1, target_speed=14.87572432)
    vehicle3.decelerate(trigger_sequence=2, target_speed=6.64293898)
    vehicle2.changeLane(trigger_sequence=3, target_lane=1, target_speed=16.6798112)
    vehicle3.accelerate(trigger_sequence=3, target_speed=38.55694948)
    vehicle2.changeLane(trigger_sequence=4, target_lane=3, target_speed=6.09684362)
    vehicle3.accelerate(trigger_sequence=4, target_speed=33.11618542)
    vehicle2.accelerate(trigger_sequence=5, target_speed=31.2235766)

2025-04-22 Tuesday 10:37:53  random_test.py : INFO  === Evaluation Finished === 
 Fitness: [3.4995732968337596, -0.2750455373406193], Collision: False
2025-04-22 Tuesday 10:37:58  random_test.py : INFO  === Evaluate Testcase === 
 def testcase(self):
    vehicle1 = NPC(lane_id=2, offset=21.21301275, initial_speed=7.90394149)
    vehicle2 = NPC(lane_id=4, offset=46.66118398, initial_speed=14.20926527)
    vehicle3 = NPC(lane_id=2, offset=23.91926838, initial_speed=17.24514881)
    ego = NPC(lane_id=1, offset=49.22146188, initial_speed=2.13958296)
    vehicle3.decelerate(trigger_sequence=1, target_speed=13.64232336)
    vehicle1.changeLane(trigger_sequence=2, target_lane=1, target_speed=58.54834957)
    vehicle2.changeLane(trigger_sequence=2, target_lane=3, target_speed=5.03362654)
    vehicle3.changeLane(trigger_sequence=2, target_lane=1, target_speed=23.35754066)
    vehicle2.decelerate(trigger_sequence=3, target_speed=9.69780435)
    vehicle3.decelerate(trigger_sequence=3, target_speed=13.58375159)
    vehicle3.decelerate(trigger_sequence=4, target_speed=8.83649014)
    vehicle1.decelerate(trigger_sequence=5, target_speed=21.59717644)

2025-04-22 Tuesday 10:37:58  random_test.py : INFO  === Evaluation Finished === 
 Fitness: [inf, 0], Collision: False
2025-04-22 Tuesday 10:38:09  random_test.py : INFO  === Evaluate Testcase === 
 def testcase(self):
    ego = NPC(lane_id=5, offset=13.72509288, initial_speed=8.78560498)
    vehicle2 = NPC(lane_id=4, offset=15.24861215, initial_speed=20.98123283)
    vehicle2.decelerate(trigger_sequence=5, target_speed=8.72375071)

2025-04-22 Tuesday 10:38:09  random_test.py : INFO  === Evaluation Finished === 
 Fitness: [3.9344163992901224, -0.03833333333333333], Collision: False
2025-04-22 Tuesday 10:38:21  random_test.py : INFO  === Evaluate Testcase === 
 def testcase(self):
    vehicle1 = NPC(lane_id=4, offset=36.76897481, initial_speed=15.45591043)
    ego = NPC(lane_id=4, offset=0.65515782, initial_speed=26.2849641)
    vehicle3 = NPC(lane_id=3, offset=41.34183196, initial_speed=18.11565857)
    vehicle4 = NPC(lane_id=5, offset=19.43819249, initial_speed=18.61246577)
    vehicle1.changeLane(trigger_sequence=1, target_lane=1, target_speed=12.29811716)
    vehicle3.accelerate(trigger_sequence=1, target_speed=30.16816998)
    vehicle1.decelerate(trigger_sequence=2, target_speed=26.77041863)
    vehicle3.decelerate(trigger_sequence=2, target_speed=15.49091824)
    vehicle4.accelerate(trigger_sequence=2, target_speed=32.51869488)
    vehicle3.accelerate(trigger_sequence=3, target_speed=35.22323856)
    vehicle3.decelerate(trigger_sequence=4, target_speed=27.78966401)
    vehicle4.accelerate(trigger_sequence=4, target_speed=56.45180212)
    vehicle1.decelerate(trigger_sequence=5, target_speed=13.06554175)
    vehicle3.accelerate(trigger_sequence=5, target_speed=47.5459626)

2025-04-22 Tuesday 10:38:21  random_test.py : INFO  === Evaluation Finished === 
 Fitness: [3.9580520669292323, -0.4787234042553192], Collision: False
2025-04-22 Tuesday 10:38:33  random_test.py : INFO  === Evaluate Testcase === 
 def testcase(self):
    vehicle1 = NPC(lane_id=4, offset=19.69311298, initial_speed=24.38447681)
    ego = NPC(lane_id=5, offset=9.50607019, initial_speed=5.51261052)
    vehicle1.accelerate(trigger_sequence=3, target_speed=42.52579029)
    vehicle1.decelerate(trigger_sequence=5, target_speed=26.94560113)

2025-04-22 Tuesday 10:38:33  random_test.py : INFO  === Evaluation Finished === 
 Fitness: [11.089466376611057, -0.55], Collision: False
2025-04-22 Tuesday 10:38:44  random_test.py : INFO  === Evaluate Testcase === 
 def testcase(self):
    vehicle1 = NPC(lane_id=3, offset=10.244993, initial_speed=11.56356976)
    ego = NPC(lane_id=1, offset=47.73870026, initial_speed=30.72793933)
    vehicle3 = NPC(lane_id=3, offset=47.21627237, initial_speed=0.66866904)
    vehicle4 = NPC(lane_id=5, offset=8.73228479, initial_speed=5.30562506)
    vehicle1.changeLane(trigger_sequence=1, target_lane=3, target_speed=32.99030447)
    vehicle3.decelerate(trigger_sequence=1, target_speed=20.22779181)
    vehicle1.accelerate(trigger_sequence=2, target_speed=44.18271143)
    vehicle3.decelerate(trigger_sequence=4, target_speed=6.99173583)
    vehicle4.accelerate(trigger_sequence=4, target_speed=47.41979235)
    vehicle1.changeLane(trigger_sequence=5, target_lane=1, target_speed=41.45319863)

2025-04-22 Tuesday 10:38:44  random_test.py : INFO  === Evaluation Finished === 
 Fitness: [7.022784721248475, -0.43548387096774194], Collision: False
2025-04-22 Tuesday 10:38:49  random_test.py : INFO  === Evaluate Testcase === 
 def testcase(self):
    vehicle1 = NPC(lane_id=4, offset=7.6482983, initial_speed=27.85130266)
    vehicle2 = NPC(lane_id=3, offset=19.31947943, initial_speed=8.69918651)
    vehicle3 = NPC(lane_id=4, offset=9.89003587, initial_speed=9.83130364)
    ego = NPC(lane_id=3, offset=43.05473223, initial_speed=30.46238813)
    vehicle1.changeLane(trigger_sequence=1, target_lane=1, target_speed=50.66870398)
    vehicle1.decelerate(trigger_sequence=3, target_speed=29.93122149)
    vehicle1.accelerate(trigger_sequence=4, target_speed=59.16049322)
    vehicle2.accelerate(trigger_sequence=4, target_speed=51.82957308)
    vehicle3.accelerate(trigger_sequence=4, target_speed=46.34570142)

2025-04-22 Tuesday 10:38:49  random_test.py : INFO  === Evaluation Finished === 
 Fitness: [inf, 0], Collision: False
2025-04-22 Tuesday 10:39:01  random_test.py : INFO  === Evaluate Testcase === 
 def testcase(self):
    vehicle1 = NPC(lane_id=2, offset=27.90236905, initial_speed=39.56510458)
    ego = NPC(lane_id=5, offset=5.75570804, initial_speed=13.00983196)
    vehicle1.changeLane(trigger_sequence=1, target_lane=1, target_speed=15.9095019)
    vehicle1.changeLane(trigger_sequence=2, target_lane=1, target_speed=58.74839477)

2025-04-22 Tuesday 10:39:01  random_test.py : INFO  === Evaluation Finished === 
 Fitness: [25.00344245558017, -0.026755852842809364], Collision: False
2025-04-22 Tuesday 10:39:13  random_test.py : INFO  === Evaluate Testcase === 
 def testcase(self):
    ego = NPC(lane_id=3, offset=0.47933528, initial_speed=3.89952924)
    vehicle2 = NPC(lane_id=3, offset=6.08269771, initial_speed=28.05496314)
    vehicle2.accelerate(trigger_sequence=4, target_speed=59.24690108)
    vehicle2.changeLane(trigger_sequence=5, target_lane=1, target_speed=23.685745)

2025-04-22 Tuesday 10:39:13  random_test.py : INFO  === Evaluation Finished === 
 Fitness: [5.993008118000602, -0.5185185185185185], Collision: False
2025-04-22 Tuesday 10:39:24  random_test.py : INFO  === Evaluate Testcase === 
 def testcase(self):
    vehicle1 = NPC(lane_id=1, offset=3.49454896, initial_speed=38.93738468)
    ego = NPC(lane_id=3, offset=2.81131343, initial_speed=25.20613609)
    vehicle1.changeLane(trigger_sequence=1, target_lane=3, target_speed=55.58938468)
    vehicle1.accelerate(trigger_sequence=4, target_speed=58.44181416)

2025-04-22 Tuesday 10:39:24  random_test.py : INFO  === Evaluation Finished === 
 Fitness: [7.097140349806627, -0.5123674911660777], Collision: False
2025-04-22 Tuesday 10:39:36  random_test.py : INFO  === Evaluate Testcase === 
 def testcase(self):
    ego = NPC(lane_id=3, offset=42.34307875, initial_speed=10.30767077)
    vehicle2 = NPC(lane_id=1, offset=37.74761937, initial_speed=31.98598355)
    vehicle3 = NPC(lane_id=3, offset=49.08880458, initial_speed=33.63949292)
    vehicle2.decelerate(trigger_sequence=1, target_speed=27.47346804)
    vehicle3.decelerate(trigger_sequence=3, target_speed=0.37925006)
    vehicle3.accelerate(trigger_sequence=4, target_speed=31.4763995)

2025-04-22 Tuesday 10:39:36  random_test.py : INFO  === Evaluation Finished === 
 Fitness: [6.993249148782245, -0.023333333333333334], Collision: False
2025-04-22 Tuesday 10:39:47  random_test.py : INFO  === Evaluate Testcase === 
 def testcase(self):
    vehicle1 = NPC(lane_id=2, offset=33.1047222, initial_speed=8.74390948)
    vehicle2 = NPC(lane_id=1, offset=37.34829956, initial_speed=23.3875897)
    ego = NPC(lane_id=4, offset=27.90276847, initial_speed=18.09654987)
    vehicle4 = NPC(lane_id=4, offset=42.9927582, initial_speed=23.0124645)
    vehicle2.changeLane(trigger_sequence=1, target_lane=1, target_speed=51.8764287)
    vehicle2.changeLane(trigger_sequence=2, target_lane=1, target_speed=46.21519308)
    vehicle4.accelerate(trigger_sequence=2, target_speed=42.93782795)
    vehicle1.accelerate(trigger_sequence=3, target_speed=33.8318894)
    vehicle2.accelerate(trigger_sequence=3, target_speed=43.25689731)
    vehicle2.accelerate(trigger_sequence=4, target_speed=37.34049173)
    vehicle2.decelerate(trigger_sequence=5, target_speed=4.13100444)

2025-04-22 Tuesday 10:39:47  random_test.py : INFO  === Evaluation Finished === 
 Fitness: [6.999315672564877, -0.01384083044982699], Collision: False
2025-04-22 Tuesday 10:39:59  random_test.py : INFO  === Evaluate Testcase === 
 def testcase(self):
    vehicle1 = NPC(lane_id=3, offset=3.17293268, initial_speed=37.05233861)
    ego = NPC(lane_id=4, offset=24.21992623, initial_speed=37.57646391)
    vehicle1.decelerate(trigger_sequence=1, target_speed=27.1956146)
    vehicle1.accelerate(trigger_sequence=4, target_speed=49.37260533)
    vehicle1.decelerate(trigger_sequence=5, target_speed=26.7473271)

2025-04-22 Tuesday 10:39:59  random_test.py : INFO  === Evaluation Finished === 
 Fitness: [7.21735750664326, -0.273224043715847], Collision: False
2025-04-22 Tuesday 10:40:10  random_test.py : INFO  === Evaluate Testcase === 
 def testcase(self):
    ego = NPC(lane_id=4, offset=28.1706848, initial_speed=30.77172849)
    vehicle2 = NPC(lane_id=1, offset=3.97500308, initial_speed=1.93545735)
    vehicle3 = NPC(lane_id=3, offset=33.30143131, initial_speed=15.72673115)
    vehicle3.decelerate(trigger_sequence=1, target_speed=22.41773054)
    vehicle3.decelerate(trigger_sequence=2, target_speed=17.82472189)
    vehicle2.changeLane(trigger_sequence=3, target_lane=1, target_speed=37.34342825)
    vehicle2.changeLane(trigger_sequence=4, target_lane=3, target_speed=57.22345483)
    vehicle3.decelerate(trigger_sequence=4, target_speed=16.05899521)
    vehicle3.decelerate(trigger_sequence=5, target_speed=26.54306088)

2025-04-22 Tuesday 10:40:10  random_test.py : INFO  === Evaluation Finished === 
 Fitness: [3.4999780345883673, -0.482078853046595], Collision: False
2025-04-22 Tuesday 10:40:22  random_test.py : INFO  === Evaluate Testcase === 
 def testcase(self):
    ego = NPC(lane_id=5, offset=47.93101729, initial_speed=29.55541911)
    vehicle2 = NPC(lane_id=3, offset=10.1295539, initial_speed=34.76555265)
    vehicle2.accelerate(trigger_sequence=1, target_speed=53.25751568)
    vehicle2.decelerate(trigger_sequence=3, target_speed=19.44560978)

2025-04-22 Tuesday 10:40:22  random_test.py : INFO  === Evaluation Finished === 
 Fitness: [7.001848564820373, -0.4232142857142857], Collision: False
2025-04-22 Tuesday 10:40:33  random_test.py : INFO  === Evaluate Testcase === 
 def testcase(self):
    ego = NPC(lane_id=4, offset=21.15947334, initial_speed=9.93618757)
    vehicle2 = NPC(lane_id=4, offset=44.81124621, initial_speed=22.21325392)
    vehicle2.decelerate(trigger_sequence=1, target_speed=7.39436605)
    vehicle2.decelerate(trigger_sequence=2, target_speed=21.37739758)
    vehicle2.accelerate(trigger_sequence=3, target_speed=39.90943086)
    vehicle2.decelerate(trigger_sequence=4, target_speed=16.80322251)

2025-04-22 Tuesday 10:40:33  random_test.py : INFO  === Evaluation Finished === 
 Fitness: [23.960273765142322, -0.0333889816360601], Collision: False
2025-04-22 Tuesday 10:40:45  random_test.py : INFO  === Evaluate Testcase === 
 def testcase(self):
    vehicle1 = NPC(lane_id=4, offset=38.83884884, initial_speed=38.84754018)
    vehicle2 = NPC(lane_id=1, offset=46.76189564, initial_speed=1.08511017)
    ego = NPC(lane_id=2, offset=6.87352302, initial_speed=2.11381402)
    vehicle2.changeLane(trigger_sequence=2, target_lane=3, target_speed=57.94824185)
    vehicle2.changeLane(trigger_sequence=3, target_lane=3, target_speed=18.96840482)
    vehicle2.changeLane(trigger_sequence=4, target_lane=1, target_speed=38.50156689)
    vehicle2.decelerate(trigger_sequence=5, target_speed=7.98725969)

2025-04-22 Tuesday 10:40:45  random_test.py : INFO  === Evaluation Finished === 
 Fitness: [33.779550556826365, -0.6151260504201681], Collision: False
2025-04-22 Tuesday 10:40:57  random_test.py : INFO  === Evaluate Testcase === 
 def testcase(self):
    vehicle1 = NPC(lane_id=5, offset=14.08163798, initial_speed=35.6943071)
    vehicle2 = NPC(lane_id=1, offset=43.42073543, initial_speed=21.1969023)
    ego = NPC(lane_id=2, offset=39.07168591, initial_speed=18.19400678)
    vehicle2.changeLane(trigger_sequence=1, target_lane=3, target_speed=52.46816891)
    vehicle1.decelerate(trigger_sequence=2, target_speed=9.70194427)
    vehicle2.decelerate(trigger_sequence=2, target_speed=8.32947903)
    vehicle1.changeLane(trigger_sequence=4, target_lane=1, target_speed=56.78441155)
    vehicle2.decelerate(trigger_sequence=5, target_speed=23.87905865)

2025-04-22 Tuesday 10:40:57  random_test.py : INFO  === Evaluation Finished === 
 Fitness: [5.809216505272204, -0.04325259515570934], Collision: False
2025-04-22 Tuesday 10:41:09  random_test.py : INFO  === Evaluate Testcase === 
 def testcase(self):
    ego = NPC(lane_id=3, offset=11.27506015, initial_speed=25.58690451)
    vehicle2 = NPC(lane_id=5, offset=17.4468785, initial_speed=18.74660064)
    vehicle2.decelerate(trigger_sequence=2, target_speed=21.66994852)

2025-04-22 Tuesday 10:41:09  random_test.py : INFO  === Evaluation Finished === 
 Fitness: [6.999589953835212, -0.5026548672566372], Collision: False
2025-04-22 Tuesday 10:41:14  random_test.py : INFO  === Evaluate Testcase === 
 def testcase(self):
    vehicle1 = NPC(lane_id=1, offset=11.44104368, initial_speed=27.58259088)
    vehicle2 = NPC(lane_id=4, offset=6.93928056, initial_speed=36.22136567)
    vehicle3 = NPC(lane_id=2, offset=25.16076562, initial_speed=25.93214153)
    ego = NPC(lane_id=2, offset=29.55193522, initial_speed=0.83883333)
    vehicle1.changeLane(trigger_sequence=1, target_lane=3, target_speed=46.41543001)
    vehicle2.decelerate(trigger_sequence=1, target_speed=14.34127858)
    vehicle3.accelerate(trigger_sequence=1, target_speed=33.87412251)
    vehicle2.changeLane(trigger_sequence=2, target_lane=1, target_speed=25.55401323)
    vehicle1.changeLane(trigger_sequence=3, target_lane=1, target_speed=13.68458611)
    vehicle1.accelerate(trigger_sequence=4, target_speed=43.33258228)
    vehicle2.changeLane(trigger_sequence=4, target_lane=3, target_speed=3.97801646)
    vehicle2.decelerate(trigger_sequence=5, target_speed=28.93023761)

2025-04-22 Tuesday 10:41:14  random_test.py : INFO  === Evaluation Finished === 
 Fitness: [inf, 0], Collision: False
2025-04-22 Tuesday 10:41:25  random_test.py : INFO  === Evaluate Testcase === 
 def testcase(self):
    ego = NPC(lane_id=1, offset=36.22618008, initial_speed=19.16041659)
    vehicle2 = NPC(lane_id=2, offset=21.30265528, initial_speed=14.93402626)
    vehicle2.accelerate(trigger_sequence=5, target_speed=45.04329196)

2025-04-22 Tuesday 10:41:25  random_test.py : INFO  === Evaluation Finished === 
 Fitness: [12.344260040300014, -0.6204506065857885], Collision: False
2025-04-22 Tuesday 10:41:37  random_test.py : INFO  === Evaluate Testcase === 
 def testcase(self):
    vehicle1 = NPC(lane_id=4, offset=35.52439289, initial_speed=38.79825591)
    vehicle2 = NPC(lane_id=2, offset=39.393792, initial_speed=33.64885818)
    ego = NPC(lane_id=2, offset=28.22626377, initial_speed=15.60461429)
    vehicle1.decelerate(trigger_sequence=1, target_speed=23.82917585)
    vehicle2.accelerate(trigger_sequence=1, target_speed=47.0820833)
    vehicle1.decelerate(trigger_sequence=2, target_speed=14.00716076)
    vehicle2.accelerate(trigger_sequence=2, target_speed=38.86700585)
    vehicle2.decelerate(trigger_sequence=3, target_speed=17.82888189)
    vehicle1.changeLane(trigger_sequence=4, target_lane=1, target_speed=19.7666834)
    vehicle1.decelerate(trigger_sequence=5, target_speed=1.56447531)
    vehicle2.changeLane(trigger_sequence=5, target_lane=1, target_speed=1.93127145)

2025-04-22 Tuesday 10:41:37  random_test.py : INFO  === Evaluation Finished === 
 Fitness: [10.921650447307726, -0.020100502512562814], Collision: False
2025-04-22 Tuesday 10:41:49  random_test.py : INFO  === Evaluate Testcase === 
 def testcase(self):
    ego = NPC(lane_id=5, offset=29.34914222, initial_speed=20.47621669)
    vehicle2 = NPC(lane_id=3, offset=9.44911505, initial_speed=34.44758929)
    vehicle3 = NPC(lane_id=1, offset=34.36070095, initial_speed=30.46166396)
    vehicle4 = NPC(lane_id=1, offset=25.00355417, initial_speed=26.3054414)
    vehicle2.decelerate(trigger_sequence=1, target_speed=20.28076281)
    vehicle3.decelerate(trigger_sequence=1, target_speed=25.03892857)
    vehicle3.decelerate(trigger_sequence=3, target_speed=26.20505258)
    vehicle4.changeLane(trigger_sequence=3, target_lane=3, target_speed=55.12792865)
    vehicle2.changeLane(trigger_sequence=4, target_lane=3, target_speed=38.53434234)
    vehicle2.accelerate(trigger_sequence=5, target_speed=57.01411694)
    vehicle4.accelerate(trigger_sequence=5, target_speed=42.72968793)

2025-04-22 Tuesday 10:41:49  random_test.py : INFO  === Evaluation Finished === 
 Fitness: [6.9993426742771065, -0.6052173913043478], Collision: False
2025-04-22 Tuesday 10:42:01  random_test.py : INFO  === Evaluate Testcase === 
 def testcase(self):
    ego = NPC(lane_id=5, offset=46.3371808, initial_speed=24.07420395)
    vehicle2 = NPC(lane_id=4, offset=15.39654224, initial_speed=20.53094429)

2025-04-22 Tuesday 10:42:01  random_test.py : INFO  === Evaluation Finished === 
 Fitness: [26.238094541570575, -0.5326278659611993], Collision: False
2025-04-22 Tuesday 10:42:13  random_test.py : INFO  === Evaluate Testcase === 
 def testcase(self):
    vehicle1 = NPC(lane_id=1, offset=37.76292067, initial_speed=25.63420015)
    vehicle2 = NPC(lane_id=4, offset=14.73246399, initial_speed=16.66723408)
    ego = NPC(lane_id=5, offset=38.77016171, initial_speed=24.85391906)
    vehicle4 = NPC(lane_id=5, offset=6.9476225, initial_speed=34.35176881)
    vehicle1.accelerate(trigger_sequence=1, target_speed=30.62395006)
    vehicle2.accelerate(trigger_sequence=1, target_speed=39.04018006)
    vehicle4.accelerate(trigger_sequence=1, target_speed=54.54356342)
    vehicle1.accelerate(trigger_sequence=2, target_speed=30.09166608)
    vehicle2.accelerate(trigger_sequence=2, target_speed=52.73404746)
    vehicle4.accelerate(trigger_sequence=2, target_speed=36.26154204)
    vehicle1.changeLane(trigger_sequence=3, target_lane=3, target_speed=54.04519945)
    vehicle2.decelerate(trigger_sequence=3, target_speed=7.28592655)
    vehicle4.accelerate(trigger_sequence=5, target_speed=33.86392475)

2025-04-22 Tuesday 10:42:13  random_test.py : INFO  === Evaluation Finished === 
 Fitness: [3.4869136322982, -0.8321554770318021], Collision: True
2025-04-22 Tuesday 10:42:13  random_test.py : INFO  === Find a coollision ===
2025-04-22 Tuesday 10:42:17  random_test.py : INFO  === Evaluate Testcase === 
 def testcase(self):
    ego = NPC(lane_id=4, offset=32.22828712, initial_speed=28.53823361)
    vehicle2 = NPC(lane_id=4, offset=36.39229155, initial_speed=19.23506112)
    vehicle2.accelerate(trigger_sequence=2, target_speed=56.50637993)
    vehicle2.changeLane(trigger_sequence=3, target_lane=3, target_speed=1.39964001)
    vehicle2.changeLane(trigger_sequence=5, target_lane=1, target_speed=21.92669413)

2025-04-22 Tuesday 10:42:17  random_test.py : INFO  === Evaluation Finished === 
 Fitness: [inf, 0], Collision: False
2025-04-22 Tuesday 10:42:29  random_test.py : INFO  === Evaluate Testcase === 
 def testcase(self):
    vehicle1 = NPC(lane_id=5, offset=28.88056762, initial_speed=8.96431561)
    ego = NPC(lane_id=2, offset=5.79188586, initial_speed=29.79406021)
    vehicle1.changeLane(trigger_sequence=3, target_lane=1, target_speed=33.47405743)
    vehicle1.accelerate(trigger_sequence=4, target_speed=45.04982786)

2025-04-22 Tuesday 10:42:29  random_test.py : INFO  === Evaluation Finished === 
 Fitness: [10.500312127899909, -0.3821428571428571], Collision: False
2025-04-22 Tuesday 10:42:41  random_test.py : INFO  === Evaluate Testcase === 
 def testcase(self):
    vehicle1 = NPC(lane_id=3, offset=25.05558846, initial_speed=30.28762996)
    ego = NPC(lane_id=5, offset=32.87299587, initial_speed=0.62042839)
    vehicle1.decelerate(trigger_sequence=2, target_speed=1.7364023)
    vehicle1.decelerate(trigger_sequence=4, target_speed=26.45903655)
    vehicle1.decelerate(trigger_sequence=5, target_speed=28.35530739)

2025-04-22 Tuesday 10:42:41  random_test.py : INFO  === Evaluation Finished === 
 Fitness: [6.991424487086124, -0.6037099494097807], Collision: False
2025-04-22 Tuesday 10:42:53  random_test.py : INFO  === Evaluate Testcase === 
 def testcase(self):
    vehicle1 = NPC(lane_id=1, offset=21.97779678, initial_speed=15.05857864)
    vehicle2 = NPC(lane_id=3, offset=16.50429335, initial_speed=20.57970668)
    ego = NPC(lane_id=1, offset=2.91722731, initial_speed=22.31702053)
    vehicle1.decelerate(trigger_sequence=1, target_speed=2.5449677)
    vehicle2.changeLane(trigger_sequence=1, target_lane=3, target_speed=48.14524846)
    vehicle2.decelerate(trigger_sequence=2, target_speed=17.37191392)
    vehicle1.accelerate(trigger_sequence=3, target_speed=36.17873621)
    vehicle2.changeLane(trigger_sequence=3, target_lane=1, target_speed=50.93118278)
    vehicle1.decelerate(trigger_sequence=4, target_speed=12.51661194)
    vehicle2.decelerate(trigger_sequence=4, target_speed=1.98790113)
    vehicle1.changeLane(trigger_sequence=5, target_lane=1, target_speed=49.14743423)
    vehicle2.changeLane(trigger_sequence=5, target_lane=3, target_speed=16.18392278)

2025-04-22 Tuesday 10:42:53  random_test.py : INFO  === Evaluation Finished === 
 Fitness: [7.713043219546773, -0.41228070175438597], Collision: False
2025-04-22 Tuesday 10:43:05  random_test.py : INFO  === Evaluate Testcase === 
 def testcase(self):
    vehicle1 = NPC(lane_id=2, offset=10.64395936, initial_speed=0.62724852)
    vehicle2 = NPC(lane_id=1, offset=36.92018884, initial_speed=14.4466501)
    ego = NPC(lane_id=5, offset=20.46531895, initial_speed=4.04523807)
    vehicle1.decelerate(trigger_sequence=1, target_speed=14.21330434)
    vehicle2.accelerate(trigger_sequence=1, target_speed=52.95140524)
    vehicle2.decelerate(trigger_sequence=2, target_speed=9.66862144)
    vehicle2.changeLane(trigger_sequence=4, target_lane=3, target_speed=50.27351639)
    vehicle1.changeLane(trigger_sequence=5, target_lane=1, target_speed=55.16612735)

2025-04-22 Tuesday 10:43:05  random_test.py : INFO  === Evaluation Finished === 
 Fitness: [10.499440809902971, -0.5058823529411764], Collision: False
2025-04-22 Tuesday 10:43:10  random_test.py : INFO  === Evaluate Testcase === 
 def testcase(self):
    vehicle1 = NPC(lane_id=4, offset=32.800724, initial_speed=36.13822799)
    vehicle2 = NPC(lane_id=1, offset=30.82644733, initial_speed=13.80213363)
    vehicle3 = NPC(lane_id=1, offset=22.55403643, initial_speed=16.01127)
    ego = NPC(lane_id=1, offset=30.69095812, initial_speed=11.49476241)
    vehicle1.accelerate(trigger_sequence=1, target_speed=30.0702817)
    vehicle2.decelerate(trigger_sequence=1, target_speed=6.13823449)
    vehicle3.accelerate(trigger_sequence=1, target_speed=46.92064321)
    vehicle3.accelerate(trigger_sequence=2, target_speed=31.59575278)
    vehicle1.changeLane(trigger_sequence=3, target_lane=3, target_speed=33.40462967)
    vehicle3.decelerate(trigger_sequence=3, target_speed=14.04527461)
    vehicle1.changeLane(trigger_sequence=4, target_lane=1, target_speed=20.30237734)
    vehicle3.accelerate(trigger_sequence=4, target_speed=39.30892741)

2025-04-22 Tuesday 10:43:10  random_test.py : INFO  === Evaluation Finished === 
 Fitness: [inf, 0], Collision: False
2025-04-22 Tuesday 10:43:22  random_test.py : INFO  === Evaluate Testcase === 
 def testcase(self):
    ego = NPC(lane_id=4, offset=9.77666426, initial_speed=15.41410554)
    vehicle2 = NPC(lane_id=1, offset=47.8047779, initial_speed=23.30218111)
    vehicle3 = NPC(lane_id=5, offset=7.63870664, initial_speed=27.48397733)
    vehicle2.decelerate(trigger_sequence=2, target_speed=2.93603001)
    vehicle3.decelerate(trigger_sequence=2, target_speed=11.189352)
    vehicle2.decelerate(trigger_sequence=5, target_speed=25.77366059)

2025-04-22 Tuesday 10:43:22  random_test.py : INFO  === Evaluation Finished === 
 Fitness: [3.5124990798452216, -0.018425460636515914], Collision: False
2025-04-22 Tuesday 10:43:34  random_test.py : INFO  === Evaluate Testcase === 
 def testcase(self):
    vehicle1 = NPC(lane_id=1, offset=37.83026679, initial_speed=37.10908238)
    ego = NPC(lane_id=3, offset=48.22543722, initial_speed=39.24657198)
    vehicle3 = NPC(lane_id=2, offset=27.26027842, initial_speed=34.21094748)
    vehicle1.decelerate(trigger_sequence=1, target_speed=17.24487763)
    vehicle3.accelerate(trigger_sequence=2, target_speed=47.7698727)
    vehicle1.accelerate(trigger_sequence=3, target_speed=55.73573191)
    vehicle1.accelerate(trigger_sequence=5, target_speed=50.00565219)

2025-04-22 Tuesday 10:43:34  random_test.py : INFO  === Evaluation Finished === 
 Fitness: [3.499716733727763, -0.23948811700182815], Collision: False
2025-04-22 Tuesday 10:43:45  random_test.py : INFO  === Evaluate Testcase === 
 def testcase(self):
    ego = NPC(lane_id=3, offset=47.26179049, initial_speed=13.51300327)
    vehicle2 = NPC(lane_id=4, offset=13.85015597, initial_speed=29.6757532)
    vehicle3 = NPC(lane_id=1, offset=34.72810354, initial_speed=35.96575226)
    vehicle3.changeLane(trigger_sequence=2, target_lane=1, target_speed=11.05904015)
    vehicle2.decelerate(trigger_sequence=3, target_speed=7.69766014)
    vehicle3.accelerate(trigger_sequence=4, target_speed=37.04242995)
    vehicle2.accelerate(trigger_sequence=5, target_speed=40.15521071)

2025-04-22 Tuesday 10:43:45  random_test.py : INFO  === Evaluation Finished === 
 Fitness: [3.5008981348857096, -0.026755852842809364], Collision: False
2025-04-22 Tuesday 10:43:57  random_test.py : INFO  === Evaluate Testcase === 
 def testcase(self):
    ego = NPC(lane_id=3, offset=26.21977368, initial_speed=36.46759005)
    vehicle2 = NPC(lane_id=1, offset=21.40661715, initial_speed=27.58026675)
    vehicle3 = NPC(lane_id=1, offset=10.18741466, initial_speed=7.64925298)
    vehicle4 = NPC(lane_id=5, offset=47.56490567, initial_speed=2.6290871)
    vehicle2.changeLane(trigger_sequence=1, target_lane=1, target_speed=43.87747759)
    vehicle3.decelerate(trigger_sequence=1, target_speed=27.6638561)
    vehicle2.decelerate(trigger_sequence=2, target_speed=25.71417903)
    vehicle3.decelerate(trigger_sequence=2, target_speed=15.44771433)
    vehicle4.accelerate(trigger_sequence=2, target_speed=32.47602499)
    vehicle2.accelerate(trigger_sequence=4, target_speed=47.01448764)
    vehicle2.decelerate(trigger_sequence=5, target_speed=16.45411355)

2025-04-22 Tuesday 10:43:57  random_test.py : INFO  === Evaluation Finished === 
 Fitness: [6.992164849886124, -0.29945553539019965], Collision: False
2025-04-22 Tuesday 10:44:09  random_test.py : INFO  === Evaluate Testcase === 
 def testcase(self):
    vehicle1 = NPC(lane_id=5, offset=24.78691175, initial_speed=15.67691017)
    vehicle2 = NPC(lane_id=5, offset=12.07530661, initial_speed=21.50998785)
    ego = NPC(lane_id=2, offset=47.77698831, initial_speed=35.85449492)
    vehicle1.accelerate(trigger_sequence=1, target_speed=52.31327404)
    vehicle1.accelerate(trigger_sequence=2, target_speed=52.69343454)
    vehicle2.decelerate(trigger_sequence=2, target_speed=13.61014774)

2025-04-22 Tuesday 10:44:09  random_test.py : INFO  === Evaluation Finished === 
 Fitness: [10.500831399203996, -0.30490018148820325], Collision: False
2025-04-22 Tuesday 10:44:21  random_test.py : INFO  === Evaluate Testcase === 
 def testcase(self):
    vehicle1 = NPC(lane_id=3, offset=25.9875984, initial_speed=29.17934373)
    ego = NPC(lane_id=3, offset=39.08464402, initial_speed=26.07700774)
    vehicle3 = NPC(lane_id=4, offset=26.64951886, initial_speed=4.39362356)
    vehicle4 = NPC(lane_id=5, offset=19.23523701, initial_speed=7.78903559)
    vehicle1.decelerate(trigger_sequence=1, target_speed=29.60555928)
    vehicle3.accelerate(trigger_sequence=1, target_speed=55.66106414)
    vehicle4.decelerate(trigger_sequence=1, target_speed=10.74785021)
    vehicle1.accelerate(trigger_sequence=2, target_speed=44.95483809)
    vehicle3.changeLane(trigger_sequence=2, target_lane=3, target_speed=18.106675)
    vehicle1.decelerate(trigger_sequence=3, target_speed=23.83771004)
    vehicle3.accelerate(trigger_sequence=3, target_speed=44.05427868)
    vehicle4.changeLane(trigger_sequence=4, target_lane=3, target_speed=53.78273841)
    vehicle1.changeLane(trigger_sequence=5, target_lane=3, target_speed=33.97249646)
    vehicle3.changeLane(trigger_sequence=5, target_lane=3, target_speed=46.46983447)
    vehicle4.changeLane(trigger_sequence=5, target_lane=1, target_speed=47.62092767)

2025-04-22 Tuesday 10:44:21  random_test.py : INFO  === Evaluation Finished === 
 Fitness: [4.747712047918369, -0.6230366492146597], Collision: True
2025-04-22 Tuesday 10:44:21  random_test.py : INFO  === Find a coollision ===
2025-04-22 Tuesday 10:44:33  random_test.py : INFO  === Evaluate Testcase === 
 def testcase(self):
    vehicle1 = NPC(lane_id=2, offset=1.02294153, initial_speed=11.59491403)
    ego = NPC(lane_id=3, offset=40.50604959, initial_speed=17.13509118)
    vehicle1.accelerate(trigger_sequence=1, target_speed=55.81197568)
    vehicle1.accelerate(trigger_sequence=2, target_speed=34.25970148)
    vehicle1.accelerate(trigger_sequence=3, target_speed=59.72343291)
    vehicle1.decelerate(trigger_sequence=5, target_speed=8.53796859)

2025-04-22 Tuesday 10:44:33  random_test.py : INFO  === Evaluation Finished === 
 Fitness: [3.5016372843605876, -0.018998272884283247], Collision: False
2025-04-22 Tuesday 10:44:38  random_test.py : INFO  === Evaluate Testcase === 
 def testcase(self):
    ego = NPC(lane_id=2, offset=10.61219776, initial_speed=2.72309336)
    vehicle2 = NPC(lane_id=5, offset=44.7302671, initial_speed=32.52648011)
    vehicle3 = NPC(lane_id=1, offset=36.88157948, initial_speed=18.75651791)
    vehicle4 = NPC(lane_id=2, offset=10.9766409, initial_speed=23.4940312)
    vehicle2.accelerate(trigger_sequence=1, target_speed=50.74497996)
    vehicle3.decelerate(trigger_sequence=1, target_speed=5.4450319)
    vehicle4.decelerate(trigger_sequence=1, target_speed=17.66493924)
    vehicle3.decelerate(trigger_sequence=2, target_speed=29.83541589)
    vehicle2.changeLane(trigger_sequence=3, target_lane=3, target_speed=37.03765909)
    vehicle3.changeLane(trigger_sequence=3, target_lane=1, target_speed=52.37056755)
    vehicle4.accelerate(trigger_sequence=3, target_speed=55.50832569)
    vehicle4.decelerate(trigger_sequence=4, target_speed=4.62034503)
    vehicle2.changeLane(trigger_sequence=5, target_lane=3, target_speed=39.36703819)
    vehicle3.accelerate(trigger_sequence=5, target_speed=38.80058459)
    vehicle4.changeLane(trigger_sequence=5, target_lane=1, target_speed=32.5923373)

2025-04-22 Tuesday 10:44:38  random_test.py : INFO  === Evaluation Finished === 
 Fitness: [inf, 0], Collision: False
2025-04-22 Tuesday 10:44:50  random_test.py : INFO  === Evaluate Testcase === 
 def testcase(self):
    ego = NPC(lane_id=2, offset=7.14361454, initial_speed=22.46945353)
    vehicle2 = NPC(lane_id=5, offset=25.86455872, initial_speed=28.35630002)
    vehicle3 = NPC(lane_id=3, offset=0.57420747, initial_speed=8.17169953)
    vehicle4 = NPC(lane_id=1, offset=17.74201485, initial_speed=3.1275091)
    vehicle2.changeLane(trigger_sequence=1, target_lane=1, target_speed=41.93037041)
    vehicle2.accelerate(trigger_sequence=2, target_speed=54.57724417)
    vehicle3.accelerate(trigger_sequence=2, target_speed=50.66752917)
    vehicle2.decelerate(trigger_sequence=3, target_speed=5.85839404)
    vehicle4.decelerate(trigger_sequence=3, target_speed=29.26000706)
    vehicle2.decelerate(trigger_sequence=4, target_speed=7.19528753)
    vehicle3.changeLane(trigger_sequence=4, target_lane=1, target_speed=56.97390819)
    vehicle2.changeLane(trigger_sequence=5, target_lane=3, target_speed=27.96063922)

2025-04-22 Tuesday 10:44:50  random_test.py : INFO  === Evaluation Finished === 
 Fitness: [3.4990168552395993, -0.5385964912280702], Collision: True
2025-04-22 Tuesday 10:44:50  random_test.py : INFO  === Find a coollision ===
2025-04-22 Tuesday 10:45:02  random_test.py : INFO  === Evaluate Testcase === 
 def testcase(self):
    vehicle1 = NPC(lane_id=1, offset=46.44559066, initial_speed=10.37269637)
    vehicle2 = NPC(lane_id=4, offset=22.35581845, initial_speed=25.8800685)
    ego = NPC(lane_id=2, offset=18.87777758, initial_speed=19.8795396)
    vehicle4 = NPC(lane_id=5, offset=40.06642333, initial_speed=33.27436853)
    vehicle1.changeLane(trigger_sequence=1, target_lane=1, target_speed=44.2087987)
    vehicle4.changeLane(trigger_sequence=3, target_lane=1, target_speed=4.75092865)
    vehicle2.changeLane(trigger_sequence=4, target_lane=1, target_speed=56.86825938)
    vehicle4.decelerate(trigger_sequence=4, target_speed=13.94294361)
    vehicle2.decelerate(trigger_sequence=5, target_speed=23.18178148)
    vehicle4.accelerate(trigger_sequence=5, target_speed=54.88180089)

2025-04-22 Tuesday 10:45:02  random_test.py : INFO  === Evaluation Finished === 
 Fitness: [3.4993991171361807, -0.59375], Collision: False
2025-04-22 Tuesday 10:45:14  random_test.py : INFO  === Evaluate Testcase === 
 def testcase(self):
    vehicle1 = NPC(lane_id=2, offset=2.48712532, initial_speed=16.7672776)
    ego = NPC(lane_id=1, offset=27.56903943, initial_speed=35.93537028)
    vehicle3 = NPC(lane_id=3, offset=11.19779573, initial_speed=30.11467938)
    vehicle3.decelerate(trigger_sequence=3, target_speed=16.49166623)
    vehicle1.accelerate(trigger_sequence=4, target_speed=36.36800262)
    vehicle3.decelerate(trigger_sequence=4, target_speed=6.84910883)

2025-04-22 Tuesday 10:45:14  random_test.py : INFO  === Evaluation Finished === 
 Fitness: [9.588806544660017, -0.29945553539019965], Collision: False
2025-04-22 Tuesday 10:45:19  random_test.py : INFO  === Evaluate Testcase === 
 def testcase(self):
    vehicle1 = NPC(lane_id=5, offset=28.66216628, initial_speed=0.69313232)
    ego = NPC(lane_id=3, offset=9.16344273, initial_speed=16.126975)
    vehicle3 = NPC(lane_id=3, offset=6.10849587, initial_speed=9.37989647)
    vehicle4 = NPC(lane_id=1, offset=39.50834651, initial_speed=0.94460917)
    vehicle1.decelerate(trigger_sequence=1, target_speed=5.01610097)
    vehicle3.decelerate(trigger_sequence=1, target_speed=15.54977842)
    vehicle4.accelerate(trigger_sequence=1, target_speed=51.2272727)
    vehicle3.decelerate(trigger_sequence=2, target_speed=19.93848338)
    vehicle1.accelerate(trigger_sequence=3, target_speed=52.04376723)
    vehicle3.decelerate(trigger_sequence=3, target_speed=23.82703931)
    vehicle4.changeLane(trigger_sequence=3, target_lane=3, target_speed=24.28938717)
    vehicle1.decelerate(trigger_sequence=4, target_speed=7.03902575)
    vehicle4.decelerate(trigger_sequence=4, target_speed=29.76675689)
    vehicle3.changeLane(trigger_sequence=5, target_lane=3, target_speed=22.28230831)
    vehicle4.changeLane(trigger_sequence=5, target_lane=3, target_speed=29.0136277)

2025-04-22 Tuesday 10:45:19  random_test.py : INFO  === Evaluation Finished === 
 Fitness: [inf, 0], Collision: False
2025-04-22 Tuesday 10:45:31  random_test.py : INFO  === Evaluate Testcase === 
 def testcase(self):
    vehicle1 = NPC(lane_id=4, offset=41.00605927, initial_speed=35.55032739)
    ego = NPC(lane_id=1, offset=17.57042847, initial_speed=30.37732447)

2025-04-22 Tuesday 10:45:31  random_test.py : INFO  === Evaluation Finished === 
 Fitness: [26.135378784797155, -0.5635062611806798], Collision: False
2025-04-22 Tuesday 10:45:35  random_test.py : INFO  === Evaluate Testcase === 
 def testcase(self):
    ego = NPC(lane_id=5, offset=6.39184664, initial_speed=6.44244282)
    vehicle2 = NPC(lane_id=5, offset=10.0190548, initial_speed=27.56783602)
    vehicle2.changeLane(trigger_sequence=3, target_lane=1, target_speed=45.43774538)

2025-04-22 Tuesday 10:45:35  random_test.py : INFO  === Evaluation Finished === 
 Fitness: [inf, 0], Collision: False
2025-04-22 Tuesday 10:45:48  random_test.py : INFO  === Evaluate Testcase === 
 def testcase(self):
    vehicle1 = NPC(lane_id=3, offset=32.33496374, initial_speed=0.92107477)
    vehicle2 = NPC(lane_id=4, offset=36.75857983, initial_speed=1.57893141)
    vehicle3 = NPC(lane_id=4, offset=48.48224477, initial_speed=30.6210068)
    ego = NPC(lane_id=1, offset=15.97918117, initial_speed=20.08071152)
    vehicle1.changeLane(trigger_sequence=1, target_lane=3, target_speed=29.21524925)
    vehicle2.decelerate(trigger_sequence=1, target_speed=1.52675619)
    vehicle1.changeLane(trigger_sequence=2, target_lane=1, target_speed=4.14113035)
    vehicle2.changeLane(trigger_sequence=2, target_lane=3, target_speed=7.3164902)
    vehicle1.decelerate(trigger_sequence=3, target_speed=25.06742649)
    vehicle3.accelerate(trigger_sequence=3, target_speed=39.99193992)
    vehicle1.changeLane(trigger_sequence=4, target_lane=3, target_speed=5.02415086)
    vehicle2.decelerate(trigger_sequence=4, target_speed=29.19961782)
    vehicle2.changeLane(trigger_sequence=5, target_lane=1, target_speed=21.81680128)

2025-04-22 Tuesday 10:45:48  random_test.py : INFO  === Evaluation Finished === 
 Fitness: [7.000887904319664, -0.6086956521739131], Collision: False
2025-04-22 Tuesday 10:46:00  random_test.py : INFO  === Evaluate Testcase === 
 def testcase(self):
    vehicle1 = NPC(lane_id=2, offset=29.66608836, initial_speed=35.03711364)
    vehicle2 = NPC(lane_id=5, offset=26.96833772, initial_speed=6.08025014)
    ego = NPC(lane_id=1, offset=18.30524056, initial_speed=23.41559982)
    vehicle4 = NPC(lane_id=2, offset=19.48268064, initial_speed=33.65672884)
    vehicle1.decelerate(trigger_sequence=1, target_speed=4.24374656)
    vehicle4.changeLane(trigger_sequence=1, target_lane=3, target_speed=51.9586395)
    vehicle4.decelerate(trigger_sequence=2, target_speed=16.43461237)
    vehicle4.changeLane(trigger_sequence=3, target_lane=1, target_speed=22.38692961)
    vehicle2.decelerate(trigger_sequence=4, target_speed=3.85756758)
    vehicle1.changeLane(trigger_sequence=5, target_lane=1, target_speed=0.73460097)
    vehicle4.accelerate(trigger_sequence=5, target_speed=32.88088222)

2025-04-22 Tuesday 10:46:00  random_test.py : INFO  === Evaluation Finished === 
 Fitness: [3.499529334102871, -0.5316901408450704], Collision: False
2025-04-22 Tuesday 10:46:12  random_test.py : INFO  === Evaluate Testcase === 
 def testcase(self):
    ego = NPC(lane_id=3, offset=48.00236506, initial_speed=22.8200514)
    vehicle2 = NPC(lane_id=2, offset=13.44242332, initial_speed=33.67087982)
    vehicle2.changeLane(trigger_sequence=1, target_lane=3, target_speed=19.27095247)
    vehicle2.accelerate(trigger_sequence=2, target_speed=39.70178912)
    vehicle2.decelerate(trigger_sequence=5, target_speed=29.33559069)

2025-04-22 Tuesday 10:46:12  random_test.py : INFO  === Evaluation Finished === 
 Fitness: [11.090451875422971, -0.5377855887521968], Collision: False
2025-04-22 Tuesday 10:46:24  random_test.py : INFO  === Evaluate Testcase === 
 def testcase(self):
    vehicle1 = NPC(lane_id=4, offset=13.94382261, initial_speed=17.58631458)
    vehicle2 = NPC(lane_id=2, offset=30.36569092, initial_speed=5.8907942)
    ego = NPC(lane_id=5, offset=43.42768914, initial_speed=12.65199462)
    vehicle2.changeLane(trigger_sequence=1, target_lane=3, target_speed=30.64607024)
    vehicle1.accelerate(trigger_sequence=2, target_speed=51.51197807)
    vehicle2.decelerate(trigger_sequence=2, target_speed=2.00029868)
    vehicle1.changeLane(trigger_sequence=3, target_lane=1, target_speed=18.66344988)
    vehicle2.changeLane(trigger_sequence=4, target_lane=1, target_speed=56.24022737)
    vehicle1.decelerate(trigger_sequence=5, target_speed=15.9858648)
    vehicle2.decelerate(trigger_sequence=5, target_speed=3.54523371)

2025-04-22 Tuesday 10:46:24  random_test.py : INFO  === Evaluation Finished === 
 Fitness: [2.43039362120564, -0.09348914858096828], Collision: True
2025-04-22 Tuesday 10:46:24  random_test.py : INFO  === Find a collision ===
2025-04-22 Tuesday 10:46:36  random_test.py : INFO  === Evaluate Testcase === 
 def testcase(self):
    vehicle1 = NPC(lane_id=1, offset=21.36789797, initial_speed=9.09901552)
    ego = NPC(lane_id=4, offset=34.72435407, initial_speed=4.02655823)
    vehicle1.accelerate(trigger_sequence=1, target_speed=58.99652753)
    vehicle1.changeLane(trigger_sequence=2, target_lane=3, target_speed=12.4471259)
    vehicle1.decelerate(trigger_sequence=5, target_speed=28.61370061)

2025-04-22 Tuesday 10:46:36  random_test.py : INFO  === Evaluation Finished === 
 Fitness: [10.495032664071283, -0.5016835016835017], Collision: False
2025-04-22 Tuesday 10:46:48  random_test.py : INFO  === Evaluate Testcase === 
 def testcase(self):
    vehicle1 = NPC(lane_id=5, offset=3.57511534, initial_speed=28.72124303)
    ego = NPC(lane_id=4, offset=8.28014871, initial_speed=10.77256309)
    vehicle3 = NPC(lane_id=2, offset=19.29507629, initial_speed=1.7642378)
    vehicle4 = NPC(lane_id=1, offset=33.00493606, initial_speed=20.71818506)
    vehicle1.changeLane(trigger_sequence=2, target_lane=3, target_speed=10.22032239)
    vehicle4.changeLane(trigger_sequence=2, target_lane=1, target_speed=43.18101462)
    vehicle3.decelerate(trigger_sequence=3, target_speed=18.42949483)
    vehicle1.decelerate(trigger_sequence=4, target_speed=11.78734716)
    vehicle3.changeLane(trigger_sequence=4, target_lane=3, target_speed=26.39559073)
    vehicle4.accelerate(trigger_sequence=5, target_speed=45.3052426)

2025-04-22 Tuesday 10:46:48  random_test.py : INFO  === Evaluation Finished === 
 Fitness: [3.499973133535652, -0.02], Collision: False
2025-04-22 Tuesday 10:47:00  random_test.py : INFO  === Evaluate Testcase === 
 def testcase(self):
    vehicle1 = NPC(lane_id=1, offset=30.13817471, initial_speed=26.18038315)
    vehicle2 = NPC(lane_id=5, offset=0.54862195, initial_speed=38.34021379)
    ego = NPC(lane_id=5, offset=12.4971398, initial_speed=34.78422294)
    vehicle1.accelerate(trigger_sequence=5, target_speed=51.16248599)
    vehicle2.changeLane(trigger_sequence=5, target_lane=3, target_speed=39.35272059)

2025-04-22 Tuesday 10:47:00  random_test.py : INFO  === Evaluation Finished === 
 Fitness: [4.710063851932863, -0.3356643356643357], Collision: True
2025-04-22 Tuesday 10:47:00  random_test.py : INFO  === Find a coollision ===
2025-04-22 Tuesday 10:47:13  random_test.py : INFO  === Evaluate Testcase === 
 def testcase(self):
    vehicle1 = NPC(lane_id=2, offset=12.05952404, initial_speed=14.32470803)
    vehicle2 = NPC(lane_id=1, offset=19.65913785, initial_speed=1.72809238)
    ego = NPC(lane_id=4, offset=36.33581041, initial_speed=5.28104225)
    vehicle4 = NPC(lane_id=5, offset=30.04330872, initial_speed=19.98749712)
    vehicle1.decelerate(trigger_sequence=1, target_speed=4.89198596)
    vehicle2.changeLane(trigger_sequence=1, target_lane=3, target_speed=34.07494873)
    vehicle4.accelerate(trigger_sequence=1, target_speed=51.63926305)
    vehicle2.changeLane(trigger_sequence=2, target_lane=1, target_speed=36.10901846)
    vehicle4.accelerate(trigger_sequence=2, target_speed=47.94589486)
    vehicle1.changeLane(trigger_sequence=3, target_lane=1, target_speed=8.79417604)
    vehicle4.changeLane(trigger_sequence=3, target_lane=3, target_speed=30.56285684)
    vehicle1.decelerate(trigger_sequence=4, target_speed=18.36005289)
    vehicle1.accelerate(trigger_sequence=5, target_speed=45.85051313)
    vehicle4.decelerate(trigger_sequence=5, target_speed=16.49644503)

2025-04-22 Tuesday 10:47:13  random_test.py : INFO  === Evaluation Finished === 
 Fitness: [3.508446435220951, -0.4966442953020134], Collision: False
2025-04-22 Tuesday 10:47:24  random_test.py : INFO  === Evaluate Testcase === 
 def testcase(self):
    vehicle1 = NPC(lane_id=5, offset=10.6426306, initial_speed=24.00450821)
    ego = NPC(lane_id=4, offset=13.60913961, initial_speed=36.64999593)
    vehicle1.decelerate(trigger_sequence=2, target_speed=22.28881916)
    vehicle1.decelerate(trigger_sequence=3, target_speed=15.29453519)
    vehicle1.decelerate(trigger_sequence=4, target_speed=13.99562799)
    vehicle1.accelerate(trigger_sequence=5, target_speed=44.05051756)

2025-04-22 Tuesday 10:47:24  random_test.py : INFO  === Evaluation Finished === 
 Fitness: [3.501500002550584, -0.28363636363636363], Collision: False
2025-04-22 Tuesday 10:47:36  random_test.py : INFO  === Evaluate Testcase === 
 def testcase(self):
    vehicle1 = NPC(lane_id=4, offset=21.53563767, initial_speed=31.98812927)
    ego = NPC(lane_id=2, offset=11.43361752, initial_speed=16.24004558)
    vehicle1.decelerate(trigger_sequence=2, target_speed=23.24799308)
    vehicle1.changeLane(trigger_sequence=3, target_lane=1, target_speed=38.83641915)
    vehicle1.changeLane(trigger_sequence=5, target_lane=3, target_speed=40.90321925)

2025-04-22 Tuesday 10:47:36  random_test.py : INFO  === Evaluation Finished === 
 Fitness: [12.663058060332826, -0.020134228187919462], Collision: False
2025-04-22 Tuesday 10:47:48  random_test.py : INFO  === Evaluate Testcase === 
 def testcase(self):
    vehicle1 = NPC(lane_id=5, offset=19.79294356, initial_speed=7.83814618)
    vehicle2 = NPC(lane_id=2, offset=14.00024483, initial_speed=32.45307643)
    ego = NPC(lane_id=3, offset=48.02185967, initial_speed=20.39387811)
    vehicle1.accelerate(trigger_sequence=1, target_speed=31.59391102)
    vehicle1.changeLane(trigger_sequence=2, target_lane=1, target_speed=13.54735953)
    vehicle1.accelerate(trigger_sequence=3, target_speed=49.42423866)
    vehicle2.decelerate(trigger_sequence=3, target_speed=4.52652912)

2025-04-22 Tuesday 10:47:48  random_test.py : INFO  === Evaluation Finished === 
 Fitness: [3.4991307978085486, -0.6104347826086957], Collision: False
2025-04-22 Tuesday 10:48:00  random_test.py : INFO  === Evaluate Testcase === 
 def testcase(self):
    vehicle1 = NPC(lane_id=2, offset=16.24539569, initial_speed=12.39723037)
    vehicle2 = NPC(lane_id=4, offset=8.64553475, initial_speed=9.67762245)
    ego = NPC(lane_id=5, offset=20.09601329, initial_speed=35.53058504)
    vehicle1.changeLane(trigger_sequence=1, target_lane=3, target_speed=50.41652328)
    vehicle2.decelerate(trigger_sequence=2, target_speed=11.39124622)
    vehicle2.accelerate(trigger_sequence=3, target_speed=57.84327602)

2025-04-22 Tuesday 10:48:00  random_test.py : INFO  === Evaluation Finished === 
 Fitness: [7.000006617060396, -0.2971014492753623], Collision: False
2025-04-22 Tuesday 10:48:13  random_test.py : INFO  === Evaluate Testcase === 
 def testcase(self):
    vehicle1 = NPC(lane_id=5, offset=22.31007234, initial_speed=1.20611372)
    ego = NPC(lane_id=1, offset=24.215232, initial_speed=30.62457381)
    vehicle3 = NPC(lane_id=2, offset=22.13818564, initial_speed=16.1102119)
    vehicle4 = NPC(lane_id=1, offset=5.67084778, initial_speed=10.79547887)
    vehicle1.changeLane(trigger_sequence=1, target_lane=1, target_speed=27.38610966)
    vehicle3.decelerate(trigger_sequence=1, target_speed=11.57620824)
    vehicle4.changeLane(trigger_sequence=1, target_lane=3, target_speed=19.03488131)
    vehicle1.accelerate(trigger_sequence=2, target_speed=41.33083101)
    vehicle3.accelerate(trigger_sequence=2, target_speed=39.05207579)
    vehicle4.decelerate(trigger_sequence=2, target_speed=27.85446019)
    vehicle3.decelerate(trigger_sequence=3, target_speed=11.47156907)
    vehicle4.accelerate(trigger_sequence=3, target_speed=34.4827253)
    vehicle4.decelerate(trigger_sequence=4, target_speed=22.80764603)
    vehicle4.changeLane(trigger_sequence=5, target_lane=3, target_speed=12.06480635)

2025-04-22 Tuesday 10:48:13  random_test.py : INFO  === Evaluation Finished === 
 Fitness: [3.502864286328581, -0.40429338103756707], Collision: False
2025-04-22 Tuesday 10:48:25  random_test.py : INFO  === Evaluate Testcase === 
 def testcase(self):
    vehicle1 = NPC(lane_id=5, offset=6.01065781, initial_speed=11.17994954)
    vehicle2 = NPC(lane_id=1, offset=28.37491262, initial_speed=13.77918526)
    ego = NPC(lane_id=3, offset=4.50937111, initial_speed=28.33571095)
    vehicle1.changeLane(trigger_sequence=1, target_lane=1, target_speed=16.81188485)
    vehicle2.accelerate(trigger_sequence=1, target_speed=31.9081184)
    vehicle2.changeLane(trigger_sequence=2, target_lane=1, target_speed=51.22831794)
    vehicle2.changeLane(trigger_sequence=3, target_lane=1, target_speed=13.60578538)
    vehicle1.accelerate(trigger_sequence=4, target_speed=51.28160131)
    vehicle2.changeLane(trigger_sequence=4, target_lane=1, target_speed=13.19939027)

2025-04-22 Tuesday 10:48:25  random_test.py : INFO  === Evaluation Finished === 
 Fitness: [7.002663739125929, -0.43315508021390375], Collision: False
2025-04-22 Tuesday 10:48:37  random_test.py : INFO  === Evaluate Testcase === 
 def testcase(self):
    vehicle1 = NPC(lane_id=5, offset=14.32442723, initial_speed=30.65591789)
    vehicle2 = NPC(lane_id=3, offset=15.11290096, initial_speed=31.93915262)
    ego = NPC(lane_id=3, offset=22.98246012, initial_speed=12.55613162)
    vehicle1.changeLane(trigger_sequence=3, target_lane=3, target_speed=53.72398256)
    vehicle2.accelerate(trigger_sequence=3, target_speed=31.01386624)
    vehicle1.accelerate(trigger_sequence=4, target_speed=49.92717148)
    vehicle1.changeLane(trigger_sequence=5, target_lane=3, target_speed=4.50858091)

2025-04-22 Tuesday 10:48:37  random_test.py : INFO  === Evaluation Finished === 
 Fitness: [4.765850354093078, -0.0333889816360601], Collision: True
2025-04-22 Tuesday 10:48:37  random_test.py : INFO  === Find a coollision ===
2025-04-22 Tuesday 10:48:49  random_test.py : INFO  === Evaluate Testcase === 
 def testcase(self):
    ego = NPC(lane_id=2, offset=36.24682476, initial_speed=26.88713287)
    vehicle2 = NPC(lane_id=3, offset=18.90160845, initial_speed=23.74807769)
    vehicle2.changeLane(trigger_sequence=1, target_lane=3, target_speed=20.4000908)
    vehicle2.accelerate(trigger_sequence=3, target_speed=49.0193038)

2025-04-22 Tuesday 10:48:49  random_test.py : INFO  === Evaluation Finished === 
 Fitness: [3.500721751301297, -0.4706927175843694], Collision: False
2025-04-22 Tuesday 10:49:01  random_test.py : INFO  === Evaluate Testcase === 
 def testcase(self):
    ego = NPC(lane_id=1, offset=19.56050896, initial_speed=21.13756123)
    vehicle2 = NPC(lane_id=5, offset=47.38173317, initial_speed=39.28472036)
    vehicle3 = NPC(lane_id=3, offset=43.71124916, initial_speed=14.98607197)
    vehicle2.decelerate(trigger_sequence=2, target_speed=3.158719)
    vehicle3.accelerate(trigger_sequence=2, target_speed=50.39033058)
    vehicle2.accelerate(trigger_sequence=3, target_speed=50.51181857)
    vehicle3.changeLane(trigger_sequence=3, target_lane=3, target_speed=40.59687352)
    vehicle3.changeLane(trigger_sequence=4, target_lane=1, target_speed=29.73480273)
    vehicle3.accelerate(trigger_sequence=5, target_speed=33.05970671)

2025-04-22 Tuesday 10:49:01  random_test.py : INFO  === Evaluation Finished === 
 Fitness: [12.10532035469143, -0.5905923344947736], Collision: False
2025-04-22 Tuesday 10:49:13  random_test.py : INFO  === Evaluate Testcase === 
 def testcase(self):
    vehicle1 = NPC(lane_id=2, offset=31.74936811, initial_speed=25.30053579)
    vehicle2 = NPC(lane_id=1, offset=25.02326332, initial_speed=0.34498644)
    ego = NPC(lane_id=3, offset=7.58406019, initial_speed=29.33761543)
    vehicle4 = NPC(lane_id=2, offset=44.52239951, initial_speed=31.90274018)
    vehicle2.changeLane(trigger_sequence=1, target_lane=3, target_speed=56.32781387)
    vehicle4.accelerate(trigger_sequence=2, target_speed=32.9943417)
    vehicle1.decelerate(trigger_sequence=4, target_speed=19.90095476)
    vehicle2.decelerate(trigger_sequence=4, target_speed=5.30834913)
    vehicle4.changeLane(trigger_sequence=4, target_lane=1, target_speed=30.94013038)

2025-04-22 Tuesday 10:49:13  random_test.py : INFO  === Evaluation Finished === 
 Fitness: [3.5007225267999504, -0.4], Collision: False
2025-04-22 Tuesday 10:49:25  random_test.py : INFO  === Evaluate Testcase === 
 def testcase(self):
    vehicle1 = NPC(lane_id=1, offset=14.67345865, initial_speed=33.59212865)
    ego = NPC(lane_id=2, offset=38.97612958, initial_speed=4.73069895)
    vehicle1.accelerate(trigger_sequence=5, target_speed=44.39093784)

2025-04-22 Tuesday 10:49:25  random_test.py : INFO  === Evaluation Finished === 
 Fitness: [3.495978558438439, -0.465], Collision: False
2025-04-22 Tuesday 10:49:38  random_test.py : INFO  === Evaluate Testcase === 
 def testcase(self):
    vehicle1 = NPC(lane_id=5, offset=23.65838549, initial_speed=36.86171127)
    vehicle2 = NPC(lane_id=3, offset=47.41038765, initial_speed=30.19872211)
    ego = NPC(lane_id=4, offset=30.59869041, initial_speed=32.50295871)
    vehicle1.changeLane(trigger_sequence=1, target_lane=1, target_speed=30.17173995)
    vehicle2.decelerate(trigger_sequence=3, target_speed=2.88644018)
    vehicle1.changeLane(trigger_sequence=4, target_lane=1, target_speed=13.68865247)

2025-04-22 Tuesday 10:49:38  random_test.py : INFO  === Evaluation Finished === 
 Fitness: [3.4999379462582962, -0.4136690647482014], Collision: False
2025-04-22 Tuesday 10:49:50  random_test.py : INFO  === Evaluate Testcase === 
 def testcase(self):
    vehicle1 = NPC(lane_id=5, offset=16.41022724, initial_speed=11.18020106)
    ego = NPC(lane_id=2, offset=21.09971406, initial_speed=20.31318904)
    vehicle3 = NPC(lane_id=2, offset=0.15178676, initial_speed=23.03295881)
    vehicle4 = NPC(lane_id=4, offset=29.56918595, initial_speed=9.84205229)
    vehicle4.accelerate(trigger_sequence=1, target_speed=50.8218787)
    vehicle1.decelerate(trigger_sequence=2, target_speed=8.78119246)
    vehicle4.changeLane(trigger_sequence=2, target_lane=3, target_speed=29.80951528)
    vehicle3.accelerate(trigger_sequence=3, target_speed=31.4669979)
    vehicle1.accelerate(trigger_sequence=4, target_speed=48.56262641)
    vehicle3.changeLane(trigger_sequence=4, target_lane=3, target_speed=3.72138075)
    vehicle1.changeLane(trigger_sequence=5, target_lane=3, target_speed=59.90820123)
    vehicle3.accelerate(trigger_sequence=5, target_speed=30.44847619)
    vehicle4.accelerate(trigger_sequence=5, target_speed=48.24384143)

2025-04-22 Tuesday 10:49:50  random_test.py : INFO  === Evaluation Finished === 
 Fitness: [4.753735818825815, -0.6156521739130435], Collision: True
2025-04-22 Tuesday 10:49:50  random_test.py : INFO  === Find a coollision ===
2025-04-22 Tuesday 10:50:02  random_test.py : INFO  === Evaluate Testcase === 
 def testcase(self):
    ego = NPC(lane_id=5, offset=43.79004094, initial_speed=14.31790621)
    vehicle2 = NPC(lane_id=1, offset=9.25341787, initial_speed=23.24140676)
    vehicle3 = NPC(lane_id=4, offset=5.60412434, initial_speed=27.21307474)
    vehicle2.decelerate(trigger_sequence=1, target_speed=20.0190715)
    vehicle3.accelerate(trigger_sequence=2, target_speed=59.2844395)
    vehicle2.changeLane(trigger_sequence=4, target_lane=3, target_speed=35.76945721)
    vehicle2.changeLane(trigger_sequence=5, target_lane=1, target_speed=58.28858762)

2025-04-22 Tuesday 10:50:02  random_test.py : INFO  === Evaluation Finished === 
 Fitness: [3.5003130745616957, -0.026755852842809364], Collision: False
2025-04-22 Tuesday 10:50:15  random_test.py : INFO  === Evaluate Testcase === 
 def testcase(self):
    vehicle1 = NPC(lane_id=1, offset=33.28189286, initial_speed=16.05854264)
    vehicle2 = NPC(lane_id=5, offset=3.1852758, initial_speed=27.61863806)
    vehicle3 = NPC(lane_id=4, offset=36.11135127, initial_speed=2.58774207)
    ego = NPC(lane_id=5, offset=18.49392265, initial_speed=12.86229433)
    vehicle1.decelerate(trigger_sequence=2, target_speed=7.70859427)
    vehicle2.decelerate(trigger_sequence=2, target_speed=5.82838765)
    vehicle3.changeLane(trigger_sequence=2, target_lane=3, target_speed=26.12908955)
    vehicle1.changeLane(trigger_sequence=3, target_lane=1, target_speed=47.00569196)
    vehicle2.changeLane(trigger_sequence=3, target_lane=1, target_speed=36.90584978)
    vehicle1.decelerate(trigger_sequence=4, target_speed=3.78795849)
    vehicle3.changeLane(trigger_sequence=4, target_lane=1, target_speed=7.2629062)
    vehicle2.changeLane(trigger_sequence=5, target_lane=1, target_speed=34.61971304)

2025-04-22 Tuesday 10:50:15  random_test.py : INFO  === Evaluation Finished === 
 Fitness: [3.4996841491591364, -0.041666666666666664], Collision: True
2025-04-22 Tuesday 10:50:15  random_test.py : INFO  === Find a coollision ===
2025-04-22 Tuesday 10:50:27  random_test.py : INFO  === Evaluate Testcase === 
 def testcase(self):
    vehicle1 = NPC(lane_id=3, offset=15.06091634, initial_speed=11.25326822)
    ego = NPC(lane_id=3, offset=5.36984554, initial_speed=19.93179203)
    vehicle1.changeLane(trigger_sequence=1, target_lane=1, target_speed=11.82102052)
    vehicle1.changeLane(trigger_sequence=4, target_lane=3, target_speed=19.82891884)

2025-04-22 Tuesday 10:50:27  random_test.py : INFO  === Evaluation Finished === 
 Fitness: [5.495885012900127, -0.4825174825174825], Collision: False
2025-04-22 Tuesday 10:50:39  random_test.py : INFO  === Evaluate Testcase === 
 def testcase(self):
    vehicle1 = NPC(lane_id=1, offset=26.85138993, initial_speed=27.03604931)
    vehicle2 = NPC(lane_id=1, offset=16.49369309, initial_speed=38.26530581)
    vehicle3 = NPC(lane_id=4, offset=35.04601082, initial_speed=10.38872756)
    ego = NPC(lane_id=5, offset=33.48948695, initial_speed=36.18989864)
    vehicle3.changeLane(trigger_sequence=1, target_lane=3, target_speed=35.54857616)
    vehicle2.changeLane(trigger_sequence=2, target_lane=1, target_speed=4.50435184)
    vehicle3.changeLane(trigger_sequence=2, target_lane=1, target_speed=59.2292195)
    vehicle1.decelerate(trigger_sequence=3, target_speed=25.76847455)
    vehicle2.decelerate(trigger_sequence=3, target_speed=14.2367185)
    vehicle2.changeLane(trigger_sequence=4, target_lane=3, target_speed=59.92519795)
    vehicle1.accelerate(trigger_sequence=5, target_speed=53.73838364)
    vehicle2.decelerate(trigger_sequence=5, target_speed=24.98807138)

2025-04-22 Tuesday 10:50:39  random_test.py : INFO  === Evaluation Finished === 
 Fitness: [3.498706423188735, -0.3030852994555354], Collision: False
2025-04-22 Tuesday 10:50:52  random_test.py : INFO  === Evaluate Testcase === 
 def testcase(self):
    vehicle1 = NPC(lane_id=3, offset=33.44203591, initial_speed=4.98661771)
    vehicle2 = NPC(lane_id=5, offset=38.1569559, initial_speed=26.56360113)
    ego = NPC(lane_id=1, offset=31.0272426, initial_speed=7.78634975)
    vehicle2.changeLane(trigger_sequence=1, target_lane=3, target_speed=2.11211513)
    vehicle1.accelerate(trigger_sequence=2, target_speed=56.09131038)
    vehicle2.changeLane(trigger_sequence=3, target_lane=1, target_speed=40.40879477)
    vehicle2.accelerate(trigger_sequence=4, target_speed=34.45557422)
    vehicle1.decelerate(trigger_sequence=5, target_speed=6.85756243)
    vehicle2.accelerate(trigger_sequence=5, target_speed=54.91238497)

2025-04-22 Tuesday 10:50:52  random_test.py : INFO  === Evaluation Finished === 
 Fitness: [6.999645023653265, -0.04], Collision: False
2025-04-22 Tuesday 10:51:04  random_test.py : INFO  === Evaluate Testcase === 
 def testcase(self):
    ego = NPC(lane_id=2, offset=26.58709058, initial_speed=4.78908206)
    vehicle2 = NPC(lane_id=4, offset=15.08148159, initial_speed=24.95392357)
    vehicle3 = NPC(lane_id=4, offset=37.56469495, initial_speed=8.45760366)
    vehicle2.changeLane(trigger_sequence=1, target_lane=1, target_speed=14.10500164)
    vehicle2.decelerate(trigger_sequence=2, target_speed=13.76950495)
    vehicle2.accelerate(trigger_sequence=3, target_speed=39.50057605)
    vehicle2.decelerate(trigger_sequence=4, target_speed=3.90608284)
    vehicle2.decelerate(trigger_sequence=5, target_speed=22.27499514)
    vehicle3.decelerate(trigger_sequence=5, target_speed=23.97281082)

2025-04-22 Tuesday 10:51:04  random_test.py : INFO  === Evaluation Finished === 
 Fitness: [7.007612005862094, -0.5092436974789916], Collision: False
2025-04-22 Tuesday 10:51:16  random_test.py : INFO  === Evaluate Testcase === 
 def testcase(self):
    ego = NPC(lane_id=1, offset=7.3861533, initial_speed=10.99688078)
    vehicle2 = NPC(lane_id=1, offset=46.00412083, initial_speed=0.46258437)
    vehicle2.decelerate(trigger_sequence=3, target_speed=5.42448203)

2025-04-22 Tuesday 10:51:16  random_test.py : INFO  === Evaluation Finished === 
 Fitness: [7.486831820532502, -0.3555926544240401], Collision: False
2025-04-22 Tuesday 10:51:28  random_test.py : INFO  === Evaluate Testcase === 
 def testcase(self):
    vehicle1 = NPC(lane_id=3, offset=28.52973415, initial_speed=24.61332711)
    ego = NPC(lane_id=5, offset=7.4137233, initial_speed=28.40358114)
    vehicle1.decelerate(trigger_sequence=1, target_speed=15.32964571)
    vehicle1.decelerate(trigger_sequence=4, target_speed=28.49749298)
    vehicle1.accelerate(trigger_sequence=5, target_speed=57.87409261)

2025-04-22 Tuesday 10:51:28  random_test.py : INFO  === Evaluation Finished === 
 Fitness: [7.000575770709916, -0.46524064171123], Collision: False
2025-04-22 Tuesday 10:51:40  random_test.py : INFO  === Evaluate Testcase === 
 def testcase(self):
    vehicle1 = NPC(lane_id=1, offset=46.44364079, initial_speed=28.37368914)
    vehicle2 = NPC(lane_id=3, offset=29.60329903, initial_speed=9.92008783)
    ego = NPC(lane_id=1, offset=18.23917191, initial_speed=29.47953115)
    vehicle4 = NPC(lane_id=5, offset=21.80888683, initial_speed=12.0134736)
    vehicle2.decelerate(trigger_sequence=1, target_speed=4.85959953)
    vehicle1.decelerate(trigger_sequence=2, target_speed=24.97733316)
    vehicle2.accelerate(trigger_sequence=2, target_speed=51.96029424)
    vehicle1.changeLane(trigger_sequence=3, target_lane=3, target_speed=27.51096518)
    vehicle1.decelerate(trigger_sequence=4, target_speed=13.90749944)
    vehicle2.changeLane(trigger_sequence=4, target_lane=1, target_speed=33.78469326)
    vehicle4.changeLane(trigger_sequence=4, target_lane=3, target_speed=59.97590813)
    vehicle4.decelerate(trigger_sequence=5, target_speed=28.17984237)

2025-04-22 Tuesday 10:51:40  random_test.py : INFO  === Evaluation Finished === 
 Fitness: [7.000673158443844, -0.3875], Collision: False
2025-04-22 Tuesday 10:51:53  random_test.py : INFO  === Evaluate Testcase === 
 def testcase(self):
    ego = NPC(lane_id=4, offset=41.70272844, initial_speed=13.48610194)
    vehicle2 = NPC(lane_id=4, offset=12.85807582, initial_speed=15.91783307)
    vehicle3 = NPC(lane_id=5, offset=18.04037853, initial_speed=7.71789266)
    vehicle3.decelerate(trigger_sequence=1, target_speed=23.88804231)
    vehicle2.accelerate(trigger_sequence=2, target_speed=47.40939558)
    vehicle2.changeLane(trigger_sequence=3, target_lane=3, target_speed=6.25338457)
    vehicle3.decelerate(trigger_sequence=4, target_speed=29.82087286)
    vehicle2.changeLane(trigger_sequence=5, target_lane=3, target_speed=41.57505306)

2025-04-22 Tuesday 10:51:53  random_test.py : INFO  === Evaluation Finished === 
 Fitness: [3.5004505635534997, -0.07023411371237458], Collision: True
2025-04-22 Tuesday 10:51:53  random_test.py : INFO  === Find a coollision ===
2025-04-22 Tuesday 10:51:57  random_test.py : INFO  === Evaluate Testcase === 
 def testcase(self):
    vehicle1 = NPC(lane_id=2, offset=44.53225736, initial_speed=5.95027036)
    ego = NPC(lane_id=2, offset=46.7008582, initial_speed=21.15719075)
    vehicle1.accelerate(trigger_sequence=4, target_speed=59.46778538)

2025-04-22 Tuesday 10:51:57  random_test.py : INFO  === Evaluation Finished === 
 Fitness: [inf, 0], Collision: False
2025-04-22 Tuesday 10:52:10  random_test.py : INFO  === Evaluate Testcase === 
 def testcase(self):
    ego = NPC(lane_id=2, offset=35.68014427, initial_speed=38.6154073)
    vehicle2 = NPC(lane_id=5, offset=42.56709048, initial_speed=29.9469696)
    vehicle3 = NPC(lane_id=1, offset=33.73549274, initial_speed=38.95426367)
    vehicle2.decelerate(trigger_sequence=1, target_speed=11.79471183)
    vehicle3.accelerate(trigger_sequence=1, target_speed=55.6258327)
    vehicle3.accelerate(trigger_sequence=2, target_speed=52.57790473)
    vehicle2.changeLane(trigger_sequence=4, target_lane=3, target_speed=42.44602273)
    vehicle3.decelerate(trigger_sequence=4, target_speed=27.81477525)
    vehicle2.decelerate(trigger_sequence=5, target_speed=26.13067058)
    vehicle3.changeLane(trigger_sequence=5, target_lane=3, target_speed=58.50165735)

2025-04-22 Tuesday 10:52:10  random_test.py : INFO  === Evaluation Finished === 
 Fitness: [3.497672801274693, -0.24087591240875914], Collision: False
2025-04-22 Tuesday 10:52:22  random_test.py : INFO  === Evaluate Testcase === 
 def testcase(self):
    vehicle1 = NPC(lane_id=3, offset=20.06643919, initial_speed=39.17565526)
    ego = NPC(lane_id=2, offset=26.25809271, initial_speed=9.29984665)
    vehicle1.accelerate(trigger_sequence=3, target_speed=45.5413427)

2025-04-22 Tuesday 10:52:22  random_test.py : INFO  === Evaluation Finished === 
 Fitness: [3.5170012155328942, -0.03333333333333333], Collision: False
2025-04-22 Tuesday 10:52:34  random_test.py : INFO  === Evaluate Testcase === 
 def testcase(self):
    ego = NPC(lane_id=5, offset=32.28286763, initial_speed=14.27063295)
    vehicle2 = NPC(lane_id=5, offset=47.09455736, initial_speed=36.01623102)
    vehicle3 = NPC(lane_id=1, offset=29.10265634, initial_speed=36.7940687)
    vehicle3.accelerate(trigger_sequence=1, target_speed=50.41083977)
    vehicle3.decelerate(trigger_sequence=2, target_speed=1.79185587)
    vehicle2.decelerate(trigger_sequence=4, target_speed=10.7149682)
    vehicle3.accelerate(trigger_sequence=4, target_speed=39.71666821)

2025-04-22 Tuesday 10:52:34  random_test.py : INFO  === Evaluation Finished === 
 Fitness: [13.991262852331632, -0.026755852842809364], Collision: False
2025-04-22 Tuesday 10:52:46  random_test.py : INFO  === Evaluate Testcase === 
 def testcase(self):
    vehicle1 = NPC(lane_id=5, offset=9.81471552, initial_speed=22.0551443)
    vehicle2 = NPC(lane_id=4, offset=32.73569126, initial_speed=17.09399969)
    ego = NPC(lane_id=4, offset=42.62236795, initial_speed=34.80075853)
    vehicle1.decelerate(trigger_sequence=1, target_speed=22.01506342)
    vehicle2.decelerate(trigger_sequence=1, target_speed=22.23075083)
    vehicle1.changeLane(trigger_sequence=2, target_lane=1, target_speed=34.22328977)
    vehicle1.changeLane(trigger_sequence=3, target_lane=1, target_speed=3.72456763)
    vehicle2.changeLane(trigger_sequence=4, target_lane=1, target_speed=50.66964848)
    vehicle2.accelerate(trigger_sequence=5, target_speed=52.76776718)

2025-04-22 Tuesday 10:52:46  random_test.py : INFO  === Evaluation Finished === 
 Fitness: [6.125105400674956, -0.3291139240506329], Collision: False
2025-04-22 Tuesday 10:52:51  random_test.py : INFO  === Evaluate Testcase === 
 def testcase(self):
    vehicle1 = NPC(lane_id=4, offset=33.92320433, initial_speed=13.70283367)
    ego = NPC(lane_id=3, offset=23.20929896, initial_speed=5.09798256)
    vehicle3 = NPC(lane_id=4, offset=36.92308612, initial_speed=33.21232095)
    vehicle4 = NPC(lane_id=2, offset=25.77899076, initial_speed=2.08713021)
    vehicle1.decelerate(trigger_sequence=1, target_speed=3.16352056)
    vehicle4.accelerate(trigger_sequence=1, target_speed=39.77251213)
    vehicle3.decelerate(trigger_sequence=4, target_speed=1.30070586)
    vehicle1.decelerate(trigger_sequence=5, target_speed=3.13240362)
    vehicle4.decelerate(trigger_sequence=5, target_speed=10.13171934)

2025-04-22 Tuesday 10:52:51  random_test.py : INFO  === Evaluation Finished === 
 Fitness: [inf, 0], Collision: False
2025-04-22 Tuesday 10:53:03  random_test.py : INFO  === Evaluate Testcase === 
 def testcase(self):
    ego = NPC(lane_id=5, offset=38.06429403, initial_speed=13.03685084)
    vehicle2 = NPC(lane_id=2, offset=43.77525257, initial_speed=8.96053824)
    vehicle3 = NPC(lane_id=3, offset=11.00138216, initial_speed=3.68916324)
    vehicle4 = NPC(lane_id=2, offset=12.67036596, initial_speed=12.82224445)
    vehicle2.accelerate(trigger_sequence=1, target_speed=33.87735144)
    vehicle2.decelerate(trigger_sequence=2, target_speed=26.52143203)
    vehicle3.decelerate(trigger_sequence=2, target_speed=23.72297377)
    vehicle4.accelerate(trigger_sequence=2, target_speed=47.1968832)
    vehicle2.accelerate(trigger_sequence=3, target_speed=55.34432616)
    vehicle4.decelerate(trigger_sequence=3, target_speed=10.13303837)
    vehicle4.changeLane(trigger_sequence=4, target_lane=1, target_speed=5.42384063)
    vehicle2.changeLane(trigger_sequence=5, target_lane=1, target_speed=45.79132137)
    vehicle4.decelerate(trigger_sequence=5, target_speed=5.55959234)

2025-04-22 Tuesday 10:53:03  random_test.py : INFO  === Evaluation Finished === 
 Fitness: [10.499713762930574, -0.02666666666666667], Collision: False
2025-04-22 Tuesday 10:53:16  random_test.py : INFO  === Evaluate Testcase === 
 def testcase(self):
    vehicle1 = NPC(lane_id=4, offset=38.06434178, initial_speed=3.75277939)
    vehicle2 = NPC(lane_id=2, offset=19.96179033, initial_speed=24.41490177)
    ego = NPC(lane_id=5, offset=5.48618535, initial_speed=29.67266003)
    vehicle2.accelerate(trigger_sequence=1, target_speed=58.64239902)
    vehicle1.changeLane(trigger_sequence=2, target_lane=1, target_speed=33.7808253)
    vehicle2.decelerate(trigger_sequence=2, target_speed=11.522482)
    vehicle1.changeLane(trigger_sequence=3, target_lane=3, target_speed=11.31355012)
    vehicle2.changeLane(trigger_sequence=3, target_lane=1, target_speed=34.84031337)
    vehicle1.accelerate(trigger_sequence=4, target_speed=41.22569597)
    vehicle2.changeLane(trigger_sequence=4, target_lane=1, target_speed=34.44393683)
    vehicle1.changeLane(trigger_sequence=5, target_lane=1, target_speed=7.71803162)

2025-04-22 Tuesday 10:53:16  random_test.py : INFO  === Evaluation Finished === 
 Fitness: [3.5001903590535055, -0.4], Collision: False
2025-04-22 Tuesday 10:53:28  random_test.py : INFO  === Evaluate Testcase === 
 def testcase(self):
    ego = NPC(lane_id=4, offset=7.91790973, initial_speed=34.78868143)
    vehicle2 = NPC(lane_id=5, offset=8.8694157, initial_speed=34.23025565)
    vehicle3 = NPC(lane_id=3, offset=16.87916886, initial_speed=0.52073024)
    vehicle4 = NPC(lane_id=5, offset=19.20422988, initial_speed=27.75061236)
    vehicle4.decelerate(trigger_sequence=1, target_speed=6.87410871)
    vehicle4.changeLane(trigger_sequence=2, target_lane=3, target_speed=57.33357361)
    vehicle2.decelerate(trigger_sequence=3, target_speed=25.88369865)
    vehicle3.changeLane(trigger_sequence=3, target_lane=3, target_speed=36.14800202)
    vehicle4.changeLane(trigger_sequence=3, target_lane=1, target_speed=15.25450344)
    vehicle3.decelerate(trigger_sequence=4, target_speed=28.51674725)
    vehicle4.accelerate(trigger_sequence=4, target_speed=44.90526913)
    vehicle2.accelerate(trigger_sequence=5, target_speed=59.07927157)
    vehicle4.decelerate(trigger_sequence=5, target_speed=15.53757523)

2025-04-22 Tuesday 10:53:28  random_test.py : INFO  === Evaluation Finished === 
 Fitness: [3.497904291959785, -0.35804701627486435], Collision: False
2025-04-22 Tuesday 10:53:41  random_test.py : INFO  === Evaluate Testcase === 
 def testcase(self):
    vehicle1 = NPC(lane_id=3, offset=38.08605783, initial_speed=27.50286831)
    ego = NPC(lane_id=3, offset=32.25037215, initial_speed=14.05308262)
    vehicle3 = NPC(lane_id=4, offset=2.12319332, initial_speed=25.99654627)
    vehicle1.changeLane(trigger_sequence=3, target_lane=3, target_speed=42.44031915)
    vehicle1.changeLane(trigger_sequence=4, target_lane=1, target_speed=9.2027212)
    vehicle1.decelerate(trigger_sequence=5, target_speed=9.48641353)
    vehicle3.changeLane(trigger_sequence=5, target_lane=3, target_speed=9.40467498)

2025-04-22 Tuesday 10:53:41  random_test.py : INFO  === Evaluation Finished === 
 Fitness: [3.5002188711244693, -0.023411371237458192], Collision: False
2025-04-22 Tuesday 10:53:53  random_test.py : INFO  === Evaluate Testcase === 
 def testcase(self):
    vehicle1 = NPC(lane_id=1, offset=14.45994061, initial_speed=30.65743294)
    ego = NPC(lane_id=5, offset=31.37511372, initial_speed=19.24672734)
    vehicle1.accelerate(trigger_sequence=1, target_speed=36.84187926)
    vehicle1.accelerate(trigger_sequence=3, target_speed=39.913845)
    vehicle1.changeLane(trigger_sequence=4, target_lane=1, target_speed=20.52373414)

2025-04-22 Tuesday 10:53:53  random_test.py : INFO  === Evaluation Finished === 
 Fitness: [13.999210525130065, -0.6637781629116117], Collision: False
2025-04-22 Tuesday 10:54:05  random_test.py : INFO  === Evaluate Testcase === 
 def testcase(self):
    ego = NPC(lane_id=2, offset=23.17477185, initial_speed=38.56735207)
    vehicle2 = NPC(lane_id=5, offset=34.3264368, initial_speed=6.03282053)
    vehicle2.changeLane(trigger_sequence=1, target_lane=3, target_speed=15.73436475)
    vehicle2.changeLane(trigger_sequence=3, target_lane=3, target_speed=41.71532118)
    vehicle2.accelerate(trigger_sequence=4, target_speed=37.35177703)
    vehicle2.decelerate(trigger_sequence=5, target_speed=4.15282421)

2025-04-22 Tuesday 10:54:05  random_test.py : INFO  === Evaluation Finished === 
 Fitness: [10.500973993920859, -0.23722627737226276], Collision: False
2025-04-22 Tuesday 10:54:17  random_test.py : INFO  === Evaluate Testcase === 
 def testcase(self):
    vehicle1 = NPC(lane_id=3, offset=30.17076757, initial_speed=19.66813162)
    ego = NPC(lane_id=1, offset=12.57659017, initial_speed=23.4523175)
    vehicle3 = NPC(lane_id=2, offset=6.34652563, initial_speed=20.24987993)
    vehicle1.accelerate(trigger_sequence=1, target_speed=43.27255674)
    vehicle3.decelerate(trigger_sequence=1, target_speed=20.82420554)
    vehicle3.changeLane(trigger_sequence=2, target_lane=1, target_speed=34.90206866)
    vehicle1.changeLane(trigger_sequence=3, target_lane=3, target_speed=54.76280435)
    vehicle3.decelerate(trigger_sequence=3, target_speed=6.0979582)
    vehicle1.accelerate(trigger_sequence=4, target_speed=56.7252871)
    vehicle3.changeLane(trigger_sequence=4, target_lane=3, target_speed=54.49299712)
    vehicle1.accelerate(trigger_sequence=5, target_speed=59.07349115)
    vehicle3.changeLane(trigger_sequence=5, target_lane=1, target_speed=6.67537358)

2025-04-22 Tuesday 10:54:17  random_test.py : INFO  === Evaluation Finished === 
 Fitness: [3.5008843451023566, -0.6179577464788732], Collision: True
2025-04-22 Tuesday 10:54:17  random_test.py : INFO  === Find a coollision ===
2025-04-22 Tuesday 10:54:30  random_test.py : INFO  === Evaluate Testcase === 
 def testcase(self):
    vehicle1 = NPC(lane_id=2, offset=40.34487616, initial_speed=3.6378505)
    vehicle2 = NPC(lane_id=1, offset=24.65909195, initial_speed=9.00780078)
    vehicle3 = NPC(lane_id=5, offset=49.91335146, initial_speed=34.29056307)
    ego = NPC(lane_id=4, offset=47.68756443, initial_speed=23.82638766)
    vehicle1.accelerate(trigger_sequence=1, target_speed=57.44799813)
    vehicle1.accelerate(trigger_sequence=2, target_speed=45.33910346)
    vehicle2.decelerate(trigger_sequence=2, target_speed=0.15850747)
    vehicle1.changeLane(trigger_sequence=3, target_lane=3, target_speed=28.2345761)
    vehicle3.changeLane(trigger_sequence=3, target_lane=3, target_speed=5.39253462)
    vehicle1.decelerate(trigger_sequence=4, target_speed=9.40777847)
    vehicle2.changeLane(trigger_sequence=4, target_lane=3, target_speed=2.62095116)
    vehicle3.accelerate(trigger_sequence=4, target_speed=44.88104516)
    vehicle1.decelerate(trigger_sequence=5, target_speed=1.52443106)
    vehicle2.decelerate(trigger_sequence=5, target_speed=9.89383928)

2025-04-22 Tuesday 10:54:30  random_test.py : INFO  === Evaluation Finished === 
 Fitness: [3.5000841041035535, -0.5308641975308642], Collision: False
2025-04-22 Tuesday 10:54:42  random_test.py : INFO  === Evaluate Testcase === 
 def testcase(self):
    vehicle1 = NPC(lane_id=1, offset=3.98877568, initial_speed=2.82540861)
    ego = NPC(lane_id=2, offset=1.28286783, initial_speed=7.39018989)
    vehicle1.decelerate(trigger_sequence=3, target_speed=9.76710292)
    vehicle1.decelerate(trigger_sequence=4, target_speed=7.53992529)
    vehicle1.accelerate(trigger_sequence=5, target_speed=55.21648967)

2025-04-22 Tuesday 10:54:42  random_test.py : INFO  === Evaluation Finished === 
 Fitness: [3.496812531743875, -0.03833333333333333], Collision: False
2025-04-22 Tuesday 10:54:55  random_test.py : INFO  === Evaluate Testcase === 
 def testcase(self):
    vehicle1 = NPC(lane_id=5, offset=18.02827876, initial_speed=4.67635333)
    ego = NPC(lane_id=4, offset=34.90305263, initial_speed=28.38206844)
    vehicle3 = NPC(lane_id=1, offset=48.3809518, initial_speed=1.18346937)
    vehicle4 = NPC(lane_id=4, offset=40.5882565, initial_speed=29.64287915)
    vehicle3.decelerate(trigger_sequence=1, target_speed=4.05594595)
    vehicle4.changeLane(trigger_sequence=1, target_lane=3, target_speed=51.26340408)
    vehicle1.decelerate(trigger_sequence=2, target_speed=11.73382302)
    vehicle3.accelerate(trigger_sequence=2, target_speed=54.0697546)
    vehicle4.changeLane(trigger_sequence=2, target_lane=3, target_speed=56.45433754)
    vehicle1.changeLane(trigger_sequence=3, target_lane=1, target_speed=30.75470875)
    vehicle3.accelerate(trigger_sequence=3, target_speed=53.44615337)
    vehicle4.accelerate(trigger_sequence=3, target_speed=50.89026541)
    vehicle3.changeLane(trigger_sequence=5, target_lane=1, target_speed=46.62711711)
    vehicle4.accelerate(trigger_sequence=5, target_speed=51.44230059)

2025-04-22 Tuesday 10:54:55  random_test.py : INFO  === Evaluation Finished === 
 Fitness: [4.8341239429805585, -0.4244604316546763], Collision: False
2025-04-22 Tuesday 10:55:07  random_test.py : INFO  === Evaluate Testcase === 
 def testcase(self):
    ego = NPC(lane_id=5, offset=37.67083711, initial_speed=26.22774475)
    vehicle2 = NPC(lane_id=3, offset=47.40709455, initial_speed=6.42522305)
    vehicle3 = NPC(lane_id=4, offset=20.22356231, initial_speed=28.78433773)
    vehicle3.decelerate(trigger_sequence=2, target_speed=16.75136392)
    vehicle2.accelerate(trigger_sequence=5, target_speed=59.16051063)

2025-04-22 Tuesday 10:55:07  random_test.py : INFO  === Evaluation Finished === 
 Fitness: [3.8535645521272706, -0.4734042553191489], Collision: False
2025-04-22 Tuesday 10:55:19  random_test.py : INFO  === Evaluate Testcase === 
 def testcase(self):
    vehicle1 = NPC(lane_id=1, offset=2.07860453, initial_speed=37.76193494)
    ego = NPC(lane_id=4, offset=9.63628288, initial_speed=16.92521717)
    vehicle1.accelerate(trigger_sequence=1, target_speed=31.48257379)
    vehicle1.decelerate(trigger_sequence=2, target_speed=11.79920094)
    vehicle1.accelerate(trigger_sequence=5, target_speed=48.38426701)

2025-04-22 Tuesday 10:55:19  random_test.py : INFO  === Evaluation Finished === 
 Fitness: [10.49145547981866, -0.018998272884283247], Collision: False
2025-04-22 Tuesday 10:55:24  random_test.py : INFO  === Evaluate Testcase === 
 def testcase(self):
    ego = NPC(lane_id=1, offset=31.84544184, initial_speed=11.19369985)
    vehicle2 = NPC(lane_id=5, offset=27.64257335, initial_speed=10.05955737)
    vehicle3 = NPC(lane_id=1, offset=30.85565458, initial_speed=32.92925155)
    vehicle4 = NPC(lane_id=3, offset=35.08802802, initial_speed=33.16674144)
    vehicle3.changeLane(trigger_sequence=1, target_lane=1, target_speed=14.31838273)
    vehicle4.decelerate(trigger_sequence=1, target_speed=29.62499166)
    vehicle2.changeLane(trigger_sequence=2, target_lane=3, target_speed=39.03249313)
    vehicle3.accelerate(trigger_sequence=2, target_speed=55.31745677)
    vehicle4.decelerate(trigger_sequence=3, target_speed=8.53359083)
    vehicle2.accelerate(trigger_sequence=4, target_speed=59.38404835)
    vehicle3.changeLane(trigger_sequence=4, target_lane=3, target_speed=43.62864502)
    vehicle4.decelerate(trigger_sequence=4, target_speed=7.07460825)
    vehicle2.changeLane(trigger_sequence=5, target_lane=3, target_speed=27.30296962)
    vehicle4.accelerate(trigger_sequence=5, target_speed=56.2451484)

2025-04-22 Tuesday 10:55:24  random_test.py : INFO  === Evaluation Finished === 
 Fitness: [inf, 0], Collision: False
2025-04-22 Tuesday 10:55:37  random_test.py : INFO  === Evaluate Testcase === 
 def testcase(self):
    ego = NPC(lane_id=3, offset=25.39404353, initial_speed=27.53788246)
    vehicle2 = NPC(lane_id=1, offset=0.76177937, initial_speed=14.36231834)
    vehicle3 = NPC(lane_id=5, offset=10.24178653, initial_speed=16.86706652)
    vehicle4 = NPC(lane_id=1, offset=40.019279, initial_speed=25.33551116)
    vehicle2.changeLane(trigger_sequence=1, target_lane=1, target_speed=18.65436447)
    vehicle2.accelerate(trigger_sequence=2, target_speed=55.35466735)
    vehicle2.changeLane(trigger_sequence=3, target_lane=1, target_speed=49.81434143)
    vehicle4.decelerate(trigger_sequence=3, target_speed=5.36755685)
    vehicle3.accelerate(trigger_sequence=4, target_speed=50.1276398)
    vehicle2.decelerate(trigger_sequence=5, target_speed=6.30540229)
    vehicle3.changeLane(trigger_sequence=5, target_lane=3, target_speed=39.15368872)
    vehicle4.accelerate(trigger_sequence=5, target_speed=38.06645732)

2025-04-22 Tuesday 10:55:37  random_test.py : INFO  === Evaluation Finished === 
 Fitness: [7.000437597121368, -0.4991119005328597], Collision: False
2025-04-22 Tuesday 10:55:49  random_test.py : INFO  === Evaluate Testcase === 
 def testcase(self):
    vehicle1 = NPC(lane_id=3, offset=7.10002559, initial_speed=31.09672593)
    vehicle2 = NPC(lane_id=5, offset=40.81912722, initial_speed=11.04133054)
    vehicle3 = NPC(lane_id=4, offset=49.33771854, initial_speed=1.82264358)
    ego = NPC(lane_id=1, offset=41.24060137, initial_speed=0.52940514)
    vehicle2.changeLane(trigger_sequence=1, target_lane=1, target_speed=14.86648157)
    vehicle1.accelerate(trigger_sequence=2, target_speed=38.21359977)
    vehicle2.changeLane(trigger_sequence=2, target_lane=1, target_speed=51.75069236)
    vehicle3.changeLane(trigger_sequence=2, target_lane=3, target_speed=47.70572269)
    vehicle2.changeLane(trigger_sequence=3, target_lane=1, target_speed=5.3710446)
    vehicle3.decelerate(trigger_sequence=3, target_speed=24.28573172)
    vehicle3.decelerate(trigger_sequence=5, target_speed=22.9316447)

2025-04-22 Tuesday 10:55:49  random_test.py : INFO  === Evaluation Finished === 
 Fitness: [7.008519848508344, -0.6218487394957983], Collision: False
2025-04-22 Tuesday 10:56:02  random_test.py : INFO  === Evaluate Testcase === 
 def testcase(self):
    vehicle1 = NPC(lane_id=4, offset=18.86139514, initial_speed=13.79567524)
    ego = NPC(lane_id=4, offset=36.49061057, initial_speed=35.98641972)
    vehicle3 = NPC(lane_id=5, offset=16.22132045, initial_speed=30.40708209)
    vehicle3.decelerate(trigger_sequence=1, target_speed=21.97343097)
    vehicle1.decelerate(trigger_sequence=2, target_speed=22.56933935)
    vehicle3.accelerate(trigger_sequence=2, target_speed=33.22134055)
    vehicle1.changeLane(trigger_sequence=3, target_lane=3, target_speed=7.79628452)
    vehicle3.decelerate(trigger_sequence=3, target_speed=9.70311954)
    vehicle3.changeLane(trigger_sequence=4, target_lane=1, target_speed=18.78432487)
    vehicle1.changeLane(trigger_sequence=5, target_lane=3, target_speed=24.58684893)
    vehicle3.changeLane(trigger_sequence=5, target_lane=3, target_speed=23.45988591)

2025-04-22 Tuesday 10:56:02  random_test.py : INFO  === Evaluation Finished === 
 Fitness: [10.85699171504993, -0.29764065335753176], Collision: False
2025-04-22 Tuesday 10:56:14  random_test.py : INFO  === Evaluate Testcase === 
 def testcase(self):
    vehicle1 = NPC(lane_id=5, offset=27.84101653, initial_speed=25.47603385)
    vehicle2 = NPC(lane_id=5, offset=3.64615895, initial_speed=27.25935682)
    ego = NPC(lane_id=4, offset=23.55922062, initial_speed=8.21654839)
    vehicle1.changeLane(trigger_sequence=1, target_lane=3, target_speed=53.66706597)
    vehicle2.changeLane(trigger_sequence=1, target_lane=3, target_speed=52.52602772)
    vehicle2.decelerate(trigger_sequence=2, target_speed=20.60473342)
    vehicle2.changeLane(trigger_sequence=3, target_lane=3, target_speed=47.96755699)
    vehicle2.decelerate(trigger_sequence=5, target_speed=4.45370983)

2025-04-22 Tuesday 10:56:14  random_test.py : INFO  === Evaluation Finished === 
 Fitness: [3.5037100048913605, -0.04], Collision: False
2025-04-22 Tuesday 10:56:19  random_test.py : INFO  === Evaluate Testcase === 
 def testcase(self):
    vehicle1 = NPC(lane_id=2, offset=3.17413387, initial_speed=1.13219654)
    vehicle2 = NPC(lane_id=2, offset=4.91075382, initial_speed=25.10117859)
    vehicle3 = NPC(lane_id=3, offset=32.7941048, initial_speed=36.02278658)
    ego = NPC(lane_id=5, offset=39.6606949, initial_speed=7.37740539)
    vehicle3.accelerate(trigger_sequence=1, target_speed=56.16447749)
    vehicle3.accelerate(trigger_sequence=2, target_speed=59.55105728)
    vehicle2.decelerate(trigger_sequence=3, target_speed=12.82825934)
    vehicle2.accelerate(trigger_sequence=4, target_speed=38.8528017)
    vehicle3.decelerate(trigger_sequence=4, target_speed=29.12360538)
    vehicle1.accelerate(trigger_sequence=5, target_speed=59.48436323)

2025-04-22 Tuesday 10:56:19  random_test.py : INFO  === Evaluation Finished === 
 Fitness: [inf, 0], Collision: False
2025-04-22 Tuesday 10:56:31  random_test.py : INFO  === Evaluate Testcase === 
 def testcase(self):
    ego = NPC(lane_id=1, offset=48.41547044, initial_speed=20.24124419)
    vehicle2 = NPC(lane_id=1, offset=5.5159185, initial_speed=31.1357966)
    vehicle2.decelerate(trigger_sequence=1, target_speed=7.95368346)
    vehicle2.changeLane(trigger_sequence=3, target_lane=3, target_speed=42.31158568)
    vehicle2.decelerate(trigger_sequence=4, target_speed=23.70821967)

2025-04-22 Tuesday 10:56:31  random_test.py : INFO  === Evaluation Finished === 
 Fitness: [3.992022618250052, -0.6], Collision: False
2025-04-22 Tuesday 10:56:36  random_test.py : INFO  === Evaluate Testcase === 
 def testcase(self):
    ego = NPC(lane_id=1, offset=28.74291197, initial_speed=35.57272499)
    vehicle2 = NPC(lane_id=3, offset=16.90820364, initial_speed=29.06200549)
    vehicle3 = NPC(lane_id=4, offset=46.97657406, initial_speed=30.16387658)
    vehicle4 = NPC(lane_id=3, offset=17.01234284, initial_speed=23.89789155)
    vehicle2.accelerate(trigger_sequence=1, target_speed=46.6720209)
    vehicle3.decelerate(trigger_sequence=2, target_speed=9.62362931)
    vehicle2.changeLane(trigger_sequence=3, target_lane=3, target_speed=15.70552923)
    vehicle4.decelerate(trigger_sequence=4, target_speed=8.06025508)

2025-04-22 Tuesday 10:56:36  random_test.py : INFO  === Evaluation Finished === 
 Fitness: [inf, 0], Collision: False
2025-04-22 Tuesday 10:56:48  random_test.py : INFO  === Evaluate Testcase === 
 def testcase(self):
    ego = NPC(lane_id=4, offset=37.96904133, initial_speed=27.1486472)
    vehicle2 = NPC(lane_id=2, offset=40.09821665, initial_speed=24.64902119)
    vehicle3 = NPC(lane_id=1, offset=17.9392422, initial_speed=27.56201064)
    vehicle2.decelerate(trigger_sequence=1, target_speed=0.9474781)
    vehicle3.accelerate(trigger_sequence=1, target_speed=54.89436946)
    vehicle2.decelerate(trigger_sequence=2, target_speed=19.82454815)
    vehicle2.accelerate(trigger_sequence=3, target_speed=49.61080256)
    vehicle3.decelerate(trigger_sequence=4, target_speed=19.45541536)
    vehicle3.changeLane(trigger_sequence=5, target_lane=1, target_speed=20.98763057)

2025-04-22 Tuesday 10:56:48  random_test.py : INFO  === Evaluation Finished === 
 Fitness: [7.000367267001971, -0.5008880994671403], Collision: False
2025-04-22 Tuesday 10:57:01  random_test.py : INFO  === Evaluate Testcase === 
 def testcase(self):
    vehicle1 = NPC(lane_id=2, offset=21.9122331, initial_speed=1.14074668)
    ego = NPC(lane_id=1, offset=38.94166774, initial_speed=18.23026581)
    vehicle3 = NPC(lane_id=4, offset=47.22074417, initial_speed=11.24230578)
    vehicle3.changeLane(trigger_sequence=1, target_lane=1, target_speed=9.15910689)
    vehicle3.decelerate(trigger_sequence=2, target_speed=28.58718918)
    vehicle1.changeLane(trigger_sequence=3, target_lane=1, target_speed=6.50180298)
    vehicle3.changeLane(trigger_sequence=4, target_lane=3, target_speed=44.48655607)
    vehicle3.changeLane(trigger_sequence=5, target_lane=1, target_speed=3.99132412)

2025-04-22 Tuesday 10:57:01  random_test.py : INFO  === Evaluation Finished === 
 Fitness: [10.120762508674561, -0.025951557093425604], Collision: False
2025-04-22 Tuesday 10:57:13  random_test.py : INFO  === Evaluate Testcase === 
 def testcase(self):
    vehicle1 = NPC(lane_id=3, offset=18.2748676, initial_speed=33.53637814)
    ego = NPC(lane_id=1, offset=2.03138443, initial_speed=32.40719271)
    vehicle1.accelerate(trigger_sequence=1, target_speed=50.89262679)

2025-04-22 Tuesday 10:57:13  random_test.py : INFO  === Evaluation Finished === 
 Fitness: [18.119824425108824, -0.368705035971223], Collision: False
2025-04-22 Tuesday 10:57:26  random_test.py : INFO  === Evaluate Testcase === 
 def testcase(self):
    ego = NPC(lane_id=2, offset=32.27068667, initial_speed=4.03858844)
    vehicle2 = NPC(lane_id=5, offset=8.47090987, initial_speed=33.84196145)
    vehicle2.accelerate(trigger_sequence=2, target_speed=46.6499362)
    vehicle2.accelerate(trigger_sequence=3, target_speed=57.98536778)
    vehicle2.decelerate(trigger_sequence=4, target_speed=7.24237988)
    vehicle2.decelerate(trigger_sequence=5, target_speed=16.98185333)

2025-04-22 Tuesday 10:57:26  random_test.py : INFO  === Evaluation Finished === 
 Fitness: [10.50855446798595, -0.5303030303030303], Collision: False
2025-04-22 Tuesday 10:57:38  random_test.py : INFO  === Evaluate Testcase === 
 def testcase(self):
    ego = NPC(lane_id=1, offset=46.25741578, initial_speed=21.19973494)
    vehicle2 = NPC(lane_id=4, offset=13.31162802, initial_speed=39.59545106)
    vehicle3 = NPC(lane_id=1, offset=37.60197587, initial_speed=25.23863092)
    vehicle2.decelerate(trigger_sequence=1, target_speed=8.36229333)
    vehicle3.changeLane(trigger_sequence=2, target_lane=1, target_speed=0.26660602)
    vehicle2.decelerate(trigger_sequence=3, target_speed=15.70350129)
    vehicle3.accelerate(trigger_sequence=4, target_speed=52.0510556)

2025-04-22 Tuesday 10:57:38  random_test.py : INFO  === Evaluation Finished === 
 Fitness: [4.802470224947103, -0.5808695652173913], Collision: True
2025-04-22 Tuesday 10:57:38  random_test.py : INFO  === Find a coollision ===
2025-04-22 Tuesday 10:57:51  random_test.py : INFO  === Evaluate Testcase === 
 def testcase(self):
    vehicle1 = NPC(lane_id=2, offset=7.99722986, initial_speed=6.98053788)
    vehicle2 = NPC(lane_id=4, offset=28.34553378, initial_speed=7.64737572)
    vehicle3 = NPC(lane_id=5, offset=44.50660844, initial_speed=25.08174868)
    ego = NPC(lane_id=3, offset=9.54222124, initial_speed=28.59098649)
    vehicle1.decelerate(trigger_sequence=1, target_speed=23.42205322)
    vehicle3.changeLane(trigger_sequence=1, target_lane=3, target_speed=8.48825923)
    vehicle2.changeLane(trigger_sequence=2, target_lane=1, target_speed=39.4891807)
    vehicle1.accelerate(trigger_sequence=3, target_speed=34.46648839)
    vehicle2.accelerate(trigger_sequence=3, target_speed=31.7675901)
    vehicle1.accelerate(trigger_sequence=4, target_speed=48.04095067)
    vehicle3.decelerate(trigger_sequence=4, target_speed=25.15733298)
    vehicle1.accelerate(trigger_sequence=5, target_speed=45.14582582)

2025-04-22 Tuesday 10:57:51  random_test.py : INFO  === Evaluation Finished === 
 Fitness: [3.4946014172159234, -0.45811051693404636], Collision: True
2025-04-22 Tuesday 10:57:51  random_test.py : INFO  === Find a coollision ===
2025-04-22 Tuesday 10:58:03  random_test.py : INFO  === Evaluate Testcase === 
 def testcase(self):
    vehicle1 = NPC(lane_id=1, offset=11.49451785, initial_speed=28.49123337)
    vehicle2 = NPC(lane_id=1, offset=43.2592967, initial_speed=1.1459907)
    vehicle3 = NPC(lane_id=3, offset=24.22332211, initial_speed=7.05542461)
    ego = NPC(lane_id=1, offset=29.07058939, initial_speed=26.52243252)
    vehicle3.decelerate(trigger_sequence=1, target_speed=17.7100703)
    vehicle1.changeLane(trigger_sequence=2, target_lane=1, target_speed=53.94903441)
    vehicle1.changeLane(trigger_sequence=3, target_lane=3, target_speed=5.79425697)
    vehicle2.accelerate(trigger_sequence=3, target_speed=36.77236745)
    vehicle2.changeLane(trigger_sequence=4, target_lane=1, target_speed=32.32351552)
    vehicle3.accelerate(trigger_sequence=4, target_speed=43.03758422)
    vehicle1.decelerate(trigger_sequence=5, target_speed=4.23079847)

2025-04-22 Tuesday 10:58:03  random_test.py : INFO  === Evaluation Finished === 
 Fitness: [4.7345762066696055, -0.46153846153846156], Collision: True
2025-04-22 Tuesday 10:58:03  random_test.py : INFO  === Find a coollision ===
2025-04-22 Tuesday 10:58:16  random_test.py : INFO  === Evaluate Testcase === 
 def testcase(self):
    ego = NPC(lane_id=2, offset=25.31508289, initial_speed=13.97215814)
    vehicle2 = NPC(lane_id=1, offset=40.91635182, initial_speed=3.03919942)
    vehicle3 = NPC(lane_id=4, offset=15.95104487, initial_speed=30.27142153)
    vehicle4 = NPC(lane_id=5, offset=49.03102557, initial_speed=17.73969338)
    vehicle2.decelerate(trigger_sequence=1, target_speed=29.13669461)
    vehicle3.changeLane(trigger_sequence=1, target_lane=3, target_speed=57.32203287)
    vehicle4.decelerate(trigger_sequence=2, target_speed=3.56291788)
    vehicle2.accelerate(trigger_sequence=5, target_speed=36.96788076)
    vehicle3.decelerate(trigger_sequence=5, target_speed=0.63069593)
    vehicle4.accelerate(trigger_sequence=5, target_speed=47.22214054)

2025-04-22 Tuesday 10:58:16  random_test.py : INFO  === Evaluation Finished === 
 Fitness: [3.4998917248914267, -0.021702838063439065], Collision: False
2025-04-22 Tuesday 10:58:28  random_test.py : INFO  === Evaluate Testcase === 
 def testcase(self):
    vehicle1 = NPC(lane_id=5, offset=2.14764838, initial_speed=6.35557662)
    ego = NPC(lane_id=2, offset=35.4521651, initial_speed=39.2955197)
    vehicle3 = NPC(lane_id=2, offset=16.33326703, initial_speed=3.96822677)
    vehicle3.decelerate(trigger_sequence=1, target_speed=17.19742701)
    vehicle1.accelerate(trigger_sequence=2, target_speed=58.27551655)
    vehicle3.changeLane(trigger_sequence=3, target_lane=3, target_speed=48.0699975)
    vehicle3.decelerate(trigger_sequence=4, target_speed=7.02964999)
    vehicle1.decelerate(trigger_sequence=5, target_speed=29.44675688)

2025-04-22 Tuesday 10:58:28  random_test.py : INFO  === Evaluation Finished === 
 Fitness: [18.47244116178394, -0.25045703839122485], Collision: False
2025-04-22 Tuesday 10:58:41  random_test.py : INFO  === Evaluate Testcase === 
 def testcase(self):
    ego = NPC(lane_id=4, offset=15.77299912, initial_speed=31.16456256)
    vehicle2 = NPC(lane_id=4, offset=48.1302208, initial_speed=24.22102482)
    vehicle3 = NPC(lane_id=1, offset=44.68816903, initial_speed=25.37321053)
    vehicle2.accelerate(trigger_sequence=1, target_speed=49.44711979)
    vehicle3.changeLane(trigger_sequence=2, target_lane=1, target_speed=39.10176074)
    vehicle2.accelerate(trigger_sequence=3, target_speed=35.08314567)
    vehicle3.changeLane(trigger_sequence=3, target_lane=1, target_speed=26.68059873)
    vehicle2.changeLane(trigger_sequence=4, target_lane=1, target_speed=47.59204503)
    vehicle3.decelerate(trigger_sequence=4, target_speed=26.14550095)
    vehicle3.accelerate(trigger_sequence=5, target_speed=36.30494245)

2025-04-22 Tuesday 10:58:41  random_test.py : INFO  === Evaluation Finished === 
 Fitness: [10.500137800887876, -0.47491039426523296], Collision: False
2025-04-22 Tuesday 10:58:54  random_test.py : INFO  === Evaluate Testcase === 
 def testcase(self):
    vehicle1 = NPC(lane_id=4, offset=18.10127335, initial_speed=38.67567339)
    vehicle2 = NPC(lane_id=1, offset=6.55840025, initial_speed=37.61752863)
    ego = NPC(lane_id=4, offset=13.11836522, initial_speed=15.94158505)
    vehicle4 = NPC(lane_id=2, offset=20.47330886, initial_speed=10.68492488)
    vehicle1.decelerate(trigger_sequence=1, target_speed=9.64094246)
    vehicle4.decelerate(trigger_sequence=1, target_speed=18.08256756)
    vehicle1.decelerate(trigger_sequence=4, target_speed=13.03493605)
    vehicle2.decelerate(trigger_sequence=4, target_speed=19.60121752)
    vehicle4.accelerate(trigger_sequence=4, target_speed=41.65966778)
    vehicle1.decelerate(trigger_sequence=5, target_speed=22.78810073)

2025-04-22 Tuesday 10:58:54  random_test.py : INFO  === Evaluation Finished === 
 Fitness: [6.59422669339071, -0.021739130434782608], Collision: False
2025-04-22 Tuesday 10:59:06  random_test.py : INFO  === Evaluate Testcase === 
 def testcase(self):
    ego = NPC(lane_id=5, offset=14.32276139, initial_speed=7.13326084)
    vehicle2 = NPC(lane_id=5, offset=9.00375398, initial_speed=38.77865187)
    vehicle3 = NPC(lane_id=2, offset=19.99623821, initial_speed=14.22617434)
    vehicle2.accelerate(trigger_sequence=3, target_speed=52.39438686)
    vehicle3.accelerate(trigger_sequence=4, target_speed=54.76284517)
    vehicle2.decelerate(trigger_sequence=5, target_speed=21.29667608)

2025-04-22 Tuesday 10:59:06  random_test.py : INFO  === Evaluation Finished === 
 Fitness: [4.752037330850573, -0.04040404040404041], Collision: True
2025-04-22 Tuesday 10:59:06  random_test.py : INFO  === Find a coollision ===
2025-04-22 Tuesday 10:59:11  random_test.py : INFO  === Evaluate Testcase === 
 def testcase(self):
    vehicle1 = NPC(lane_id=4, offset=15.07590654, initial_speed=9.51896373)
    ego = NPC(lane_id=2, offset=28.01090815, initial_speed=39.51290655)
    vehicle3 = NPC(lane_id=5, offset=24.68887162, initial_speed=17.3100773)
    vehicle4 = NPC(lane_id=4, offset=19.46876866, initial_speed=7.26398285)
    vehicle1.decelerate(trigger_sequence=1, target_speed=9.33514647)
    vehicle4.accelerate(trigger_sequence=1, target_speed=55.08457096)
    vehicle1.changeLane(trigger_sequence=2, target_lane=3, target_speed=39.83031305)
    vehicle3.decelerate(trigger_sequence=2, target_speed=2.66637638)
    vehicle4.changeLane(trigger_sequence=2, target_lane=3, target_speed=26.18623216)
    vehicle1.decelerate(trigger_sequence=3, target_speed=1.59995447)
    vehicle3.changeLane(trigger_sequence=3, target_lane=1, target_speed=42.78168765)
    vehicle1.accelerate(trigger_sequence=4, target_speed=38.91486915)
    vehicle3.accelerate(trigger_sequence=4, target_speed=44.14586736)
    vehicle1.decelerate(trigger_sequence=5, target_speed=6.84586713)
    vehicle3.decelerate(trigger_sequence=5, target_speed=19.90529238)

2025-04-22 Tuesday 10:59:11  random_test.py : INFO  === Evaluation Finished === 
 Fitness: [inf, 0], Collision: False
2025-04-22 Tuesday 10:59:24  random_test.py : INFO  === Evaluate Testcase === 
 def testcase(self):
    ego = NPC(lane_id=4, offset=31.50116103, initial_speed=7.24090376)
    vehicle2 = NPC(lane_id=3, offset=48.1334267, initial_speed=24.2632894)
    vehicle3 = NPC(lane_id=5, offset=43.26617518, initial_speed=31.11979867)
    vehicle4 = NPC(lane_id=3, offset=1.44324194, initial_speed=7.41711933)
    vehicle4.accelerate(trigger_sequence=1, target_speed=53.93799032)
    vehicle2.decelerate(trigger_sequence=2, target_speed=24.97129213)
    vehicle3.changeLane(trigger_sequence=2, target_lane=1, target_speed=22.85598113)
    vehicle3.changeLane(trigger_sequence=3, target_lane=1, target_speed=56.89768687)
    vehicle4.decelerate(trigger_sequence=3, target_speed=20.03457717)
    vehicle3.changeLane(trigger_sequence=4, target_lane=3, target_speed=52.37725651)
    vehicle4.decelerate(trigger_sequence=4, target_speed=29.20321735)
    vehicle4.decelerate(trigger_sequence=5, target_speed=3.66875183)

2025-04-22 Tuesday 10:59:24  random_test.py : INFO  === Evaluation Finished === 
 Fitness: [3.5088381933456816, -0.03430531732418525], Collision: False
2025-04-22 Tuesday 10:59:36  random_test.py : INFO  === Evaluate Testcase === 
 def testcase(self):
    vehicle1 = NPC(lane_id=5, offset=48.29878997, initial_speed=12.92307922)
    vehicle2 = NPC(lane_id=5, offset=22.65755026, initial_speed=30.84433462)
    vehicle3 = NPC(lane_id=3, offset=18.14932118, initial_speed=23.72650751)
    ego = NPC(lane_id=4, offset=4.36779481, initial_speed=24.55707108)
    vehicle2.accelerate(trigger_sequence=1, target_speed=52.96658222)
    vehicle1.changeLane(trigger_sequence=2, target_lane=3, target_speed=27.34212565)
    vehicle1.changeLane(trigger_sequence=3, target_lane=1, target_speed=40.24065005)
    vehicle2.accelerate(trigger_sequence=4, target_speed=49.72832207)
    vehicle3.changeLane(trigger_sequence=4, target_lane=1, target_speed=48.17303465)

2025-04-22 Tuesday 10:59:36  random_test.py : INFO  === Evaluation Finished === 
 Fitness: [7.482162977505236, -0.5255731922398589], Collision: False
2025-04-22 Tuesday 10:59:41  random_test.py : INFO  === Evaluate Testcase === 
 def testcase(self):
    ego = NPC(lane_id=3, offset=0.63776859, initial_speed=22.44225899)
    vehicle2 = NPC(lane_id=3, offset=47.91669437, initial_speed=25.20553273)
    vehicle3 = NPC(lane_id=5, offset=43.87585433, initial_speed=24.21918868)
    vehicle4 = NPC(lane_id=5, offset=41.67988347, initial_speed=33.80478516)
    vehicle3.changeLane(trigger_sequence=1, target_lane=3, target_speed=29.52647744)
    vehicle4.changeLane(trigger_sequence=1, target_lane=3, target_speed=56.17554517)
    vehicle2.changeLane(trigger_sequence=2, target_lane=1, target_speed=45.78313053)
    vehicle3.changeLane(trigger_sequence=2, target_lane=1, target_speed=58.84787766)
    vehicle4.decelerate(trigger_sequence=2, target_speed=4.45004735)
    vehicle2.accelerate(trigger_sequence=3, target_speed=39.20706002)
    vehicle3.decelerate(trigger_sequence=3, target_speed=17.75027725)
    vehicle4.accelerate(trigger_sequence=3, target_speed=37.82546938)
    vehicle3.changeLane(trigger_sequence=4, target_lane=3, target_speed=27.51522889)
    vehicle3.decelerate(trigger_sequence=5, target_speed=5.31306048)
    vehicle4.accelerate(trigger_sequence=5, target_speed=34.95555581)

2025-04-22 Tuesday 10:59:41  random_test.py : INFO  === Evaluation Finished === 
 Fitness: [inf, 0], Collision: False
2025-04-22 Tuesday 10:59:54  random_test.py : INFO  === Evaluate Testcase === 
 def testcase(self):
    vehicle1 = NPC(lane_id=5, offset=43.88196265, initial_speed=30.83299085)
    vehicle2 = NPC(lane_id=1, offset=35.0595442, initial_speed=24.44153)
    ego = NPC(lane_id=2, offset=27.42256188, initial_speed=8.82696757)
    vehicle1.decelerate(trigger_sequence=1, target_speed=1.05440545)
    vehicle1.accelerate(trigger_sequence=2, target_speed=58.19209799)
    vehicle1.changeLane(trigger_sequence=3, target_lane=3, target_speed=23.05841004)
    vehicle1.accelerate(trigger_sequence=5, target_speed=56.00695122)
    vehicle2.decelerate(trigger_sequence=5, target_speed=28.87624616)

2025-04-22 Tuesday 10:59:54  random_test.py : INFO  === Evaluation Finished === 
 Fitness: [8.706837556148018, -0.018333333333333333], Collision: False
2025-04-22 Tuesday 11:00:06  random_test.py : INFO  === Evaluate Testcase === 
 def testcase(self):
    vehicle1 = NPC(lane_id=2, offset=41.2934307, initial_speed=7.49930154)
    ego = NPC(lane_id=3, offset=2.9259033, initial_speed=12.90356908)
    vehicle3 = NPC(lane_id=3, offset=31.84400132, initial_speed=19.71867407)
    vehicle4 = NPC(lane_id=3, offset=18.03329794, initial_speed=11.98655329)
    vehicle1.accelerate(trigger_sequence=1, target_speed=46.86007289)
    vehicle3.accelerate(trigger_sequence=1, target_speed=46.98615932)
    vehicle4.accelerate(trigger_sequence=1, target_speed=36.64094214)
    vehicle1.decelerate(trigger_sequence=2, target_speed=9.44259541)
    vehicle3.decelerate(trigger_sequence=2, target_speed=11.20419363)
    vehicle1.decelerate(trigger_sequence=3, target_speed=18.80986022)
    vehicle3.decelerate(trigger_sequence=4, target_speed=15.30796554)
    vehicle4.decelerate(trigger_sequence=4, target_speed=6.99422861)
    vehicle4.accelerate(trigger_sequence=5, target_speed=47.91669348)

2025-04-22 Tuesday 11:00:06  random_test.py : INFO  === Evaluation Finished === 
 Fitness: [15.273857639894713, -0.028333333333333332], Collision: False
2025-04-22 Tuesday 11:00:19  random_test.py : INFO  === Evaluate Testcase === 
 def testcase(self):
    vehicle1 = NPC(lane_id=5, offset=9.4157003, initial_speed=35.31908658)
    ego = NPC(lane_id=5, offset=25.29899964, initial_speed=6.82940092)
    vehicle1.changeLane(trigger_sequence=1, target_lane=3, target_speed=18.54326253)
    vehicle1.changeLane(trigger_sequence=2, target_lane=3, target_speed=32.18761344)
    vehicle1.decelerate(trigger_sequence=3, target_speed=23.13079604)
    vehicle1.accelerate(trigger_sequence=4, target_speed=30.18483318)
    vehicle1.changeLane(trigger_sequence=5, target_lane=1, target_speed=33.19696456)

2025-04-22 Tuesday 11:00:19  random_test.py : INFO  === Evaluation Finished === 
 Fitness: [4.7343858541618085, -0.9533333333333334], Collision: True
2025-04-22 Tuesday 11:00:19  random_test.py : INFO  === Find a coollision ===
2025-04-22 Tuesday 11:00:31  random_test.py : INFO  === Evaluate Testcase === 
 def testcase(self):
    ego = NPC(lane_id=5, offset=15.74669737, initial_speed=3.9077925)
    vehicle2 = NPC(lane_id=1, offset=46.61739838, initial_speed=5.65890169)
    vehicle2.accelerate(trigger_sequence=4, target_speed=49.88819973)
    vehicle2.accelerate(trigger_sequence=5, target_speed=34.38725118)

2025-04-22 Tuesday 11:00:31  random_test.py : INFO  === Evaluation Finished === 
 Fitness: [33.964727983077275, -0.5656565656565656], Collision: False
2025-04-22 Tuesday 11:00:43  random_test.py : INFO  === Evaluate Testcase === 
 def testcase(self):
    vehicle1 = NPC(lane_id=2, offset=8.40913664, initial_speed=24.09467341)
    ego = NPC(lane_id=1, offset=19.45806092, initial_speed=39.71274026)
    vehicle3 = NPC(lane_id=1, offset=44.14126101, initial_speed=39.66376752)
    vehicle4 = NPC(lane_id=5, offset=3.59064063, initial_speed=25.41784238)
    vehicle1.accelerate(trigger_sequence=1, target_speed=34.9085182)
    vehicle3.decelerate(trigger_sequence=2, target_speed=4.69571338)
    vehicle4.accelerate(trigger_sequence=2, target_speed=59.37347141)
    vehicle1.changeLane(trigger_sequence=4, target_lane=1, target_speed=7.53783407)
    vehicle3.accelerate(trigger_sequence=4, target_speed=56.3969608)
    vehicle4.accelerate(trigger_sequence=5, target_speed=59.2524542)

2025-04-22 Tuesday 11:00:43  random_test.py : INFO  === Evaluation Finished === 
 Fitness: [5.187551480945, -0.32967032967032966], Collision: False
2025-04-22 Tuesday 11:00:56  random_test.py : INFO  === Evaluate Testcase === 
 def testcase(self):
    vehicle1 = NPC(lane_id=1, offset=8.25292402, initial_speed=9.79132565)
    ego = NPC(lane_id=3, offset=31.10708688, initial_speed=8.43193347)
    vehicle1.decelerate(trigger_sequence=1, target_speed=3.34539337)
    vehicle1.accelerate(trigger_sequence=3, target_speed=46.54336759)
    vehicle1.changeLane(trigger_sequence=4, target_lane=3, target_speed=24.10115877)

2025-04-22 Tuesday 11:00:56  random_test.py : INFO  === Evaluation Finished === 
 Fitness: [0.5454869290997242, -0.125], Collision: True
2025-04-22 Tuesday 11:00:56  random_test.py : INFO  === Find a coollision ===
2025-04-22 Tuesday 11:01:09  random_test.py : INFO  === Evaluate Testcase === 
 def testcase(self):
    vehicle1 = NPC(lane_id=5, offset=46.22875887, initial_speed=15.55322866)
    vehicle2 = NPC(lane_id=4, offset=45.68103364, initial_speed=3.51480265)
    vehicle3 = NPC(lane_id=2, offset=47.79365966, initial_speed=8.31111779)
    ego = NPC(lane_id=3, offset=13.31219008, initial_speed=36.70123997)
    vehicle2.decelerate(trigger_sequence=1, target_speed=23.57680744)
    vehicle2.changeLane(trigger_sequence=2, target_lane=1, target_speed=13.54888556)
    vehicle1.changeLane(trigger_sequence=3, target_lane=1, target_speed=57.06887118)
    vehicle3.changeLane(trigger_sequence=3, target_lane=1, target_speed=52.94617131)
    vehicle2.decelerate(trigger_sequence=4, target_speed=11.33334403)
    vehicle3.changeLane(trigger_sequence=5, target_lane=3, target_speed=7.87506852)

2025-04-22 Tuesday 11:01:09  random_test.py : INFO  === Evaluation Finished === 
 Fitness: [3.4996343426253396, -0.2781818181818182], Collision: False
2025-04-22 Tuesday 11:01:14  random_test.py : INFO  === Evaluate Testcase === 
 def testcase(self):
    ego = NPC(lane_id=5, offset=31.40234816, initial_speed=6.1253383)
    vehicle2 = NPC(lane_id=4, offset=8.28983315, initial_speed=19.30977959)
    vehicle3 = NPC(lane_id=4, offset=4.20643585, initial_speed=13.20425355)
    vehicle2.accelerate(trigger_sequence=1, target_speed=55.09730731)
    vehicle2.accelerate(trigger_sequence=2, target_speed=36.50692461)
    vehicle3.accelerate(trigger_sequence=2, target_speed=41.66802479)
    vehicle3.changeLane(trigger_sequence=3, target_lane=1, target_speed=43.0384367)
    vehicle2.decelerate(trigger_sequence=4, target_speed=17.68157831)
    vehicle3.accelerate(trigger_sequence=5, target_speed=47.11894159)

2025-04-22 Tuesday 11:01:14  random_test.py : INFO  === Evaluation Finished === 
 Fitness: [inf, 0], Collision: False
2025-04-22 Tuesday 11:01:19  random_test.py : INFO  === Evaluate Testcase === 
 def testcase(self):
    vehicle1 = NPC(lane_id=1, offset=23.03192667, initial_speed=0.57561903)
    vehicle2 = NPC(lane_id=1, offset=27.51725808, initial_speed=1.51439015)
    ego = NPC(lane_id=1, offset=6.99877618, initial_speed=22.31891713)
    vehicle4 = NPC(lane_id=1, offset=10.00103027, initial_speed=37.13680096)
    vehicle1.decelerate(trigger_sequence=1, target_speed=2.08488503)
    vehicle1.decelerate(trigger_sequence=2, target_speed=5.4646812)
    vehicle2.accelerate(trigger_sequence=2, target_speed=44.32447606)
    vehicle1.changeLane(trigger_sequence=3, target_lane=1, target_speed=4.99997529)
    vehicle4.decelerate(trigger_sequence=3, target_speed=2.78065295)
    vehicle1.changeLane(trigger_sequence=4, target_lane=1, target_speed=11.78160195)
    vehicle2.accelerate(trigger_sequence=4, target_speed=35.84732735)
    vehicle1.accelerate(trigger_sequence=5, target_speed=48.26507035)

2025-04-22 Tuesday 11:01:19  random_test.py : INFO  === Evaluation Finished === 
 Fitness: [inf, 0], Collision: False
2025-04-22 Tuesday 11:01:31  random_test.py : INFO  === Evaluate Testcase === 
 def testcase(self):
    ego = NPC(lane_id=1, offset=2.18612461, initial_speed=10.93253189)
    vehicle2 = NPC(lane_id=2, offset=15.83170995, initial_speed=10.60458306)
    vehicle2.decelerate(trigger_sequence=1, target_speed=14.17133791)
    vehicle2.decelerate(trigger_sequence=4, target_speed=12.39457487)
    vehicle2.changeLane(trigger_sequence=5, target_lane=1, target_speed=29.99783477)

2025-04-22 Tuesday 11:01:31  random_test.py : INFO  === Evaluation Finished === 
 Fitness: [14.232251497951609, -0.02003338898163606], Collision: False
2025-04-22 Tuesday 11:01:44  random_test.py : INFO  === Evaluate Testcase === 
 def testcase(self):
    ego = NPC(lane_id=5, offset=47.67121213, initial_speed=38.31293961)
    vehicle2 = NPC(lane_id=1, offset=39.88217871, initial_speed=0.45989644)
    vehicle3 = NPC(lane_id=5, offset=3.26023308, initial_speed=23.39973277)
    vehicle2.changeLane(trigger_sequence=1, target_lane=1, target_speed=26.54881415)
    vehicle2.changeLane(trigger_sequence=2, target_lane=3, target_speed=45.55482896)
    vehicle2.accelerate(trigger_sequence=5, target_speed=35.20919747)
    vehicle3.decelerate(trigger_sequence=5, target_speed=13.16389901)

2025-04-22 Tuesday 11:01:44  random_test.py : INFO  === Evaluation Finished === 
 Fitness: [15.986186505311494, -0.24817518248175183], Collision: False
2025-04-22 Tuesday 11:01:57  random_test.py : INFO  === Evaluate Testcase === 
 def testcase(self):
    vehicle1 = NPC(lane_id=5, offset=1.55295965, initial_speed=22.93863192)
    vehicle2 = NPC(lane_id=5, offset=32.03248233, initial_speed=37.53814508)
    ego = NPC(lane_id=3, offset=47.13024531, initial_speed=17.250615)
    vehicle1.changeLane(trigger_sequence=1, target_lane=3, target_speed=2.53591959)
    vehicle2.accelerate(trigger_sequence=1, target_speed=56.796832)
    vehicle1.accelerate(trigger_sequence=2, target_speed=56.17901271)
    vehicle2.changeLane(trigger_sequence=2, target_lane=3, target_speed=20.64116568)
    vehicle1.changeLane(trigger_sequence=3, target_lane=1, target_speed=4.41197338)
    vehicle1.decelerate(trigger_sequence=4, target_speed=4.79283744)
    vehicle2.accelerate(trigger_sequence=4, target_speed=39.66113972)
    vehicle1.changeLane(trigger_sequence=5, target_lane=1, target_speed=0.20300302)

2025-04-22 Tuesday 11:01:57  random_test.py : INFO  === Evaluation Finished === 
 Fitness: [7.004032014820929, -0.018998272884283247], Collision: False
2025-04-22 Tuesday 11:02:02  random_test.py : INFO  === Evaluate Testcase === 
 def testcase(self):
    vehicle1 = NPC(lane_id=2, offset=38.08794026, initial_speed=25.25629249)
    ego = NPC(lane_id=3, offset=8.92013163, initial_speed=14.65703334)
    vehicle3 = NPC(lane_id=2, offset=32.75202512, initial_speed=28.75007239)
    vehicle4 = NPC(lane_id=2, offset=38.77636828, initial_speed=1.6386438)
    vehicle1.accelerate(trigger_sequence=1, target_speed=44.89705973)
    vehicle4.decelerate(trigger_sequence=1, target_speed=9.74255141)
    vehicle1.accelerate(trigger_sequence=2, target_speed=44.20224355)
    vehicle1.changeLane(trigger_sequence=3, target_lane=3, target_speed=1.39781125)
    vehicle4.changeLane(trigger_sequence=3, target_lane=3, target_speed=59.23279444)
    vehicle3.decelerate(trigger_sequence=4, target_speed=4.92811507)
    vehicle4.accelerate(trigger_sequence=4, target_speed=43.4293965)
    vehicle1.decelerate(trigger_sequence=5, target_speed=25.11337021)
    vehicle3.changeLane(trigger_sequence=5, target_lane=1, target_speed=13.2433115)
    vehicle4.accelerate(trigger_sequence=5, target_speed=54.38415604)

2025-04-22 Tuesday 11:02:02  random_test.py : INFO  === Evaluation Finished === 
 Fitness: [inf, 0], Collision: False
2025-04-22 Tuesday 11:02:07  random_test.py : INFO  === Evaluate Testcase === 
 def testcase(self):
    ego = NPC(lane_id=4, offset=8.43416042, initial_speed=15.06178167)
    vehicle2 = NPC(lane_id=5, offset=28.53036378, initial_speed=19.72948615)
    vehicle3 = NPC(lane_id=4, offset=12.34167687, initial_speed=38.76727611)
    vehicle3.changeLane(trigger_sequence=1, target_lane=3, target_speed=26.21837035)
    vehicle2.accelerate(trigger_sequence=2, target_speed=45.73061433)
    vehicle3.decelerate(trigger_sequence=2, target_speed=21.19361709)
    vehicle2.accelerate(trigger_sequence=3, target_speed=50.64911138)
    vehicle3.decelerate(trigger_sequence=4, target_speed=23.0388586)
    vehicle3.accelerate(trigger_sequence=5, target_speed=50.85203219)

2025-04-22 Tuesday 11:02:07  random_test.py : INFO  === Evaluation Finished === 
 Fitness: [inf, 0], Collision: False
2025-04-22 Tuesday 11:02:19  random_test.py : INFO  === Evaluate Testcase === 
 def testcase(self):
    vehicle1 = NPC(lane_id=2, offset=12.16368038, initial_speed=5.32069911)
    ego = NPC(lane_id=5, offset=25.99702799, initial_speed=5.67457217)
    vehicle3 = NPC(lane_id=1, offset=20.86652681, initial_speed=7.45735557)
    vehicle3.decelerate(trigger_sequence=1, target_speed=3.61493862)
    vehicle3.accelerate(trigger_sequence=2, target_speed=52.32138675)
    vehicle3.changeLane(trigger_sequence=3, target_lane=3, target_speed=25.01354236)
    vehicle1.changeLane(trigger_sequence=4, target_lane=1, target_speed=28.41269379)
    vehicle3.changeLane(trigger_sequence=4, target_lane=1, target_speed=44.80950961)

2025-04-22 Tuesday 11:02:19  random_test.py : INFO  === Evaluation Finished === 
 Fitness: [10.50155501199023, -0.9411764705882353], Collision: False
2025-04-22 Tuesday 11:02:32  random_test.py : INFO  === Evaluate Testcase === 
 def testcase(self):
    vehicle1 = NPC(lane_id=5, offset=19.51522907, initial_speed=22.01710603)
    vehicle2 = NPC(lane_id=1, offset=33.81309621, initial_speed=20.81018078)
    ego = NPC(lane_id=2, offset=35.72966733, initial_speed=38.06034402)
    vehicle4 = NPC(lane_id=5, offset=44.59210858, initial_speed=31.07658283)
    vehicle1.decelerate(trigger_sequence=1, target_speed=10.17597962)
    vehicle2.accelerate(trigger_sequence=1, target_speed=36.66079692)
    vehicle4.decelerate(trigger_sequence=1, target_speed=18.86423965)
    vehicle2.decelerate(trigger_sequence=2, target_speed=20.95688371)
    vehicle1.accelerate(trigger_sequence=3, target_speed=51.372718)
    vehicle4.decelerate(trigger_sequence=3, target_speed=0.15046489)
    vehicle2.decelerate(trigger_sequence=4, target_speed=2.92277763)
    vehicle2.changeLane(trigger_sequence=5, target_lane=3, target_speed=27.99300673)

2025-04-22 Tuesday 11:02:32  random_test.py : INFO  === Evaluation Finished === 
 Fitness: [3.4926468277217357, -0.2427007299270073], Collision: False
2025-04-22 Tuesday 11:02:45  random_test.py : INFO  === Evaluate Testcase === 
 def testcase(self):
    vehicle1 = NPC(lane_id=4, offset=14.94402994, initial_speed=13.32230678)
    vehicle2 = NPC(lane_id=1, offset=11.21067356, initial_speed=8.78668983)
    ego = NPC(lane_id=2, offset=6.36579121, initial_speed=27.2473583)
    vehicle2.changeLane(trigger_sequence=1, target_lane=1, target_speed=47.34212453)
    vehicle1.accelerate(trigger_sequence=2, target_speed=53.44154495)
    vehicle2.changeLane(trigger_sequence=2, target_lane=3, target_speed=41.47006169)
    vehicle1.changeLane(trigger_sequence=4, target_lane=1, target_speed=45.2987683)
    vehicle1.changeLane(trigger_sequence=5, target_lane=3, target_speed=17.3300942)
    vehicle2.changeLane(trigger_sequence=5, target_lane=1, target_speed=57.12804496)

2025-04-22 Tuesday 11:02:45  random_test.py : INFO  === Evaluation Finished === 
 Fitness: [3.4988624229099767, -0.4920071047957371], Collision: False
2025-04-22 Tuesday 11:02:58  random_test.py : INFO  === Evaluate Testcase === 
 def testcase(self):
    ego = NPC(lane_id=1, offset=33.80121544, initial_speed=1.50048904)
    vehicle2 = NPC(lane_id=5, offset=18.36136959, initial_speed=16.4180707)
    vehicle2.accelerate(trigger_sequence=1, target_speed=56.80903484)
    vehicle2.decelerate(trigger_sequence=2, target_speed=9.64792182)
    vehicle2.changeLane(trigger_sequence=4, target_lane=1, target_speed=51.63975158)
    vehicle2.accelerate(trigger_sequence=5, target_speed=52.86161984)

2025-04-22 Tuesday 11:02:58  random_test.py : INFO  === Evaluation Finished === 
 Fitness: [14.008213576680285, -0.657672849915683], Collision: False
2025-04-22 Tuesday 11:03:11  random_test.py : INFO  === Evaluate Testcase === 
 def testcase(self):
    ego = NPC(lane_id=5, offset=2.23122332, initial_speed=26.70803243)
    vehicle2 = NPC(lane_id=3, offset=34.37377405, initial_speed=24.73309561)
    vehicle3 = NPC(lane_id=5, offset=24.51918785, initial_speed=20.50534364)
    vehicle3.changeLane(trigger_sequence=1, target_lane=3, target_speed=58.5203531)
    vehicle3.accelerate(trigger_sequence=2, target_speed=43.42191243)
    vehicle2.decelerate(trigger_sequence=3, target_speed=0.05932196)
    vehicle3.accelerate(trigger_sequence=3, target_speed=31.92264365)
    vehicle3.changeLane(trigger_sequence=4, target_lane=1, target_speed=10.44712424)
    vehicle2.accelerate(trigger_sequence=5, target_speed=48.41484977)

2025-04-22 Tuesday 11:03:11  random_test.py : INFO  === Evaluation Finished === 
 Fitness: [7.001763575291297, -0.4769503546099291], Collision: False
2025-04-22 Tuesday 11:03:15  random_test.py : INFO  === Evaluate Testcase === 
 def testcase(self):
    ego = NPC(lane_id=4, offset=27.7275665, initial_speed=38.34677273)
    vehicle2 = NPC(lane_id=4, offset=24.91023749, initial_speed=27.58962952)
    vehicle3 = NPC(lane_id=2, offset=21.56119094, initial_speed=31.30950934)
    vehicle4 = NPC(lane_id=4, offset=32.77161766, initial_speed=30.64022161)
    vehicle2.changeLane(trigger_sequence=2, target_lane=1, target_speed=36.6345339)
    vehicle3.accelerate(trigger_sequence=2, target_speed=38.60613548)
    vehicle3.accelerate(trigger_sequence=3, target_speed=34.44164579)
    vehicle3.accelerate(trigger_sequence=4, target_speed=43.35443618)
    vehicle4.accelerate(trigger_sequence=4, target_speed=48.91557847)
    vehicle3.accelerate(trigger_sequence=5, target_speed=39.84391554)
    vehicle4.accelerate(trigger_sequence=5, target_speed=52.4040781)

2025-04-22 Tuesday 11:03:15  random_test.py : INFO  === Evaluation Finished === 
 Fitness: [inf, 0], Collision: False
2025-04-22 Tuesday 11:03:28  random_test.py : INFO  === Evaluate Testcase === 
 def testcase(self):
    ego = NPC(lane_id=2, offset=38.12422999, initial_speed=5.75422494)
    vehicle2 = NPC(lane_id=3, offset=11.39066386, initial_speed=22.32779243)

2025-04-22 Tuesday 11:03:28  random_test.py : INFO  === Evaluation Finished === 
 Fitness: [3.5002918009011985, -0.735], Collision: False
2025-04-22 Tuesday 11:03:40  random_test.py : INFO  === Evaluate Testcase === 
 def testcase(self):
    vehicle1 = NPC(lane_id=5, offset=28.994281, initial_speed=6.60629305)
    ego = NPC(lane_id=1, offset=8.39859377, initial_speed=13.53171364)
    vehicle3 = NPC(lane_id=4, offset=28.51194557, initial_speed=12.98874482)
    vehicle1.changeLane(trigger_sequence=1, target_lane=1, target_speed=2.11847336)
    vehicle3.accelerate(trigger_sequence=1, target_speed=47.83739253)
    vehicle3.decelerate(trigger_sequence=2, target_speed=10.71355208)
    vehicle1.accelerate(trigger_sequence=3, target_speed=36.48697247)
    vehicle3.decelerate(trigger_sequence=3, target_speed=1.26254982)
    vehicle3.decelerate(trigger_sequence=5, target_speed=20.79328548)

2025-04-22 Tuesday 11:03:40  random_test.py : INFO  === Evaluation Finished === 
 Fitness: [14.000612907864765, -0.028428093645484948], Collision: False
2025-04-22 Tuesday 11:03:53  random_test.py : INFO  === Evaluate Testcase === 
 def testcase(self):
    vehicle1 = NPC(lane_id=1, offset=30.1100839, initial_speed=5.81314607)
    ego = NPC(lane_id=2, offset=17.17986623, initial_speed=35.57428471)
    vehicle1.decelerate(trigger_sequence=2, target_speed=14.44453474)
    vehicle1.accelerate(trigger_sequence=3, target_speed=32.61010467)
    vehicle1.accelerate(trigger_sequence=4, target_speed=38.449748)
    vehicle1.accelerate(trigger_sequence=5, target_speed=36.11835712)

2025-04-22 Tuesday 11:03:53  random_test.py : INFO  === Evaluation Finished === 
 Fitness: [3.5007149266480146, -0.2971014492753623], Collision: False
2025-04-22 Tuesday 11:04:05  random_test.py : INFO  === Evaluate Testcase === 
 def testcase(self):
    ego = NPC(lane_id=1, offset=43.83601784, initial_speed=8.37214157)
    vehicle2 = NPC(lane_id=5, offset=22.47639123, initial_speed=13.36848318)
    vehicle2.accelerate(trigger_sequence=3, target_speed=31.77285846)
    vehicle2.decelerate(trigger_sequence=5, target_speed=17.37979439)

2025-04-22 Tuesday 11:04:05  random_test.py : INFO  === Evaluation Finished === 
 Fitness: [13.999709416532909, -0.041666666666666664], Collision: False
2025-04-22 Tuesday 11:04:18  random_test.py : INFO  === Evaluate Testcase === 
 def testcase(self):
    ego = NPC(lane_id=5, offset=40.01797826, initial_speed=36.43987004)
    vehicle2 = NPC(lane_id=3, offset=2.04600768, initial_speed=39.99556828)
    vehicle2.decelerate(trigger_sequence=2, target_speed=16.05091035)
    vehicle2.accelerate(trigger_sequence=3, target_speed=32.22283501)
    vehicle2.decelerate(trigger_sequence=4, target_speed=7.91805948)

2025-04-22 Tuesday 11:04:18  random_test.py : INFO  === Evaluation Finished === 
 Fitness: [15.408184098798804, -0.2958257713248639], Collision: False
2025-04-22 Tuesday 11:04:30  random_test.py : INFO  === Evaluate Testcase === 
 def testcase(self):
    ego = NPC(lane_id=4, offset=11.08691812, initial_speed=5.63571745)
    vehicle2 = NPC(lane_id=4, offset=27.19250072, initial_speed=28.76545534)
    vehicle3 = NPC(lane_id=2, offset=34.22534558, initial_speed=29.85217096)
    vehicle4 = NPC(lane_id=3, offset=43.34923202, initial_speed=19.34955358)
    vehicle3.accelerate(trigger_sequence=1, target_speed=59.79260196)
    vehicle4.decelerate(trigger_sequence=1, target_speed=21.49031929)
    vehicle3.accelerate(trigger_sequence=2, target_speed=40.45350529)
    vehicle3.accelerate(trigger_sequence=4, target_speed=31.20547583)
    vehicle2.decelerate(trigger_sequence=5, target_speed=11.06016025)
    vehicle3.decelerate(trigger_sequence=5, target_speed=19.75305194)
    vehicle4.decelerate(trigger_sequence=5, target_speed=5.97164568)

2025-04-22 Tuesday 11:04:30  random_test.py : INFO  === Evaluation Finished === 
 Fitness: [17.30404694765701, -0.825503355704698], Collision: False
2025-04-22 Tuesday 11:04:43  random_test.py : INFO  === Evaluate Testcase === 
 def testcase(self):
    vehicle1 = NPC(lane_id=4, offset=8.67685072, initial_speed=21.26353773)
    ego = NPC(lane_id=1, offset=48.86586603, initial_speed=4.89443948)
    vehicle3 = NPC(lane_id=2, offset=22.83297454, initial_speed=20.14254086)
    vehicle3.decelerate(trigger_sequence=1, target_speed=20.69040377)
    vehicle3.accelerate(trigger_sequence=2, target_speed=59.3862721)
    vehicle3.decelerate(trigger_sequence=3, target_speed=8.69403112)
    vehicle1.decelerate(trigger_sequence=4, target_speed=4.50491438)
    vehicle3.decelerate(trigger_sequence=4, target_speed=7.8843142)
    vehicle3.decelerate(trigger_sequence=5, target_speed=15.13100303)

2025-04-22 Tuesday 11:04:43  random_test.py : INFO  === Evaluation Finished === 
 Fitness: [3.5021379288376577, -0.5159663865546219], Collision: False
2025-04-22 Tuesday 11:04:56  random_test.py : INFO  === Evaluate Testcase === 
 def testcase(self):
    ego = NPC(lane_id=5, offset=7.13304955, initial_speed=2.1292466)
    vehicle2 = NPC(lane_id=1, offset=4.84512169, initial_speed=35.16043775)
    vehicle3 = NPC(lane_id=3, offset=15.76738399, initial_speed=35.11488268)
    vehicle2.changeLane(trigger_sequence=1, target_lane=3, target_speed=31.34914093)
    vehicle3.changeLane(trigger_sequence=1, target_lane=3, target_speed=45.30269093)
    vehicle3.accelerate(trigger_sequence=2, target_speed=55.42789782)
    vehicle3.changeLane(trigger_sequence=4, target_lane=3, target_speed=56.8334373)
    vehicle3.accelerate(trigger_sequence=5, target_speed=39.79939158)

2025-04-22 Tuesday 11:04:56  random_test.py : INFO  === Evaluation Finished === 
 Fitness: [11.492708931162207, -0.5899159663865546], Collision: False
2025-04-22 Tuesday 11:05:09  random_test.py : INFO  === Evaluate Testcase === 
 def testcase(self):
    ego = NPC(lane_id=5, offset=19.83652372, initial_speed=18.82187997)
    vehicle2 = NPC(lane_id=4, offset=10.21961834, initial_speed=31.01977912)
    vehicle3 = NPC(lane_id=3, offset=25.56614698, initial_speed=18.4471569)
    vehicle3.changeLane(trigger_sequence=1, target_lane=1, target_speed=20.6556983)
    vehicle2.changeLane(trigger_sequence=3, target_lane=1, target_speed=18.40176661)
    vehicle3.changeLane(trigger_sequence=4, target_lane=3, target_speed=11.2022156)

2025-04-22 Tuesday 11:05:09  random_test.py : INFO  === Evaluation Finished === 
 Fitness: [3.4952246871870094, -0.8665511265164645], Collision: False
2025-04-22 Tuesday 11:05:22  random_test.py : INFO  === Evaluate Testcase === 
 def testcase(self):
    ego = NPC(lane_id=3, offset=23.85114802, initial_speed=36.43068991)
    vehicle2 = NPC(lane_id=5, offset=32.5959683, initial_speed=30.71342669)
    vehicle2.accelerate(trigger_sequence=1, target_speed=58.56692123)
    vehicle2.changeLane(trigger_sequence=3, target_lane=3, target_speed=38.05077388)
    vehicle2.decelerate(trigger_sequence=4, target_speed=22.01023171)
    vehicle2.changeLane(trigger_sequence=5, target_lane=3, target_speed=52.11371393)

2025-04-22 Tuesday 11:05:22  random_test.py : INFO  === Evaluation Finished === 
 Fitness: [11.543101899112601, -0.294010889292196], Collision: False
2025-04-22 Tuesday 11:05:35  random_test.py : INFO  === Evaluate Testcase === 
 def testcase(self):
    vehicle1 = NPC(lane_id=1, offset=9.62274411, initial_speed=19.75911352)
    ego = NPC(lane_id=1, offset=40.93996637, initial_speed=11.7468406)
    vehicle1.decelerate(trigger_sequence=1, target_speed=24.67280812)
    vehicle1.changeLane(trigger_sequence=2, target_lane=3, target_speed=43.33865459)
    vehicle1.decelerate(trigger_sequence=3, target_speed=13.18180808)
    vehicle1.decelerate(trigger_sequence=4, target_speed=25.97697103)
    vehicle1.decelerate(trigger_sequence=5, target_speed=12.95117645)

2025-04-22 Tuesday 11:05:35  random_test.py : INFO  === Evaluation Finished === 
 Fitness: [3.337700562070062, -0.09698996655518395], Collision: True
2025-04-22 Tuesday 11:05:35  random_test.py : INFO  === Find a coollision ===
2025-04-22 Tuesday 11:05:47  random_test.py : INFO  === Evaluate Testcase === 
 def testcase(self):
    ego = NPC(lane_id=5, offset=29.4538217, initial_speed=13.39166609)
    vehicle2 = NPC(lane_id=4, offset=16.05755742, initial_speed=35.06804577)
    vehicle2.accelerate(trigger_sequence=4, target_speed=57.25751135)
    vehicle2.accelerate(trigger_sequence=5, target_speed=34.87506138)

2025-04-22 Tuesday 11:05:47  random_test.py : INFO  === Evaluation Finished === 
 Fitness: [3.495841143124168, -0.021775544388609715], Collision: False
2025-04-22 Tuesday 11:06:00  random_test.py : INFO  === Evaluate Testcase === 
 def testcase(self):
    vehicle1 = NPC(lane_id=5, offset=42.9492642, initial_speed=4.32219285)
    ego = NPC(lane_id=3, offset=18.36854538, initial_speed=22.21455836)
    vehicle3 = NPC(lane_id=4, offset=13.45614534, initial_speed=39.19612325)
    vehicle1.decelerate(trigger_sequence=1, target_speed=24.59099197)
    vehicle3.accelerate(trigger_sequence=1, target_speed=31.08597536)
    vehicle1.accelerate(trigger_sequence=2, target_speed=52.90562287)
    vehicle3.changeLane(trigger_sequence=2, target_lane=3, target_speed=40.91246011)
    vehicle1.accelerate(trigger_sequence=3, target_speed=40.63938113)
    vehicle3.changeLane(trigger_sequence=4, target_lane=1, target_speed=16.75054414)
    vehicle3.decelerate(trigger_sequence=5, target_speed=0.46059671)

2025-04-22 Tuesday 11:06:00  random_test.py : INFO  === Evaluation Finished === 
 Fitness: [3.5089314639155575, -0.543859649122807], Collision: False
2025-04-22 Tuesday 11:06:13  random_test.py : INFO  === Evaluate Testcase === 
 def testcase(self):
    vehicle1 = NPC(lane_id=4, offset=33.09558636, initial_speed=16.92975463)
    vehicle2 = NPC(lane_id=1, offset=6.14075529, initial_speed=31.40207573)
    vehicle3 = NPC(lane_id=2, offset=1.33605401, initial_speed=8.47909901)
    ego = NPC(lane_id=1, offset=17.42883453, initial_speed=21.49048646)
    vehicle1.accelerate(trigger_sequence=1, target_speed=47.92548884)
    vehicle3.changeLane(trigger_sequence=1, target_lane=1, target_speed=13.4412648)
    vehicle1.changeLane(trigger_sequence=2, target_lane=1, target_speed=23.13189213)
    vehicle2.decelerate(trigger_sequence=2, target_speed=12.15458865)
    vehicle3.accelerate(trigger_sequence=3, target_speed=37.57349608)
    vehicle2.changeLane(trigger_sequence=4, target_lane=1, target_speed=51.9676681)

2025-04-22 Tuesday 11:06:13  random_test.py : INFO  === Evaluation Finished === 
 Fitness: [4.713642029343208, -0.5733788395904437], Collision: True
2025-04-22 Tuesday 11:06:13  random_test.py : INFO  === Find a coollision ===
2025-04-22 Tuesday 11:06:26  random_test.py : INFO  === Evaluate Testcase === 
 def testcase(self):
    vehicle1 = NPC(lane_id=3, offset=30.67696378, initial_speed=17.52054847)
    ego = NPC(lane_id=2, offset=45.51437784, initial_speed=6.51029342)
    vehicle3 = NPC(lane_id=2, offset=15.53449136, initial_speed=27.01109936)
    vehicle1.accelerate(trigger_sequence=1, target_speed=56.75062732)
    vehicle3.decelerate(trigger_sequence=1, target_speed=9.30734992)
    vehicle1.decelerate(trigger_sequence=2, target_speed=28.97429113)
    vehicle3.changeLane(trigger_sequence=3, target_lane=1, target_speed=33.47629656)
    vehicle3.accelerate(trigger_sequence=5, target_speed=32.01170353)

2025-04-22 Tuesday 11:06:26  random_test.py : INFO  === Evaluation Finished === 
 Fitness: [3.304519188331115, -0.8633333333333333], Collision: True
2025-04-22 Tuesday 11:06:26  random_test.py : INFO  === Find a coollision ===
2025-04-22 Tuesday 11:06:39  random_test.py : INFO  === Evaluate Testcase === 
 def testcase(self):
    vehicle1 = NPC(lane_id=1, offset=26.04285543, initial_speed=3.91719991)
    ego = NPC(lane_id=5, offset=31.77684364, initial_speed=19.34083058)
    vehicle3 = NPC(lane_id=4, offset=12.57776759, initial_speed=0.1904005)
    vehicle3.changeLane(trigger_sequence=1, target_lane=1, target_speed=57.24332587)
    vehicle1.decelerate(trigger_sequence=2, target_speed=8.80144324)
    vehicle3.accelerate(trigger_sequence=2, target_speed=35.74132896)
    vehicle3.accelerate(trigger_sequence=4, target_speed=46.52558335)
    vehicle1.changeLane(trigger_sequence=5, target_lane=1, target_speed=4.35359899)

2025-04-22 Tuesday 11:06:39  random_test.py : INFO  === Evaluation Finished === 
 Fitness: [7.909302434420355, -0.625], Collision: False
2025-04-22 Tuesday 11:06:51  random_test.py : INFO  === Evaluate Testcase === 
 def testcase(self):
    vehicle1 = NPC(lane_id=3, offset=6.88526822, initial_speed=27.33378525)
    vehicle2 = NPC(lane_id=2, offset=21.50537318, initial_speed=0.44351637)
    ego = NPC(lane_id=1, offset=21.13145057, initial_speed=8.1812809)
    vehicle4 = NPC(lane_id=5, offset=48.25433261, initial_speed=26.08798454)
    vehicle1.decelerate(trigger_sequence=1, target_speed=23.93473008)
    vehicle2.accelerate(trigger_sequence=2, target_speed=50.83059105)
    vehicle1.accelerate(trigger_sequence=4, target_speed=34.5194143)
    vehicle4.decelerate(trigger_sequence=4, target_speed=3.55994657)
    vehicle1.changeLane(trigger_sequence=5, target_lane=3, target_speed=28.10794712)
    vehicle2.decelerate(trigger_sequence=5, target_speed=22.26675202)

2025-04-22 Tuesday 11:06:51  random_test.py : INFO  === Evaluation Finished === 
 Fitness: [3.5018544955095203, -0.041666666666666664], Collision: False
2025-04-22 Tuesday 11:07:04  random_test.py : INFO  === Evaluate Testcase === 
 def testcase(self):
    vehicle1 = NPC(lane_id=3, offset=17.28923478, initial_speed=26.78253163)
    ego = NPC(lane_id=3, offset=1.6607562, initial_speed=3.29007644)
    vehicle3 = NPC(lane_id=4, offset=5.56827965, initial_speed=0.49328746)
    vehicle1.accelerate(trigger_sequence=1, target_speed=55.24458896)
    vehicle3.accelerate(trigger_sequence=1, target_speed=51.15873653)
    vehicle1.changeLane(trigger_sequence=3, target_lane=1, target_speed=18.61872261)
    vehicle3.decelerate(trigger_sequence=3, target_speed=12.72252094)
    vehicle3.changeLane(trigger_sequence=4, target_lane=3, target_speed=5.0721201)
    vehicle1.decelerate(trigger_sequence=5, target_speed=2.10212703)
    vehicle3.decelerate(trigger_sequence=5, target_speed=10.94720091)

2025-04-22 Tuesday 11:07:04  random_test.py : INFO  === Evaluation Finished === 
 Fitness: [3.5321361985603694, -0.5210084033613446], Collision: False
2025-04-22 Tuesday 11:07:17  random_test.py : INFO  === Evaluate Testcase === 
 def testcase(self):
    vehicle1 = NPC(lane_id=3, offset=18.94535107, initial_speed=11.57999716)
    ego = NPC(lane_id=4, offset=31.91020891, initial_speed=11.87535444)
    vehicle1.decelerate(trigger_sequence=1, target_speed=16.75648015)
    vehicle1.changeLane(trigger_sequence=2, target_lane=3, target_speed=17.32079576)

2025-04-22 Tuesday 11:07:17  random_test.py : INFO  === Evaluation Finished === 
 Fitness: [3.5000479053753617, -0.020066889632107024], Collision: False
2025-04-22 Tuesday 11:07:30  random_test.py : INFO  === Evaluate Testcase === 
 def testcase(self):
    ego = NPC(lane_id=4, offset=9.22587913, initial_speed=16.642744)
    vehicle2 = NPC(lane_id=4, offset=22.37360095, initial_speed=12.86694391)
    vehicle2.accelerate(trigger_sequence=1, target_speed=59.65845433)
    vehicle2.changeLane(trigger_sequence=4, target_lane=1, target_speed=42.04711018)
    vehicle2.accelerate(trigger_sequence=5, target_speed=48.01724149)

2025-04-22 Tuesday 11:07:30  random_test.py : INFO  === Evaluation Finished === 
 Fitness: [10.976372232861, -0.04482758620689655], Collision: False
2025-04-22 Tuesday 11:07:34  random_test.py : INFO  === Evaluate Testcase === 
 def testcase(self):
    vehicle1 = NPC(lane_id=1, offset=44.08451136, initial_speed=16.58819838)
    ego = NPC(lane_id=1, offset=43.69918471, initial_speed=31.73737195)
    vehicle3 = NPC(lane_id=2, offset=19.43711851, initial_speed=6.98455601)
    vehicle4 = NPC(lane_id=3, offset=46.3147639, initial_speed=7.60068361)
    vehicle1.decelerate(trigger_sequence=1, target_speed=24.36502051)
    vehicle3.accelerate(trigger_sequence=1, target_speed=34.6149745)
    vehicle4.decelerate(trigger_sequence=1, target_speed=8.03145042)
    vehicle1.accelerate(trigger_sequence=2, target_speed=37.61196411)
    vehicle4.decelerate(trigger_sequence=2, target_speed=12.87344819)
    vehicle1.decelerate(trigger_sequence=3, target_speed=4.74101758)
    vehicle4.changeLane(trigger_sequence=3, target_lane=1, target_speed=15.64009315)
    vehicle1.decelerate(trigger_sequence=4, target_speed=25.78611753)
    vehicle3.changeLane(trigger_sequence=4, target_lane=3, target_speed=45.52819364)
    vehicle4.decelerate(trigger_sequence=4, target_speed=15.95066519)

2025-04-22 Tuesday 11:07:34  random_test.py : INFO  === Evaluation Finished === 
 Fitness: [inf, 0], Collision: False
2025-04-22 Tuesday 11:07:39  random_test.py : INFO  === Evaluate Testcase === 
 def testcase(self):
    vehicle1 = NPC(lane_id=4, offset=22.37281416, initial_speed=22.83663831)
    ego = NPC(lane_id=4, offset=21.63206124, initial_speed=24.4028218)
    vehicle3 = NPC(lane_id=2, offset=14.22525663, initial_speed=19.71235727)
    vehicle4 = NPC(lane_id=3, offset=11.29192028, initial_speed=10.25109041)
    vehicle1.changeLane(trigger_sequence=1, target_lane=1, target_speed=53.23213281)
    vehicle3.decelerate(trigger_sequence=1, target_speed=3.75382747)
    vehicle4.changeLane(trigger_sequence=1, target_lane=1, target_speed=5.73020436)
    vehicle1.changeLane(trigger_sequence=2, target_lane=1, target_speed=8.27845186)
    vehicle3.decelerate(trigger_sequence=2, target_speed=25.31994552)
    vehicle4.decelerate(trigger_sequence=2, target_speed=4.85560566)
    vehicle1.decelerate(trigger_sequence=3, target_speed=11.55098799)
    vehicle3.decelerate(trigger_sequence=3, target_speed=8.37628217)
    vehicle4.decelerate(trigger_sequence=3, target_speed=17.62053033)
    vehicle3.changeLane(trigger_sequence=4, target_lane=1, target_speed=41.85246565)
    vehicle4.changeLane(trigger_sequence=4, target_lane=3, target_speed=28.79997523)
    vehicle4.decelerate(trigger_sequence=5, target_speed=19.55461808)

2025-04-22 Tuesday 11:07:39  random_test.py : INFO  === Evaluation Finished === 
 Fitness: [inf, 0], Collision: False
2025-04-22 Tuesday 11:07:52  random_test.py : INFO  === Evaluate Testcase === 
 def testcase(self):
    vehicle1 = NPC(lane_id=1, offset=37.14981468, initial_speed=18.65274662)
    ego = NPC(lane_id=4, offset=12.74871223, initial_speed=12.67690977)
    vehicle3 = NPC(lane_id=3, offset=13.39037222, initial_speed=6.83683269)
    vehicle1.decelerate(trigger_sequence=2, target_speed=11.66696808)
    vehicle3.changeLane(trigger_sequence=2, target_lane=3, target_speed=17.6081255)
    vehicle1.changeLane(trigger_sequence=4, target_lane=1, target_speed=57.41801966)
    vehicle3.accelerate(trigger_sequence=4, target_speed=57.82619759)
    vehicle3.accelerate(trigger_sequence=5, target_speed=35.6309634)

2025-04-22 Tuesday 11:07:52  random_test.py : INFO  === Evaluation Finished === 
 Fitness: [3.495991302199935, -0.03171953255425709], Collision: False
2025-04-22 Tuesday 11:08:05  random_test.py : INFO  === Evaluate Testcase === 
 def testcase(self):
    ego = NPC(lane_id=4, offset=31.96353784, initial_speed=11.21192289)
    vehicle2 = NPC(lane_id=5, offset=22.23440714, initial_speed=31.60784481)
    vehicle3 = NPC(lane_id=3, offset=28.40534344, initial_speed=17.01510911)
    vehicle2.accelerate(trigger_sequence=2, target_speed=56.65114471)
    vehicle2.accelerate(trigger_sequence=3, target_speed=32.53732058)
    vehicle3.accelerate(trigger_sequence=3, target_speed=55.48557031)
    vehicle3.decelerate(trigger_sequence=4, target_speed=27.49092289)
    vehicle2.changeLane(trigger_sequence=5, target_lane=1, target_speed=47.88827472)

2025-04-22 Tuesday 11:08:05  random_test.py : INFO  === Evaluation Finished === 
 Fitness: [3.491427553440959, -0.03166666666666667], Collision: False
2025-04-22 Tuesday 11:08:18  random_test.py : INFO  === Evaluate Testcase === 
 def testcase(self):
    vehicle1 = NPC(lane_id=3, offset=27.09455475, initial_speed=14.35252624)
    ego = NPC(lane_id=4, offset=16.52239947, initial_speed=23.8595164)
    vehicle3 = NPC(lane_id=2, offset=36.20078669, initial_speed=9.71016852)
    vehicle4 = NPC(lane_id=1, offset=32.61852799, initial_speed=37.78488089)
    vehicle3.accelerate(trigger_sequence=1, target_speed=36.49897278)
    vehicle4.decelerate(trigger_sequence=1, target_speed=21.19799768)
    vehicle1.accelerate(trigger_sequence=2, target_speed=52.19000962)
    vehicle4.accelerate(trigger_sequence=2, target_speed=56.12913306)
    vehicle1.accelerate(trigger_sequence=4, target_speed=53.82961524)
    vehicle3.accelerate(trigger_sequence=4, target_speed=35.08292649)
    vehicle4.changeLane(trigger_sequence=4, target_lane=1, target_speed=22.0568156)
    vehicle1.accelerate(trigger_sequence=5, target_speed=48.61719943)
    vehicle4.changeLane(trigger_sequence=5, target_lane=1, target_speed=5.51605733)

2025-04-22 Tuesday 11:08:18  random_test.py : INFO  === Evaluation Finished === 
 Fitness: [3.4999297904126228, -0.5308641975308642], Collision: False
2025-04-22 Tuesday 11:08:30  random_test.py : INFO  === Evaluate Testcase === 
 def testcase(self):
    vehicle1 = NPC(lane_id=1, offset=6.21219308, initial_speed=17.3495291)
    ego = NPC(lane_id=5, offset=33.95861835, initial_speed=30.67219902)
    vehicle1.decelerate(trigger_sequence=1, target_speed=19.03162829)
    vehicle1.decelerate(trigger_sequence=2, target_speed=25.04938325)
    vehicle1.changeLane(trigger_sequence=4, target_lane=1, target_speed=17.36328581)

2025-04-22 Tuesday 11:08:30  random_test.py : INFO  === Evaluation Finished === 
 Fitness: [27.706837174064354, -0.4050179211469534], Collision: False
2025-04-22 Tuesday 11:08:43  random_test.py : INFO  === Evaluate Testcase === 
 def testcase(self):
    vehicle1 = NPC(lane_id=4, offset=3.11913803, initial_speed=6.20146037)
    ego = NPC(lane_id=3, offset=19.73347818, initial_speed=13.98003826)
    vehicle3 = NPC(lane_id=5, offset=18.12541977, initial_speed=30.94794606)
    vehicle1.decelerate(trigger_sequence=2, target_speed=21.25394236)
    vehicle3.decelerate(trigger_sequence=2, target_speed=8.63387026)
    vehicle3.decelerate(trigger_sequence=3, target_speed=4.13766427)
    vehicle3.accelerate(trigger_sequence=4, target_speed=48.70253906)

2025-04-22 Tuesday 11:08:43  random_test.py : INFO  === Evaluation Finished === 
 Fitness: [7.01008885177607, -0.02508361204013378], Collision: False
2025-04-22 Tuesday 11:08:56  random_test.py : INFO  === Evaluate Testcase === 
 def testcase(self):
    vehicle1 = NPC(lane_id=2, offset=12.7959996, initial_speed=32.67815225)
    ego = NPC(lane_id=2, offset=40.16317796, initial_speed=7.59786636)
    vehicle1.decelerate(trigger_sequence=1, target_speed=27.06386524)
    vehicle1.changeLane(trigger_sequence=2, target_lane=1, target_speed=46.3278021)
    vehicle1.changeLane(trigger_sequence=3, target_lane=3, target_speed=11.75608722)

2025-04-22 Tuesday 11:08:56  random_test.py : INFO  === Evaluation Finished === 
 Fitness: [3.2835347127930863, -0.15], Collision: True
2025-04-22 Tuesday 11:08:56  random_test.py : INFO  === Find a coollision ===
2025-04-22 Tuesday 11:09:09  random_test.py : INFO  === Evaluate Testcase === 
 def testcase(self):
    vehicle1 = NPC(lane_id=3, offset=7.40208833, initial_speed=24.04042967)
    vehicle2 = NPC(lane_id=1, offset=23.80426057, initial_speed=19.46087359)
    vehicle3 = NPC(lane_id=1, offset=31.09530966, initial_speed=16.19040003)
    ego = NPC(lane_id=3, offset=27.29605448, initial_speed=23.78800684)
    vehicle1.accelerate(trigger_sequence=1, target_speed=35.33064242)
    vehicle2.changeLane(trigger_sequence=1, target_lane=3, target_speed=42.14624236)
    vehicle3.accelerate(trigger_sequence=2, target_speed=56.95006111)
    vehicle1.decelerate(trigger_sequence=3, target_speed=22.9315226)
    vehicle3.decelerate(trigger_sequence=3, target_speed=25.7624516)
    vehicle1.decelerate(trigger_sequence=4, target_speed=26.28609695)

2025-04-22 Tuesday 11:09:09  random_test.py : INFO  === Evaluation Finished === 
 Fitness: [3.5009931629444404, -0.823943661971831], Collision: True
2025-04-22 Tuesday 11:09:09  random_test.py : INFO  === Find a coollision ===
2025-04-22 Tuesday 11:09:23  random_test.py : INFO  === Evaluate Testcase === 
 def testcase(self):
    vehicle1 = NPC(lane_id=4, offset=41.26556859, initial_speed=23.9749634)
    vehicle2 = NPC(lane_id=5, offset=24.22875744, initial_speed=33.10926311)
    ego = NPC(lane_id=1, offset=48.73382215, initial_speed=1.72453833)
    vehicle1.accelerate(trigger_sequence=1, target_speed=49.98671021)
    vehicle2.changeLane(trigger_sequence=1, target_lane=3, target_speed=7.64155994)
    vehicle1.changeLane(trigger_sequence=2, target_lane=1, target_speed=50.91014705)
    vehicle2.changeLane(trigger_sequence=3, target_lane=1, target_speed=39.53928513)
    vehicle2.accelerate(trigger_sequence=4, target_speed=48.81689283)
    vehicle1.changeLane(trigger_sequence=5, target_lane=1, target_speed=46.00137241)

2025-04-22 Tuesday 11:09:23  random_test.py : INFO  === Evaluation Finished === 
 Fitness: [10.508882014208632, -0.6397306397306397], Collision: False
2025-04-22 Tuesday 11:09:36  random_test.py : INFO  === Evaluate Testcase === 
 def testcase(self):
    ego = NPC(lane_id=2, offset=32.10649648, initial_speed=23.53894527)
    vehicle2 = NPC(lane_id=4, offset=47.34407766, initial_speed=17.94111408)
    vehicle2.decelerate(trigger_sequence=2, target_speed=4.09167545)

2025-04-22 Tuesday 11:09:36  random_test.py : INFO  === Evaluation Finished === 
 Fitness: [6.999742876755765, -0.5158450704225352], Collision: False
2025-04-22 Tuesday 11:09:49  random_test.py : INFO  === Evaluate Testcase === 
 def testcase(self):
    vehicle1 = NPC(lane_id=2, offset=38.36034863, initial_speed=24.1824091)
    vehicle2 = NPC(lane_id=1, offset=34.21932782, initial_speed=4.51718274)
    vehicle3 = NPC(lane_id=4, offset=13.11462291, initial_speed=16.45694885)
    ego = NPC(lane_id=5, offset=49.38136715, initial_speed=5.53267914)
    vehicle1.changeLane(trigger_sequence=1, target_lane=3, target_speed=34.81390088)
    vehicle3.changeLane(trigger_sequence=1, target_lane=1, target_speed=38.73935642)
    vehicle3.decelerate(trigger_sequence=2, target_speed=3.23783284)
    vehicle3.changeLane(trigger_sequence=4, target_lane=3, target_speed=14.55035933)

2025-04-22 Tuesday 11:09:49  random_test.py : INFO  === Evaluation Finished === 
 Fitness: [3.5022711928616914, -0.5100671140939598], Collision: False
2025-04-22 Tuesday 11:10:02  random_test.py : INFO  === Evaluate Testcase === 
 def testcase(self):
    vehicle1 = NPC(lane_id=2, offset=9.62819664, initial_speed=24.39493029)
    ego = NPC(lane_id=1, offset=28.35472264, initial_speed=14.79915537)
    vehicle1.accelerate(trigger_sequence=1, target_speed=35.08834772)
    vehicle1.decelerate(trigger_sequence=2, target_speed=22.81961743)
    vehicle1.accelerate(trigger_sequence=3, target_speed=43.7282925)
    vehicle1.changeLane(trigger_sequence=5, target_lane=3, target_speed=50.26451635)

2025-04-22 Tuesday 11:10:02  random_test.py : INFO  === Evaluation Finished === 
 Fitness: [3.5006634427880785, -0.023450586264656615], Collision: False
2025-04-22 Tuesday 11:10:15  random_test.py : INFO  === Evaluate Testcase === 
 def testcase(self):
    vehicle1 = NPC(lane_id=1, offset=33.3727388, initial_speed=35.3373144)
    ego = NPC(lane_id=2, offset=8.31984388, initial_speed=24.7046155)
    vehicle1.changeLane(trigger_sequence=1, target_lane=1, target_speed=40.7083561)
    vehicle1.accelerate(trigger_sequence=2, target_speed=32.51158569)
    vehicle1.accelerate(trigger_sequence=4, target_speed=46.50175515)

2025-04-22 Tuesday 11:10:15  random_test.py : INFO  === Evaluation Finished === 
 Fitness: [25.781080490773334, -0.4911660777385159], Collision: False
2025-04-22 Tuesday 11:10:28  random_test.py : INFO  === Evaluate Testcase === 
 def testcase(self):
    ego = NPC(lane_id=2, offset=45.27269127, initial_speed=27.69582211)
    vehicle2 = NPC(lane_id=1, offset=8.87278054, initial_speed=8.3379204)
    vehicle3 = NPC(lane_id=5, offset=21.69695922, initial_speed=16.57128482)
    vehicle4 = NPC(lane_id=4, offset=6.47719255, initial_speed=14.92204706)
    vehicle2.decelerate(trigger_sequence=1, target_speed=14.09564475)
    vehicle4.decelerate(trigger_sequence=1, target_speed=24.6281259)
    vehicle4.decelerate(trigger_sequence=2, target_speed=12.88993326)
    vehicle3.decelerate(trigger_sequence=3, target_speed=0.84925184)
    vehicle4.accelerate(trigger_sequence=4, target_speed=59.14629054)
    vehicle3.changeLane(trigger_sequence=5, target_lane=3, target_speed=33.42308939)

2025-04-22 Tuesday 11:10:28  random_test.py : INFO  === Evaluation Finished === 
 Fitness: [22.375903797210576, -0.4786476868327402], Collision: False
2025-04-22 Tuesday 11:10:41  random_test.py : INFO  === Evaluate Testcase === 
 def testcase(self):
    vehicle1 = NPC(lane_id=5, offset=39.76741841, initial_speed=34.58213665)
    ego = NPC(lane_id=3, offset=20.21049681, initial_speed=34.22890234)
    vehicle1.changeLane(trigger_sequence=1, target_lane=1, target_speed=1.28727088)
    vehicle1.changeLane(trigger_sequence=3, target_lane=3, target_speed=15.34281889)
    vehicle1.decelerate(trigger_sequence=4, target_speed=26.10099895)

2025-04-22 Tuesday 11:10:41  random_test.py : INFO  === Evaluation Finished === 
 Fitness: [3.845206152103834, -0.3664259927797834], Collision: True
2025-04-22 Tuesday 11:10:41  random_test.py : INFO  === Find a coollision ===
2025-04-22 Tuesday 11:10:54  random_test.py : INFO  === Evaluate Testcase === 
 def testcase(self):
    ego = NPC(lane_id=3, offset=47.1180348, initial_speed=36.88154096)
    vehicle2 = NPC(lane_id=4, offset=37.05390939, initial_speed=7.79574163)
    vehicle3 = NPC(lane_id=5, offset=26.36773782, initial_speed=15.00356692)
    vehicle3.decelerate(trigger_sequence=1, target_speed=7.86723176)
    vehicle2.decelerate(trigger_sequence=2, target_speed=21.17024568)
    vehicle3.accelerate(trigger_sequence=2, target_speed=49.51668222)
    vehicle2.decelerate(trigger_sequence=3, target_speed=10.4651608)
    vehicle2.changeLane(trigger_sequence=4, target_lane=1, target_speed=49.73196852)
    vehicle3.changeLane(trigger_sequence=4, target_lane=3, target_speed=40.19986962)
    vehicle3.changeLane(trigger_sequence=5, target_lane=3, target_speed=5.48454629)

2025-04-22 Tuesday 11:10:54  random_test.py : INFO  === Evaluation Finished === 
 Fitness: [9.289268581863633, -0.28], Collision: False
2025-04-22 Tuesday 11:11:07  random_test.py : INFO  === Evaluate Testcase === 
 def testcase(self):
    vehicle1 = NPC(lane_id=4, offset=49.79792569, initial_speed=22.83553171)
    ego = NPC(lane_id=5, offset=46.86234055, initial_speed=24.17377432)
    vehicle1.decelerate(trigger_sequence=2, target_speed=17.35935588)
    vehicle1.changeLane(trigger_sequence=3, target_lane=3, target_speed=53.72840684)
    vehicle1.accelerate(trigger_sequence=4, target_speed=35.32923516)

2025-04-22 Tuesday 11:11:07  random_test.py : INFO  === Evaluation Finished === 
 Fitness: [3.5972235180700523, -0.527336860670194], Collision: False
2025-04-22 Tuesday 11:11:12  random_test.py : INFO  === Evaluate Testcase === 
 def testcase(self):
    vehicle1 = NPC(lane_id=2, offset=1.54216371, initial_speed=37.57307632)
    ego = NPC(lane_id=1, offset=18.10141058, initial_speed=11.9086659)
    vehicle3 = NPC(lane_id=3, offset=26.83346307, initial_speed=31.78346164)
    vehicle4 = NPC(lane_id=2, offset=4.66242437, initial_speed=20.10495502)
    vehicle1.accelerate(trigger_sequence=1, target_speed=38.96665005)
    vehicle3.changeLane(trigger_sequence=1, target_lane=3, target_speed=5.90451964)
    vehicle1.decelerate(trigger_sequence=2, target_speed=26.57865075)
    vehicle3.decelerate(trigger_sequence=3, target_speed=23.68600562)
    vehicle4.accelerate(trigger_sequence=3, target_speed=58.90358054)
    vehicle3.accelerate(trigger_sequence=5, target_speed=40.03443348)

2025-04-22 Tuesday 11:11:12  random_test.py : INFO  === Evaluation Finished === 
 Fitness: [inf, 0], Collision: False
2025-04-22 Tuesday 11:11:25  random_test.py : INFO  === Evaluate Testcase === 
 def testcase(self):
    ego = NPC(lane_id=1, offset=46.75025865, initial_speed=28.38223036)
    vehicle2 = NPC(lane_id=5, offset=46.17320799, initial_speed=22.75065455)
    vehicle2.decelerate(trigger_sequence=2, target_speed=2.54439545)
    vehicle2.accelerate(trigger_sequence=3, target_speed=35.2534956)
    vehicle2.decelerate(trigger_sequence=4, target_speed=26.41113781)
    vehicle2.accelerate(trigger_sequence=5, target_speed=52.1311552)

2025-04-22 Tuesday 11:11:25  random_test.py : INFO  === Evaluation Finished === 
 Fitness: [13.999819203983472, -0.44919786096256686], Collision: False
2025-04-22 Tuesday 11:11:38  random_test.py : INFO  === Evaluate Testcase === 
 def testcase(self):
    vehicle1 = NPC(lane_id=3, offset=46.78689308, initial_speed=26.42727993)
    ego = NPC(lane_id=5, offset=23.3100076, initial_speed=39.77929334)
    vehicle3 = NPC(lane_id=5, offset=10.73790825, initial_speed=29.17867957)
    vehicle3.accelerate(trigger_sequence=1, target_speed=52.91253951)
    vehicle1.changeLane(trigger_sequence=4, target_lane=3, target_speed=39.6256491)
    vehicle3.changeLane(trigger_sequence=5, target_lane=1, target_speed=28.38064156)

2025-04-22 Tuesday 11:11:38  random_test.py : INFO  === Evaluation Finished === 
 Fitness: [4.741562615997834, -0.18806509945750452], Collision: True
2025-04-22 Tuesday 11:11:38  random_test.py : INFO  === Find a coollision ===
2025-04-22 Tuesday 11:11:51  random_test.py : INFO  === Evaluate Testcase === 
 def testcase(self):
    ego = NPC(lane_id=2, offset=39.91431202, initial_speed=29.32644025)
    vehicle2 = NPC(lane_id=1, offset=8.17651095, initial_speed=0.68372493)

2025-04-22 Tuesday 11:11:51  random_test.py : INFO  === Evaluation Finished === 
 Fitness: [31.84790417662112, -0.36964285714285716], Collision: False
2025-04-22 Tuesday 11:11:56  random_test.py : INFO  === Evaluate Testcase === 
 def testcase(self):
    vehicle1 = NPC(lane_id=4, offset=16.46025074, initial_speed=21.67190564)
    ego = NPC(lane_id=5, offset=26.05184904, initial_speed=11.29548487)
    vehicle3 = NPC(lane_id=5, offset=17.56440959, initial_speed=25.30147003)
    vehicle4 = NPC(lane_id=5, offset=23.72358021, initial_speed=6.57695516)
    vehicle1.accelerate(trigger_sequence=1, target_speed=46.23974509)
    vehicle3.accelerate(trigger_sequence=1, target_speed=31.58112397)
    vehicle4.decelerate(trigger_sequence=1, target_speed=0.31761545)
    vehicle1.decelerate(trigger_sequence=3, target_speed=2.91601667)
    vehicle3.accelerate(trigger_sequence=3, target_speed=37.34780832)
    vehicle1.accelerate(trigger_sequence=4, target_speed=40.2136815)
    vehicle1.accelerate(trigger_sequence=5, target_speed=52.39389721)
    vehicle3.changeLane(trigger_sequence=5, target_lane=1, target_speed=33.23464507)

2025-04-22 Tuesday 11:11:56  random_test.py : INFO  === Evaluation Finished === 
 Fitness: [inf, 0], Collision: False
2025-04-22 Tuesday 11:12:09  random_test.py : INFO  === Evaluate Testcase === 
 def testcase(self):
    vehicle1 = NPC(lane_id=4, offset=22.24003363, initial_speed=15.40585417)
    vehicle2 = NPC(lane_id=3, offset=20.86131758, initial_speed=36.13922076)
    vehicle3 = NPC(lane_id=4, offset=27.45267938, initial_speed=35.80980904)
    ego = NPC(lane_id=3, offset=32.67659518, initial_speed=5.78525177)
    vehicle2.accelerate(trigger_sequence=1, target_speed=49.37748531)
    vehicle1.accelerate(trigger_sequence=2, target_speed=50.4009671)
    vehicle1.decelerate(trigger_sequence=3, target_speed=19.89838453)
    vehicle2.decelerate(trigger_sequence=3, target_speed=3.80296631)
    vehicle3.decelerate(trigger_sequence=3, target_speed=17.91118718)
    vehicle2.accelerate(trigger_sequence=4, target_speed=33.33965546)
    vehicle3.accelerate(trigger_sequence=4, target_speed=51.59548665)
    vehicle1.accelerate(trigger_sequence=5, target_speed=43.00312365)

2025-04-22 Tuesday 11:12:09  random_test.py : INFO  === Evaluation Finished === 
 Fitness: [3.5041237576502526, -0.4278523489932886], Collision: True
2025-04-22 Tuesday 11:12:09  random_test.py : INFO  === Find a coollision ===
2025-04-22 Tuesday 11:12:14  random_test.py : INFO  === Evaluate Testcase === 
 def testcase(self):
    vehicle1 = NPC(lane_id=5, offset=16.38060711, initial_speed=15.64883946)
    ego = NPC(lane_id=1, offset=24.34228474, initial_speed=21.20365289)
    vehicle3 = NPC(lane_id=5, offset=19.74520716, initial_speed=1.94925708)
    vehicle4 = NPC(lane_id=2, offset=28.67876321, initial_speed=34.0183763)
    vehicle4.changeLane(trigger_sequence=1, target_lane=3, target_speed=37.12008322)
    vehicle1.accelerate(trigger_sequence=2, target_speed=38.85074406)
    vehicle3.decelerate(trigger_sequence=2, target_speed=7.91175956)
    vehicle4.changeLane(trigger_sequence=2, target_lane=3, target_speed=20.31648804)
    vehicle4.changeLane(trigger_sequence=3, target_lane=3, target_speed=14.42587025)
    vehicle3.accelerate(trigger_sequence=4, target_speed=47.58166269)
    vehicle1.decelerate(trigger_sequence=5, target_speed=5.7540901)
    vehicle3.changeLane(trigger_sequence=5, target_lane=1, target_speed=47.20239258)
    vehicle4.changeLane(trigger_sequence=5, target_lane=3, target_speed=17.36049405)

2025-04-22 Tuesday 11:12:14  random_test.py : INFO  === Evaluation Finished === 
 Fitness: [inf, 0], Collision: False
2025-04-22 Tuesday 11:12:18  random_test.py : INFO  === Evaluate Testcase === 
 def testcase(self):
    vehicle1 = NPC(lane_id=4, offset=3.34895477, initial_speed=27.96282468)
    vehicle2 = NPC(lane_id=5, offset=8.57278131, initial_speed=35.84987759)
    vehicle3 = NPC(lane_id=5, offset=12.62215832, initial_speed=9.01049763)
    ego = NPC(lane_id=5, offset=34.78960146, initial_speed=7.68265574)
    vehicle1.accelerate(trigger_sequence=1, target_speed=40.78664091)
    vehicle3.changeLane(trigger_sequence=2, target_lane=3, target_speed=19.39201258)
    vehicle1.accelerate(trigger_sequence=3, target_speed=41.55962953)
    vehicle2.decelerate(trigger_sequence=4, target_speed=20.62300017)
    vehicle2.accelerate(trigger_sequence=5, target_speed=45.8592804)
    vehicle3.accelerate(trigger_sequence=5, target_speed=40.97111769)

2025-04-22 Tuesday 11:12:18  random_test.py : INFO  === Evaluation Finished === 
 Fitness: [inf, 0], Collision: False
2025-04-22 Tuesday 11:12:31  random_test.py : INFO  === Evaluate Testcase === 
 def testcase(self):
    ego = NPC(lane_id=4, offset=25.49780046, initial_speed=7.51189288)
    vehicle2 = NPC(lane_id=5, offset=18.04347273, initial_speed=12.54752271)
    vehicle2.decelerate(trigger_sequence=1, target_speed=17.62343489)
    vehicle2.decelerate(trigger_sequence=5, target_speed=22.30789171)

2025-04-22 Tuesday 11:12:31  random_test.py : INFO  === Evaluation Finished === 
 Fitness: [3.5025851264697043, -0.04], Collision: False
2025-04-22 Tuesday 11:12:36  random_test.py : INFO  === Evaluate Testcase === 
 def testcase(self):
    ego = NPC(lane_id=4, offset=46.36689486, initial_speed=14.15826248)
    vehicle2 = NPC(lane_id=5, offset=48.96433991, initial_speed=13.30823042)
    vehicle3 = NPC(lane_id=3, offset=13.30643334, initial_speed=28.71450336)
    vehicle4 = NPC(lane_id=5, offset=46.03335001, initial_speed=33.81964591)
    vehicle2.changeLane(trigger_sequence=1, target_lane=1, target_speed=57.62410269)
    vehicle2.changeLane(trigger_sequence=2, target_lane=1, target_speed=32.22195246)
    vehicle2.decelerate(trigger_sequence=3, target_speed=4.64459982)
    vehicle3.accelerate(trigger_sequence=3, target_speed=47.23362691)
    vehicle4.accelerate(trigger_sequence=3, target_speed=51.40501283)
    vehicle2.changeLane(trigger_sequence=4, target_lane=3, target_speed=23.42527656)
    vehicle4.changeLane(trigger_sequence=4, target_lane=3, target_speed=24.77939802)
    vehicle2.decelerate(trigger_sequence=5, target_speed=7.95549251)

2025-04-22 Tuesday 11:12:36  random_test.py : INFO  === Evaluation Finished === 
 Fitness: [inf, 0], Collision: False
2025-04-22 Tuesday 11:12:50  random_test.py : INFO  === Evaluate Testcase === 
 def testcase(self):
    ego = NPC(lane_id=1, offset=11.98168181, initial_speed=35.01239379)
    vehicle2 = NPC(lane_id=5, offset=18.97587274, initial_speed=28.79457044)
    vehicle3 = NPC(lane_id=4, offset=16.79839914, initial_speed=34.50417338)
    vehicle4 = NPC(lane_id=4, offset=35.82062664, initial_speed=10.95523293)
    vehicle2.decelerate(trigger_sequence=2, target_speed=14.94986234)
    vehicle3.accelerate(trigger_sequence=2, target_speed=54.37542421)
    vehicle4.accelerate(trigger_sequence=2, target_speed=40.30142695)
    vehicle3.accelerate(trigger_sequence=3, target_speed=31.9607083)
    vehicle3.accelerate(trigger_sequence=4, target_speed=53.19267642)
    vehicle4.accelerate(trigger_sequence=4, target_speed=58.05300425)
    vehicle2.accelerate(trigger_sequence=5, target_speed=43.36798225)
    vehicle3.decelerate(trigger_sequence=5, target_speed=6.51124589)
    vehicle4.changeLane(trigger_sequence=5, target_lane=1, target_speed=32.76767198)

2025-04-22 Tuesday 11:12:50  random_test.py : INFO  === Evaluation Finished === 
 Fitness: [10.50030001503919, -0.33634719710669075], Collision: False
2025-04-22 Tuesday 11:13:02  random_test.py : INFO  === Evaluate Testcase === 
 def testcase(self):
    vehicle1 = NPC(lane_id=5, offset=14.79702426, initial_speed=18.77452025)
    ego = NPC(lane_id=2, offset=22.17212263, initial_speed=26.96743724)
    vehicle3 = NPC(lane_id=1, offset=29.36816511, initial_speed=9.23016346)
    vehicle3.accelerate(trigger_sequence=1, target_speed=39.83591919)
    vehicle1.accelerate(trigger_sequence=2, target_speed=52.28306152)
    vehicle1.accelerate(trigger_sequence=3, target_speed=54.02951466)
    vehicle3.accelerate(trigger_sequence=3, target_speed=37.12305532)
    vehicle1.decelerate(trigger_sequence=4, target_speed=28.4068919)
    vehicle3.changeLane(trigger_sequence=5, target_lane=1, target_speed=57.83014711)

2025-04-22 Tuesday 11:13:02  random_test.py : INFO  === Evaluation Finished === 
 Fitness: [3.498967990842168, -0.458259325044405], Collision: False
2025-04-22 Tuesday 11:13:15  random_test.py : INFO  === Evaluate Testcase === 
 def testcase(self):
    ego = NPC(lane_id=3, offset=49.10703855, initial_speed=0.02329757)
    vehicle2 = NPC(lane_id=3, offset=17.02613723, initial_speed=34.63733449)
    vehicle2.decelerate(trigger_sequence=2, target_speed=18.52674828)
    vehicle2.decelerate(trigger_sequence=4, target_speed=26.18423513)
    vehicle2.decelerate(trigger_sequence=5, target_speed=25.62507876)

2025-04-22 Tuesday 11:13:15  random_test.py : INFO  === Evaluation Finished === 
 Fitness: [4.7357668895671985, -0.016863406408094434], Collision: True
2025-04-22 Tuesday 11:13:15  random_test.py : INFO  === Find a coollision ===
2025-04-22 Tuesday 11:13:20  random_test.py : INFO  === Evaluate Testcase === 
 def testcase(self):
    vehicle1 = NPC(lane_id=3, offset=46.87197056, initial_speed=32.52647877)
    ego = NPC(lane_id=3, offset=44.90416932, initial_speed=16.14740607)
    vehicle1.changeLane(trigger_sequence=1, target_lane=1, target_speed=18.77929973)
    vehicle1.accelerate(trigger_sequence=2, target_speed=30.65571184)
    vehicle1.changeLane(trigger_sequence=3, target_lane=1, target_speed=8.23473996)
    vehicle1.changeLane(trigger_sequence=5, target_lane=1, target_speed=53.46120296)

2025-04-22 Tuesday 11:13:20  random_test.py : INFO  === Evaluation Finished === 
 Fitness: [inf, 0], Collision: False
2025-04-22 Tuesday 11:13:33  random_test.py : INFO  === Evaluate Testcase === 
 def testcase(self):
    vehicle1 = NPC(lane_id=3, offset=36.38506046, initial_speed=19.81900927)
    ego = NPC(lane_id=1, offset=49.35872597, initial_speed=22.299092)
    vehicle3 = NPC(lane_id=3, offset=8.8677467, initial_speed=23.48718667)
    vehicle3.decelerate(trigger_sequence=2, target_speed=22.07814269)
    vehicle1.changeLane(trigger_sequence=3, target_lane=3, target_speed=14.24942174)
    vehicle3.decelerate(trigger_sequence=3, target_speed=6.59796422)
    vehicle1.accelerate(trigger_sequence=4, target_speed=30.82752051)
    vehicle3.decelerate(trigger_sequence=4, target_speed=8.81678479)
    vehicle1.changeLane(trigger_sequence=5, target_lane=1, target_speed=3.95383776)
    vehicle3.accelerate(trigger_sequence=5, target_speed=58.35731459)

2025-04-22 Tuesday 11:13:33  random_test.py : INFO  === Evaluation Finished === 
 Fitness: [10.669298160709218, -0.5508771929824562], Collision: False
2025-04-22 Tuesday 11:13:45  random_test.py : INFO  === Evaluate Testcase === 
 def testcase(self):
    ego = NPC(lane_id=1, offset=4.47578283, initial_speed=17.00829637)
    vehicle2 = NPC(lane_id=3, offset=30.69421099, initial_speed=0.76596216)
    vehicle2.decelerate(trigger_sequence=1, target_speed=25.49555528)
    vehicle2.accelerate(trigger_sequence=3, target_speed=49.76544322)
    vehicle2.decelerate(trigger_sequence=4, target_speed=28.8084583)

2025-04-22 Tuesday 11:13:45  random_test.py : INFO  === Evaluation Finished === 
 Fitness: [7.000646727103148, -0.018998272884283247], Collision: False
2025-04-22 Tuesday 11:13:50  random_test.py : INFO  === Evaluate Testcase === 
 def testcase(self):
    ego = NPC(lane_id=4, offset=43.18440573, initial_speed=16.95951937)
    vehicle2 = NPC(lane_id=4, offset=42.79464512, initial_speed=8.28849552)
    vehicle2.changeLane(trigger_sequence=1, target_lane=1, target_speed=5.90332937)
    vehicle2.changeLane(trigger_sequence=3, target_lane=1, target_speed=24.42067268)
    vehicle2.decelerate(trigger_sequence=5, target_speed=22.30145404)

2025-04-22 Tuesday 11:13:50  random_test.py : INFO  === Evaluation Finished === 
 Fitness: [inf, 0], Collision: False
2025-04-22 Tuesday 11:14:03  random_test.py : INFO  === Evaluate Testcase === 
 def testcase(self):
    vehicle1 = NPC(lane_id=1, offset=22.80779626, initial_speed=20.28939041)
    ego = NPC(lane_id=4, offset=9.11598838, initial_speed=6.0683008)
    vehicle1.accelerate(trigger_sequence=1, target_speed=43.53131953)
    vehicle1.changeLane(trigger_sequence=4, target_lane=1, target_speed=9.3631876)

2025-04-22 Tuesday 11:14:03  random_test.py : INFO  === Evaluation Finished === 
 Fitness: [17.47335496387726, -0.7533333333333333], Collision: False
2025-04-22 Tuesday 11:14:17  random_test.py : INFO  === Evaluate Testcase === 
 def testcase(self):
    vehicle1 = NPC(lane_id=5, offset=22.71458978, initial_speed=18.06260612)
    vehicle2 = NPC(lane_id=4, offset=33.38042098, initial_speed=19.75640189)
    ego = NPC(lane_id=1, offset=28.50168346, initial_speed=1.77386885)
    vehicle1.decelerate(trigger_sequence=1, target_speed=9.79338258)
    vehicle1.changeLane(trigger_sequence=2, target_lane=3, target_speed=53.48219828)
    vehicle2.accelerate(trigger_sequence=2, target_speed=37.98182597)
    vehicle1.accelerate(trigger_sequence=3, target_speed=38.79378929)
    vehicle2.decelerate(trigger_sequence=3, target_speed=6.64575489)
    vehicle1.changeLane(trigger_sequence=4, target_lane=1, target_speed=0.7778573)
    vehicle2.accelerate(trigger_sequence=4, target_speed=39.59765996)
    vehicle2.decelerate(trigger_sequence=5, target_speed=14.49321946)

2025-04-22 Tuesday 11:14:17  random_test.py : INFO  === Evaluation Finished === 
 Fitness: [11.704617143565487, -0.5791245791245792], Collision: False
2025-04-22 Tuesday 11:14:29  random_test.py : INFO  === Evaluate Testcase === 
 def testcase(self):
    ego = NPC(lane_id=2, offset=45.9622563, initial_speed=29.22282881)
    vehicle2 = NPC(lane_id=1, offset=1.34909858, initial_speed=20.18432693)
    vehicle2.decelerate(trigger_sequence=1, target_speed=1.12792514)
    vehicle2.accelerate(trigger_sequence=3, target_speed=32.66917694)

2025-04-22 Tuesday 11:14:29  random_test.py : INFO  === Evaluation Finished === 
 Fitness: [39.96795241651741, -0.38392857142857145], Collision: False
2025-04-22 Tuesday 11:14:42  random_test.py : INFO  === Evaluate Testcase === 
 def testcase(self):
    vehicle1 = NPC(lane_id=4, offset=22.09606662, initial_speed=7.66253353)
    ego = NPC(lane_id=4, offset=37.99160041, initial_speed=0.55285963)
    vehicle1.decelerate(trigger_sequence=1, target_speed=9.31036583)
    vehicle1.decelerate(trigger_sequence=2, target_speed=2.71765476)
    vehicle1.changeLane(trigger_sequence=5, target_lane=3, target_speed=35.08605994)

2025-04-22 Tuesday 11:14:42  random_test.py : INFO  === Evaluation Finished === 
 Fitness: [4.734140302024947, -0.5851602023608768], Collision: True
2025-04-22 Tuesday 11:14:42  random_test.py : INFO  === Find a coollision ===
2025-04-22 Tuesday 11:14:56  random_test.py : INFO  === Evaluate Testcase === 
 def testcase(self):
    vehicle1 = NPC(lane_id=2, offset=45.89115522, initial_speed=12.51955814)
    vehicle2 = NPC(lane_id=2, offset=37.18378054, initial_speed=12.51607782)
    ego = NPC(lane_id=1, offset=42.14347542, initial_speed=8.83634388)
    vehicle4 = NPC(lane_id=5, offset=5.4155593, initial_speed=7.77467279)
    vehicle1.changeLane(trigger_sequence=1, target_lane=3, target_speed=59.87353153)
    vehicle2.changeLane(trigger_sequence=1, target_lane=1, target_speed=50.04284257)
    vehicle4.changeLane(trigger_sequence=1, target_lane=3, target_speed=45.68255752)
    vehicle2.accelerate(trigger_sequence=2, target_speed=41.86369041)
    vehicle4.decelerate(trigger_sequence=2, target_speed=16.92589626)
    vehicle2.changeLane(trigger_sequence=3, target_lane=1, target_speed=17.00249225)
    vehicle4.decelerate(trigger_sequence=4, target_speed=3.87918507)
    vehicle2.decelerate(trigger_sequence=5, target_speed=11.77743924)

2025-04-22 Tuesday 11:14:56  random_test.py : INFO  === Evaluation Finished === 
 Fitness: [3.5034517729936003, -0.03833333333333333], Collision: False
2025-04-22 Tuesday 11:15:10  random_test.py : INFO  === Evaluate Testcase === 
 def testcase(self):
    vehicle1 = NPC(lane_id=1, offset=9.38419969, initial_speed=32.00948363)
    vehicle2 = NPC(lane_id=3, offset=26.88380552, initial_speed=12.56396707)
    ego = NPC(lane_id=1, offset=30.67990916, initial_speed=6.15646232)
    vehicle4 = NPC(lane_id=3, offset=4.71607991, initial_speed=24.92462771)
    vehicle1.changeLane(trigger_sequence=1, target_lane=3, target_speed=44.84952812)
    vehicle2.changeLane(trigger_sequence=1, target_lane=1, target_speed=55.47143529)
    vehicle1.accelerate(trigger_sequence=2, target_speed=34.41831157)
    vehicle4.changeLane(trigger_sequence=2, target_lane=1, target_speed=25.06656432)
    vehicle1.accelerate(trigger_sequence=3, target_speed=31.22735562)
    vehicle4.decelerate(trigger_sequence=3, target_speed=9.31666649)
    vehicle1.accelerate(trigger_sequence=4, target_speed=51.28817169)
    vehicle2.decelerate(trigger_sequence=4, target_speed=24.79650946)
    vehicle4.changeLane(trigger_sequence=4, target_lane=3, target_speed=3.82276755)
    vehicle4.decelerate(trigger_sequence=5, target_speed=13.28778875)

2025-04-22 Tuesday 11:15:10  random_test.py : INFO  === Evaluation Finished === 
 Fitness: [3.275420066789887, -0.6661073825503355], Collision: True
2025-04-22 Tuesday 11:15:10  random_test.py : INFO  === Find a coollision ===
2025-04-22 Tuesday 11:15:23  random_test.py : INFO  === Evaluate Testcase === 
 def testcase(self):
    ego = NPC(lane_id=2, offset=15.03234731, initial_speed=11.71236269)
    vehicle2 = NPC(lane_id=3, offset=9.2023948, initial_speed=9.18064418)
    vehicle3 = NPC(lane_id=4, offset=26.55607613, initial_speed=35.48008498)
    vehicle2.changeLane(trigger_sequence=1, target_lane=3, target_speed=35.45918197)
    vehicle3.changeLane(trigger_sequence=1, target_lane=3, target_speed=55.60518873)
    vehicle3.accelerate(trigger_sequence=3, target_speed=57.8148684)
    vehicle3.accelerate(trigger_sequence=5, target_speed=54.75957553)

2025-04-22 Tuesday 11:15:23  random_test.py : INFO  === Evaluation Finished === 
 Fitness: [5.10682852612174, -0.03005008347245409], Collision: False
2025-04-22 Tuesday 11:15:36  random_test.py : INFO  === Evaluate Testcase === 
 def testcase(self):
    vehicle1 = NPC(lane_id=4, offset=9.51840969, initial_speed=38.42658052)
    ego = NPC(lane_id=3, offset=29.55681796, initial_speed=34.23300386)
    vehicle3 = NPC(lane_id=2, offset=35.06284757, initial_speed=20.01866155)
    vehicle1.decelerate(trigger_sequence=1, target_speed=27.43401963)
    vehicle3.changeLane(trigger_sequence=2, target_lane=3, target_speed=46.41701304)
    vehicle1.accelerate(trigger_sequence=3, target_speed=50.71714312)
    vehicle3.accelerate(trigger_sequence=4, target_speed=55.19228556)
    vehicle1.decelerate(trigger_sequence=5, target_speed=22.55227863)

2025-04-22 Tuesday 11:15:36  random_test.py : INFO  === Evaluation Finished === 
 Fitness: [3.4826107039473344, -0.2870036101083033], Collision: True
2025-04-22 Tuesday 11:15:36  random_test.py : INFO  === Find a coollision ===
2025-04-22 Tuesday 11:15:49  random_test.py : INFO  === Evaluate Testcase === 
 def testcase(self):
    vehicle1 = NPC(lane_id=2, offset=16.99133028, initial_speed=18.00302882)
    ego = NPC(lane_id=5, offset=40.1546453, initial_speed=9.40603693)
    vehicle3 = NPC(lane_id=3, offset=1.06032563, initial_speed=28.44455919)
    vehicle4 = NPC(lane_id=2, offset=48.50760758, initial_speed=23.2777652)
    vehicle1.accelerate(trigger_sequence=1, target_speed=56.67897764)
    vehicle4.accelerate(trigger_sequence=1, target_speed=38.41740713)
    vehicle1.decelerate(trigger_sequence=2, target_speed=2.58474626)
    vehicle4.changeLane(trigger_sequence=2, target_lane=1, target_speed=8.55110529)
    vehicle1.decelerate(trigger_sequence=3, target_speed=27.44551376)
    vehicle3.accelerate(trigger_sequence=3, target_speed=45.55747549)
    vehicle1.decelerate(trigger_sequence=5, target_speed=28.65029831)
    vehicle4.changeLane(trigger_sequence=5, target_lane=3, target_speed=38.69223739)

2025-04-22 Tuesday 11:15:49  random_test.py : INFO  === Evaluation Finished === 
 Fitness: [7.000285890555536, -0.035], Collision: False
2025-04-22 Tuesday 11:15:54  random_test.py : INFO  === Evaluate Testcase === 
 def testcase(self):
    vehicle1 = NPC(lane_id=1, offset=41.86572201, initial_speed=39.89855699)
    vehicle2 = NPC(lane_id=1, offset=38.73328553, initial_speed=6.49658296)
    vehicle3 = NPC(lane_id=3, offset=13.53138419, initial_speed=33.13895273)
    ego = NPC(lane_id=2, offset=46.58650691, initial_speed=30.28954337)
    vehicle1.accelerate(trigger_sequence=2, target_speed=38.71234866)
    vehicle1.decelerate(trigger_sequence=4, target_speed=6.96905531)
    vehicle2.accelerate(trigger_sequence=4, target_speed=30.68384356)
    vehicle3.changeLane(trigger_sequence=4, target_lane=1, target_speed=21.52742415)
    vehicle2.changeLane(trigger_sequence=5, target_lane=1, target_speed=4.37812172)

2025-04-22 Tuesday 11:15:54  random_test.py : INFO  === Evaluation Finished === 
 Fitness: [inf, 0], Collision: False
2025-04-22 Tuesday 11:16:07  random_test.py : INFO  === Evaluate Testcase === 
 def testcase(self):
    vehicle1 = NPC(lane_id=4, offset=43.96704614, initial_speed=30.45711296)
    ego = NPC(lane_id=2, offset=6.31762085, initial_speed=39.11090293)
    vehicle1.accelerate(trigger_sequence=1, target_speed=37.48638761)
    vehicle1.accelerate(trigger_sequence=3, target_speed=39.07019375)
    vehicle1.changeLane(trigger_sequence=4, target_lane=1, target_speed=18.18942816)
    vehicle1.accelerate(trigger_sequence=5, target_speed=49.87951958)

2025-04-22 Tuesday 11:16:07  random_test.py : INFO  === Evaluation Finished === 
 Fitness: [3.8371008691644417, -0.283363802559415], Collision: True
2025-04-22 Tuesday 11:16:07  random_test.py : INFO  === Find a coollision ===
2025-04-22 Tuesday 11:16:21  random_test.py : INFO  === Evaluate Testcase === 
 def testcase(self):
    ego = NPC(lane_id=1, offset=3.04477855, initial_speed=13.43926844)
    vehicle2 = NPC(lane_id=1, offset=35.14662063, initial_speed=0.33200416)
    vehicle2.changeLane(trigger_sequence=4, target_lane=3, target_speed=43.70661078)
    vehicle2.accelerate(trigger_sequence=5, target_speed=33.86824835)

2025-04-22 Tuesday 11:16:21  random_test.py : INFO  === Evaluation Finished === 
 Fitness: [7.431762701578325, -0.4321608040201005], Collision: False
2025-04-22 Tuesday 11:16:33  random_test.py : INFO  === Evaluate Testcase === 
 def testcase(self):
    ego = NPC(lane_id=1, offset=38.34471259, initial_speed=27.05545152)
    vehicle2 = NPC(lane_id=5, offset=39.53227698, initial_speed=23.19601549)
    vehicle2.decelerate(trigger_sequence=4, target_speed=9.77388805)

2025-04-22 Tuesday 11:16:33  random_test.py : INFO  === Evaluation Finished === 
 Fitness: [13.999636782677333, -0.4991119005328597], Collision: False
2025-04-22 Tuesday 11:16:47  random_test.py : INFO  === Evaluate Testcase === 
 def testcase(self):
    vehicle1 = NPC(lane_id=2, offset=23.74409581, initial_speed=31.99187082)
    ego = NPC(lane_id=2, offset=7.5212094, initial_speed=30.48290154)
    vehicle1.decelerate(trigger_sequence=4, target_speed=1.76791371)

2025-04-22 Tuesday 11:16:47  random_test.py : INFO  === Evaluation Finished === 
 Fitness: [8.18814183024711, -0.49731663685152055], Collision: False
2025-04-22 Tuesday 11:17:00  random_test.py : INFO  === Evaluate Testcase === 
 def testcase(self):
    ego = NPC(lane_id=1, offset=44.71105148, initial_speed=13.4308222)
    vehicle2 = NPC(lane_id=4, offset=11.62869764, initial_speed=3.03429466)
    vehicle3 = NPC(lane_id=2, offset=40.89054892, initial_speed=9.94591492)
    vehicle2.changeLane(trigger_sequence=1, target_lane=3, target_speed=29.89560951)
    vehicle3.decelerate(trigger_sequence=1, target_speed=19.16492233)
    vehicle2.accelerate(trigger_sequence=2, target_speed=57.82100549)
    vehicle3.changeLane(trigger_sequence=2, target_lane=3, target_speed=10.50452708)
    vehicle3.decelerate(trigger_sequence=3, target_speed=13.23816649)
    vehicle3.changeLane(trigger_sequence=4, target_lane=3, target_speed=11.57715166)

2025-04-22 Tuesday 11:17:00  random_test.py : INFO  === Evaluation Finished === 
 Fitness: [3.821704323212252, -0.028428093645484948], Collision: False
2025-04-22 Tuesday 11:17:13  random_test.py : INFO  === Evaluate Testcase === 
 def testcase(self):
    vehicle1 = NPC(lane_id=5, offset=28.62563127, initial_speed=26.93294944)
    ego = NPC(lane_id=4, offset=5.41566161, initial_speed=26.30039331)
    vehicle3 = NPC(lane_id=3, offset=4.12251723, initial_speed=38.38685569)
    vehicle1.accelerate(trigger_sequence=1, target_speed=59.58571609)
    vehicle1.changeLane(trigger_sequence=2, target_lane=3, target_speed=36.67062706)
    vehicle3.accelerate(trigger_sequence=2, target_speed=48.90127243)
    vehicle1.changeLane(trigger_sequence=3, target_lane=3, target_speed=46.87356414)
    vehicle3.changeLane(trigger_sequence=3, target_lane=3, target_speed=23.63636993)
    vehicle1.decelerate(trigger_sequence=5, target_speed=24.97443749)

2025-04-22 Tuesday 11:17:13  random_test.py : INFO  === Evaluation Finished === 
 Fitness: [3.498153279320642, -0.4804964539007092], Collision: False
2025-04-22 Tuesday 11:17:26  random_test.py : INFO  === Evaluate Testcase === 
 def testcase(self):
    vehicle1 = NPC(lane_id=3, offset=10.20826383, initial_speed=1.08099514)
    vehicle2 = NPC(lane_id=4, offset=17.683365, initial_speed=38.45422045)
    ego = NPC(lane_id=5, offset=1.92698832, initial_speed=37.36746022)
    vehicle4 = NPC(lane_id=4, offset=27.40899439, initial_speed=21.13234258)
    vehicle1.decelerate(trigger_sequence=1, target_speed=4.68244009)
    vehicle4.accelerate(trigger_sequence=1, target_speed=32.8496045)
    vehicle1.decelerate(trigger_sequence=4, target_speed=11.28980166)
    vehicle2.changeLane(trigger_sequence=4, target_lane=3, target_speed=14.50596746)

2025-04-22 Tuesday 11:17:26  random_test.py : INFO  === Evaluation Finished === 
 Fitness: [3.499923923223882, -0.273224043715847], Collision: False
2025-04-22 Tuesday 11:17:39  random_test.py : INFO  === Evaluate Testcase === 
 def testcase(self):
    vehicle1 = NPC(lane_id=2, offset=0.97144765, initial_speed=17.29531526)
    ego = NPC(lane_id=5, offset=29.93087003, initial_speed=19.73510405)
    vehicle1.decelerate(trigger_sequence=1, target_speed=14.00216181)
    vehicle1.changeLane(trigger_sequence=2, target_lane=3, target_speed=35.62048196)

2025-04-22 Tuesday 11:17:39  random_test.py : INFO  === Evaluation Finished === 
 Fitness: [7.000077128401195, -0.5885416666666666], Collision: False
2025-04-22 Tuesday 11:17:52  random_test.py : INFO  === Evaluate Testcase === 
 def testcase(self):
    vehicle1 = NPC(lane_id=4, offset=2.30018588, initial_speed=9.70350107)
    ego = NPC(lane_id=3, offset=13.32703035, initial_speed=21.63020202)
    vehicle1.decelerate(trigger_sequence=1, target_speed=13.51374091)
    vehicle1.changeLane(trigger_sequence=4, target_lane=1, target_speed=51.41217298)
    vehicle1.changeLane(trigger_sequence=5, target_lane=3, target_speed=19.38199176)

2025-04-22 Tuesday 11:17:52  random_test.py : INFO  === Evaluation Finished === 
 Fitness: [3.50339351379685, -0.5629370629370629], Collision: False
2025-04-22 Tuesday 11:18:05  random_test.py : INFO  === Evaluate Testcase === 
 def testcase(self):
    vehicle1 = NPC(lane_id=2, offset=6.87188474, initial_speed=24.08622421)
    ego = NPC(lane_id=5, offset=17.59749994, initial_speed=22.75964497)
    vehicle3 = NPC(lane_id=5, offset=26.09660112, initial_speed=14.63187272)
    vehicle4 = NPC(lane_id=2, offset=27.14314719, initial_speed=8.39461442)
    vehicle1.decelerate(trigger_sequence=1, target_speed=12.20771316)
    vehicle4.changeLane(trigger_sequence=2, target_lane=3, target_speed=49.47287332)
    vehicle1.changeLane(trigger_sequence=3, target_lane=1, target_speed=11.8732903)
    vehicle4.decelerate(trigger_sequence=3, target_speed=17.13347938)
    vehicle3.accelerate(trigger_sequence=4, target_speed=41.12848881)
    vehicle1.changeLane(trigger_sequence=5, target_lane=1, target_speed=11.1070787)
    vehicle4.changeLane(trigger_sequence=5, target_lane=1, target_speed=13.12183677)

2025-04-22 Tuesday 11:18:05  random_test.py : INFO  === Evaluation Finished === 
 Fitness: [8.905557858691727, -0.5578231292517006], Collision: False
2025-04-22 Tuesday 11:18:19  random_test.py : INFO  === Evaluate Testcase === 
 def testcase(self):
    ego = NPC(lane_id=2, offset=25.32188422, initial_speed=34.11828875)
    vehicle2 = NPC(lane_id=4, offset=0.30354774, initial_speed=1.29869084)
    vehicle3 = NPC(lane_id=2, offset=8.65526121, initial_speed=21.74666963)
    vehicle4 = NPC(lane_id=4, offset=15.47754956, initial_speed=25.74259338)
    vehicle2.changeLane(trigger_sequence=1, target_lane=3, target_speed=53.04156487)
    vehicle2.decelerate(trigger_sequence=2, target_speed=22.4099746)
    vehicle3.changeLane(trigger_sequence=2, target_lane=3, target_speed=11.82370782)
    vehicle4.accelerate(trigger_sequence=2, target_speed=53.52663701)
    vehicle4.accelerate(trigger_sequence=3, target_speed=55.63003025)
    vehicle3.decelerate(trigger_sequence=4, target_speed=24.07721999)
    vehicle4.accelerate(trigger_sequence=4, target_speed=59.55395765)
    vehicle3.decelerate(trigger_sequence=5, target_speed=13.66666027)
    vehicle4.changeLane(trigger_sequence=5, target_lane=3, target_speed=0.48703718)

2025-04-22 Tuesday 11:18:19  random_test.py : INFO  === Evaluation Finished === 
 Fitness: [3.502168543589139, -0.33212996389891697], Collision: False
2025-04-22 Tuesday 11:18:32  random_test.py : INFO  === Evaluate Testcase === 
 def testcase(self):
    vehicle1 = NPC(lane_id=4, offset=1.20601433, initial_speed=25.99218696)
    vehicle2 = NPC(lane_id=3, offset=11.68395274, initial_speed=29.98974078)
    ego = NPC(lane_id=5, offset=42.13651747, initial_speed=4.97840939)
    vehicle4 = NPC(lane_id=3, offset=2.56599499, initial_speed=16.37907074)
    vehicle1.changeLane(trigger_sequence=1, target_lane=1, target_speed=12.49676354)
    vehicle2.decelerate(trigger_sequence=1, target_speed=16.66668285)
    vehicle4.accelerate(trigger_sequence=1, target_speed=40.12687312)
    vehicle1.decelerate(trigger_sequence=2, target_speed=19.34015847)
    vehicle4.accelerate(trigger_sequence=2, target_speed=34.4586254)
    vehicle4.decelerate(trigger_sequence=5, target_speed=9.13157187)

2025-04-22 Tuesday 11:18:32  random_test.py : INFO  === Evaluation Finished === 
 Fitness: [3.4992129189455357, -0.5], Collision: False
2025-04-22 Tuesday 11:18:45  random_test.py : INFO  === Evaluate Testcase === 
 def testcase(self):
    ego = NPC(lane_id=2, offset=18.57954566, initial_speed=36.57642619)
    vehicle2 = NPC(lane_id=1, offset=38.56687022, initial_speed=26.12638919)
    vehicle2.changeLane(trigger_sequence=3, target_lane=1, target_speed=5.65528643)
    vehicle2.decelerate(trigger_sequence=4, target_speed=9.29491754)
    vehicle2.decelerate(trigger_sequence=5, target_speed=2.27096754)

2025-04-22 Tuesday 11:18:45  random_test.py : INFO  === Evaluation Finished === 
 Fitness: [3.4998156189514957, -0.2867513611615245], Collision: False
2025-04-22 Tuesday 11:18:58  random_test.py : INFO  === Evaluate Testcase === 
 def testcase(self):
    vehicle1 = NPC(lane_id=3, offset=14.27099307, initial_speed=33.52533587)
    ego = NPC(lane_id=5, offset=0.01842303, initial_speed=4.29838443)
    vehicle1.accelerate(trigger_sequence=3, target_speed=33.08319416)

2025-04-22 Tuesday 11:18:58  random_test.py : INFO  === Evaluation Finished === 
 Fitness: [16.294074144760028, -0.4983164983164983], Collision: False
2025-04-22 Tuesday 11:19:12  random_test.py : INFO  === Evaluate Testcase === 
 def testcase(self):
    vehicle1 = NPC(lane_id=1, offset=43.76978171, initial_speed=8.71255223)
    vehicle2 = NPC(lane_id=3, offset=23.91995825, initial_speed=28.90238976)
    ego = NPC(lane_id=2, offset=16.82764101, initial_speed=10.68349597)
    vehicle4 = NPC(lane_id=4, offset=46.444936, initial_speed=33.14690242)
    vehicle1.decelerate(trigger_sequence=1, target_speed=29.93757484)
    vehicle2.changeLane(trigger_sequence=1, target_lane=1, target_speed=30.00076119)
    vehicle4.decelerate(trigger_sequence=1, target_speed=21.16490296)
    vehicle1.decelerate(trigger_sequence=2, target_speed=10.90434461)
    vehicle2.accelerate(trigger_sequence=2, target_speed=32.16552064)
    vehicle4.changeLane(trigger_sequence=2, target_lane=3, target_speed=28.64963524)
    vehicle1.decelerate(trigger_sequence=3, target_speed=6.23691029)
    vehicle4.changeLane(trigger_sequence=3, target_lane=1, target_speed=48.8521575)
    vehicle1.changeLane(trigger_sequence=4, target_lane=3, target_speed=24.12121183)
    vehicle2.changeLane(trigger_sequence=4, target_lane=1, target_speed=20.59731664)
    vehicle4.decelerate(trigger_sequence=4, target_speed=14.10545747)
    vehicle1.decelerate(trigger_sequence=5, target_speed=21.99255876)
    vehicle2.changeLane(trigger_sequence=5, target_lane=3, target_speed=1.00779107)

2025-04-22 Tuesday 11:19:12  random_test.py : INFO  === Evaluation Finished === 
 Fitness: [8.639869512876958, -0.03], Collision: False
2025-04-22 Tuesday 11:19:25  random_test.py : INFO  === Evaluate Testcase === 
 def testcase(self):
    vehicle1 = NPC(lane_id=4, offset=37.5791866, initial_speed=30.95921073)
    vehicle2 = NPC(lane_id=1, offset=39.94495196, initial_speed=38.74060585)
    ego = NPC(lane_id=1, offset=48.70490779, initial_speed=12.24187338)
    vehicle4 = NPC(lane_id=2, offset=4.38909306, initial_speed=7.75782539)
    vehicle4.decelerate(trigger_sequence=1, target_speed=7.10771273)
    vehicle1.changeLane(trigger_sequence=2, target_lane=1, target_speed=40.18234222)
    vehicle2.changeLane(trigger_sequence=2, target_lane=1, target_speed=54.36381217)
    vehicle4.changeLane(trigger_sequence=2, target_lane=1, target_speed=16.84318535)
    vehicle1.decelerate(trigger_sequence=3, target_speed=24.08296588)
    vehicle2.changeLane(trigger_sequence=3, target_lane=3, target_speed=28.03425231)
    vehicle1.decelerate(trigger_sequence=4, target_speed=14.5950155)
    vehicle2.changeLane(trigger_sequence=4, target_lane=1, target_speed=52.99367804)
    vehicle4.decelerate(trigger_sequence=4, target_speed=14.55160143)
    vehicle2.accelerate(trigger_sequence=5, target_speed=56.02325715)

2025-04-22 Tuesday 11:19:25  random_test.py : INFO  === Evaluation Finished === 
 Fitness: [4.728193269040246, -0.035], Collision: True
2025-04-22 Tuesday 11:19:25  random_test.py : INFO  === Find a coollision ===
2025-04-22 Tuesday 11:19:38  random_test.py : INFO  === Evaluate Testcase === 
 def testcase(self):
    ego = NPC(lane_id=5, offset=19.05708846, initial_speed=24.00458579)
    vehicle2 = NPC(lane_id=4, offset=5.1564014, initial_speed=37.73864516)
    vehicle2.decelerate(trigger_sequence=1, target_speed=11.86912165)

2025-04-22 Tuesday 11:19:38  random_test.py : INFO  === Evaluation Finished === 
 Fitness: [3.4971603802001603, -0.5220458553791887], Collision: False
2025-04-22 Tuesday 11:19:43  random_test.py : INFO  === Evaluate Testcase === 
 def testcase(self):
    vehicle1 = NPC(lane_id=5, offset=18.35460227, initial_speed=2.23363151)
    ego = NPC(lane_id=3, offset=3.44398785, initial_speed=7.67609591)
    vehicle3 = NPC(lane_id=3, offset=3.0834447, initial_speed=4.23315532)
    vehicle1.decelerate(trigger_sequence=2, target_speed=29.74301054)
    vehicle3.accelerate(trigger_sequence=2, target_speed=49.421148)
    vehicle3.accelerate(trigger_sequence=3, target_speed=47.15255399)

2025-04-22 Tuesday 11:19:43  random_test.py : INFO  === Evaluation Finished === 
 Fitness: [inf, 0], Collision: False
2025-04-22 Tuesday 11:19:56  random_test.py : INFO  === Evaluate Testcase === 
 def testcase(self):
    vehicle1 = NPC(lane_id=2, offset=2.67996035, initial_speed=8.37701288)
    vehicle2 = NPC(lane_id=3, offset=26.8082933, initial_speed=3.74819247)
    ego = NPC(lane_id=2, offset=40.35499214, initial_speed=16.08449069)
    vehicle4 = NPC(lane_id=1, offset=20.85365281, initial_speed=12.81402166)
    vehicle2.decelerate(trigger_sequence=1, target_speed=26.65092751)
    vehicle4.decelerate(trigger_sequence=1, target_speed=1.2338242)
    vehicle4.decelerate(trigger_sequence=3, target_speed=13.68999128)
    vehicle2.decelerate(trigger_sequence=5, target_speed=13.52495001)

2025-04-22 Tuesday 11:19:56  random_test.py : INFO  === Evaluation Finished === 
 Fitness: [3.500523254875911, -0.021739130434782608], Collision: False
2025-04-22 Tuesday 11:20:09  random_test.py : INFO  === Evaluate Testcase === 
 def testcase(self):
    vehicle1 = NPC(lane_id=3, offset=16.68814476, initial_speed=23.95718749)
    vehicle2 = NPC(lane_id=4, offset=20.94391784, initial_speed=11.76402374)
    vehicle3 = NPC(lane_id=3, offset=41.00146427, initial_speed=32.20107749)
    ego = NPC(lane_id=5, offset=26.1126651, initial_speed=32.854492)
    vehicle1.changeLane(trigger_sequence=1, target_lane=3, target_speed=7.65682762)
    vehicle3.accelerate(trigger_sequence=1, target_speed=53.3132538)
    vehicle1.decelerate(trigger_sequence=2, target_speed=24.58187419)
    vehicle1.decelerate(trigger_sequence=4, target_speed=16.92893941)
    vehicle2.decelerate(trigger_sequence=4, target_speed=25.04606158)
    vehicle3.changeLane(trigger_sequence=4, target_lane=1, target_speed=34.15795588)
    vehicle2.accelerate(trigger_sequence=5, target_speed=55.12851454)

2025-04-22 Tuesday 11:20:09  random_test.py : INFO  === Evaluation Finished === 
 Fitness: [4.450816314908208, -0.3783783783783784], Collision: False
2025-04-22 Tuesday 11:20:23  random_test.py : INFO  === Evaluate Testcase === 
 def testcase(self):
    ego = NPC(lane_id=4, offset=11.53093243, initial_speed=6.57930571)
    vehicle2 = NPC(lane_id=5, offset=3.61691112, initial_speed=12.88820931)
    vehicle3 = NPC(lane_id=5, offset=22.13945301, initial_speed=6.43177025)
    vehicle3.accelerate(trigger_sequence=1, target_speed=40.49096925)
    vehicle2.accelerate(trigger_sequence=3, target_speed=34.871811)
    vehicle3.changeLane(trigger_sequence=3, target_lane=1, target_speed=11.70218902)
    vehicle2.accelerate(trigger_sequence=4, target_speed=35.45305688)
    vehicle2.changeLane(trigger_sequence=5, target_lane=1, target_speed=48.73408453)

2025-04-22 Tuesday 11:20:23  random_test.py : INFO  === Evaluation Finished === 
 Fitness: [3.5035330198583226, -0.035], Collision: False
2025-04-22 Tuesday 11:20:36  random_test.py : INFO  === Evaluate Testcase === 
 def testcase(self):
    ego = NPC(lane_id=4, offset=11.01311217, initial_speed=3.72182348)
    vehicle2 = NPC(lane_id=1, offset=32.14929692, initial_speed=20.61166022)
    vehicle2.decelerate(trigger_sequence=1, target_speed=8.47591921)
    vehicle2.changeLane(trigger_sequence=3, target_lane=1, target_speed=55.00108967)
    vehicle2.decelerate(trigger_sequence=4, target_speed=29.50633218)

2025-04-22 Tuesday 11:20:36  random_test.py : INFO  === Evaluation Finished === 
 Fitness: [23.853271327072374, -0.5067340067340067], Collision: False
2025-04-22 Tuesday 11:20:50  random_test.py : INFO  === Evaluate Testcase === 
 def testcase(self):
    vehicle1 = NPC(lane_id=5, offset=16.24350776, initial_speed=32.0933496)
    vehicle2 = NPC(lane_id=1, offset=49.64096065, initial_speed=15.52406114)
    ego = NPC(lane_id=4, offset=16.30941509, initial_speed=30.1240509)
    vehicle2.accelerate(trigger_sequence=1, target_speed=51.90336453)
    vehicle1.changeLane(trigger_sequence=3, target_lane=1, target_speed=40.52369217)
    vehicle1.decelerate(trigger_sequence=5, target_speed=27.51036839)
    vehicle2.decelerate(trigger_sequence=5, target_speed=5.99763646)

2025-04-22 Tuesday 11:20:50  random_test.py : INFO  === Evaluation Finished === 
 Fitness: [3.6049975202075264, -0.4150268336314848], Collision: False
2025-04-22 Tuesday 11:21:03  random_test.py : INFO  === Evaluate Testcase === 
 def testcase(self):
    ego = NPC(lane_id=2, offset=36.75036271, initial_speed=38.29798362)
    vehicle2 = NPC(lane_id=5, offset=38.44206047, initial_speed=26.55209895)
    vehicle2.decelerate(trigger_sequence=2, target_speed=5.37224204)
    vehicle2.changeLane(trigger_sequence=3, target_lane=3, target_speed=50.66477801)
    vehicle2.accelerate(trigger_sequence=5, target_speed=57.38836981)

2025-04-22 Tuesday 11:21:03  random_test.py : INFO  === Evaluation Finished === 
 Fitness: [3.5022286034422194, -0.23905109489051096], Collision: False
2025-04-22 Tuesday 11:21:17  random_test.py : INFO  === Evaluate Testcase === 
 def testcase(self):
    vehicle1 = NPC(lane_id=5, offset=45.12677347, initial_speed=2.69296195)
    vehicle2 = NPC(lane_id=2, offset=41.93764898, initial_speed=21.66126734)
    vehicle3 = NPC(lane_id=1, offset=41.16305205, initial_speed=9.68094037)
    ego = NPC(lane_id=3, offset=18.19557334, initial_speed=6.09555071)
    vehicle2.accelerate(trigger_sequence=1, target_speed=56.43192075)
    vehicle1.changeLane(trigger_sequence=2, target_lane=1, target_speed=33.84755902)
    vehicle1.accelerate(trigger_sequence=3, target_speed=41.18205789)
    vehicle2.changeLane(trigger_sequence=4, target_lane=3, target_speed=44.0696648)
    vehicle3.decelerate(trigger_sequence=4, target_speed=19.51286681)
    vehicle1.changeLane(trigger_sequence=5, target_lane=1, target_speed=5.53103537)
    vehicle2.accelerate(trigger_sequence=5, target_speed=50.95924142)
    vehicle3.decelerate(trigger_sequence=5, target_speed=20.50768348)

2025-04-22 Tuesday 11:21:17  random_test.py : INFO  === Evaluation Finished === 
 Fitness: [20.190906852991677, -0.8942953020134228], Collision: False
2025-04-22 Tuesday 11:21:30  random_test.py : INFO  === Evaluate Testcase === 
 def testcase(self):
    vehicle1 = NPC(lane_id=1, offset=46.39856785, initial_speed=37.84165048)
    ego = NPC(lane_id=2, offset=20.38763259, initial_speed=11.91757677)
    vehicle1.changeLane(trigger_sequence=1, target_lane=3, target_speed=28.11868281)

2025-04-22 Tuesday 11:21:30  random_test.py : INFO  === Evaluation Finished === 
 Fitness: [26.765102974529302, -0.030100334448160536], Collision: False
2025-04-22 Tuesday 11:21:43  random_test.py : INFO  === Evaluate Testcase === 
 def testcase(self):
    ego = NPC(lane_id=4, offset=22.63268008, initial_speed=36.38436108)
    vehicle2 = NPC(lane_id=5, offset=21.12845175, initial_speed=22.89417239)
    vehicle2.decelerate(trigger_sequence=2, target_speed=8.6903374)

2025-04-22 Tuesday 11:21:43  random_test.py : INFO  === Evaluation Finished === 
 Fitness: [3.500772322898148, -0.3030852994555354], Collision: False
2025-04-22 Tuesday 11:21:57  random_test.py : INFO  === Evaluate Testcase === 
 def testcase(self):
    ego = NPC(lane_id=1, offset=1.2781519, initial_speed=0.45988394)
    vehicle2 = NPC(lane_id=2, offset=38.24383231, initial_speed=5.66431155)
    vehicle3 = NPC(lane_id=2, offset=0.6504922, initial_speed=4.18520913)
    vehicle2.accelerate(trigger_sequence=1, target_speed=52.67137331)
    vehicle2.changeLane(trigger_sequence=2, target_lane=1, target_speed=53.51229674)
    vehicle3.accelerate(trigger_sequence=2, target_speed=48.16483899)
    vehicle2.decelerate(trigger_sequence=4, target_speed=9.52390392)
    vehicle2.decelerate(trigger_sequence=5, target_speed=17.87225636)
    vehicle3.accelerate(trigger_sequence=5, target_speed=56.73396157)

2025-04-22 Tuesday 11:21:57  random_test.py : INFO  === Evaluation Finished === 
 Fitness: [3.508879984234507, -0.6111111111111112], Collision: False
2025-04-22 Tuesday 11:22:10  random_test.py : INFO  === Evaluate Testcase === 
 def testcase(self):
    vehicle1 = NPC(lane_id=2, offset=37.74460235, initial_speed=25.33100803)
    vehicle2 = NPC(lane_id=5, offset=6.4323938, initial_speed=21.6033601)
    ego = NPC(lane_id=4, offset=43.58850928, initial_speed=39.12566966)
    vehicle1.decelerate(trigger_sequence=1, target_speed=0.88299558)
    vehicle1.accelerate(trigger_sequence=2, target_speed=46.36307295)
    vehicle2.accelerate(trigger_sequence=2, target_speed=58.1553994)
    vehicle1.changeLane(trigger_sequence=3, target_lane=1, target_speed=43.0147443)
    vehicle2.accelerate(trigger_sequence=3, target_speed=44.05841889)
    vehicle2.accelerate(trigger_sequence=4, target_speed=38.33085084)
    vehicle2.accelerate(trigger_sequence=5, target_speed=39.51904431)

2025-04-22 Tuesday 11:22:10  random_test.py : INFO  === Evaluation Finished === 
 Fitness: [6.992254588406162, -0.24680073126142596], Collision: False
2025-04-22 Tuesday 11:22:23  random_test.py : INFO  === Evaluate Testcase === 
 def testcase(self):
    vehicle1 = NPC(lane_id=4, offset=44.35443061, initial_speed=27.18770813)
    ego = NPC(lane_id=2, offset=37.80852158, initial_speed=20.20070461)
    vehicle3 = NPC(lane_id=1, offset=32.30851381, initial_speed=15.63494298)
    vehicle3.decelerate(trigger_sequence=1, target_speed=12.90125898)
    vehicle3.accelerate(trigger_sequence=2, target_speed=30.91121157)
    vehicle1.changeLane(trigger_sequence=3, target_lane=3, target_speed=38.06327506)
    vehicle3.changeLane(trigger_sequence=3, target_lane=3, target_speed=42.82527991)
    vehicle3.decelerate(trigger_sequence=5, target_speed=13.21313239)

2025-04-22 Tuesday 11:22:23  random_test.py : INFO  === Evaluation Finished === 
 Fitness: [3.3231012987153936, -0.5739130434782609], Collision: True
2025-04-22 Tuesday 11:22:23  random_test.py : INFO  === Find a coollision ===
2025-04-22 Tuesday 11:22:37  random_test.py : INFO  === Evaluate Testcase === 
 def testcase(self):
    vehicle1 = NPC(lane_id=5, offset=4.87428318, initial_speed=13.21648997)
    ego = NPC(lane_id=2, offset=2.0423179, initial_speed=5.51903579)
    vehicle3 = NPC(lane_id=3, offset=49.27545663, initial_speed=6.23408425)
    vehicle4 = NPC(lane_id=4, offset=45.58565097, initial_speed=27.33452082)
    vehicle1.changeLane(trigger_sequence=1, target_lane=3, target_speed=16.64457049)
    vehicle4.accelerate(trigger_sequence=1, target_speed=56.76602948)
    vehicle1.changeLane(trigger_sequence=2, target_lane=3, target_speed=20.63663316)
    vehicle3.decelerate(trigger_sequence=2, target_speed=18.75326277)
    vehicle3.accelerate(trigger_sequence=3, target_speed=40.11787396)
    vehicle4.changeLane(trigger_sequence=3, target_lane=1, target_speed=4.41901044)
    vehicle3.accelerate(trigger_sequence=4, target_speed=39.66018417)
    vehicle4.accelerate(trigger_sequence=4, target_speed=31.8280056)
    vehicle1.decelerate(trigger_sequence=5, target_speed=7.95066809)

2025-04-22 Tuesday 11:22:37  random_test.py : INFO  === Evaluation Finished === 
 Fitness: [11.040172000271905, -0.6929530201342282], Collision: False
2025-04-22 Tuesday 11:22:50  random_test.py : INFO  === Evaluate Testcase === 
 def testcase(self):
    vehicle1 = NPC(lane_id=3, offset=25.71803912, initial_speed=12.59147017)
    ego = NPC(lane_id=4, offset=20.91614038, initial_speed=35.53822751)
    vehicle1.accelerate(trigger_sequence=1, target_speed=46.00772285)
    vehicle1.decelerate(trigger_sequence=2, target_speed=27.83653762)
    vehicle1.decelerate(trigger_sequence=5, target_speed=0.94428448)

2025-04-22 Tuesday 11:22:50  random_test.py : INFO  === Evaluation Finished === 
 Fitness: [3.499641279268251, -0.3061594202898551], Collision: False
2025-04-22 Tuesday 11:23:04  random_test.py : INFO  === Evaluate Testcase === 
 def testcase(self):
    vehicle1 = NPC(lane_id=4, offset=1.84960537, initial_speed=3.15223847)
    ego = NPC(lane_id=5, offset=46.29455978, initial_speed=12.27230038)
    vehicle3 = NPC(lane_id=3, offset=32.42197082, initial_speed=27.81366757)
    vehicle4 = NPC(lane_id=4, offset=34.93849405, initial_speed=35.97510243)
    vehicle1.changeLane(trigger_sequence=1, target_lane=1, target_speed=33.82551417)
    vehicle1.accelerate(trigger_sequence=2, target_speed=49.05938512)
    vehicle3.accelerate(trigger_sequence=2, target_speed=32.22079173)
    vehicle4.changeLane(trigger_sequence=2, target_lane=3, target_speed=40.08430889)
    vehicle1.accelerate(trigger_sequence=4, target_speed=40.27391356)
    vehicle3.accelerate(trigger_sequence=4, target_speed=40.39983578)
    vehicle1.accelerate(trigger_sequence=5, target_speed=53.11063405)
    vehicle3.accelerate(trigger_sequence=5, target_speed=31.04099451)

2025-04-22 Tuesday 11:23:04  random_test.py : INFO  === Evaluation Finished === 
 Fitness: [3.494600530934326, -0.023333333333333334], Collision: False
2025-04-22 Tuesday 11:23:18  random_test.py : INFO  === Evaluate Testcase === 
 def testcase(self):
    vehicle1 = NPC(lane_id=1, offset=48.7981422, initial_speed=39.47273114)
    ego = NPC(lane_id=3, offset=37.29415921, initial_speed=12.88093621)
    vehicle1.changeLane(trigger_sequence=1, target_lane=3, target_speed=41.55864822)
    vehicle1.decelerate(trigger_sequence=3, target_speed=27.55569342)
    vehicle1.accelerate(trigger_sequence=4, target_speed=38.07011378)

2025-04-22 Tuesday 11:23:18  random_test.py : INFO  === Evaluation Finished === 
 Fitness: [13.932927505836524, -0.028428093645484948], Collision: False
2025-04-22 Tuesday 11:23:32  random_test.py : INFO  === Evaluate Testcase === 
 def testcase(self):
    ego = NPC(lane_id=3, offset=39.41445112, initial_speed=1.59803935)
    vehicle2 = NPC(lane_id=3, offset=17.17837725, initial_speed=9.51722946)
    vehicle2.changeLane(trigger_sequence=3, target_lane=1, target_speed=18.74525553)

2025-04-22 Tuesday 11:23:32  random_test.py : INFO  === Evaluation Finished === 
 Fitness: [4.738751954996069, -0.6357504215851602], Collision: True
2025-04-22 Tuesday 11:23:32  random_test.py : INFO  === Find a ocollision ===
2025-04-22 Tuesday 11:23:45  random_test.py : INFO  === Evaluate Testcase === 
 def testcase(self):
    vehicle1 = NPC(lane_id=2, offset=15.80073258, initial_speed=5.22298523)
    vehicle2 = NPC(lane_id=3, offset=22.24995743, initial_speed=19.11441437)
    vehicle3 = NPC(lane_id=2, offset=35.33159199, initial_speed=22.56424633)
    ego = NPC(lane_id=4, offset=37.99519745, initial_speed=18.98370331)
    vehicle1.decelerate(trigger_sequence=1, target_speed=7.18767391)
    vehicle3.changeLane(trigger_sequence=1, target_lane=1, target_speed=58.66827804)
    vehicle1.changeLane(trigger_sequence=2, target_lane=1, target_speed=57.05437408)
    vehicle2.changeLane(trigger_sequence=2, target_lane=3, target_speed=15.91735208)
    vehicle3.decelerate(trigger_sequence=2, target_speed=23.41835071)
    vehicle2.changeLane(trigger_sequence=3, target_lane=3, target_speed=27.14886015)
    vehicle1.changeLane(trigger_sequence=4, target_lane=1, target_speed=36.93418019)
    vehicle3.accelerate(trigger_sequence=4, target_speed=37.58030089)
    vehicle1.decelerate(trigger_sequence=5, target_speed=29.42797147)
    vehicle3.decelerate(trigger_sequence=5, target_speed=0.82627774)

2025-04-22 Tuesday 11:23:45  random_test.py : INFO  === Evaluation Finished === 
 Fitness: [6.992752357561999, -0.6256499133448874], Collision: False
2025-04-22 Tuesday 11:23:58  random_test.py : INFO  === Evaluate Testcase === 
 def testcase(self):
    vehicle1 = NPC(lane_id=2, offset=19.50243539, initial_speed=11.75215024)
    ego = NPC(lane_id=5, offset=0.8673037, initial_speed=29.68479233)
    vehicle1.changeLane(trigger_sequence=1, target_lane=3, target_speed=28.7579945)
    vehicle1.accelerate(trigger_sequence=2, target_speed=46.44939818)

2025-04-22 Tuesday 11:23:58  random_test.py : INFO  === Evaluation Finished === 
 Fitness: [7.000221781262059, -0.39107142857142857], Collision: False
2025-04-22 Tuesday 11:24:12  random_test.py : INFO  === Evaluate Testcase === 
 def testcase(self):
    ego = NPC(lane_id=5, offset=27.10242002, initial_speed=10.98237992)
    vehicle2 = NPC(lane_id=1, offset=8.29569452, initial_speed=23.51192249)
    vehicle3 = NPC(lane_id=1, offset=37.61799668, initial_speed=28.80274977)
    vehicle3.accelerate(trigger_sequence=1, target_speed=41.17586849)
    vehicle2.changeLane(trigger_sequence=3, target_lane=3, target_speed=11.86140994)
    vehicle2.decelerate(trigger_sequence=4, target_speed=26.74032771)
    vehicle3.accelerate(trigger_sequence=4, target_speed=31.83780425)

2025-04-22 Tuesday 11:24:12  random_test.py : INFO  === Evaluation Finished === 
 Fitness: [13.999022254321764, -0.021666666666666667], Collision: False
2025-04-22 Tuesday 11:24:17  random_test.py : INFO  === Evaluate Testcase === 
 def testcase(self):
    ego = NPC(lane_id=4, offset=42.80491446, initial_speed=11.98788424)
    vehicle2 = NPC(lane_id=5, offset=11.28104722, initial_speed=20.36846344)
    vehicle3 = NPC(lane_id=1, offset=40.64995064, initial_speed=39.01151352)
    vehicle4 = NPC(lane_id=1, offset=43.60137389, initial_speed=33.60681751)
    vehicle2.changeLane(trigger_sequence=2, target_lane=3, target_speed=37.24428823)
    vehicle3.accelerate(trigger_sequence=2, target_speed=43.04106724)
    vehicle4.decelerate(trigger_sequence=2, target_speed=9.16673602)
    vehicle2.decelerate(trigger_sequence=3, target_speed=16.22313495)
    vehicle3.decelerate(trigger_sequence=4, target_speed=0.22609918)
    vehicle2.changeLane(trigger_sequence=5, target_lane=3, target_speed=45.50299019)

2025-04-22 Tuesday 11:24:17  random_test.py : INFO  === Evaluation Finished === 
 Fitness: [inf, 0], Collision: False
2025-04-22 Tuesday 11:24:30  random_test.py : INFO  === Evaluate Testcase === 
 def testcase(self):
    vehicle1 = NPC(lane_id=3, offset=45.86596137, initial_speed=23.98168535)
    ego = NPC(lane_id=4, offset=16.0624162, initial_speed=24.79084025)
    vehicle3 = NPC(lane_id=2, offset=38.75993563, initial_speed=23.33315984)
    vehicle3.changeLane(trigger_sequence=2, target_lane=3, target_speed=21.98090497)
    vehicle1.changeLane(trigger_sequence=3, target_lane=1, target_speed=43.03515031)
    vehicle1.decelerate(trigger_sequence=4, target_speed=15.21067127)
    vehicle3.decelerate(trigger_sequence=4, target_speed=14.20982577)
    vehicle3.accelerate(trigger_sequence=5, target_speed=34.44159614)

2025-04-22 Tuesday 11:24:30  random_test.py : INFO  === Evaluation Finished === 
 Fitness: [7.8414974550373415, -0.48586572438162545], Collision: False
2025-04-22 Tuesday 11:24:44  random_test.py : INFO  === Evaluate Testcase === 
 def testcase(self):
    vehicle1 = NPC(lane_id=4, offset=36.37403798, initial_speed=39.81869056)
    ego = NPC(lane_id=4, offset=24.16500034, initial_speed=1.13267479)

2025-04-22 Tuesday 11:24:44  random_test.py : INFO  === Evaluation Finished === 
 Fitness: [12.76205536581137, -0.6509274873524452], Collision: False
2025-04-22 Tuesday 11:24:58  random_test.py : INFO  === Evaluate Testcase === 
 def testcase(self):
    ego = NPC(lane_id=3, offset=28.37387473, initial_speed=9.93948759)
    vehicle2 = NPC(lane_id=5, offset=8.33073321, initial_speed=26.97958582)
    vehicle3 = NPC(lane_id=3, offset=9.46873554, initial_speed=24.90596691)
    vehicle3.decelerate(trigger_sequence=1, target_speed=19.30308207)
    vehicle2.changeLane(trigger_sequence=2, target_lane=3, target_speed=19.3465117)
    vehicle2.decelerate(trigger_sequence=3, target_speed=3.29795663)
    vehicle3.decelerate(trigger_sequence=3, target_speed=20.99699428)
    vehicle2.decelerate(trigger_sequence=4, target_speed=21.71965542)
    vehicle3.accelerate(trigger_sequence=4, target_speed=52.68849441)
    vehicle3.changeLane(trigger_sequence=5, target_lane=1, target_speed=8.19410551)

2025-04-22 Tuesday 11:24:58  random_test.py : INFO  === Evaluation Finished === 
 Fitness: [4.7375681373981156, -0.205], Collision: True
2025-04-22 Tuesday 11:24:58  random_test.py : INFO  === Find a coollision ===
2025-04-22 Tuesday 11:25:11  random_test.py : INFO  === Evaluate Testcase === 
 def testcase(self):
    vehicle1 = NPC(lane_id=4, offset=32.29094941, initial_speed=8.92357786)
    vehicle2 = NPC(lane_id=2, offset=21.65891944, initial_speed=1.62615544)
    ego = NPC(lane_id=5, offset=3.44864312, initial_speed=25.9860452)
    vehicle4 = NPC(lane_id=5, offset=38.94670408, initial_speed=11.71952004)
    vehicle1.changeLane(trigger_sequence=1, target_lane=1, target_speed=56.17689277)
    vehicle4.decelerate(trigger_sequence=1, target_speed=16.57473218)
    vehicle1.changeLane(trigger_sequence=3, target_lane=1, target_speed=3.50447684)
    vehicle2.accelerate(trigger_sequence=4, target_speed=56.52788602)

2025-04-22 Tuesday 11:25:11  random_test.py : INFO  === Evaluation Finished === 
 Fitness: [9.054929866753056, -0.36460176991150445], Collision: False
2025-04-22 Tuesday 11:25:24  random_test.py : INFO  === Evaluate Testcase === 
 def testcase(self):
    vehicle1 = NPC(lane_id=3, offset=13.85724421, initial_speed=29.21001732)
    vehicle2 = NPC(lane_id=4, offset=41.91092402, initial_speed=20.7654384)
    ego = NPC(lane_id=1, offset=30.25716819, initial_speed=22.12456253)
    vehicle1.decelerate(trigger_sequence=1, target_speed=25.98671121)
    vehicle1.decelerate(trigger_sequence=2, target_speed=8.46065712)
    vehicle1.changeLane(trigger_sequence=3, target_lane=1, target_speed=21.99440708)
    vehicle2.decelerate(trigger_sequence=4, target_speed=21.34348094)
    vehicle1.accelerate(trigger_sequence=5, target_speed=35.91911482)
    vehicle2.changeLane(trigger_sequence=5, target_lane=1, target_speed=27.95609585)

2025-04-22 Tuesday 11:25:24  random_test.py : INFO  === Evaluation Finished === 
 Fitness: [0.674835994480037, -0.5604203152364273], Collision: True
2025-04-22 Tuesday 11:25:24  random_test.py : INFO  === Find a coollision ===
2025-04-22 Tuesday 11:25:38  random_test.py : INFO  === Evaluate Testcase === 
 def testcase(self):
    ego = NPC(lane_id=4, offset=33.05885949, initial_speed=13.99395569)
    vehicle2 = NPC(lane_id=1, offset=24.08969476, initial_speed=5.7448972)
    vehicle2.decelerate(trigger_sequence=1, target_speed=0.44308085)
    vehicle2.decelerate(trigger_sequence=2, target_speed=6.09024709)
    vehicle2.decelerate(trigger_sequence=3, target_speed=11.24731152)
    vehicle2.decelerate(trigger_sequence=5, target_speed=10.82628433)

2025-04-22 Tuesday 11:25:38  random_test.py : INFO  === Evaluation Finished === 
 Fitness: [13.150093994658128, -0.020100502512562814], Collision: False
2025-04-22 Tuesday 11:25:43  random_test.py : INFO  === Evaluate Testcase === 
 def testcase(self):
    vehicle1 = NPC(lane_id=2, offset=38.44609201, initial_speed=33.05814183)
    vehicle2 = NPC(lane_id=1, offset=39.72476153, initial_speed=34.6004391)
    vehicle3 = NPC(lane_id=3, offset=20.51318882, initial_speed=15.1303536)
    ego = NPC(lane_id=2, offset=35.15107289, initial_speed=9.66066623)
    vehicle1.accelerate(trigger_sequence=1, target_speed=39.70963006)
    vehicle2.changeLane(trigger_sequence=1, target_lane=3, target_speed=11.02188968)
    vehicle3.changeLane(trigger_sequence=1, target_lane=1, target_speed=50.78979784)
    vehicle1.decelerate(trigger_sequence=2, target_speed=19.62207584)
    vehicle1.decelerate(trigger_sequence=3, target_speed=18.92047287)
    vehicle2.accelerate(trigger_sequence=3, target_speed=40.71632665)
    vehicle1.decelerate(trigger_sequence=4, target_speed=10.73325026)
    vehicle3.decelerate(trigger_sequence=4, target_speed=29.27245648)
    vehicle1.changeLane(trigger_sequence=5, target_lane=3, target_speed=19.53616304)
    vehicle3.decelerate(trigger_sequence=5, target_speed=23.35781306)

2025-04-22 Tuesday 11:25:43  random_test.py : INFO  === Evaluation Finished === 
 Fitness: [inf, 0], Collision: False
2025-04-22 Tuesday 11:25:56  random_test.py : INFO  === Evaluate Testcase === 
 def testcase(self):
    ego = NPC(lane_id=3, offset=24.12382006, initial_speed=12.15069733)
    vehicle2 = NPC(lane_id=1, offset=11.8511981, initial_speed=32.3142275)
    vehicle3 = NPC(lane_id=2, offset=45.86066548, initial_speed=23.41239382)
    vehicle4 = NPC(lane_id=1, offset=19.15518823, initial_speed=5.27834061)
    vehicle2.accelerate(trigger_sequence=1, target_speed=59.71247741)
    vehicle3.decelerate(trigger_sequence=1, target_speed=16.66050899)
    vehicle4.changeLane(trigger_sequence=1, target_lane=1, target_speed=5.50238736)
    vehicle2.decelerate(trigger_sequence=2, target_speed=22.36636795)
    vehicle3.changeLane(trigger_sequence=2, target_lane=3, target_speed=44.84722349)
    vehicle4.changeLane(trigger_sequence=2, target_lane=1, target_speed=13.16434848)
    vehicle2.decelerate(trigger_sequence=4, target_speed=1.49464537)
    vehicle4.changeLane(trigger_sequence=4, target_lane=3, target_speed=32.96415368)
    vehicle2.accelerate(trigger_sequence=5, target_speed=32.13954057)
    vehicle4.decelerate(trigger_sequence=5, target_speed=25.4944937)

2025-04-22 Tuesday 11:25:56  random_test.py : INFO  === Evaluation Finished === 
 Fitness: [6.9927109928768205, -0.023333333333333334], Collision: False
2025-04-22 Tuesday 11:26:10  random_test.py : INFO  === Evaluate Testcase === 
 def testcase(self):
    vehicle1 = NPC(lane_id=5, offset=0.59490342, initial_speed=11.67248426)
    ego = NPC(lane_id=5, offset=42.75261825, initial_speed=8.0513301)
    vehicle3 = NPC(lane_id=1, offset=13.70631863, initial_speed=39.3202968)
    vehicle4 = NPC(lane_id=4, offset=46.71531111, initial_speed=32.24372989)
    vehicle1.accelerate(trigger_sequence=1, target_speed=33.53169353)
    vehicle3.decelerate(trigger_sequence=1, target_speed=19.2976788)
    vehicle4.decelerate(trigger_sequence=1, target_speed=22.30055811)
    vehicle4.changeLane(trigger_sequence=2, target_lane=1, target_speed=27.39172245)
    vehicle1.decelerate(trigger_sequence=3, target_speed=18.13356372)
    vehicle1.decelerate(trigger_sequence=4, target_speed=27.31160331)
    vehicle3.accelerate(trigger_sequence=5, target_speed=41.88876618)
    vehicle4.changeLane(trigger_sequence=5, target_lane=1, target_speed=14.61526918)

2025-04-22 Tuesday 11:26:10  random_test.py : INFO  === Evaluation Finished === 
 Fitness: [4.723573756509285, -0.4236706689536878], Collision: True
2025-04-22 Tuesday 11:26:10  random_test.py : INFO  === Find a coollision ===
2025-04-22 Tuesday 11:26:24  random_test.py : INFO  === Evaluate Testcase === 
 def testcase(self):
    ego = NPC(lane_id=3, offset=42.04694557, initial_speed=35.6745999)
    vehicle2 = NPC(lane_id=4, offset=8.48021782, initial_speed=39.78440041)
    vehicle3 = NPC(lane_id=1, offset=20.56459175, initial_speed=27.83314038)
    vehicle4 = NPC(lane_id=2, offset=2.05901623, initial_speed=21.33846501)
    vehicle2.decelerate(trigger_sequence=1, target_speed=5.37463226)
    vehicle3.accelerate(trigger_sequence=1, target_speed=56.01471045)
    vehicle3.changeLane(trigger_sequence=2, target_lane=3, target_speed=12.13275183)
    vehicle2.decelerate(trigger_sequence=3, target_speed=29.26294393)
    vehicle3.changeLane(trigger_sequence=3, target_lane=3, target_speed=36.02435129)
    vehicle4.decelerate(trigger_sequence=3, target_speed=13.34559707)
    vehicle2.accelerate(trigger_sequence=4, target_speed=56.269131)
    vehicle4.decelerate(trigger_sequence=5, target_speed=22.61426143)

2025-04-22 Tuesday 11:26:24  random_test.py : INFO  === Evaluation Finished === 
 Fitness: [6.808472489921628, -0.302536231884058], Collision: False
2025-04-22 Tuesday 11:26:29  random_test.py : INFO  === Evaluate Testcase === 
 def testcase(self):
    ego = NPC(lane_id=1, offset=14.29127601, initial_speed=14.66688553)
    vehicle2 = NPC(lane_id=1, offset=12.71496567, initial_speed=21.40538397)
    vehicle2.accelerate(trigger_sequence=3, target_speed=39.23168412)
    vehicle2.changeLane(trigger_sequence=4, target_lane=1, target_speed=53.16176968)

2025-04-22 Tuesday 11:26:29  random_test.py : INFO  === Evaluation Finished === 
 Fitness: [inf, 0], Collision: False
2025-04-22 Tuesday 11:26:42  random_test.py : INFO  === Evaluate Testcase === 
 def testcase(self):
    ego = NPC(lane_id=2, offset=47.20244443, initial_speed=21.28201204)
    vehicle2 = NPC(lane_id=4, offset=41.71698568, initial_speed=37.2418683)
    vehicle2.changeLane(trigger_sequence=1, target_lane=1, target_speed=56.73134216)
    vehicle2.decelerate(trigger_sequence=2, target_speed=24.29851049)
    vehicle2.accelerate(trigger_sequence=4, target_speed=36.35009302)

2025-04-22 Tuesday 11:26:42  random_test.py : INFO  === Evaluation Finished === 
 Fitness: [7.011058249368523, -0.5749128919860628], Collision: False
2025-04-22 Tuesday 11:26:56  random_test.py : INFO  === Evaluate Testcase === 
 def testcase(self):
    vehicle1 = NPC(lane_id=4, offset=2.13944254, initial_speed=3.89675436)
    vehicle2 = NPC(lane_id=1, offset=17.18723876, initial_speed=39.73802068)
    vehicle3 = NPC(lane_id=1, offset=0.14983548, initial_speed=9.42993614)
    ego = NPC(lane_id=5, offset=22.70841082, initial_speed=1.93814461)
    vehicle1.accelerate(trigger_sequence=1, target_speed=40.31180827)
    vehicle1.changeLane(trigger_sequence=2, target_lane=1, target_speed=46.7789961)
    vehicle3.changeLane(trigger_sequence=2, target_lane=3, target_speed=52.85922183)
    vehicle1.accelerate(trigger_sequence=4, target_speed=53.19174419)
    vehicle2.changeLane(trigger_sequence=5, target_lane=1, target_speed=2.29245813)

2025-04-22 Tuesday 11:26:56  random_test.py : INFO  === Evaluation Finished === 
 Fitness: [3.496250491359776, -0.62248322147651], Collision: False
2025-04-22 Tuesday 11:27:10  random_test.py : INFO  === Evaluate Testcase === 
 def testcase(self):
    vehicle1 = NPC(lane_id=5, offset=40.44818385, initial_speed=32.10008809)
    ego = NPC(lane_id=2, offset=10.73714647, initial_speed=18.78515424)
    vehicle1.decelerate(trigger_sequence=1, target_speed=19.64705197)
    vehicle1.changeLane(trigger_sequence=3, target_lane=1, target_speed=3.6687495)
    vehicle1.accelerate(trigger_sequence=5, target_speed=51.65546032)

2025-04-22 Tuesday 11:27:10  random_test.py : INFO  === Evaluation Finished === 
 Fitness: [10.53070850423429, -0.8665511265164645], Collision: False
2025-04-22 Tuesday 11:27:15  random_test.py : INFO  === Evaluate Testcase === 
 def testcase(self):
    vehicle1 = NPC(lane_id=5, offset=18.70283687, initial_speed=5.2303076)
    ego = NPC(lane_id=5, offset=15.18962262, initial_speed=29.63428547)
    vehicle3 = NPC(lane_id=3, offset=12.80693613, initial_speed=30.00688549)
    vehicle1.accelerate(trigger_sequence=1, target_speed=56.72392048)
    vehicle3.accelerate(trigger_sequence=1, target_speed=53.49882442)
    vehicle1.accelerate(trigger_sequence=4, target_speed=55.43410675)
    vehicle3.changeLane(trigger_sequence=4, target_lane=1, target_speed=19.39326855)
    vehicle1.changeLane(trigger_sequence=5, target_lane=1, target_speed=14.14989148)
    vehicle3.changeLane(trigger_sequence=5, target_lane=1, target_speed=23.95377486)

2025-04-22 Tuesday 11:27:15  random_test.py : INFO  === Evaluation Finished === 
 Fitness: [inf, 0], Collision: False
2025-04-22 Tuesday 11:27:29  random_test.py : INFO  === Evaluate Testcase === 
 def testcase(self):
    ego = NPC(lane_id=1, offset=30.6600666, initial_speed=1.72954212)
    vehicle2 = NPC(lane_id=5, offset=11.42893739, initial_speed=26.89721672)
    vehicle3 = NPC(lane_id=4, offset=48.38038397, initial_speed=10.61580282)
    vehicle4 = NPC(lane_id=1, offset=19.87332702, initial_speed=8.44416495)
    vehicle3.accelerate(trigger_sequence=1, target_speed=57.66324649)
    vehicle4.accelerate(trigger_sequence=1, target_speed=30.71619802)
    vehicle3.changeLane(trigger_sequence=2, target_lane=1, target_speed=8.92975843)
    vehicle4.accelerate(trigger_sequence=2, target_speed=45.42350091)
    vehicle3.accelerate(trigger_sequence=3, target_speed=37.1320845)
    vehicle4.decelerate(trigger_sequence=3, target_speed=22.04217033)
    vehicle2.changeLane(trigger_sequence=4, target_lane=1, target_speed=55.6567056)
    vehicle3.changeLane(trigger_sequence=4, target_lane=3, target_speed=24.81291807)
    vehicle3.changeLane(trigger_sequence=5, target_lane=1, target_speed=57.02369254)

2025-04-22 Tuesday 11:27:29  random_test.py : INFO  === Evaluation Finished === 
 Fitness: [4.738844501004528, -0.6453781512605042], Collision: True
2025-04-22 Tuesday 11:27:29  random_test.py : INFO  === Find a coollision ===
2025-04-22 Tuesday 11:27:42  random_test.py : INFO  === Evaluate Testcase === 
 def testcase(self):
    vehicle1 = NPC(lane_id=1, offset=27.83547414, initial_speed=12.6347894)
    vehicle2 = NPC(lane_id=5, offset=16.91826109, initial_speed=10.92563299)
    ego = NPC(lane_id=1, offset=20.07672239, initial_speed=22.77446854)
    vehicle4 = NPC(lane_id=5, offset=29.88958334, initial_speed=36.73893417)
    vehicle1.changeLane(trigger_sequence=1, target_lane=1, target_speed=28.79420947)
    vehicle2.changeLane(trigger_sequence=1, target_lane=1, target_speed=1.52207696)
    vehicle4.decelerate(trigger_sequence=1, target_speed=27.64400291)
    vehicle2.changeLane(trigger_sequence=2, target_lane=3, target_speed=59.91634881)
    vehicle4.accelerate(trigger_sequence=2, target_speed=53.43158253)
    vehicle2.accelerate(trigger_sequence=3, target_speed=41.23672207)
    vehicle2.changeLane(trigger_sequence=4, target_lane=3, target_speed=34.53615199)
    vehicle4.changeLane(trigger_sequence=4, target_lane=3, target_speed=3.53297954)
    vehicle1.decelerate(trigger_sequence=5, target_speed=19.80204473)

2025-04-22 Tuesday 11:27:42  random_test.py : INFO  === Evaluation Finished === 
 Fitness: [8.285204481412654, -0.0], Collision: False
2025-04-22 Tuesday 11:27:56  random_test.py : INFO  === Evaluate Testcase === 
 def testcase(self):
    vehicle1 = NPC(lane_id=3, offset=35.32957225, initial_speed=29.45455194)
    vehicle2 = NPC(lane_id=4, offset=35.16839706, initial_speed=15.86099853)
    vehicle3 = NPC(lane_id=5, offset=47.27612186, initial_speed=22.82242174)
    ego = NPC(lane_id=2, offset=1.92699886, initial_speed=2.46816468)
    vehicle2.changeLane(trigger_sequence=1, target_lane=1, target_speed=24.60139849)
    vehicle3.accelerate(trigger_sequence=1, target_speed=58.17236771)
    vehicle1.decelerate(trigger_sequence=2, target_speed=8.96490127)
    vehicle1.changeLane(trigger_sequence=3, target_lane=3, target_speed=31.92556721)
    vehicle2.accelerate(trigger_sequence=3, target_speed=53.38860114)
    vehicle1.decelerate(trigger_sequence=4, target_speed=3.09418237)
    vehicle1.decelerate(trigger_sequence=5, target_speed=23.79018458)
    vehicle2.changeLane(trigger_sequence=5, target_lane=1, target_speed=36.10388233)

2025-04-22 Tuesday 11:27:56  random_test.py : INFO  === Evaluation Finished === 
 Fitness: [34.4035173345452, -0.5234899328859061], Collision: False
2025-04-22 Tuesday 11:28:10  random_test.py : INFO  === Evaluate Testcase === 
 def testcase(self):
    vehicle1 = NPC(lane_id=5, offset=31.34136248, initial_speed=30.68023298)
    vehicle2 = NPC(lane_id=3, offset=47.60244201, initial_speed=8.6701653)
    vehicle3 = NPC(lane_id=1, offset=19.48277177, initial_speed=34.40192859)
    ego = NPC(lane_id=1, offset=5.79878606, initial_speed=37.14008066)
    vehicle1.decelerate(trigger_sequence=1, target_speed=10.31953621)
    vehicle2.changeLane(trigger_sequence=1, target_lane=1, target_speed=27.5845009)
    vehicle2.changeLane(trigger_sequence=2, target_lane=1, target_speed=27.18009344)
    vehicle1.accelerate(trigger_sequence=3, target_speed=46.41103865)
    vehicle3.changeLane(trigger_sequence=3, target_lane=1, target_speed=39.49612243)
    vehicle2.changeLane(trigger_sequence=4, target_lane=3, target_speed=28.52616098)
    vehicle1.accelerate(trigger_sequence=5, target_speed=57.2392529)
    vehicle2.decelerate(trigger_sequence=5, target_speed=7.66772235)
    vehicle3.decelerate(trigger_sequence=5, target_speed=8.48950122)

2025-04-22 Tuesday 11:28:10  random_test.py : INFO  === Evaluation Finished === 
 Fitness: [3.4018886367979024, -0.20363636363636364], Collision: True
2025-04-22 Tuesday 11:28:10  random_test.py : INFO  === Find a coollision ===
2025-04-22 Tuesday 11:28:24  random_test.py : INFO  === Evaluate Testcase === 
 def testcase(self):
    vehicle1 = NPC(lane_id=1, offset=13.47443405, initial_speed=22.60050287)
    vehicle2 = NPC(lane_id=3, offset=40.74736735, initial_speed=34.73996697)
    vehicle3 = NPC(lane_id=1, offset=28.79417038, initial_speed=6.9829326)
    ego = NPC(lane_id=1, offset=20.26526853, initial_speed=11.20140534)
    vehicle1.changeLane(trigger_sequence=1, target_lane=3, target_speed=1.07031893)
    vehicle3.decelerate(trigger_sequence=2, target_speed=9.77540763)
    vehicle1.decelerate(trigger_sequence=3, target_speed=13.89276711)
    vehicle2.changeLane(trigger_sequence=3, target_lane=1, target_speed=41.66525149)
    vehicle3.accelerate(trigger_sequence=3, target_speed=45.7624109)
    vehicle1.accelerate(trigger_sequence=4, target_speed=39.78910108)
    vehicle3.decelerate(trigger_sequence=4, target_speed=25.46205366)
    vehicle1.accelerate(trigger_sequence=5, target_speed=34.9888875)

2025-04-22 Tuesday 11:28:24  random_test.py : INFO  === Evaluation Finished === 
 Fitness: [4.74940592965263, -0.17], Collision: True
2025-04-22 Tuesday 11:28:24  random_test.py : INFO  === Find a coollision ===
2025-04-22 Tuesday 11:28:38  random_test.py : INFO  === Evaluate Testcase === 
 def testcase(self):
    vehicle1 = NPC(lane_id=5, offset=23.77735516, initial_speed=37.50758074)
    vehicle2 = NPC(lane_id=4, offset=2.57263835, initial_speed=24.65735121)
    ego = NPC(lane_id=1, offset=8.75956756, initial_speed=18.85700741)
    vehicle4 = NPC(lane_id=4, offset=18.1735746, initial_speed=22.96897665)
    vehicle1.accelerate(trigger_sequence=1, target_speed=54.28412082)
    vehicle4.decelerate(trigger_sequence=1, target_speed=26.63512699)
    vehicle1.changeLane(trigger_sequence=2, target_lane=1, target_speed=53.00724077)
    vehicle2.changeLane(trigger_sequence=2, target_lane=1, target_speed=25.39384071)
    vehicle4.decelerate(trigger_sequence=2, target_speed=12.22725207)
    vehicle2.changeLane(trigger_sequence=4, target_lane=3, target_speed=39.03367445)
    vehicle1.changeLane(trigger_sequence=5, target_lane=1, target_speed=3.52874708)
    vehicle2.changeLane(trigger_sequence=5, target_lane=3, target_speed=2.38899324)
    vehicle4.decelerate(trigger_sequence=5, target_speed=25.93815793)

2025-04-22 Tuesday 11:28:38  random_test.py : INFO  === Evaluation Finished === 
 Fitness: [10.507422884578856, -0.7972270363951474], Collision: False
2025-04-22 Tuesday 11:28:52  random_test.py : INFO  === Evaluate Testcase === 
 def testcase(self):
    ego = NPC(lane_id=1, offset=15.43050457, initial_speed=9.67437203)
    vehicle2 = NPC(lane_id=2, offset=3.58384006, initial_speed=24.88905897)
    vehicle3 = NPC(lane_id=5, offset=2.29892984, initial_speed=38.02434652)
    vehicle2.changeLane(trigger_sequence=1, target_lane=1, target_speed=36.95370295)
    vehicle3.accelerate(trigger_sequence=1, target_speed=47.86948733)
    vehicle3.changeLane(trigger_sequence=2, target_lane=3, target_speed=7.26926312)
    vehicle2.accelerate(trigger_sequence=3, target_speed=54.4286354)
    vehicle3.changeLane(trigger_sequence=3, target_lane=3, target_speed=27.01483051)
    vehicle2.accelerate(trigger_sequence=4, target_speed=54.17815157)
    vehicle3.changeLane(trigger_sequence=4, target_lane=3, target_speed=22.18706341)
    vehicle2.changeLane(trigger_sequence=5, target_lane=3, target_speed=52.18531358)

2025-04-22 Tuesday 11:28:52  random_test.py : INFO  === Evaluation Finished === 
 Fitness: [3.505034069715238, -0.03666666666666667], Collision: False
2025-04-22 Tuesday 11:29:06  random_test.py : INFO  === Evaluate Testcase === 
 def testcase(self):
    vehicle1 = NPC(lane_id=1, offset=12.40974933, initial_speed=38.64576509)
    ego = NPC(lane_id=4, offset=18.51816691, initial_speed=27.30779095)
    vehicle3 = NPC(lane_id=3, offset=46.53532125, initial_speed=3.67012372)
    vehicle1.decelerate(trigger_sequence=3, target_speed=15.43142318)
    vehicle3.decelerate(trigger_sequence=4, target_speed=18.83987969)

2025-04-22 Tuesday 11:29:06  random_test.py : INFO  === Evaluation Finished === 
 Fitness: [3.5003754476476923, -0.477797513321492], Collision: False
2025-04-22 Tuesday 11:29:20  random_test.py : INFO  === Evaluate Testcase === 
 def testcase(self):
    vehicle1 = NPC(lane_id=3, offset=4.01669907, initial_speed=24.71545642)
    ego = NPC(lane_id=4, offset=23.77606798, initial_speed=8.51838709)
    vehicle3 = NPC(lane_id=5, offset=49.65137549, initial_speed=10.06682728)
    vehicle1.decelerate(trigger_sequence=1, target_speed=14.78711774)
    vehicle1.decelerate(trigger_sequence=2, target_speed=13.59369561)
    vehicle3.accelerate(trigger_sequence=2, target_speed=35.75073693)
    vehicle1.changeLane(trigger_sequence=5, target_lane=3, target_speed=35.42214483)

2025-04-22 Tuesday 11:29:20  random_test.py : INFO  === Evaluation Finished === 
 Fitness: [3.4974278731620445, -0.041666666666666664], Collision: False
2025-04-22 Tuesday 11:29:34  random_test.py : INFO  === Evaluate Testcase === 
 def testcase(self):
    vehicle1 = NPC(lane_id=2, offset=12.95497926, initial_speed=6.51822105)
    vehicle2 = NPC(lane_id=2, offset=0.65010862, initial_speed=36.82938917)
    vehicle3 = NPC(lane_id=1, offset=29.95442035, initial_speed=18.80719569)
    ego = NPC(lane_id=3, offset=25.50315737, initial_speed=38.84861034)
    vehicle1.accelerate(trigger_sequence=1, target_speed=38.96247436)
    vehicle2.decelerate(trigger_sequence=1, target_speed=9.24204105)
    vehicle1.accelerate(trigger_sequence=2, target_speed=31.26659105)
    vehicle2.accelerate(trigger_sequence=2, target_speed=34.3219763)
    vehicle3.decelerate(trigger_sequence=2, target_speed=16.02937071)
    vehicle3.decelerate(trigger_sequence=3, target_speed=1.34046106)
    vehicle3.changeLane(trigger_sequence=4, target_lane=1, target_speed=14.90217727)
    vehicle2.changeLane(trigger_sequence=5, target_lane=1, target_speed=25.56595473)

2025-04-22 Tuesday 11:29:34  random_test.py : INFO  === Evaluation Finished === 
 Fitness: [6.9995231600424415, -0.2303473491773309], Collision: False
2025-04-22 Tuesday 11:29:47  random_test.py : INFO  === Evaluate Testcase === 
 def testcase(self):
    vehicle1 = NPC(lane_id=4, offset=11.85548044, initial_speed=32.45485888)
    vehicle2 = NPC(lane_id=5, offset=5.36016243, initial_speed=16.88675589)
    vehicle3 = NPC(lane_id=4, offset=48.685616, initial_speed=9.23048223)
    ego = NPC(lane_id=1, offset=48.18149089, initial_speed=13.89572571)
    vehicle1.changeLane(trigger_sequence=2, target_lane=1, target_speed=2.64846132)
    vehicle2.decelerate(trigger_sequence=2, target_speed=26.22987611)
    vehicle2.accelerate(trigger_sequence=3, target_speed=40.33812633)
    vehicle3.accelerate(trigger_sequence=3, target_speed=42.29372858)
    vehicle1.decelerate(trigger_sequence=4, target_speed=3.04384927)
    vehicle3.accelerate(trigger_sequence=4, target_speed=47.36782623)
    vehicle3.decelerate(trigger_sequence=5, target_speed=22.50293938)

2025-04-22 Tuesday 11:29:47  random_test.py : INFO  === Evaluation Finished === 
 Fitness: [7.93494909027965, -0.02337228714524207], Collision: False
2025-04-22 Tuesday 11:30:01  random_test.py : INFO  === Evaluate Testcase === 
 def testcase(self):
    ego = NPC(lane_id=5, offset=48.09460281, initial_speed=17.72229706)
    vehicle2 = NPC(lane_id=5, offset=22.59424883, initial_speed=10.17282293)
    vehicle3 = NPC(lane_id=5, offset=37.56476509, initial_speed=9.56863707)
    vehicle4 = NPC(lane_id=3, offset=14.68309415, initial_speed=17.06840143)
    vehicle2.decelerate(trigger_sequence=1, target_speed=16.88946226)
    vehicle3.changeLane(trigger_sequence=1, target_lane=1, target_speed=33.08271759)
    vehicle4.accelerate(trigger_sequence=1, target_speed=59.61429864)
    vehicle2.accelerate(trigger_sequence=2, target_speed=45.60934933)
    vehicle4.decelerate(trigger_sequence=2, target_speed=4.22005829)
    vehicle2.accelerate(trigger_sequence=3, target_speed=30.47186999)

2025-04-22 Tuesday 11:30:01  random_test.py : INFO  === Evaluation Finished === 
 Fitness: [2.9434096181621237, -0.09169550173010381], Collision: True
2025-04-22 Tuesday 11:30:01  random_test.py : INFO  === Find a coollision ===
2025-04-22 Tuesday 11:30:15  random_test.py : INFO  === Evaluate Testcase === 
 def testcase(self):
    ego = NPC(lane_id=2, offset=21.68010233, initial_speed=29.55897182)
    vehicle2 = NPC(lane_id=3, offset=7.54393679, initial_speed=10.87469936)
    vehicle3 = NPC(lane_id=4, offset=13.37555329, initial_speed=35.95029172)
    vehicle4 = NPC(lane_id=1, offset=43.1665851, initial_speed=27.96453661)
    vehicle2.decelerate(trigger_sequence=1, target_speed=13.28742459)
    vehicle3.accelerate(trigger_sequence=1, target_speed=40.64380204)
    vehicle2.changeLane(trigger_sequence=3, target_lane=1, target_speed=34.33441283)
    vehicle4.changeLane(trigger_sequence=3, target_lane=3, target_speed=3.45653965)
    vehicle2.changeLane(trigger_sequence=4, target_lane=3, target_speed=25.4390126)
    vehicle3.decelerate(trigger_sequence=4, target_speed=19.3936335)
    vehicle2.accelerate(trigger_sequence=5, target_speed=41.08951744)
    vehicle3.changeLane(trigger_sequence=5, target_lane=1, target_speed=21.55334704)
    vehicle4.changeLane(trigger_sequence=5, target_lane=1, target_speed=51.33281623)

2025-04-22 Tuesday 11:30:15  random_test.py : INFO  === Evaluation Finished === 
 Fitness: [3.502889340822113, -0.4125], Collision: False
2025-04-22 Tuesday 11:30:29  random_test.py : INFO  === Evaluate Testcase === 
 def testcase(self):
    vehicle1 = NPC(lane_id=4, offset=39.32827255, initial_speed=15.8391234)
    vehicle2 = NPC(lane_id=1, offset=16.36352513, initial_speed=27.61724947)
    ego = NPC(lane_id=4, offset=21.84004985, initial_speed=37.68690576)
    vehicle4 = NPC(lane_id=5, offset=36.76191978, initial_speed=16.34768739)
    vehicle1.changeLane(trigger_sequence=1, target_lane=3, target_speed=6.47062709)
    vehicle4.changeLane(trigger_sequence=1, target_lane=1, target_speed=13.71153851)
    vehicle1.accelerate(trigger_sequence=4, target_speed=39.99653486)
    vehicle1.accelerate(trigger_sequence=5, target_speed=50.73338262)
    vehicle2.accelerate(trigger_sequence=5, target_speed=58.07853426)

2025-04-22 Tuesday 11:30:29  random_test.py : INFO  === Evaluation Finished === 
 Fitness: [3.5003354578238697, -0.3114754098360656], Collision: False
2025-04-22 Tuesday 11:30:43  random_test.py : INFO  === Evaluate Testcase === 
 def testcase(self):
    vehicle1 = NPC(lane_id=5, offset=5.56718316, initial_speed=29.28828705)
    vehicle2 = NPC(lane_id=1, offset=41.5470398, initial_speed=38.54642082)
    vehicle3 = NPC(lane_id=4, offset=16.43157522, initial_speed=31.28170687)
    ego = NPC(lane_id=4, offset=46.48493443, initial_speed=31.14719742)
    vehicle1.accelerate(trigger_sequence=1, target_speed=33.81887134)
    vehicle2.changeLane(trigger_sequence=1, target_lane=3, target_speed=53.79574756)
    vehicle3.changeLane(trigger_sequence=1, target_lane=3, target_speed=33.40597294)
    vehicle1.decelerate(trigger_sequence=2, target_speed=28.24725726)
    vehicle1.decelerate(trigger_sequence=3, target_speed=28.8366233)
    vehicle2.changeLane(trigger_sequence=3, target_lane=1, target_speed=8.40353939)
    vehicle3.changeLane(trigger_sequence=3, target_lane=1, target_speed=1.68095755)
    vehicle3.decelerate(trigger_sequence=4, target_speed=5.47204208)
    vehicle2.decelerate(trigger_sequence=5, target_speed=11.50493582)
    vehicle3.accelerate(trigger_sequence=5, target_speed=50.61424124)

2025-04-22 Tuesday 11:30:43  random_test.py : INFO  === Evaluation Finished === 
 Fitness: [3.60650139072202, -0.4121863799283154], Collision: False
2025-04-22 Tuesday 11:30:48  random_test.py : INFO  === Evaluate Testcase === 
 def testcase(self):
    vehicle1 = NPC(lane_id=5, offset=48.73576442, initial_speed=23.69828681)
    ego = NPC(lane_id=1, offset=0.64939538, initial_speed=38.40252615)
    vehicle3 = NPC(lane_id=5, offset=44.36641568, initial_speed=25.35363257)
    vehicle4 = NPC(lane_id=4, offset=45.48314897, initial_speed=7.82033019)
    vehicle3.accelerate(trigger_sequence=1, target_speed=35.01883881)
    vehicle3.changeLane(trigger_sequence=2, target_lane=1, target_speed=30.08675562)
    vehicle1.changeLane(trigger_sequence=3, target_lane=1, target_speed=49.99888992)
    vehicle1.changeLane(trigger_sequence=4, target_lane=1, target_speed=40.28329555)
    vehicle3.accelerate(trigger_sequence=4, target_speed=32.45822805)
    vehicle4.decelerate(trigger_sequence=4, target_speed=17.73461106)
    vehicle3.changeLane(trigger_sequence=5, target_lane=3, target_speed=27.56987591)
    vehicle4.changeLane(trigger_sequence=5, target_lane=3, target_speed=36.22324222)

2025-04-22 Tuesday 11:30:48  random_test.py : INFO  === Evaluation Finished === 
 Fitness: [inf, 0], Collision: False
2025-04-22 Tuesday 11:31:02  random_test.py : INFO  === Evaluate Testcase === 
 def testcase(self):
    vehicle1 = NPC(lane_id=3, offset=9.74328485, initial_speed=1.94262293)
    vehicle2 = NPC(lane_id=2, offset=39.65016434, initial_speed=21.76945892)
    ego = NPC(lane_id=5, offset=6.12219502, initial_speed=28.84698436)
    vehicle4 = NPC(lane_id=1, offset=29.76690763, initial_speed=30.95806514)
    vehicle1.changeLane(trigger_sequence=1, target_lane=1, target_speed=13.8671298)
    vehicle2.decelerate(trigger_sequence=1, target_speed=4.93849997)
    vehicle4.accelerate(trigger_sequence=1, target_speed=48.53924616)
    vehicle1.changeLane(trigger_sequence=2, target_lane=1, target_speed=3.90404417)
    vehicle2.accelerate(trigger_sequence=2, target_speed=42.13647603)
    vehicle1.decelerate(trigger_sequence=3, target_speed=28.22404265)
    vehicle4.changeLane(trigger_sequence=3, target_lane=3, target_speed=13.17630201)
    vehicle2.accelerate(trigger_sequence=4, target_speed=30.16299177)
    vehicle4.decelerate(trigger_sequence=4, target_speed=2.45558324)
    vehicle2.decelerate(trigger_sequence=5, target_speed=12.66096851)
    vehicle4.decelerate(trigger_sequence=5, target_speed=4.9143234)

2025-04-22 Tuesday 11:31:02  random_test.py : INFO  === Evaluation Finished === 
 Fitness: [6.995718435097903, -0.38324420677361853], Collision: False
2025-04-22 Tuesday 11:31:16  random_test.py : INFO  === Evaluate Testcase === 
 def testcase(self):
    ego = NPC(lane_id=4, offset=6.82339866, initial_speed=7.64859445)
    vehicle2 = NPC(lane_id=4, offset=47.06489919, initial_speed=30.93780446)
    vehicle3 = NPC(lane_id=4, offset=19.13172761, initial_speed=21.21084325)
    vehicle3.changeLane(trigger_sequence=1, target_lane=1, target_speed=31.75155223)
    vehicle3.decelerate(trigger_sequence=2, target_speed=17.3869261)
    vehicle2.changeLane(trigger_sequence=3, target_lane=1, target_speed=51.99797462)
    vehicle3.accelerate(trigger_sequence=3, target_speed=43.43232122)
    vehicle2.decelerate(trigger_sequence=4, target_speed=10.11877401)

2025-04-22 Tuesday 11:31:16  random_test.py : INFO  === Evaluation Finished === 
 Fitness: [12.602906231185377, -0.03833333333333333], Collision: False
2025-04-22 Tuesday 11:31:30  random_test.py : INFO  === Evaluate Testcase === 
 def testcase(self):
    vehicle1 = NPC(lane_id=3, offset=30.41169977, initial_speed=21.35072985)
    ego = NPC(lane_id=1, offset=28.88653638, initial_speed=6.97973773)
    vehicle3 = NPC(lane_id=2, offset=29.53957887, initial_speed=4.69922063)
    vehicle3.decelerate(trigger_sequence=3, target_speed=8.70253706)
    vehicle1.decelerate(trigger_sequence=4, target_speed=16.59504501)
    vehicle1.changeLane(trigger_sequence=5, target_lane=3, target_speed=27.4570331)

2025-04-22 Tuesday 11:31:30  random_test.py : INFO  === Evaluation Finished === 
 Fitness: [3.5034028104793116, -0.03666666666666667], Collision: False
2025-04-22 Tuesday 11:31:44  random_test.py : INFO  === Evaluate Testcase === 
 def testcase(self):
    vehicle1 = NPC(lane_id=2, offset=17.77135177, initial_speed=36.31053277)
    ego = NPC(lane_id=4, offset=2.17115189, initial_speed=28.48674514)
    vehicle1.changeLane(trigger_sequence=1, target_lane=3, target_speed=55.07683185)
    vehicle1.accelerate(trigger_sequence=3, target_speed=34.11920713)
    vehicle1.decelerate(trigger_sequence=5, target_speed=12.12519027)

2025-04-22 Tuesday 11:31:44  random_test.py : INFO  === Evaluation Finished === 
 Fitness: [17.556362453464168, -0.4474153297682709], Collision: False
2025-04-22 Tuesday 11:31:58  random_test.py : INFO  === Evaluate Testcase === 
 def testcase(self):
    vehicle1 = NPC(lane_id=3, offset=43.99518591, initial_speed=27.09061734)
    vehicle2 = NPC(lane_id=4, offset=17.78488997, initial_speed=26.20787223)
    ego = NPC(lane_id=1, offset=1.28262362, initial_speed=6.75067909)
    vehicle1.decelerate(trigger_sequence=1, target_speed=24.89580997)
    vehicle2.decelerate(trigger_sequence=1, target_speed=20.02054177)
    vehicle1.accelerate(trigger_sequence=2, target_speed=57.17974048)
    vehicle1.changeLane(trigger_sequence=3, target_lane=1, target_speed=10.34109976)
    vehicle2.decelerate(trigger_sequence=3, target_speed=10.64780477)
    vehicle2.accelerate(trigger_sequence=4, target_speed=44.77674269)

2025-04-22 Tuesday 11:31:58  random_test.py : INFO  === Evaluation Finished === 
 Fitness: [19.872443661216458, -0.035], Collision: False
2025-04-22 Tuesday 11:32:12  random_test.py : INFO  === Evaluate Testcase === 
 def testcase(self):
    ego = NPC(lane_id=3, offset=11.74698183, initial_speed=4.7431358)
    vehicle2 = NPC(lane_id=5, offset=26.22813346, initial_speed=31.92269415)
    vehicle2.changeLane(trigger_sequence=2, target_lane=3, target_speed=9.82534387)
    vehicle2.decelerate(trigger_sequence=3, target_speed=15.98999298)
    vehicle2.changeLane(trigger_sequence=5, target_lane=1, target_speed=59.49597596)

2025-04-22 Tuesday 11:32:12  random_test.py : INFO  === Evaluation Finished === 
 Fitness: [16.48849141969331, -0.49333333333333335], Collision: False
2025-04-22 Tuesday 11:32:17  random_test.py : INFO  === Evaluate Testcase === 
 def testcase(self):
    vehicle1 = NPC(lane_id=1, offset=48.08383963, initial_speed=6.166308)
    vehicle2 = NPC(lane_id=1, offset=49.30606381, initial_speed=14.2685672)
    vehicle3 = NPC(lane_id=3, offset=45.63866214, initial_speed=2.10031681)
    ego = NPC(lane_id=2, offset=22.46228627, initial_speed=27.25516018)
    vehicle1.decelerate(trigger_sequence=1, target_speed=23.5937294)
    vehicle2.accelerate(trigger_sequence=1, target_speed=58.85936183)
    vehicle1.accelerate(trigger_sequence=2, target_speed=57.19312385)
    vehicle3.accelerate(trigger_sequence=2, target_speed=44.65499045)
    vehicle1.changeLane(trigger_sequence=3, target_lane=3, target_speed=19.03479646)
    vehicle1.accelerate(trigger_sequence=4, target_speed=44.83768626)
    vehicle1.accelerate(trigger_sequence=5, target_speed=44.96586174)
    vehicle3.accelerate(trigger_sequence=5, target_speed=38.15788374)

2025-04-22 Tuesday 11:32:17  random_test.py : INFO  === Evaluation Finished === 
 Fitness: [inf, 0], Collision: False
2025-04-22 Tuesday 11:32:30  random_test.py : INFO  === Evaluate Testcase === 
 def testcase(self):
    ego = NPC(lane_id=5, offset=8.00241356, initial_speed=24.33912413)
    vehicle2 = NPC(lane_id=5, offset=15.39586964, initial_speed=30.96095639)
    vehicle3 = NPC(lane_id=5, offset=44.77465473, initial_speed=28.77515748)
    vehicle4 = NPC(lane_id=1, offset=36.62887551, initial_speed=34.30348252)
    vehicle2.changeLane(trigger_sequence=1, target_lane=3, target_speed=2.33516658)
    vehicle3.decelerate(trigger_sequence=1, target_speed=9.5627011)
    vehicle2.accelerate(trigger_sequence=2, target_speed=34.06568467)
    vehicle3.decelerate(trigger_sequence=2, target_speed=9.80053655)
    vehicle4.changeLane(trigger_sequence=3, target_lane=1, target_speed=42.75375971)
    vehicle4.changeLane(trigger_sequence=4, target_lane=3, target_speed=31.71175692)
    vehicle2.decelerate(trigger_sequence=5, target_speed=10.81111059)
    vehicle4.decelerate(trigger_sequence=5, target_speed=26.68323146)

2025-04-22 Tuesday 11:32:30  random_test.py : INFO  === Evaluation Finished === 
 Fitness: [3.538180023110328, -0.3019538188277087], Collision: True
2025-04-22 Tuesday 11:32:30  random_test.py : INFO  === Find a collision ===
2025-04-22 Tuesday 11:32:44  random_test.py : INFO  === Evaluate Testcase === 
 def testcase(self):
    ego = NPC(lane_id=2, offset=26.91929081, initial_speed=2.71330255)
    vehicle2 = NPC(lane_id=4, offset=36.93806726, initial_speed=11.21797558)
    vehicle2.decelerate(trigger_sequence=1, target_speed=4.03459373)
    vehicle2.changeLane(trigger_sequence=2, target_lane=1, target_speed=22.33364575)

2025-04-22 Tuesday 11:32:44  random_test.py : INFO  === Evaluation Finished === 
 Fitness: [12.355205493322526, -0.5437710437710438], Collision: False
2025-04-22 Tuesday 11:32:58  random_test.py : INFO  === Evaluate Testcase === 
 def testcase(self):
    vehicle1 = NPC(lane_id=1, offset=9.81656506, initial_speed=8.18229702)
    vehicle2 = NPC(lane_id=2, offset=44.22969427, initial_speed=21.9464569)
    vehicle3 = NPC(lane_id=3, offset=20.50232835, initial_speed=8.36374857)
    ego = NPC(lane_id=3, offset=33.91573788, initial_speed=30.80985621)
    vehicle1.changeLane(trigger_sequence=1, target_lane=3, target_speed=26.86586865)
    vehicle2.changeLane(trigger_sequence=1, target_lane=1, target_speed=51.97340773)
    vehicle3.decelerate(trigger_sequence=1, target_speed=3.51451769)
    vehicle2.decelerate(trigger_sequence=2, target_speed=11.69264992)
    vehicle1.decelerate(trigger_sequence=4, target_speed=11.37614959)
    vehicle2.decelerate(trigger_sequence=4, target_speed=3.74766031)
    vehicle3.changeLane(trigger_sequence=4, target_lane=3, target_speed=50.07974337)
    vehicle1.accelerate(trigger_sequence=5, target_speed=59.24785459)

2025-04-22 Tuesday 11:32:58  random_test.py : INFO  === Evaluation Finished === 
 Fitness: [6.338905215130935, -0.4767025089605735], Collision: False
2025-04-22 Tuesday 11:33:12  random_test.py : INFO  === Evaluate Testcase === 
 def testcase(self):
    vehicle1 = NPC(lane_id=2, offset=21.10869721, initial_speed=27.09971826)
    ego = NPC(lane_id=3, offset=30.09764169, initial_speed=4.5626744)
    vehicle1.decelerate(trigger_sequence=1, target_speed=27.23434884)
    vehicle1.accelerate(trigger_sequence=3, target_speed=56.99377806)
    vehicle1.changeLane(trigger_sequence=4, target_lane=3, target_speed=55.44504321)
    vehicle1.decelerate(trigger_sequence=5, target_speed=18.12654879)

2025-04-22 Tuesday 11:33:12  random_test.py : INFO  === Evaluation Finished === 
 Fitness: [3.4923626633655482, -0.5083333333333333], Collision: False
2025-04-22 Tuesday 11:33:25  random_test.py : INFO  === Evaluate Testcase === 
 def testcase(self):
    ego = NPC(lane_id=4, offset=39.56056566, initial_speed=19.49152898)
    vehicle2 = NPC(lane_id=4, offset=23.23588785, initial_speed=37.66546212)
    vehicle2.decelerate(trigger_sequence=2, target_speed=0.07699882)
    vehicle2.changeLane(trigger_sequence=4, target_lane=1, target_speed=10.10976022)
    vehicle2.accelerate(trigger_sequence=5, target_speed=41.29998238)

2025-04-22 Tuesday 11:33:25  random_test.py : INFO  === Evaluation Finished === 
 Fitness: [4.758927575587279, -0.6284722222222222], Collision: True
2025-04-22 Tuesday 11:33:25  random_test.py : INFO  === Find a coollision ===
2025-04-22 Tuesday 11:33:39  random_test.py : INFO  === Evaluate Testcase === 
 def testcase(self):
    vehicle1 = NPC(lane_id=1, offset=8.42833554, initial_speed=15.45466904)
    vehicle2 = NPC(lane_id=1, offset=41.71738521, initial_speed=27.73783236)
    ego = NPC(lane_id=4, offset=27.57909698, initial_speed=18.38269464)
    vehicle2.accelerate(trigger_sequence=1, target_speed=46.36830016)
    vehicle1.accelerate(trigger_sequence=2, target_speed=30.01561466)
    vehicle2.changeLane(trigger_sequence=2, target_lane=3, target_speed=58.46981621)
    vehicle2.changeLane(trigger_sequence=4, target_lane=1, target_speed=11.58159902)
    vehicle1.accelerate(trigger_sequence=5, target_speed=52.39742996)

2025-04-22 Tuesday 11:33:39  random_test.py : INFO  === Evaluation Finished === 
 Fitness: [10.50053427803007, -0.5346020761245674], Collision: False
2025-04-22 Tuesday 11:33:53  random_test.py : INFO  === Evaluate Testcase === 
 def testcase(self):
    vehicle1 = NPC(lane_id=1, offset=38.92524372, initial_speed=22.61897966)
    vehicle2 = NPC(lane_id=5, offset=30.70610037, initial_speed=21.63911591)
    ego = NPC(lane_id=2, offset=12.86190312, initial_speed=30.38672211)
    vehicle4 = NPC(lane_id=1, offset=4.76637974, initial_speed=38.46471159)
    vehicle1.decelerate(trigger_sequence=1, target_speed=22.02987936)
    vehicle4.changeLane(trigger_sequence=2, target_lane=1, target_speed=40.81763878)
    vehicle1.accelerate(trigger_sequence=3, target_speed=38.57793518)
    vehicle4.accelerate(trigger_sequence=3, target_speed=34.98090498)
    vehicle4.accelerate(trigger_sequence=5, target_speed=52.578267)

2025-04-22 Tuesday 11:33:53  random_test.py : INFO  === Evaluation Finished === 
 Fitness: [3.4916114977816193, -0.5635062611806798], Collision: False
2025-04-22 Tuesday 11:34:07  random_test.py : INFO  === Evaluate Testcase === 
 def testcase(self):
    vehicle1 = NPC(lane_id=2, offset=44.98829437, initial_speed=21.51551522)
    ego = NPC(lane_id=3, offset=28.71666571, initial_speed=22.47180635)
    vehicle3 = NPC(lane_id=4, offset=17.21490132, initial_speed=2.44229708)
    vehicle1.changeLane(trigger_sequence=1, target_lane=3, target_speed=30.75589928)
    vehicle3.changeLane(trigger_sequence=2, target_lane=1, target_speed=17.32576068)
    vehicle3.changeLane(trigger_sequence=3, target_lane=1, target_speed=42.64575683)
    vehicle1.accelerate(trigger_sequence=4, target_speed=46.47083148)

2025-04-22 Tuesday 11:34:07  random_test.py : INFO  === Evaluation Finished === 
 Fitness: [11.650138658093526, -0.5543859649122806], Collision: False
2025-04-22 Tuesday 11:34:21  random_test.py : INFO  === Evaluate Testcase === 
 def testcase(self):
    vehicle1 = NPC(lane_id=1, offset=3.69592381, initial_speed=15.45800849)
    vehicle2 = NPC(lane_id=4, offset=44.62289168, initial_speed=37.60324746)
    vehicle3 = NPC(lane_id=1, offset=11.88559797, initial_speed=2.91938545)
    ego = NPC(lane_id=3, offset=49.53261053, initial_speed=3.17229483)
    vehicle1.accelerate(trigger_sequence=2, target_speed=43.66538362)
    vehicle2.decelerate(trigger_sequence=2, target_speed=4.77904318)
    vehicle3.changeLane(trigger_sequence=2, target_lane=3, target_speed=45.85001492)
    vehicle1.accelerate(trigger_sequence=3, target_speed=46.57038925)
    vehicle3.decelerate(trigger_sequence=3, target_speed=4.90558755)
    vehicle1.changeLane(trigger_sequence=4, target_lane=3, target_speed=50.70623025)
    vehicle2.accelerate(trigger_sequence=4, target_speed=56.0198914)
    vehicle2.decelerate(trigger_sequence=5, target_speed=25.85150196)

2025-04-22 Tuesday 11:34:21  random_test.py : INFO  === Evaluation Finished === 
 Fitness: [3.515523399641601, -0.5385906040268457], Collision: False
2025-04-22 Tuesday 11:34:35  random_test.py : INFO  === Evaluate Testcase === 
 def testcase(self):
    vehicle1 = NPC(lane_id=3, offset=46.26568932, initial_speed=29.23451143)
    ego = NPC(lane_id=4, offset=9.35350184, initial_speed=29.12467147)
    vehicle3 = NPC(lane_id=2, offset=12.67629129, initial_speed=29.6940251)
    vehicle4 = NPC(lane_id=5, offset=14.85789203, initial_speed=1.93652331)
    vehicle1.changeLane(trigger_sequence=2, target_lane=3, target_speed=53.8375071)
    vehicle4.decelerate(trigger_sequence=3, target_speed=9.74903923)
    vehicle3.changeLane(trigger_sequence=4, target_lane=1, target_speed=22.33209691)

2025-04-22 Tuesday 11:34:35  random_test.py : INFO  === Evaluation Finished === 
 Fitness: [3.503210078660748, -0.38392857142857145], Collision: False
2025-04-22 Tuesday 11:34:49  random_test.py : INFO  === Evaluate Testcase === 
 def testcase(self):
    vehicle1 = NPC(lane_id=1, offset=22.56414889, initial_speed=1.61286174)
    vehicle2 = NPC(lane_id=2, offset=47.68695698, initial_speed=22.89775742)
    ego = NPC(lane_id=3, offset=28.971465, initial_speed=18.35910223)
    vehicle2.decelerate(trigger_sequence=1, target_speed=16.12911022)
    vehicle1.changeLane(trigger_sequence=2, target_lane=3, target_speed=21.12340009)
    vehicle2.decelerate(trigger_sequence=2, target_speed=6.68752464)
    vehicle1.decelerate(trigger_sequence=3, target_speed=12.07851186)
    vehicle1.accelerate(trigger_sequence=4, target_speed=58.9463489)
    vehicle2.accelerate(trigger_sequence=4, target_speed=51.42603975)
    vehicle2.accelerate(trigger_sequence=5, target_speed=33.27127213)

2025-04-22 Tuesday 11:34:49  random_test.py : INFO  === Evaluation Finished === 
 Fitness: [4.691682415600964, -0.527681660899654], Collision: False
2025-04-22 Tuesday 11:35:03  random_test.py : INFO  === Evaluate Testcase === 
 def testcase(self):
    vehicle1 = NPC(lane_id=1, offset=20.00810157, initial_speed=25.52469987)
    ego = NPC(lane_id=1, offset=28.67394179, initial_speed=32.55670673)
    vehicle1.decelerate(trigger_sequence=1, target_speed=8.6636108)

2025-04-22 Tuesday 11:35:03  random_test.py : INFO  === Evaluation Finished === 
 Fitness: [4.769654114874246, -0.3734290843806104], Collision: True
2025-04-22 Tuesday 11:35:03  random_test.py : INFO  === Find a coollision ===
2025-04-22 Tuesday 11:35:16  random_test.py : INFO  === Evaluate Testcase === 
 def testcase(self):
    vehicle1 = NPC(lane_id=3, offset=19.58964359, initial_speed=4.10724541)
    ego = NPC(lane_id=2, offset=31.2124179, initial_speed=27.70399035)
    vehicle1.changeLane(trigger_sequence=1, target_lane=1, target_speed=49.71504174)
    vehicle1.accelerate(trigger_sequence=2, target_speed=41.13827401)
    vehicle1.decelerate(trigger_sequence=3, target_speed=23.03789647)
    vehicle1.accelerate(trigger_sequence=4, target_speed=55.74093579)
    vehicle1.accelerate(trigger_sequence=5, target_speed=57.83851368)

2025-04-22 Tuesday 11:35:16  random_test.py : INFO  === Evaluation Finished === 
 Fitness: [3.5004934772014433, -0.48576512455516013], Collision: False
2025-04-22 Tuesday 11:35:30  random_test.py : INFO  === Evaluate Testcase === 
 def testcase(self):
    vehicle1 = NPC(lane_id=1, offset=7.6679871, initial_speed=3.8993012)
    ego = NPC(lane_id=3, offset=35.0099237, initial_speed=6.79503789)
    vehicle1.decelerate(trigger_sequence=1, target_speed=0.71491688)
    vehicle1.changeLane(trigger_sequence=5, target_lane=1, target_speed=6.15345167)

2025-04-22 Tuesday 11:35:30  random_test.py : INFO  === Evaluation Finished === 
 Fitness: [27.30027967228213, -0.9666666666666667], Collision: False
2025-04-22 Tuesday 11:35:44  random_test.py : INFO  === Evaluate Testcase === 
 def testcase(self):
    vehicle1 = NPC(lane_id=1, offset=40.65014312, initial_speed=14.08323678)
    ego = NPC(lane_id=1, offset=27.72133621, initial_speed=10.44806654)
    vehicle1.changeLane(trigger_sequence=1, target_lane=1, target_speed=4.64372174)
    vehicle1.changeLane(trigger_sequence=2, target_lane=1, target_speed=2.27010388)
    vehicle1.accelerate(trigger_sequence=3, target_speed=34.08123673)
    vehicle1.accelerate(trigger_sequence=4, target_speed=47.4788345)

2025-04-22 Tuesday 11:35:44  random_test.py : INFO  === Evaluation Finished === 
 Fitness: [13.124413389041118, -0.03005008347245409], Collision: False
2025-04-22 Tuesday 11:35:58  random_test.py : INFO  === Evaluate Testcase === 
 def testcase(self):
    vehicle1 = NPC(lane_id=1, offset=4.55251968, initial_speed=25.63723533)
    ego = NPC(lane_id=3, offset=18.18546165, initial_speed=19.2942203)
    vehicle1.accelerate(trigger_sequence=2, target_speed=43.6685939)
    vehicle1.decelerate(trigger_sequence=4, target_speed=28.44092904)
    vehicle1.accelerate(trigger_sequence=5, target_speed=46.0728033)

2025-04-22 Tuesday 11:35:58  random_test.py : INFO  === Evaluation Finished === 
 Fitness: [6.999173143488863, -0.6475694444444444], Collision: False
2025-04-22 Tuesday 11:36:12  random_test.py : INFO  === Evaluate Testcase === 
 def testcase(self):
    ego = NPC(lane_id=3, offset=8.76143179, initial_speed=23.70058727)
    vehicle2 = NPC(lane_id=3, offset=30.56329367, initial_speed=38.0986719)
    vehicle3 = NPC(lane_id=5, offset=38.86250769, initial_speed=17.00313716)
    vehicle3.changeLane(trigger_sequence=1, target_lane=1, target_speed=30.74411717)
    vehicle2.decelerate(trigger_sequence=2, target_speed=20.40803964)
    vehicle3.changeLane(trigger_sequence=2, target_lane=3, target_speed=35.23417635)
    vehicle2.accelerate(trigger_sequence=3, target_speed=44.87277119)
    vehicle3.decelerate(trigger_sequence=4, target_speed=28.85220318)
    vehicle2.decelerate(trigger_sequence=5, target_speed=15.57807822)

2025-04-22 Tuesday 11:36:12  random_test.py : INFO  === Evaluation Finished === 
 Fitness: [22.86009220618897, -0.5334507042253521], Collision: False
2025-04-22 Tuesday 11:36:26  random_test.py : INFO  === Evaluate Testcase === 
 def testcase(self):
    vehicle1 = NPC(lane_id=3, offset=28.86892721, initial_speed=38.48992508)
    ego = NPC(lane_id=4, offset=32.05876384, initial_speed=14.73776294)
    vehicle3 = NPC(lane_id=5, offset=14.89783926, initial_speed=22.96003327)
    vehicle1.accelerate(trigger_sequence=1, target_speed=49.6656873)
    vehicle3.changeLane(trigger_sequence=1, target_lane=1, target_speed=37.4440385)
    vehicle3.accelerate(trigger_sequence=2, target_speed=56.11088697)
    vehicle1.decelerate(trigger_sequence=4, target_speed=29.30326251)
    vehicle3.accelerate(trigger_sequence=4, target_speed=56.03929505)
    vehicle1.accelerate(trigger_sequence=5, target_speed=39.57608102)
    vehicle3.decelerate(trigger_sequence=5, target_speed=6.04321628)

2025-04-22 Tuesday 11:36:26  random_test.py : INFO  === Evaluation Finished === 
 Fitness: [3.490834605501146, -0.051839464882943144], Collision: False
2025-04-22 Tuesday 11:36:40  random_test.py : INFO  === Evaluate Testcase === 
 def testcase(self):
    vehicle1 = NPC(lane_id=1, offset=19.54397319, initial_speed=18.7017116)
    ego = NPC(lane_id=3, offset=25.09969109, initial_speed=9.93243535)
    vehicle3 = NPC(lane_id=1, offset=31.90289716, initial_speed=36.63142287)
    vehicle4 = NPC(lane_id=4, offset=22.88257714, initial_speed=36.18356113)
    vehicle1.changeLane(trigger_sequence=1, target_lane=1, target_speed=35.22491612)
    vehicle3.decelerate(trigger_sequence=1, target_speed=12.03365825)
    vehicle4.accelerate(trigger_sequence=1, target_speed=55.19157721)
    vehicle3.changeLane(trigger_sequence=2, target_lane=1, target_speed=5.0557829)
    vehicle4.changeLane(trigger_sequence=4, target_lane=1, target_speed=33.34346114)

2025-04-22 Tuesday 11:36:40  random_test.py : INFO  === Evaluation Finished === 
 Fitness: [3.515317137040188, -0.023333333333333334], Collision: False
2025-04-22 Tuesday 11:36:45  random_test.py : INFO  === Evaluate Testcase === 
 def testcase(self):
    vehicle1 = NPC(lane_id=1, offset=28.31234474, initial_speed=20.95221457)
    vehicle2 = NPC(lane_id=3, offset=5.91180079, initial_speed=0.82727782)
    ego = NPC(lane_id=2, offset=5.89316216, initial_speed=22.03135304)
    vehicle4 = NPC(lane_id=2, offset=1.28894689, initial_speed=39.49751634)
    vehicle2.accelerate(trigger_sequence=1, target_speed=37.98157094)
    vehicle4.accelerate(trigger_sequence=2, target_speed=52.30954111)
    vehicle1.accelerate(trigger_sequence=3, target_speed=40.69892583)
    vehicle1.decelerate(trigger_sequence=4, target_speed=27.55437827)
    vehicle2.changeLane(trigger_sequence=5, target_lane=3, target_speed=6.24495413)

2025-04-22 Tuesday 11:36:45  random_test.py : INFO  === Evaluation Finished === 
 Fitness: [inf, 0], Collision: False
2025-04-22 Tuesday 11:36:59  random_test.py : INFO  === Evaluate Testcase === 
 def testcase(self):
    ego = NPC(lane_id=5, offset=0.13252505, initial_speed=2.95985623)
    vehicle2 = NPC(lane_id=2, offset=46.2722786, initial_speed=7.9819693)
    vehicle3 = NPC(lane_id=4, offset=32.06125475, initial_speed=32.89980557)
    vehicle2.changeLane(trigger_sequence=2, target_lane=1, target_speed=0.3240826)
    vehicle2.decelerate(trigger_sequence=3, target_speed=12.41230024)
    vehicle2.decelerate(trigger_sequence=5, target_speed=27.15648734)

2025-04-22 Tuesday 11:36:59  random_test.py : INFO  === Evaluation Finished === 
 Fitness: [32.573257246061864, -0.5764705882352941], Collision: False
2025-04-22 Tuesday 11:37:13  random_test.py : INFO  === Evaluate Testcase === 
 def testcase(self):
    ego = NPC(lane_id=2, offset=8.20563794, initial_speed=20.82133031)
    vehicle2 = NPC(lane_id=5, offset=30.66080243, initial_speed=39.4726835)
    vehicle2.changeLane(trigger_sequence=2, target_lane=1, target_speed=15.69878019)
    vehicle2.accelerate(trigger_sequence=3, target_speed=59.46354848)
    vehicle2.changeLane(trigger_sequence=5, target_lane=1, target_speed=21.95020058)

2025-04-22 Tuesday 11:37:13  random_test.py : INFO  === Evaluation Finished === 
 Fitness: [25.290273529122842, -0.6034782608695652], Collision: False
2025-04-22 Tuesday 11:37:27  random_test.py : INFO  === Evaluate Testcase === 
 def testcase(self):
    ego = NPC(lane_id=3, offset=14.0992052, initial_speed=18.53708884)
    vehicle2 = NPC(lane_id=4, offset=11.29265797, initial_speed=9.01881077)
    vehicle2.changeLane(trigger_sequence=1, target_lane=1, target_speed=40.79867075)
    vehicle2.decelerate(trigger_sequence=2, target_speed=27.61198226)

2025-04-22 Tuesday 11:37:27  random_test.py : INFO  === Evaluation Finished === 
 Fitness: [3.286497946210059, -0.5719237435008665], Collision: True
2025-04-22 Tuesday 11:37:27  random_test.py : INFO  === Find a coollision ===
2025-04-22 Tuesday 11:37:41  random_test.py : INFO  === Evaluate Testcase === 
 def testcase(self):
    ego = NPC(lane_id=5, offset=36.45131137, initial_speed=13.19372799)
    vehicle2 = NPC(lane_id=1, offset=43.86762311, initial_speed=16.41136786)
    vehicle2.decelerate(trigger_sequence=2, target_speed=21.71445439)
    vehicle2.changeLane(trigger_sequence=4, target_lane=1, target_speed=51.43757335)
    vehicle2.decelerate(trigger_sequence=5, target_speed=15.90099383)

2025-04-22 Tuesday 11:37:41  random_test.py : INFO  === Evaluation Finished === 
 Fitness: [15.94291305420368, -0.021775544388609715], Collision: False
2025-04-22 Tuesday 11:37:55  random_test.py : INFO  === Evaluate Testcase === 
 def testcase(self):
    ego = NPC(lane_id=3, offset=43.17370974, initial_speed=32.02580877)
    vehicle2 = NPC(lane_id=5, offset=19.03779387, initial_speed=36.6033656)
    vehicle2.accelerate(trigger_sequence=2, target_speed=48.01375605)
    vehicle2.changeLane(trigger_sequence=3, target_lane=3, target_speed=44.51246383)
    vehicle2.changeLane(trigger_sequence=4, target_lane=3, target_speed=58.54265495)

2025-04-22 Tuesday 11:37:55  random_test.py : INFO  === Evaluation Finished === 
 Fitness: [7.000165402697966, -0.38240574506283664], Collision: False
2025-04-22 Tuesday 11:38:09  random_test.py : INFO  === Evaluate Testcase === 
 def testcase(self):
    ego = NPC(lane_id=1, offset=41.90468192, initial_speed=27.09779847)
    vehicle2 = NPC(lane_id=3, offset=45.11381846, initial_speed=29.73609701)
    vehicle2.accelerate(trigger_sequence=2, target_speed=34.36525545)
    vehicle2.decelerate(trigger_sequence=4, target_speed=17.40954324)
    vehicle2.changeLane(trigger_sequence=5, target_lane=3, target_speed=44.26775711)

2025-04-22 Tuesday 11:38:09  random_test.py : INFO  === Evaluation Finished === 
 Fitness: [7.8897819914399365, -0.49023090586145646], Collision: False
2025-04-22 Tuesday 11:38:23  random_test.py : INFO  === Evaluate Testcase === 
 def testcase(self):
    vehicle1 = NPC(lane_id=2, offset=46.00329576, initial_speed=0.77294854)
    ego = NPC(lane_id=2, offset=20.99304986, initial_speed=39.81551031)
    vehicle3 = NPC(lane_id=5, offset=9.7974523, initial_speed=34.35809304)
    vehicle4 = NPC(lane_id=5, offset=24.49573833, initial_speed=20.46291688)
    vehicle1.changeLane(trigger_sequence=2, target_lane=1, target_speed=16.75638077)
    vehicle1.changeLane(trigger_sequence=3, target_lane=1, target_speed=35.1341989)
    vehicle1.accelerate(trigger_sequence=4, target_speed=52.99577686)
    vehicle4.accelerate(trigger_sequence=5, target_speed=59.67864614)

2025-04-22 Tuesday 11:38:23  random_test.py : INFO  === Evaluation Finished === 
 Fitness: [3.4995930611873334, -0.23026315789473684], Collision: False
2025-04-22 Tuesday 11:38:37  random_test.py : INFO  === Evaluate Testcase === 
 def testcase(self):
    vehicle1 = NPC(lane_id=5, offset=42.70712466, initial_speed=1.71635606)
    vehicle2 = NPC(lane_id=4, offset=49.50359205, initial_speed=34.8174857)
    ego = NPC(lane_id=1, offset=31.96355989, initial_speed=39.33777281)
    vehicle4 = NPC(lane_id=2, offset=47.77442075, initial_speed=23.82951932)
    vehicle2.decelerate(trigger_sequence=1, target_speed=15.87306319)
    vehicle4.decelerate(trigger_sequence=1, target_speed=28.97839957)
    vehicle1.accelerate(trigger_sequence=2, target_speed=48.1165458)
    vehicle1.changeLane(trigger_sequence=3, target_lane=3, target_speed=20.41088217)
    vehicle2.decelerate(trigger_sequence=3, target_speed=16.81256241)
    vehicle1.accelerate(trigger_sequence=4, target_speed=50.40635987)
    vehicle2.decelerate(trigger_sequence=4, target_speed=3.84415364)
    vehicle1.changeLane(trigger_sequence=5, target_lane=3, target_speed=2.07574436)

2025-04-22 Tuesday 11:38:37  random_test.py : INFO  === Evaluation Finished === 
 Fitness: [3.5005947152528245, -0.21755027422303475], Collision: False
2025-04-22 Tuesday 11:38:51  random_test.py : INFO  === Evaluate Testcase === 
 def testcase(self):
    ego = NPC(lane_id=1, offset=27.74091041, initial_speed=37.74807098)
    vehicle2 = NPC(lane_id=5, offset=16.45595435, initial_speed=27.12358196)
    vehicle2.changeLane(trigger_sequence=1, target_lane=1, target_speed=3.54387674)
    vehicle2.changeLane(trigger_sequence=4, target_lane=1, target_speed=25.90052542)
    vehicle2.accelerate(trigger_sequence=5, target_speed=39.9906951)

2025-04-22 Tuesday 11:38:51  random_test.py : INFO  === Evaluation Finished === 
 Fitness: [14.356978416535075, -0.27140255009107467], Collision: False
2025-04-22 Tuesday 11:39:06  random_test.py : INFO  === Evaluate Testcase === 
 def testcase(self):
    vehicle1 = NPC(lane_id=5, offset=18.6906752, initial_speed=10.89503147)
    ego = NPC(lane_id=3, offset=35.61488445, initial_speed=3.72942278)
    vehicle3 = NPC(lane_id=4, offset=39.52809783, initial_speed=27.40114553)
    vehicle4 = NPC(lane_id=5, offset=34.17702969, initial_speed=8.56550491)
    vehicle4.changeLane(trigger_sequence=1, target_lane=3, target_speed=40.8915353)
    vehicle4.changeLane(trigger_sequence=2, target_lane=1, target_speed=52.28412963)
    vehicle1.changeLane(trigger_sequence=3, target_lane=1, target_speed=59.08881865)
    vehicle4.accelerate(trigger_sequence=3, target_speed=33.54926408)
    vehicle4.changeLane(trigger_sequence=4, target_lane=3, target_speed=10.16241655)
    vehicle1.changeLane(trigger_sequence=5, target_lane=1, target_speed=47.4489045)

2025-04-22 Tuesday 11:39:06  random_test.py : INFO  === Evaluation Finished === 
 Fitness: [5.844986013718507, -0.5067114093959731], Collision: False
2025-04-22 Tuesday 11:39:20  random_test.py : INFO  === Evaluate Testcase === 
 def testcase(self):
    vehicle1 = NPC(lane_id=3, offset=39.90527766, initial_speed=4.97177751)
    ego = NPC(lane_id=1, offset=14.99199291, initial_speed=1.86217101)
    vehicle3 = NPC(lane_id=4, offset=2.3740034, initial_speed=8.28197208)
    vehicle4 = NPC(lane_id=3, offset=29.25189838, initial_speed=5.36975065)
    vehicle1.accelerate(trigger_sequence=1, target_speed=47.16493784)
    vehicle3.accelerate(trigger_sequence=1, target_speed=54.12475377)
    vehicle4.changeLane(trigger_sequence=1, target_lane=3, target_speed=6.42076356)
    vehicle1.changeLane(trigger_sequence=2, target_lane=1, target_speed=38.04899643)
    vehicle3.changeLane(trigger_sequence=2, target_lane=1, target_speed=11.0933265)
    vehicle3.accelerate(trigger_sequence=4, target_speed=30.90593721)
    vehicle1.changeLane(trigger_sequence=5, target_lane=3, target_speed=34.20455698)
    vehicle3.decelerate(trigger_sequence=5, target_speed=3.21069723)

2025-04-22 Tuesday 11:39:20  random_test.py : INFO  === Evaluation Finished === 
 Fitness: [10.507728835277687, -0.6285714285714286], Collision: False
2025-04-22 Tuesday 11:39:35  random_test.py : INFO  === Evaluate Testcase === 
 def testcase(self):
    ego = NPC(lane_id=4, offset=24.85896624, initial_speed=35.87952793)
    vehicle2 = NPC(lane_id=3, offset=31.85186906, initial_speed=6.20894399)
    vehicle3 = NPC(lane_id=2, offset=48.71012041, initial_speed=1.11158227)
    vehicle3.changeLane(trigger_sequence=1, target_lane=1, target_speed=23.50798114)
    vehicle3.accelerate(trigger_sequence=2, target_speed=33.46006266)
    vehicle2.decelerate(trigger_sequence=3, target_speed=6.61367219)
    vehicle3.decelerate(trigger_sequence=3, target_speed=10.1251596)
    vehicle3.changeLane(trigger_sequence=4, target_lane=1, target_speed=45.91099422)
    vehicle2.changeLane(trigger_sequence=5, target_lane=3, target_speed=15.00199746)

2025-04-22 Tuesday 11:39:35  random_test.py : INFO  === Evaluation Finished === 
 Fitness: [3.4994887045117773, -0.30490018148820325], Collision: False
2025-04-22 Tuesday 11:39:49  random_test.py : INFO  === Evaluate Testcase === 
 def testcase(self):
    vehicle1 = NPC(lane_id=4, offset=48.67192023, initial_speed=37.07144469)
    ego = NPC(lane_id=4, offset=37.97272311, initial_speed=8.31451915)
    vehicle1.changeLane(trigger_sequence=2, target_lane=1, target_speed=23.51690886)
    vehicle1.changeLane(trigger_sequence=3, target_lane=3, target_speed=39.14207436)
    vehicle1.changeLane(trigger_sequence=5, target_lane=1, target_speed=29.54091021)

2025-04-22 Tuesday 11:39:49  random_test.py : INFO  === Evaluation Finished === 
 Fitness: [11.214051586559881, -0.04], Collision: False
2025-04-22 Tuesday 11:39:54  random_test.py : INFO  === Evaluate Testcase === 
 def testcase(self):
    vehicle1 = NPC(lane_id=3, offset=25.75797296, initial_speed=21.99589892)
    vehicle2 = NPC(lane_id=3, offset=22.66763881, initial_speed=8.61380355)
    vehicle3 = NPC(lane_id=2, offset=46.36944372, initial_speed=9.63081011)
    ego = NPC(lane_id=2, offset=6.00692639, initial_speed=35.32607012)
    vehicle3.accelerate(trigger_sequence=1, target_speed=56.63729298)
    vehicle2.changeLane(trigger_sequence=2, target_lane=3, target_speed=28.37890756)
    vehicle1.decelerate(trigger_sequence=3, target_speed=23.2774248)
    vehicle2.accelerate(trigger_sequence=3, target_speed=46.15310742)
    vehicle1.decelerate(trigger_sequence=4, target_speed=7.77462635)
    vehicle3.decelerate(trigger_sequence=4, target_speed=6.19200365)
    vehicle1.decelerate(trigger_sequence=5, target_speed=20.5240246)
    vehicle2.changeLane(trigger_sequence=5, target_lane=3, target_speed=24.2843099)

2025-04-22 Tuesday 11:39:54  random_test.py : INFO  === Evaluation Finished === 
 Fitness: [inf, 0], Collision: False
2025-04-22 Tuesday 11:40:08  random_test.py : INFO  === Evaluate Testcase === 
 def testcase(self):
    vehicle1 = NPC(lane_id=3, offset=25.54043066, initial_speed=31.22531035)
    vehicle2 = NPC(lane_id=1, offset=22.09584987, initial_speed=24.95745417)
    ego = NPC(lane_id=3, offset=17.66156284, initial_speed=22.94911633)
    vehicle1.changeLane(trigger_sequence=1, target_lane=3, target_speed=33.21550794)
    vehicle2.accelerate(trigger_sequence=1, target_speed=42.51513953)
    vehicle1.changeLane(trigger_sequence=2, target_lane=3, target_speed=57.8120282)
    vehicle2.accelerate(trigger_sequence=2, target_speed=48.33776713)
    vehicle1.accelerate(trigger_sequence=3, target_speed=39.4205243)
    vehicle2.changeLane(trigger_sequence=3, target_lane=1, target_speed=8.03696676)
    vehicle2.accelerate(trigger_sequence=4, target_speed=42.89898784)

2025-04-22 Tuesday 11:40:08  random_test.py : INFO  === Evaluation Finished === 
 Fitness: [8.469254597078818, -0.5504424778761062], Collision: False
2025-04-22 Tuesday 11:40:22  random_test.py : INFO  === Evaluate Testcase === 
 def testcase(self):
    vehicle1 = NPC(lane_id=3, offset=39.82289791, initial_speed=33.42211281)
    vehicle2 = NPC(lane_id=3, offset=3.55556171, initial_speed=19.59736602)
    ego = NPC(lane_id=2, offset=6.37872415, initial_speed=31.41058333)
    vehicle4 = NPC(lane_id=2, offset=31.75573577, initial_speed=27.22587183)
    vehicle1.decelerate(trigger_sequence=1, target_speed=5.15337418)
    vehicle4.decelerate(trigger_sequence=1, target_speed=18.8755103)
    vehicle1.changeLane(trigger_sequence=2, target_lane=3, target_speed=26.50210486)
    vehicle4.changeLane(trigger_sequence=2, target_lane=1, target_speed=14.62574851)
    vehicle1.decelerate(trigger_sequence=3, target_speed=5.31817944)
    vehicle1.decelerate(trigger_sequence=4, target_speed=10.3563389)
    vehicle4.accelerate(trigger_sequence=4, target_speed=30.79703428)
    vehicle2.decelerate(trigger_sequence=5, target_speed=16.80763849)

2025-04-22 Tuesday 11:40:22  random_test.py : INFO  === Evaluation Finished === 
 Fitness: [3.5010196281787684, -0.4398563734290844], Collision: False
2025-04-22 Tuesday 11:40:36  random_test.py : INFO  === Evaluate Testcase === 
 def testcase(self):
    vehicle1 = NPC(lane_id=4, offset=44.00753365, initial_speed=23.8514944)
    ego = NPC(lane_id=2, offset=17.02006815, initial_speed=21.44730012)
    vehicle3 = NPC(lane_id=5, offset=49.30786396, initial_speed=12.19192405)
    vehicle4 = NPC(lane_id=2, offset=39.14574878, initial_speed=35.78946959)
    vehicle4.accelerate(trigger_sequence=1, target_speed=30.52681238)
    vehicle3.changeLane(trigger_sequence=2, target_lane=1, target_speed=31.81158953)
    vehicle4.accelerate(trigger_sequence=2, target_speed=41.54572791)
    vehicle1.accelerate(trigger_sequence=3, target_speed=32.35393377)
    vehicle1.changeLane(trigger_sequence=4, target_lane=1, target_speed=40.93959848)
    vehicle4.accelerate(trigger_sequence=4, target_speed=48.12605721)

2025-04-22 Tuesday 11:40:36  random_test.py : INFO  === Evaluation Finished === 
 Fitness: [11.867735046987393, -0.5644599303135889], Collision: False
2025-04-22 Tuesday 11:40:50  random_test.py : INFO  === Evaluate Testcase === 
 def testcase(self):
    vehicle1 = NPC(lane_id=1, offset=23.89358331, initial_speed=20.64898226)
    ego = NPC(lane_id=4, offset=15.13208037, initial_speed=2.64175636)
    vehicle1.changeLane(trigger_sequence=1, target_lane=1, target_speed=28.94949533)
    vehicle1.decelerate(trigger_sequence=3, target_speed=15.83878063)
    vehicle1.accelerate(trigger_sequence=5, target_speed=55.45036207)

2025-04-22 Tuesday 11:40:50  random_test.py : INFO  === Evaluation Finished === 
 Fitness: [13.85380866467038, -0.5151515151515151], Collision: False
2025-04-22 Tuesday 11:41:04  random_test.py : INFO  === Evaluate Testcase === 
 def testcase(self):
    vehicle1 = NPC(lane_id=5, offset=31.18118992, initial_speed=20.6073555)
    ego = NPC(lane_id=4, offset=2.84753434, initial_speed=32.21359064)
    vehicle3 = NPC(lane_id=3, offset=15.15524618, initial_speed=35.1170483)
    vehicle1.decelerate(trigger_sequence=2, target_speed=4.60169748)
    vehicle1.changeLane(trigger_sequence=3, target_lane=3, target_speed=52.30973558)
    vehicle1.accelerate(trigger_sequence=5, target_speed=46.21850411)

2025-04-22 Tuesday 11:41:04  random_test.py : INFO  === Evaluation Finished === 
 Fitness: [3.476463192053147, -0.2949640287769784], Collision: True
2025-04-22 Tuesday 11:41:04  random_test.py : INFO  === Find a coollision ===
2025-04-22 Tuesday 11:41:18  random_test.py : INFO  === Evaluate Testcase === 
 def testcase(self):
    vehicle1 = NPC(lane_id=4, offset=12.25987189, initial_speed=6.26151383)
    ego = NPC(lane_id=5, offset=4.6107971, initial_speed=38.73494234)
    vehicle1.accelerate(trigger_sequence=1, target_speed=35.48769184)
    vehicle1.changeLane(trigger_sequence=2, target_lane=1, target_speed=44.90120871)
    vehicle1.accelerate(trigger_sequence=4, target_speed=36.2252485)

2025-04-22 Tuesday 11:41:18  random_test.py : INFO  === Evaluation Finished === 
 Fitness: [3.5014342799240525, -0.2340036563071298], Collision: False
2025-04-22 Tuesday 11:41:32  random_test.py : INFO  === Evaluate Testcase === 
 def testcase(self):
    vehicle1 = NPC(lane_id=1, offset=2.10088945, initial_speed=8.52454484)
    ego = NPC(lane_id=3, offset=46.18890118, initial_speed=35.92553214)
    vehicle1.accelerate(trigger_sequence=1, target_speed=48.51852426)
    vehicle1.decelerate(trigger_sequence=4, target_speed=5.95105256)
    vehicle1.accelerate(trigger_sequence=5, target_speed=59.49430754)

2025-04-22 Tuesday 11:41:32  random_test.py : INFO  === Evaluation Finished === 
 Fitness: [43.1543523130388, -0.30490018148820325], Collision: False
2025-04-22 Tuesday 11:41:47  random_test.py : INFO  === Evaluate Testcase === 
 def testcase(self):
    ego = NPC(lane_id=1, offset=45.79581827, initial_speed=4.07580023)
    vehicle2 = NPC(lane_id=4, offset=11.03149539, initial_speed=18.0601477)
    vehicle3 = NPC(lane_id=4, offset=21.39902273, initial_speed=19.42977039)
    vehicle4 = NPC(lane_id=5, offset=20.96573402, initial_speed=34.55400453)
    vehicle2.changeLane(trigger_sequence=2, target_lane=1, target_speed=34.69138148)
    vehicle2.decelerate(trigger_sequence=3, target_speed=20.37645185)
    vehicle2.changeLane(trigger_sequence=4, target_lane=1, target_speed=39.85307075)
    vehicle3.changeLane(trigger_sequence=4, target_lane=1, target_speed=32.87961504)
    vehicle3.changeLane(trigger_sequence=5, target_lane=3, target_speed=35.0296603)
    vehicle4.decelerate(trigger_sequence=5, target_speed=29.21754288)

2025-04-22 Tuesday 11:41:47  random_test.py : INFO  === Evaluation Finished === 
 Fitness: [10.498379675192131, -0.5], Collision: False
2025-04-22 Tuesday 11:42:01  random_test.py : INFO  === Evaluate Testcase === 
 def testcase(self):
    vehicle1 = NPC(lane_id=5, offset=37.66897366, initial_speed=9.15678192)
    ego = NPC(lane_id=2, offset=18.01286944, initial_speed=30.7240791)
    vehicle3 = NPC(lane_id=1, offset=28.23372575, initial_speed=19.35230392)
    vehicle1.decelerate(trigger_sequence=3, target_speed=12.42278987)
    vehicle1.changeLane(trigger_sequence=5, target_lane=1, target_speed=6.39566546)

2025-04-22 Tuesday 11:42:01  random_test.py : INFO  === Evaluation Finished === 
 Fitness: [3.500191513165307, -0.43010752688172044], Collision: False
2025-04-22 Tuesday 11:42:15  random_test.py : INFO  === Evaluate Testcase === 
 def testcase(self):
    ego = NPC(lane_id=2, offset=4.88946549, initial_speed=28.33427151)
    vehicle2 = NPC(lane_id=4, offset=11.748404, initial_speed=17.83766364)
    vehicle3 = NPC(lane_id=1, offset=22.43901995, initial_speed=32.89094671)
    vehicle4 = NPC(lane_id=1, offset=36.38406524, initial_speed=22.17132264)
    vehicle2.decelerate(trigger_sequence=1, target_speed=1.03650826)
    vehicle4.changeLane(trigger_sequence=1, target_lane=3, target_speed=20.43500674)
    vehicle3.decelerate(trigger_sequence=2, target_speed=6.15423962)
    vehicle4.accelerate(trigger_sequence=2, target_speed=38.7610559)
    vehicle3.changeLane(trigger_sequence=4, target_lane=1, target_speed=45.87054831)
    vehicle4.accelerate(trigger_sequence=4, target_speed=37.69161712)
    vehicle2.changeLane(trigger_sequence=5, target_lane=3, target_speed=16.69516266)
    vehicle3.decelerate(trigger_sequence=5, target_speed=26.20693783)
    vehicle4.changeLane(trigger_sequence=5, target_lane=1, target_speed=5.70522558)

2025-04-22 Tuesday 11:42:15  random_test.py : INFO  === Evaluation Finished === 
 Fitness: [3.500394646080944, -0.49554367201426025], Collision: True
2025-04-22 Tuesday 11:42:15  random_test.py : INFO  === Find a coollision ===
2025-04-22 Tuesday 11:42:29  random_test.py : INFO  === Evaluate Testcase === 
 def testcase(self):
    vehicle1 = NPC(lane_id=1, offset=48.71203222, initial_speed=8.99825273)
    ego = NPC(lane_id=3, offset=22.43223758, initial_speed=36.28481418)
    vehicle3 = NPC(lane_id=4, offset=25.40449539, initial_speed=31.04613908)
    vehicle3.accelerate(trigger_sequence=1, target_speed=47.41662993)
    vehicle1.changeLane(trigger_sequence=2, target_lane=1, target_speed=34.04150623)
    vehicle1.accelerate(trigger_sequence=3, target_speed=32.69600068)
    vehicle1.accelerate(trigger_sequence=4, target_speed=56.9705099)
    vehicle3.changeLane(trigger_sequence=4, target_lane=1, target_speed=0.69411826)
    vehicle1.decelerate(trigger_sequence=5, target_speed=14.37766214)

2025-04-22 Tuesday 11:42:29  random_test.py : INFO  === Evaluation Finished === 
 Fitness: [3.5905552079682095, -0.33575317604355714], Collision: True
2025-04-22 Tuesday 11:42:29  random_test.py : INFO  === Find a collision ===
2025-04-22 Tuesday 11:42:43  random_test.py : INFO  === Evaluate Testcase === 
 def testcase(self):
    vehicle1 = NPC(lane_id=5, offset=49.97162435, initial_speed=31.71702333)
    vehicle2 = NPC(lane_id=3, offset=24.74826554, initial_speed=27.8240172)
    ego = NPC(lane_id=5, offset=8.99687432, initial_speed=21.72757641)
    vehicle2.accelerate(trigger_sequence=1, target_speed=42.49502406)
    vehicle1.decelerate(trigger_sequence=2, target_speed=26.04288062)
    vehicle2.decelerate(trigger_sequence=2, target_speed=4.38047223)
    vehicle1.accelerate(trigger_sequence=3, target_speed=58.58157434)
    vehicle1.decelerate(trigger_sequence=4, target_speed=26.23912179)
    vehicle2.changeLane(trigger_sequence=4, target_lane=3, target_speed=50.85443942)
    vehicle1.decelerate(trigger_sequence=5, target_speed=22.23633319)
    vehicle2.decelerate(trigger_sequence=5, target_speed=2.40916655)

2025-04-22 Tuesday 11:42:43  random_test.py : INFO  === Evaluation Finished === 
 Fitness: [7.001475560705979, -0.5604203152364273], Collision: False
2025-04-22 Tuesday 11:42:58  random_test.py : INFO  === Evaluate Testcase === 
 def testcase(self):
    vehicle1 = NPC(lane_id=1, offset=21.48112001, initial_speed=27.92146938)
    ego = NPC(lane_id=5, offset=45.50732317, initial_speed=34.27542737)
    vehicle3 = NPC(lane_id=5, offset=11.70825161, initial_speed=28.79420044)
    vehicle1.changeLane(trigger_sequence=1, target_lane=3, target_speed=19.61028786)
    vehicle3.accelerate(trigger_sequence=1, target_speed=41.35101121)
    vehicle3.changeLane(trigger_sequence=2, target_lane=1, target_speed=18.17726402)
    vehicle3.changeLane(trigger_sequence=3, target_lane=1, target_speed=46.60410169)
    vehicle1.changeLane(trigger_sequence=4, target_lane=1, target_speed=27.81071587)
    vehicle1.decelerate(trigger_sequence=5, target_speed=20.89059588)

2025-04-22 Tuesday 11:42:58  random_test.py : INFO  === Evaluation Finished === 
 Fitness: [20.580198131976953, -0.3267148014440433], Collision: False
2025-04-22 Tuesday 11:43:12  random_test.py : INFO  === Evaluate Testcase === 
 def testcase(self):
    ego = NPC(lane_id=4, offset=29.1385764, initial_speed=7.7884825)
    vehicle2 = NPC(lane_id=2, offset=49.45065651, initial_speed=23.77166669)
    vehicle3 = NPC(lane_id=4, offset=34.18650219, initial_speed=20.14194704)
    vehicle2.decelerate(trigger_sequence=1, target_speed=7.68809362)
    vehicle3.decelerate(trigger_sequence=1, target_speed=4.62833535)
    vehicle2.accelerate(trigger_sequence=2, target_speed=36.09024331)
    vehicle3.accelerate(trigger_sequence=2, target_speed=36.77205843)
    vehicle2.accelerate(trigger_sequence=3, target_speed=38.60020603)
    vehicle3.accelerate(trigger_sequence=4, target_speed=44.07042786)

2025-04-22 Tuesday 11:43:12  random_test.py : INFO  === Evaluation Finished === 
 Fitness: [5.327687613848372, -0.04], Collision: False
2025-04-22 Tuesday 11:43:26  random_test.py : INFO  === Evaluate Testcase === 
 def testcase(self):
    vehicle1 = NPC(lane_id=3, offset=39.13176503, initial_speed=27.55567446)
    vehicle2 = NPC(lane_id=1, offset=28.20762135, initial_speed=16.92986419)
    vehicle3 = NPC(lane_id=5, offset=29.27879676, initial_speed=10.48980764)
    ego = NPC(lane_id=4, offset=29.64193396, initial_speed=5.14941921)
    vehicle3.decelerate(trigger_sequence=2, target_speed=28.94743066)
    vehicle1.changeLane(trigger_sequence=3, target_lane=3, target_speed=55.53718638)
    vehicle2.decelerate(trigger_sequence=3, target_speed=19.08166538)
    vehicle3.decelerate(trigger_sequence=3, target_speed=17.35246516)
    vehicle3.accelerate(trigger_sequence=4, target_speed=36.97359545)
    vehicle1.decelerate(trigger_sequence=5, target_speed=6.62112174)
    vehicle2.changeLane(trigger_sequence=5, target_lane=3, target_speed=2.64286987)

2025-04-22 Tuesday 11:43:26  random_test.py : INFO  === Evaluation Finished === 
 Fitness: [3.5099401885998076, -0.46140939597315433], Collision: False
2025-04-22 Tuesday 11:43:40  random_test.py : INFO  === Evaluate Testcase === 
 def testcase(self):
    ego = NPC(lane_id=4, offset=17.65289139, initial_speed=14.69988768)
    vehicle2 = NPC(lane_id=4, offset=47.73278691, initial_speed=28.04941681)
    vehicle2.changeLane(trigger_sequence=1, target_lane=1, target_speed=39.41758298)
    vehicle2.accelerate(trigger_sequence=3, target_speed=33.01350625)
    vehicle2.accelerate(trigger_sequence=5, target_speed=32.18743873)

2025-04-22 Tuesday 11:43:40  random_test.py : INFO  === Evaluation Finished === 
 Fitness: [30.4694366687531, -0.023450586264656615], Collision: False
2025-04-22 Tuesday 11:43:55  random_test.py : INFO  === Evaluate Testcase === 
 def testcase(self):
    vehicle1 = NPC(lane_id=2, offset=33.41735681, initial_speed=24.90639078)
    vehicle2 = NPC(lane_id=4, offset=23.4536505, initial_speed=19.14116042)
    vehicle3 = NPC(lane_id=2, offset=39.27806188, initial_speed=4.75917946)
    ego = NPC(lane_id=5, offset=3.71479935, initial_speed=25.52079915)
    vehicle1.accelerate(trigger_sequence=1, target_speed=44.42060159)
    vehicle3.changeLane(trigger_sequence=1, target_lane=1, target_speed=1.89947802)
    vehicle1.accelerate(trigger_sequence=2, target_speed=30.79200614)
    vehicle3.accelerate(trigger_sequence=2, target_speed=49.833553)
    vehicle1.accelerate(trigger_sequence=3, target_speed=30.54113672)
    vehicle2.accelerate(trigger_sequence=4, target_speed=56.45742312)
    vehicle3.changeLane(trigger_sequence=4, target_lane=3, target_speed=51.17332161)
    vehicle3.decelerate(trigger_sequence=5, target_speed=6.95027375)

2025-04-22 Tuesday 11:43:55  random_test.py : INFO  === Evaluation Finished === 
 Fitness: [3.500490245035009, -0.4902654867256637], Collision: False
2025-04-22 Tuesday 11:44:09  random_test.py : INFO  === Evaluate Testcase === 
 def testcase(self):
    vehicle1 = NPC(lane_id=3, offset=30.08170983, initial_speed=1.47993202)
    vehicle2 = NPC(lane_id=2, offset=20.45511342, initial_speed=19.43031603)
    ego = NPC(lane_id=3, offset=47.28491682, initial_speed=33.50863611)
    vehicle1.decelerate(trigger_sequence=2, target_speed=18.66902842)
    vehicle2.changeLane(trigger_sequence=2, target_lane=1, target_speed=31.47651462)
    vehicle1.accelerate(trigger_sequence=3, target_speed=44.55316503)
    vehicle2.accelerate(trigger_sequence=4, target_speed=41.31441853)
    vehicle2.accelerate(trigger_sequence=5, target_speed=42.65697573)

2025-04-22 Tuesday 11:44:09  random_test.py : INFO  === Evaluation Finished === 
 Fitness: [16.949926984022113, -0.3567567567567568], Collision: False
2025-04-22 Tuesday 11:44:14  random_test.py : INFO  === Evaluate Testcase === 
 def testcase(self):
    vehicle1 = NPC(lane_id=3, offset=26.18937102, initial_speed=1.45838724)
    vehicle2 = NPC(lane_id=5, offset=26.14816561, initial_speed=13.93585054)
    ego = NPC(lane_id=3, offset=21.00810969, initial_speed=19.48241533)
    vehicle4 = NPC(lane_id=3, offset=28.29444144, initial_speed=6.10046462)
    vehicle1.changeLane(trigger_sequence=1, target_lane=3, target_speed=24.34112057)
    vehicle4.changeLane(trigger_sequence=1, target_lane=3, target_speed=25.32599987)
    vehicle2.accelerate(trigger_sequence=2, target_speed=58.01369713)
    vehicle4.accelerate(trigger_sequence=2, target_speed=48.84412779)
    vehicle1.changeLane(trigger_sequence=3, target_lane=3, target_speed=19.12633052)
    vehicle2.accelerate(trigger_sequence=3, target_speed=43.44734955)
    vehicle4.decelerate(trigger_sequence=3, target_speed=21.79743352)
    vehicle1.accelerate(trigger_sequence=5, target_speed=45.22404958)

2025-04-22 Tuesday 11:44:14  random_test.py : INFO  === Evaluation Finished === 
 Fitness: [inf, 0], Collision: False
2025-04-22 Tuesday 11:44:28  random_test.py : INFO  === Evaluate Testcase === 
 def testcase(self):
    vehicle1 = NPC(lane_id=2, offset=8.30720255, initial_speed=37.4488517)
    vehicle2 = NPC(lane_id=2, offset=30.30281564, initial_speed=24.52006444)
    ego = NPC(lane_id=1, offset=14.03437704, initial_speed=28.89693395)
    vehicle4 = NPC(lane_id=1, offset=31.21977286, initial_speed=13.35965984)
    vehicle4.accelerate(trigger_sequence=1, target_speed=43.41003152)
    vehicle1.decelerate(trigger_sequence=2, target_speed=12.40942294)
    vehicle2.decelerate(trigger_sequence=2, target_speed=11.92588273)
    vehicle4.accelerate(trigger_sequence=2, target_speed=34.34640762)
    vehicle1.changeLane(trigger_sequence=3, target_lane=1, target_speed=50.22478054)
    vehicle2.accelerate(trigger_sequence=3, target_speed=58.19795621)
    vehicle2.decelerate(trigger_sequence=4, target_speed=0.17003774)

2025-04-22 Tuesday 11:44:28  random_test.py : INFO  === Evaluation Finished === 
 Fitness: [0.14028934730195608, -0.39215686274509803], Collision: False
2025-04-22 Tuesday 11:44:42  random_test.py : INFO  === Evaluate Testcase === 
 def testcase(self):
    vehicle1 = NPC(lane_id=5, offset=21.07113038, initial_speed=17.7120463)
    ego = NPC(lane_id=4, offset=15.95495287, initial_speed=35.68548591)
    vehicle1.decelerate(trigger_sequence=4, target_speed=9.5476402)
    vehicle1.accelerate(trigger_sequence=5, target_speed=48.83228535)

2025-04-22 Tuesday 11:44:42  random_test.py : INFO  === Evaluation Finished === 
 Fitness: [3.500773897059346, -0.302536231884058], Collision: False
2025-04-22 Tuesday 11:44:56  random_test.py : INFO  === Evaluate Testcase === 
 def testcase(self):
    vehicle1 = NPC(lane_id=2, offset=11.06991643, initial_speed=2.10270199)
    ego = NPC(lane_id=5, offset=36.5938097, initial_speed=4.12053355)

2025-04-22 Tuesday 11:44:56  random_test.py : INFO  === Evaluation Finished === 
 Fitness: [27.100950622170227, -0.531986531986532], Collision: False
2025-04-22 Tuesday 11:45:01  random_test.py : INFO  === Evaluate Testcase === 
 def testcase(self):
    ego = NPC(lane_id=3, offset=30.95596022, initial_speed=7.82443617)
    vehicle2 = NPC(lane_id=2, offset=28.21610721, initial_speed=7.09441707)
    vehicle3 = NPC(lane_id=2, offset=29.24847195, initial_speed=11.45622992)
    vehicle4 = NPC(lane_id=2, offset=8.67134707, initial_speed=17.0370062)
    vehicle2.accelerate(trigger_sequence=1, target_speed=43.46184064)
    vehicle3.accelerate(trigger_sequence=1, target_speed=57.96048979)
    vehicle2.accelerate(trigger_sequence=2, target_speed=51.4617986)
    vehicle3.changeLane(trigger_sequence=2, target_lane=1, target_speed=56.6647507)
    vehicle4.changeLane(trigger_sequence=2, target_lane=3, target_speed=35.39544403)
    vehicle4.accelerate(trigger_sequence=3, target_speed=40.87240367)
    vehicle2.changeLane(trigger_sequence=4, target_lane=1, target_speed=26.49093163)
    vehicle3.changeLane(trigger_sequence=4, target_lane=1, target_speed=11.74172399)
    vehicle4.decelerate(trigger_sequence=4, target_speed=29.91473337)

2025-04-22 Tuesday 11:45:01  random_test.py : INFO  === Evaluation Finished === 
 Fitness: [inf, 0], Collision: False
2025-04-22 Tuesday 11:45:15  random_test.py : INFO  === Evaluate Testcase === 
 def testcase(self):
    vehicle1 = NPC(lane_id=3, offset=17.11766647, initial_speed=13.68292156)
    vehicle2 = NPC(lane_id=4, offset=24.49179061, initial_speed=12.29649267)
    ego = NPC(lane_id=2, offset=31.11173573, initial_speed=25.09099901)
    vehicle1.decelerate(trigger_sequence=1, target_speed=24.1000738)
    vehicle1.accelerate(trigger_sequence=2, target_speed=30.76563156)
    vehicle1.decelerate(trigger_sequence=3, target_speed=13.57552911)
    vehicle1.changeLane(trigger_sequence=4, target_lane=3, target_speed=18.89826174)
    vehicle2.decelerate(trigger_sequence=4, target_speed=16.2593011)
    vehicle2.accelerate(trigger_sequence=5, target_speed=40.19825356)

2025-04-22 Tuesday 11:45:15  random_test.py : INFO  === Evaluation Finished === 
 Fitness: [8.193006500675503, -0.5070671378091873], Collision: False
2025-04-22 Tuesday 11:45:20  random_test.py : INFO  === Evaluate Testcase === 
 def testcase(self):
    vehicle1 = NPC(lane_id=3, offset=26.80505923, initial_speed=37.81627783)
    ego = NPC(lane_id=3, offset=25.25284661, initial_speed=7.19559891)
    vehicle1.accelerate(trigger_sequence=1, target_speed=33.69289185)
    vehicle1.accelerate(trigger_sequence=3, target_speed=46.72287491)
    vehicle1.accelerate(trigger_sequence=5, target_speed=37.23116881)

2025-04-22 Tuesday 11:45:20  random_test.py : INFO  === Evaluation Finished === 
 Fitness: [inf, 0], Collision: False
2025-04-22 Tuesday 11:45:34  random_test.py : INFO  === Evaluate Testcase === 
 def testcase(self):
    ego = NPC(lane_id=4, offset=29.59303856, initial_speed=11.61972543)
    vehicle2 = NPC(lane_id=5, offset=16.73356488, initial_speed=20.04892927)
    vehicle2.accelerate(trigger_sequence=1, target_speed=44.82619988)
    vehicle2.accelerate(trigger_sequence=3, target_speed=36.64923225)
    vehicle2.decelerate(trigger_sequence=4, target_speed=5.15875739)

2025-04-22 Tuesday 11:45:34  random_test.py : INFO  === Evaluation Finished === 
 Fitness: [3.5008128712921183, -0.023411371237458192], Collision: False
2025-04-22 Tuesday 11:45:48  random_test.py : INFO  === Evaluate Testcase === 
 def testcase(self):
    ego = NPC(lane_id=1, offset=49.16957668, initial_speed=39.92183594)
    vehicle2 = NPC(lane_id=5, offset=13.12845515, initial_speed=22.84207067)
    vehicle2.decelerate(trigger_sequence=2, target_speed=1.95365007)
    vehicle2.accelerate(trigger_sequence=3, target_speed=59.65361925)
    vehicle2.accelerate(trigger_sequence=4, target_speed=37.99619498)

2025-04-22 Tuesday 11:45:48  random_test.py : INFO  === Evaluation Finished === 
 Fitness: [33.17718893277098, -0.21245421245421245], Collision: False
2025-04-22 Tuesday 11:46:02  random_test.py : INFO  === Evaluate Testcase === 
 def testcase(self):
    ego = NPC(lane_id=5, offset=24.37683113, initial_speed=20.55752214)
    vehicle2 = NPC(lane_id=1, offset=5.65656599, initial_speed=35.2514917)
    vehicle3 = NPC(lane_id=1, offset=27.19513748, initial_speed=6.46502745)
    vehicle2.decelerate(trigger_sequence=1, target_speed=18.7342202)
    vehicle3.decelerate(trigger_sequence=1, target_speed=4.21249596)
    vehicle2.changeLane(trigger_sequence=4, target_lane=3, target_speed=15.04875161)
    vehicle2.accelerate(trigger_sequence=5, target_speed=48.16752635)

2025-04-22 Tuesday 11:46:02  random_test.py : INFO  === Evaluation Finished === 
 Fitness: [13.997007327169941, -0.6017391304347826], Collision: False
2025-04-22 Tuesday 11:46:07  random_test.py : INFO  === Evaluate Testcase === 
 def testcase(self):
    vehicle1 = NPC(lane_id=3, offset=20.47809211, initial_speed=0.88000157)
    vehicle2 = NPC(lane_id=4, offset=22.92908984, initial_speed=24.3810511)
    vehicle3 = NPC(lane_id=4, offset=15.51235777, initial_speed=11.91731084)
    ego = NPC(lane_id=4, offset=26.8369573, initial_speed=6.84977663)
    vehicle1.decelerate(trigger_sequence=2, target_speed=7.65204185)
    vehicle3.changeLane(trigger_sequence=2, target_lane=1, target_speed=48.99886625)
    vehicle2.changeLane(trigger_sequence=3, target_lane=1, target_speed=19.30444437)
    vehicle3.changeLane(trigger_sequence=3, target_lane=1, target_speed=20.15385579)
    vehicle1.decelerate(trigger_sequence=4, target_speed=21.16879985)
    vehicle3.decelerate(trigger_sequence=4, target_speed=1.7584415)
    vehicle2.decelerate(trigger_sequence=5, target_speed=9.15985129)

2025-04-22 Tuesday 11:46:07  random_test.py : INFO  === Evaluation Finished === 
 Fitness: [inf, 0], Collision: False
2025-04-22 Tuesday 11:46:22  random_test.py : INFO  === Evaluate Testcase === 
 def testcase(self):
    vehicle1 = NPC(lane_id=4, offset=3.98907967, initial_speed=22.23445367)
    ego = NPC(lane_id=4, offset=24.11882248, initial_speed=8.47656037)
    vehicle3 = NPC(lane_id=3, offset=6.97203436, initial_speed=25.79926567)
    vehicle1.accelerate(trigger_sequence=1, target_speed=42.20443168)
    vehicle1.changeLane(trigger_sequence=2, target_lane=3, target_speed=26.75195898)
    vehicle3.changeLane(trigger_sequence=2, target_lane=1, target_speed=44.8219587)
    vehicle1.changeLane(trigger_sequence=4, target_lane=3, target_speed=47.6890676)
    vehicle1.changeLane(trigger_sequence=5, target_lane=1, target_speed=44.2926077)
    vehicle3.decelerate(trigger_sequence=5, target_speed=19.8977715)

2025-04-22 Tuesday 11:46:22  random_test.py : INFO  === Evaluation Finished === 
 Fitness: [3.308111199553477, -0.21166666666666667], Collision: True
2025-04-22 Tuesday 11:46:22  random_test.py : INFO  === Find a coollision ===
2025-04-22 Tuesday 11:46:36  random_test.py : INFO  === Evaluate Testcase === 
 def testcase(self):
    ego = NPC(lane_id=2, offset=42.54894368, initial_speed=6.48183473)
    vehicle2 = NPC(lane_id=2, offset=47.59918049, initial_speed=11.04854989)
    vehicle3 = NPC(lane_id=2, offset=17.92555441, initial_speed=23.31586118)
    vehicle4 = NPC(lane_id=5, offset=47.20729869, initial_speed=5.12351549)
    vehicle3.decelerate(trigger_sequence=1, target_speed=17.01079117)
    vehicle4.decelerate(trigger_sequence=1, target_speed=6.57057344)
    vehicle2.changeLane(trigger_sequence=2, target_lane=3, target_speed=26.05645219)
    vehicle3.changeLane(trigger_sequence=2, target_lane=3, target_speed=24.78409493)
    vehicle4.changeLane(trigger_sequence=2, target_lane=3, target_speed=46.06940036)
    vehicle4.changeLane(trigger_sequence=3, target_lane=3, target_speed=48.08258863)
    vehicle4.decelerate(trigger_sequence=4, target_speed=19.22136517)

2025-04-22 Tuesday 11:46:36  random_test.py : INFO  === Evaluation Finished === 
 Fitness: [3.313403872248557, -0.6308724832214765], Collision: True
2025-04-22 Tuesday 11:46:36  random_test.py : INFO  === Find a coollision ===
2025-04-22 Tuesday 11:46:51  random_test.py : INFO  === Evaluate Testcase === 
 def testcase(self):
    vehicle1 = NPC(lane_id=5, offset=37.9858511, initial_speed=37.35288415)
    ego = NPC(lane_id=5, offset=49.51557444, initial_speed=31.90201984)
    vehicle1.changeLane(trigger_sequence=1, target_lane=1, target_speed=45.55958406)
    vehicle1.accelerate(trigger_sequence=3, target_speed=48.12957799)
    vehicle1.changeLane(trigger_sequence=4, target_lane=3, target_speed=28.91855089)

2025-04-22 Tuesday 11:46:51  random_test.py : INFO  === Evaluation Finished === 
 Fitness: [4.784032296174332, -0.3739130434782609], Collision: True
2025-04-22 Tuesday 11:46:51  random_test.py : INFO  === Find a coollision ===
2025-04-22 Tuesday 11:47:05  random_test.py : INFO  === Evaluate Testcase === 
 def testcase(self):
    vehicle1 = NPC(lane_id=1, offset=23.15621467, initial_speed=35.10053415)
    ego = NPC(lane_id=5, offset=9.39437227, initial_speed=23.57675808)
    vehicle3 = NPC(lane_id=2, offset=11.04930427, initial_speed=16.42508038)
    vehicle1.accelerate(trigger_sequence=2, target_speed=50.98684745)
    vehicle3.accelerate(trigger_sequence=2, target_speed=41.11045494)
    vehicle3.decelerate(trigger_sequence=5, target_speed=29.27516106)

2025-04-22 Tuesday 11:47:05  random_test.py : INFO  === Evaluation Finished === 
 Fitness: [10.499191297377212, -0.5316901408450704], Collision: False
2025-04-22 Tuesday 11:47:19  random_test.py : INFO  === Evaluate Testcase === 
 def testcase(self):
    vehicle1 = NPC(lane_id=2, offset=33.335821, initial_speed=2.58704638)
    vehicle2 = NPC(lane_id=3, offset=24.24973468, initial_speed=25.99687118)
    ego = NPC(lane_id=4, offset=43.54713945, initial_speed=25.53575223)
    vehicle1.accelerate(trigger_sequence=1, target_speed=53.22252972)
    vehicle2.decelerate(trigger_sequence=1, target_speed=21.60556348)
    vehicle2.changeLane(trigger_sequence=2, target_lane=1, target_speed=56.50991951)
    vehicle1.changeLane(trigger_sequence=3, target_lane=3, target_speed=36.24321285)
    vehicle2.changeLane(trigger_sequence=3, target_lane=1, target_speed=19.89097762)
    vehicle1.changeLane(trigger_sequence=4, target_lane=1, target_speed=56.44215363)
    vehicle1.decelerate(trigger_sequence=5, target_speed=20.90807656)

2025-04-22 Tuesday 11:47:19  random_test.py : INFO  === Evaluation Finished === 
 Fitness: [7.002664652339284, -0.48849557522123893], Collision: False
2025-04-22 Tuesday 11:47:24  random_test.py : INFO  === Evaluate Testcase === 
 def testcase(self):
    ego = NPC(lane_id=5, offset=48.93661957, initial_speed=19.81380007)
    vehicle2 = NPC(lane_id=5, offset=48.68712733, initial_speed=8.64907796)
    vehicle3 = NPC(lane_id=2, offset=29.79572627, initial_speed=6.39940915)
    vehicle3.decelerate(trigger_sequence=1, target_speed=0.58521193)
    vehicle3.changeLane(trigger_sequence=2, target_lane=1, target_speed=40.9346558)
    vehicle2.accelerate(trigger_sequence=3, target_speed=36.86230179)
    vehicle3.decelerate(trigger_sequence=4, target_speed=17.10841642)
    vehicle3.accelerate(trigger_sequence=5, target_speed=47.57804569)

2025-04-22 Tuesday 11:47:24  random_test.py : INFO  === Evaluation Finished === 
 Fitness: [inf, 0], Collision: False
2025-04-22 Tuesday 11:47:38  random_test.py : INFO  === Evaluate Testcase === 
 def testcase(self):
    vehicle1 = NPC(lane_id=2, offset=23.38338963, initial_speed=8.34518607)
    ego = NPC(lane_id=4, offset=15.75961544, initial_speed=31.72796333)
    vehicle3 = NPC(lane_id=4, offset=36.45243582, initial_speed=32.63686142)
    vehicle4 = NPC(lane_id=5, offset=46.25417571, initial_speed=23.65855085)
    vehicle4.changeLane(trigger_sequence=1, target_lane=3, target_speed=41.87793512)
    vehicle3.decelerate(trigger_sequence=2, target_speed=7.54317316)
    vehicle4.accelerate(trigger_sequence=3, target_speed=59.85728364)
    vehicle4.changeLane(trigger_sequence=4, target_lane=1, target_speed=24.74979718)
    vehicle1.accelerate(trigger_sequence=5, target_speed=46.79480558)
    vehicle3.decelerate(trigger_sequence=5, target_speed=21.32897543)
    vehicle4.changeLane(trigger_sequence=5, target_lane=1, target_speed=27.13031126)

2025-04-22 Tuesday 11:47:38  random_test.py : INFO  === Evaluation Finished === 
 Fitness: [3.5011323357154254, -0.414721723518851], Collision: False
2025-04-22 Tuesday 11:47:52  random_test.py : INFO  === Evaluate Testcase === 
 def testcase(self):
    vehicle1 = NPC(lane_id=1, offset=36.31378659, initial_speed=21.10990682)
    vehicle2 = NPC(lane_id=4, offset=44.25786799, initial_speed=27.63232211)
    vehicle3 = NPC(lane_id=1, offset=31.29658652, initial_speed=13.57343447)
    ego = NPC(lane_id=4, offset=10.93431318, initial_speed=30.61834427)
    vehicle2.accelerate(trigger_sequence=1, target_speed=57.55737825)
    vehicle2.decelerate(trigger_sequence=2, target_speed=0.79191115)
    vehicle3.decelerate(trigger_sequence=2, target_speed=21.79907949)
    vehicle1.decelerate(trigger_sequence=3, target_speed=17.39227874)
    vehicle2.decelerate(trigger_sequence=3, target_speed=15.72766561)
    vehicle2.accelerate(trigger_sequence=4, target_speed=56.09414136)
    vehicle1.decelerate(trigger_sequence=5, target_speed=14.61729335)
    vehicle2.changeLane(trigger_sequence=5, target_lane=3, target_speed=20.55902968)

2025-04-22 Tuesday 11:47:52  random_test.py : INFO  === Evaluation Finished === 
 Fitness: [10.500079121430812, -0.42397137745974955], Collision: False
2025-04-22 Tuesday 11:48:07  random_test.py : INFO  === Evaluate Testcase === 
 def testcase(self):
    vehicle1 = NPC(lane_id=2, offset=21.53599027, initial_speed=39.89163615)
    vehicle2 = NPC(lane_id=3, offset=29.79841047, initial_speed=32.01931952)
    ego = NPC(lane_id=1, offset=17.93521213, initial_speed=34.9675321)
    vehicle1.changeLane(trigger_sequence=1, target_lane=1, target_speed=0.6736236)
    vehicle2.decelerate(trigger_sequence=1, target_speed=0.65766941)
    vehicle1.accelerate(trigger_sequence=2, target_speed=46.34853296)
    vehicle1.decelerate(trigger_sequence=5, target_speed=14.86469457)
    vehicle2.decelerate(trigger_sequence=5, target_speed=11.85703633)

2025-04-22 Tuesday 11:48:07  random_test.py : INFO  === Evaluation Finished === 
 Fitness: [0.12158871061675959, -0.3471971066907776], Collision: True
2025-04-22 Tuesday 11:48:07  random_test.py : INFO  === Find a coollision ===
2025-04-22 Tuesday 11:48:21  random_test.py : INFO  === Evaluate Testcase === 
 def testcase(self):
    ego = NPC(lane_id=4, offset=27.82332987, initial_speed=39.1246303)
    vehicle2 = NPC(lane_id=2, offset=33.77257389, initial_speed=18.14234442)
    vehicle3 = NPC(lane_id=3, offset=29.19629794, initial_speed=5.57787923)
    vehicle2.decelerate(trigger_sequence=1, target_speed=23.81248534)
    vehicle3.accelerate(trigger_sequence=1, target_speed=36.76564171)
    vehicle2.decelerate(trigger_sequence=2, target_speed=19.50699265)
    vehicle3.decelerate(trigger_sequence=2, target_speed=4.06760042)
    vehicle3.decelerate(trigger_sequence=3, target_speed=25.33664612)
    vehicle3.changeLane(trigger_sequence=4, target_lane=1, target_speed=10.86806114)

2025-04-22 Tuesday 11:48:21  random_test.py : INFO  === Evaluation Finished === 
 Fitness: [3.4954475038969157, -0.2449725776965265], Collision: False
2025-04-22 Tuesday 11:48:36  random_test.py : INFO  === Evaluate Testcase === 
 def testcase(self):
    ego = NPC(lane_id=2, offset=42.40217377, initial_speed=9.11893864)
    vehicle2 = NPC(lane_id=5, offset=33.39790227, initial_speed=32.13903404)
    vehicle3 = NPC(lane_id=3, offset=43.9727951, initial_speed=28.38782489)
    vehicle2.changeLane(trigger_sequence=1, target_lane=1, target_speed=1.40528814)
    vehicle3.changeLane(trigger_sequence=1, target_lane=3, target_speed=42.87856628)
    vehicle2.changeLane(trigger_sequence=2, target_lane=1, target_speed=32.2037235)
    vehicle3.accelerate(trigger_sequence=2, target_speed=35.4339613)
    vehicle2.decelerate(trigger_sequence=3, target_speed=23.90410677)
    vehicle3.changeLane(trigger_sequence=3, target_lane=1, target_speed=7.57451394)
    vehicle2.accelerate(trigger_sequence=4, target_speed=52.59798164)
    vehicle3.changeLane(trigger_sequence=4, target_lane=1, target_speed=59.00987581)

2025-04-22 Tuesday 11:48:36  random_test.py : INFO  === Evaluation Finished === 
 Fitness: [3.5000181846912595, -0.035], Collision: False
2025-04-22 Tuesday 11:48:50  random_test.py : INFO  === Evaluate Testcase === 
 def testcase(self):
    ego = NPC(lane_id=4, offset=3.81307502, initial_speed=2.8716289)
    vehicle2 = NPC(lane_id=1, offset=23.03812299, initial_speed=15.54146979)
    vehicle3 = NPC(lane_id=3, offset=10.60253199, initial_speed=6.06474386)
    vehicle2.accelerate(trigger_sequence=3, target_speed=38.82724932)
    vehicle2.decelerate(trigger_sequence=4, target_speed=4.81188102)
    vehicle3.changeLane(trigger_sequence=5, target_lane=1, target_speed=22.68777527)

2025-04-22 Tuesday 11:48:50  random_test.py : INFO  === Evaluation Finished === 
 Fitness: [7.709286594076208, -0.534453781512605], Collision: False
2025-04-22 Tuesday 11:49:05  random_test.py : INFO  === Evaluate Testcase === 
 def testcase(self):
    ego = NPC(lane_id=4, offset=17.50626577, initial_speed=31.09188802)
    vehicle2 = NPC(lane_id=4, offset=24.55912789, initial_speed=19.36707225)
    vehicle3 = NPC(lane_id=1, offset=21.47156023, initial_speed=33.93833211)
    vehicle2.accelerate(trigger_sequence=1, target_speed=30.39561312)
    vehicle3.changeLane(trigger_sequence=1, target_lane=3, target_speed=1.73648316)
    vehicle2.accelerate(trigger_sequence=2, target_speed=42.58385813)
    vehicle2.decelerate(trigger_sequence=5, target_speed=4.98080209)

2025-04-22 Tuesday 11:49:05  random_test.py : INFO  === Evaluation Finished === 
 Fitness: [7.000370082175322, -0.4547677261613692], Collision: False
2025-04-22 Tuesday 11:49:19  random_test.py : INFO  === Evaluate Testcase === 
 def testcase(self):
    vehicle1 = NPC(lane_id=3, offset=28.0086852, initial_speed=12.4179619)
    ego = NPC(lane_id=1, offset=9.51837686, initial_speed=0.95931863)

2025-04-22 Tuesday 11:49:19  random_test.py : INFO  === Evaluation Finished === 
 Fitness: [19.935588710842822, -0.6374367622259697], Collision: False
2025-04-22 Tuesday 11:49:33  random_test.py : INFO  === Evaluate Testcase === 
 def testcase(self):
    ego = NPC(lane_id=2, offset=32.01324072, initial_speed=23.4442726)
    vehicle2 = NPC(lane_id=1, offset=43.5977013, initial_speed=26.54135712)
    vehicle2.accelerate(trigger_sequence=1, target_speed=49.36618988)
    vehicle2.accelerate(trigger_sequence=3, target_speed=46.99218004)

2025-04-22 Tuesday 11:49:33  random_test.py : INFO  === Evaluation Finished === 
 Fitness: [12.452358896167217, -0.5422535211267606], Collision: False
2025-04-22 Tuesday 11:49:47  random_test.py : INFO  === Evaluate Testcase === 
 def testcase(self):
    vehicle1 = NPC(lane_id=5, offset=38.66598082, initial_speed=19.20335704)
    ego = NPC(lane_id=2, offset=37.8557236, initial_speed=37.99260004)
    vehicle3 = NPC(lane_id=2, offset=14.93252269, initial_speed=31.32083082)
    vehicle3.decelerate(trigger_sequence=1, target_speed=1.81293365)
    vehicle1.decelerate(trigger_sequence=2, target_speed=16.95646532)
    vehicle3.accelerate(trigger_sequence=2, target_speed=56.87514275)
    vehicle1.accelerate(trigger_sequence=3, target_speed=52.11434361)
    vehicle1.decelerate(trigger_sequence=5, target_speed=11.9540864)

2025-04-22 Tuesday 11:49:47  random_test.py : INFO  === Evaluation Finished === 
 Fitness: [4.750336452480615, -0.2459016393442623], Collision: True
2025-04-22 Tuesday 11:49:47  random_test.py : INFO  === Find a coollision ===
2025-04-22 Tuesday 11:50:02  random_test.py : INFO  === Evaluate Testcase === 
 def testcase(self):
    vehicle1 = NPC(lane_id=1, offset=28.27255081, initial_speed=11.319435)
    ego = NPC(lane_id=3, offset=8.02307424, initial_speed=17.65362764)
    vehicle1.changeLane(trigger_sequence=1, target_lane=3, target_speed=56.44803551)
    vehicle1.decelerate(trigger_sequence=2, target_speed=25.10837033)
    vehicle1.accelerate(trigger_sequence=3, target_speed=45.82006763)
    vehicle1.changeLane(trigger_sequence=4, target_lane=1, target_speed=51.7037508)

2025-04-22 Tuesday 11:50:02  random_test.py : INFO  === Evaluation Finished === 
 Fitness: [17.074309643725435, -0.04671280276816609], Collision: False
2025-04-22 Tuesday 11:50:16  random_test.py : INFO  === Evaluate Testcase === 
 def testcase(self):
    vehicle1 = NPC(lane_id=2, offset=41.62395067, initial_speed=25.35880125)
    ego = NPC(lane_id=1, offset=14.85620906, initial_speed=0.10947038)
    vehicle1.decelerate(trigger_sequence=2, target_speed=16.92996701)
    vehicle1.decelerate(trigger_sequence=4, target_speed=4.8633699)
    vehicle1.accelerate(trigger_sequence=5, target_speed=35.30624874)

2025-04-22 Tuesday 11:50:16  random_test.py : INFO  === Evaluation Finished === 
 Fitness: [27.346032160818375, -0.7065767284991569], Collision: False
2025-04-22 Tuesday 11:50:31  random_test.py : INFO  === Evaluate Testcase === 
 def testcase(self):
    vehicle1 = NPC(lane_id=4, offset=37.25386163, initial_speed=3.25129984)
    ego = NPC(lane_id=3, offset=43.8519716, initial_speed=23.92785183)
    vehicle3 = NPC(lane_id=1, offset=20.47847418, initial_speed=8.00840318)
    vehicle1.changeLane(trigger_sequence=1, target_lane=1, target_speed=48.46720632)
    vehicle1.changeLane(trigger_sequence=4, target_lane=1, target_speed=31.15788362)
    vehicle3.decelerate(trigger_sequence=5, target_speed=22.84751595)

2025-04-22 Tuesday 11:50:31  random_test.py : INFO  === Evaluation Finished === 
 Fitness: [3.5013763424595723, -0.5379188712522046], Collision: False
2025-04-22 Tuesday 11:50:45  random_test.py : INFO  === Evaluate Testcase === 
 def testcase(self):
    ego = NPC(lane_id=4, offset=36.13296214, initial_speed=22.44184201)
    vehicle2 = NPC(lane_id=1, offset=31.67142706, initial_speed=33.75211159)
    vehicle2.accelerate(trigger_sequence=1, target_speed=36.92658089)
    vehicle2.changeLane(trigger_sequence=3, target_lane=3, target_speed=11.15865414)
    vehicle2.decelerate(trigger_sequence=4, target_speed=6.26274927)

2025-04-22 Tuesday 11:50:45  random_test.py : INFO  === Evaluation Finished === 
 Fitness: [10.493163075731053, -0.5508771929824562], Collision: False
2025-04-22 Tuesday 11:51:00  random_test.py : INFO  === Evaluate Testcase === 
 def testcase(self):
    vehicle1 = NPC(lane_id=5, offset=23.30463378, initial_speed=25.30161035)
    vehicle2 = NPC(lane_id=5, offset=29.98402245, initial_speed=4.77921035)
    vehicle3 = NPC(lane_id=5, offset=40.27083332, initial_speed=2.16819428)
    ego = NPC(lane_id=1, offset=43.95414583, initial_speed=19.31356726)
    vehicle2.changeLane(trigger_sequence=1, target_lane=3, target_speed=6.86723817)
    vehicle1.accelerate(trigger_sequence=2, target_speed=52.69257309)
    vehicle2.accelerate(trigger_sequence=2, target_speed=49.68694604)
    vehicle3.changeLane(trigger_sequence=2, target_lane=3, target_speed=31.0075787)
    vehicle2.accelerate(trigger_sequence=3, target_speed=54.53923152)
    vehicle3.changeLane(trigger_sequence=3, target_lane=3, target_speed=43.5015145)
    vehicle2.accelerate(trigger_sequence=4, target_speed=39.85447262)
    vehicle3.changeLane(trigger_sequence=4, target_lane=1, target_speed=22.34287137)
    vehicle1.changeLane(trigger_sequence=5, target_lane=1, target_speed=56.62778859)

2025-04-22 Tuesday 11:51:00  random_test.py : INFO  === Evaluation Finished === 
 Fitness: [3.7030792417407765, -0.6145833333333334], Collision: True
2025-04-22 Tuesday 11:51:00  random_test.py : INFO  === Find a coollision ===
2025-04-22 Tuesday 11:51:05  random_test.py : INFO  === Evaluate Testcase === 
 def testcase(self):
    ego = NPC(lane_id=1, offset=30.43203593, initial_speed=13.97627223)
    vehicle2 = NPC(lane_id=3, offset=19.82264162, initial_speed=1.18512496)
    vehicle3 = NPC(lane_id=3, offset=22.8102455, initial_speed=5.61031784)
    vehicle4 = NPC(lane_id=3, offset=48.37387973, initial_speed=19.67128682)
    vehicle3.changeLane(trigger_sequence=1, target_lane=1, target_speed=4.51470065)
    vehicle4.accelerate(trigger_sequence=1, target_speed=45.22710421)
    vehicle2.decelerate(trigger_sequence=2, target_speed=0.8228746)
    vehicle3.decelerate(trigger_sequence=2, target_speed=4.04267713)
    vehicle2.decelerate(trigger_sequence=3, target_speed=6.7563695)
    vehicle3.accelerate(trigger_sequence=3, target_speed=43.52098627)
    vehicle4.decelerate(trigger_sequence=4, target_speed=27.90897289)
    vehicle3.changeLane(trigger_sequence=5, target_lane=1, target_speed=12.89178343)
    vehicle4.decelerate(trigger_sequence=5, target_speed=16.79636085)

2025-04-22 Tuesday 11:51:05  random_test.py : INFO  === Evaluation Finished === 
 Fitness: [inf, 0], Collision: False
2025-04-22 Tuesday 11:51:19  random_test.py : INFO  === Evaluate Testcase === 
 def testcase(self):
    vehicle1 = NPC(lane_id=1, offset=30.31151576, initial_speed=7.58879269)
    vehicle2 = NPC(lane_id=1, offset=35.69441107, initial_speed=33.99779778)
    ego = NPC(lane_id=1, offset=41.86788507, initial_speed=27.57354525)
    vehicle4 = NPC(lane_id=3, offset=35.72425969, initial_speed=8.30485603)
    vehicle1.changeLane(trigger_sequence=1, target_lane=1, target_speed=45.00189467)
    vehicle2.changeLane(trigger_sequence=1, target_lane=3, target_speed=10.31571015)
    vehicle4.accelerate(trigger_sequence=1, target_speed=36.46683235)
    vehicle2.accelerate(trigger_sequence=2, target_speed=44.68133075)
    vehicle4.accelerate(trigger_sequence=2, target_speed=50.53667326)
    vehicle1.changeLane(trigger_sequence=3, target_lane=1, target_speed=49.89985464)
    vehicle2.accelerate(trigger_sequence=3, target_speed=47.9744107)
    vehicle4.changeLane(trigger_sequence=3, target_lane=3, target_speed=51.4621286)
    vehicle2.accelerate(trigger_sequence=4, target_speed=50.02830631)
    vehicle4.changeLane(trigger_sequence=4, target_lane=3, target_speed=4.48261688)
    vehicle1.accelerate(trigger_sequence=5, target_speed=36.14771246)

2025-04-22 Tuesday 11:51:19  random_test.py : INFO  === Evaluation Finished === 
 Fitness: [4.7570542675766365, -0.19732441471571907], Collision: True
2025-04-22 Tuesday 11:51:19  random_test.py : INFO  === Find a coollision ===
2025-04-22 Tuesday 11:51:34  random_test.py : INFO  === Evaluate Testcase === 
 def testcase(self):
    vehicle1 = NPC(lane_id=2, offset=8.64478228, initial_speed=18.45900438)
    vehicle2 = NPC(lane_id=3, offset=6.74476457, initial_speed=7.99489196)
    ego = NPC(lane_id=1, offset=1.49518214, initial_speed=17.35731431)
    vehicle4 = NPC(lane_id=5, offset=38.51129636, initial_speed=38.04074919)
    vehicle2.decelerate(trigger_sequence=1, target_speed=9.95787768)
    vehicle4.changeLane(trigger_sequence=1, target_lane=3, target_speed=43.9103655)
    vehicle1.decelerate(trigger_sequence=2, target_speed=0.63914008)
    vehicle2.accelerate(trigger_sequence=2, target_speed=44.28767939)
    vehicle2.changeLane(trigger_sequence=3, target_lane=1, target_speed=8.52967424)
    vehicle4.changeLane(trigger_sequence=3, target_lane=1, target_speed=35.35643651)
    vehicle2.decelerate(trigger_sequence=4, target_speed=0.81832534)
    vehicle4.decelerate(trigger_sequence=4, target_speed=15.27894611)
    vehicle1.changeLane(trigger_sequence=5, target_lane=3, target_speed=44.97874298)
    vehicle2.decelerate(trigger_sequence=5, target_speed=12.28268612)
    vehicle4.changeLane(trigger_sequence=5, target_lane=1, target_speed=6.3049594)

2025-04-22 Tuesday 11:51:34  random_test.py : INFO  === Evaluation Finished === 
 Fitness: [3.5017640728458104, -0.022452504317789293], Collision: False
2025-04-22 Tuesday 11:51:49  random_test.py : INFO  === Evaluate Testcase === 
 def testcase(self):
    vehicle1 = NPC(lane_id=1, offset=49.59334577, initial_speed=15.90512565)
    vehicle2 = NPC(lane_id=4, offset=40.65870542, initial_speed=17.34253741)
    ego = NPC(lane_id=5, offset=9.30816944, initial_speed=25.06797823)
    vehicle4 = NPC(lane_id=3, offset=37.21058656, initial_speed=1.33544976)
    vehicle1.changeLane(trigger_sequence=1, target_lane=1, target_speed=2.11532424)
    vehicle2.accelerate(trigger_sequence=1, target_speed=46.24538282)
    vehicle4.changeLane(trigger_sequence=1, target_lane=1, target_speed=57.82673384)
    vehicle2.accelerate(trigger_sequence=2, target_speed=37.88749488)
    vehicle4.changeLane(trigger_sequence=2, target_lane=3, target_speed=21.33017354)
    vehicle4.decelerate(trigger_sequence=3, target_speed=24.71664745)
    vehicle1.accelerate(trigger_sequence=4, target_speed=35.14229918)
    vehicle4.decelerate(trigger_sequence=4, target_speed=9.7099441)

2025-04-22 Tuesday 11:51:49  random_test.py : INFO  === Evaluation Finished === 
 Fitness: [7.000243136561165, -0.49823321554770317], Collision: False
2025-04-22 Tuesday 11:52:03  random_test.py : INFO  === Evaluate Testcase === 
 def testcase(self):
    ego = NPC(lane_id=2, offset=25.29950547, initial_speed=19.78824518)
    vehicle2 = NPC(lane_id=3, offset=40.78077536, initial_speed=4.22984379)
    vehicle2.changeLane(trigger_sequence=3, target_lane=3, target_speed=34.23833501)

2025-04-22 Tuesday 11:52:03  random_test.py : INFO  === Evaluation Finished === 
 Fitness: [3.501829433346041, -0.5972222222222222], Collision: False
2025-04-22 Tuesday 11:52:17  random_test.py : INFO  === Evaluate Testcase === 
 def testcase(self):
    vehicle1 = NPC(lane_id=2, offset=10.7288243, initial_speed=25.67933852)
    ego = NPC(lane_id=4, offset=47.41528701, initial_speed=37.31330776)
    vehicle3 = NPC(lane_id=2, offset=26.12494238, initial_speed=16.18601261)
    vehicle4 = NPC(lane_id=5, offset=24.70271163, initial_speed=34.30820622)
    vehicle3.decelerate(trigger_sequence=3, target_speed=16.42107138)
    vehicle4.decelerate(trigger_sequence=3, target_speed=29.49541192)
    vehicle1.decelerate(trigger_sequence=5, target_speed=16.65623932)
    vehicle3.accelerate(trigger_sequence=5, target_speed=50.32235698)

2025-04-22 Tuesday 11:52:17  random_test.py : INFO  === Evaluation Finished === 
 Fitness: [10.833292914867128, -0.273224043715847], Collision: False
2025-04-22 Tuesday 11:52:31  random_test.py : INFO  === Evaluate Testcase === 
 def testcase(self):
    ego = NPC(lane_id=1, offset=34.63198673, initial_speed=30.29657337)
    vehicle2 = NPC(lane_id=2, offset=11.49996627, initial_speed=34.85302137)
    vehicle2.decelerate(trigger_sequence=1, target_speed=17.94415117)
    vehicle2.accelerate(trigger_sequence=4, target_speed=42.29450061)

2025-04-22 Tuesday 11:52:31  random_test.py : INFO  === Evaluation Finished === 
 Fitness: [3.876412104955294, -0.3935599284436494], Collision: False
2025-04-22 Tuesday 11:52:46  random_test.py : INFO  === Evaluate Testcase === 
 def testcase(self):
    vehicle1 = NPC(lane_id=2, offset=11.75819663, initial_speed=25.88464631)
    ego = NPC(lane_id=4, offset=33.07858961, initial_speed=18.65004442)
    vehicle1.changeLane(trigger_sequence=3, target_lane=3, target_speed=47.31192061)

2025-04-22 Tuesday 11:52:46  random_test.py : INFO  === Evaluation Finished === 
 Fitness: [6.99926752405274, -0.8752166377816292], Collision: False
2025-04-22 Tuesday 11:53:00  random_test.py : INFO  === Evaluate Testcase === 
 def testcase(self):
    ego = NPC(lane_id=3, offset=36.03219862, initial_speed=8.99586133)
    vehicle2 = NPC(lane_id=3, offset=19.82305891, initial_speed=15.54298683)
    vehicle2.decelerate(trigger_sequence=5, target_speed=27.49650569)

2025-04-22 Tuesday 11:53:00  random_test.py : INFO  === Evaluation Finished === 
 Fitness: [4.735679872260118, -0.06666666666666667], Collision: True
2025-04-22 Tuesday 11:53:00  random_test.py : INFO  === Find a coollision ===
2025-04-22 Tuesday 11:53:14  random_test.py : INFO  === Evaluate Testcase === 
 def testcase(self):
    vehicle1 = NPC(lane_id=5, offset=32.9418511, initial_speed=16.36675861)
    vehicle2 = NPC(lane_id=5, offset=0.05829045, initial_speed=33.64308244)
    ego = NPC(lane_id=1, offset=49.11716706, initial_speed=28.44083704)
    vehicle1.decelerate(trigger_sequence=1, target_speed=25.27678625)
    vehicle1.accelerate(trigger_sequence=2, target_speed=40.64821467)
    vehicle1.decelerate(trigger_sequence=3, target_speed=8.39800853)
    vehicle1.decelerate(trigger_sequence=4, target_speed=9.55995227)
    vehicle1.accelerate(trigger_sequence=5, target_speed=51.64321009)

2025-04-22 Tuesday 11:53:14  random_test.py : INFO  === Evaluation Finished === 
 Fitness: [18.72314339637411, -0.47771836007130125], Collision: False
2025-04-22 Tuesday 11:53:29  random_test.py : INFO  === Evaluate Testcase === 
 def testcase(self):
    vehicle1 = NPC(lane_id=4, offset=10.16245295, initial_speed=26.44564275)
    vehicle2 = NPC(lane_id=4, offset=38.06710424, initial_speed=32.25920609)
    ego = NPC(lane_id=4, offset=16.63379562, initial_speed=26.59067724)
    vehicle4 = NPC(lane_id=5, offset=44.69661801, initial_speed=32.25086366)
    vehicle2.decelerate(trigger_sequence=1, target_speed=20.9606017)
    vehicle4.changeLane(trigger_sequence=1, target_lane=3, target_speed=39.74631432)
    vehicle1.decelerate(trigger_sequence=2, target_speed=0.29458002)
    vehicle2.changeLane(trigger_sequence=2, target_lane=3, target_speed=45.13749796)
    vehicle4.accelerate(trigger_sequence=2, target_speed=33.15636992)
    vehicle2.accelerate(trigger_sequence=3, target_speed=58.54484872)
    vehicle4.changeLane(trigger_sequence=3, target_lane=3, target_speed=7.93724591)
    vehicle1.changeLane(trigger_sequence=4, target_lane=1, target_speed=8.13277609)
    vehicle4.changeLane(trigger_sequence=4, target_lane=1, target_speed=20.66321255)
    vehicle4.accelerate(trigger_sequence=5, target_speed=30.84672429)

2025-04-22 Tuesday 11:53:29  random_test.py : INFO  === Evaluation Finished === 
 Fitness: [4.726972245084193, -0.4896551724137931], Collision: True
2025-04-22 Tuesday 11:53:29  random_test.py : INFO  === Find a coollision ===
2025-04-22 Tuesday 11:53:43  random_test.py : INFO  === Evaluate Testcase === 
 def testcase(self):
    vehicle1 = NPC(lane_id=1, offset=40.69276455, initial_speed=7.80536415)
    ego = NPC(lane_id=2, offset=43.6894258, initial_speed=15.43741282)
    vehicle3 = NPC(lane_id=4, offset=39.76179205, initial_speed=8.81509758)
    vehicle1.accelerate(trigger_sequence=2, target_speed=31.31080931)
    vehicle3.changeLane(trigger_sequence=3, target_lane=1, target_speed=50.61073787)
    vehicle3.changeLane(trigger_sequence=4, target_lane=3, target_speed=16.7813289)
    vehicle1.accelerate(trigger_sequence=5, target_speed=52.68090195)
    vehicle3.accelerate(trigger_sequence=5, target_speed=47.35057868)

2025-04-22 Tuesday 11:53:43  random_test.py : INFO  === Evaluation Finished === 
 Fitness: [3.4995388223831463, -0.038525963149078725], Collision: False
2025-04-22 Tuesday 11:53:58  random_test.py : INFO  === Evaluate Testcase === 
 def testcase(self):
    vehicle1 = NPC(lane_id=3, offset=9.96006765, initial_speed=25.55083722)
    ego = NPC(lane_id=5, offset=35.13948492, initial_speed=19.46654366)
    vehicle1.decelerate(trigger_sequence=1, target_speed=27.31518095)
    vehicle1.decelerate(trigger_sequence=3, target_speed=6.89642136)

2025-04-22 Tuesday 11:53:58  random_test.py : INFO  === Evaluation Finished === 
 Fitness: [6.999144852114597, -0.625], Collision: False
2025-04-22 Tuesday 11:54:12  random_test.py : INFO  === Evaluate Testcase === 
 def testcase(self):
    vehicle1 = NPC(lane_id=2, offset=7.53277761, initial_speed=38.87680187)
    vehicle2 = NPC(lane_id=4, offset=14.01420923, initial_speed=33.50226053)
    ego = NPC(lane_id=5, offset=13.98555849, initial_speed=37.68527912)
    vehicle2.changeLane(trigger_sequence=1, target_lane=3, target_speed=53.69736823)
    vehicle2.decelerate(trigger_sequence=3, target_speed=17.25996998)
    vehicle2.accelerate(trigger_sequence=4, target_speed=57.52680959)
    vehicle1.accelerate(trigger_sequence=5, target_speed=54.54894746)

2025-04-22 Tuesday 11:54:12  random_test.py : INFO  === Evaluation Finished === 
 Fitness: [3.5255703461640384, -0.273224043715847], Collision: False
2025-04-22 Tuesday 11:54:27  random_test.py : INFO  === Evaluate Testcase === 
 def testcase(self):
    ego = NPC(lane_id=4, offset=26.48298981, initial_speed=2.86945907)
    vehicle2 = NPC(lane_id=3, offset=26.77460845, initial_speed=7.88715984)
    vehicle3 = NPC(lane_id=5, offset=12.63284246, initial_speed=5.75812295)
    vehicle2.decelerate(trigger_sequence=1, target_speed=27.44583242)
    vehicle3.decelerate(trigger_sequence=1, target_speed=10.94980761)
    vehicle2.changeLane(trigger_sequence=2, target_lane=3, target_speed=46.24571366)
    vehicle3.changeLane(trigger_sequence=2, target_lane=3, target_speed=14.36449273)
    vehicle2.decelerate(trigger_sequence=3, target_speed=19.77817198)
    vehicle2.decelerate(trigger_sequence=5, target_speed=10.75852034)

2025-04-22 Tuesday 11:54:27  random_test.py : INFO  === Evaluation Finished === 
 Fitness: [3.5042405760469224, -0.5478991596638656], Collision: False
2025-04-22 Tuesday 11:54:41  random_test.py : INFO  === Evaluate Testcase === 
 def testcase(self):
    vehicle1 = NPC(lane_id=3, offset=36.09650207, initial_speed=16.60471202)
    ego = NPC(lane_id=4, offset=19.60582024, initial_speed=14.29621433)
    vehicle1.decelerate(trigger_sequence=2, target_speed=17.92450401)
    vehicle1.changeLane(trigger_sequence=3, target_lane=3, target_speed=26.9902777)
    vehicle1.accelerate(trigger_sequence=4, target_speed=38.61573051)
    vehicle1.changeLane(trigger_sequence=5, target_lane=3, target_speed=21.65072678)

2025-04-22 Tuesday 11:54:41  random_test.py : INFO  === Evaluation Finished === 
 Fitness: [17.081787326731288, -0.023450586264656615], Collision: False
2025-04-22 Tuesday 11:54:56  random_test.py : INFO  === Evaluate Testcase === 
 def testcase(self):
    vehicle1 = NPC(lane_id=1, offset=12.16826255, initial_speed=39.02482816)
    ego = NPC(lane_id=4, offset=9.99846914, initial_speed=10.1548739)
    vehicle3 = NPC(lane_id=5, offset=2.37157769, initial_speed=25.6013259)
    vehicle1.accelerate(trigger_sequence=1, target_speed=51.53965123)
    vehicle3.changeLane(trigger_sequence=2, target_lane=3, target_speed=26.07715619)
    vehicle3.changeLane(trigger_sequence=4, target_lane=3, target_speed=23.15980548)
    vehicle3.decelerate(trigger_sequence=5, target_speed=4.12224869)

2025-04-22 Tuesday 11:54:56  random_test.py : INFO  === Evaluation Finished === 
 Fitness: [3.508388293788502, -0.03], Collision: False
2025-04-22 Tuesday 11:55:11  random_test.py : INFO  === Evaluate Testcase === 
 def testcase(self):
    vehicle1 = NPC(lane_id=5, offset=6.6376807, initial_speed=34.27518046)
    vehicle2 = NPC(lane_id=3, offset=32.92227925, initial_speed=9.54304661)
    ego = NPC(lane_id=1, offset=3.28113752, initial_speed=5.62197698)
    vehicle1.accelerate(trigger_sequence=2, target_speed=34.55896139)
    vehicle2.changeLane(trigger_sequence=2, target_lane=3, target_speed=27.66314823)
    vehicle1.decelerate(trigger_sequence=4, target_speed=11.38936404)
    vehicle1.changeLane(trigger_sequence=5, target_lane=3, target_speed=35.59428534)

2025-04-22 Tuesday 11:55:11  random_test.py : INFO  === Evaluation Finished === 
 Fitness: [14.656792587765906, -0.7848739495798319], Collision: False
2025-04-22 Tuesday 11:55:25  random_test.py : INFO  === Evaluate Testcase === 
 def testcase(self):
    ego = NPC(lane_id=5, offset=4.48888073, initial_speed=8.3335224)
    vehicle2 = NPC(lane_id=2, offset=20.16324029, initial_speed=28.52371755)
    vehicle2.decelerate(trigger_sequence=2, target_speed=7.78760954)
    vehicle2.accelerate(trigger_sequence=3, target_speed=56.5937486)
    vehicle2.changeLane(trigger_sequence=5, target_lane=1, target_speed=42.91136233)

2025-04-22 Tuesday 11:55:25  random_test.py : INFO  === Evaluation Finished === 
 Fitness: [19.191616750893814, -0.041666666666666664], Collision: False
2025-04-22 Tuesday 11:55:40  random_test.py : INFO  === Evaluate Testcase === 
 def testcase(self):
    vehicle1 = NPC(lane_id=4, offset=18.97555441, initial_speed=36.30217756)
    vehicle2 = NPC(lane_id=3, offset=39.32252037, initial_speed=32.66381635)
    ego = NPC(lane_id=1, offset=20.27532774, initial_speed=28.88598006)
    vehicle4 = NPC(lane_id=3, offset=5.78244805, initial_speed=25.23419868)
    vehicle1.decelerate(trigger_sequence=1, target_speed=3.62714635)
    vehicle2.decelerate(trigger_sequence=2, target_speed=8.98106788)
    vehicle4.decelerate(trigger_sequence=2, target_speed=23.92760387)
    vehicle1.changeLane(trigger_sequence=3, target_lane=1, target_speed=6.40676811)
    vehicle2.decelerate(trigger_sequence=3, target_speed=23.47900842)
    vehicle4.decelerate(trigger_sequence=3, target_speed=23.88088606)
    vehicle1.accelerate(trigger_sequence=4, target_speed=40.20545246)
    vehicle4.changeLane(trigger_sequence=4, target_lane=1, target_speed=5.57876184)
    vehicle1.decelerate(trigger_sequence=5, target_speed=12.93794115)

2025-04-22 Tuesday 11:55:40  random_test.py : INFO  === Evaluation Finished === 
 Fitness: [10.149783471673114, -0.38324420677361853], Collision: False
2025-04-22 Tuesday 11:55:54  random_test.py : INFO  === Evaluate Testcase === 
 def testcase(self):
    vehicle1 = NPC(lane_id=1, offset=6.82700712, initial_speed=0.20133337)
    vehicle2 = NPC(lane_id=4, offset=18.80650769, initial_speed=3.95855765)
    ego = NPC(lane_id=3, offset=48.74869105, initial_speed=0.93868345)
    vehicle4 = NPC(lane_id=3, offset=40.65733482, initial_speed=9.21040781)
    vehicle1.decelerate(trigger_sequence=1, target_speed=2.30400929)
    vehicle2.accelerate(trigger_sequence=1, target_speed=35.34352773)
    vehicle1.accelerate(trigger_sequence=2, target_speed=43.61751271)
    vehicle2.accelerate(trigger_sequence=3, target_speed=50.10128944)
    vehicle4.accelerate(trigger_sequence=3, target_speed=30.28283551)
    vehicle1.decelerate(trigger_sequence=5, target_speed=11.52302332)
    vehicle4.accelerate(trigger_sequence=5, target_speed=34.60358166)

2025-04-22 Tuesday 11:55:54  random_test.py : INFO  === Evaluation Finished === 
 Fitness: [3.511153686029315, -0.6521008403361345], Collision: True
2025-04-22 Tuesday 11:55:54  random_test.py : INFO  === Find a coollision ===
2025-04-22 Tuesday 11:56:09  random_test.py : INFO  === Evaluate Testcase === 
 def testcase(self):
    ego = NPC(lane_id=2, offset=27.99040363, initial_speed=4.78788344)
    vehicle2 = NPC(lane_id=4, offset=14.42436279, initial_speed=9.51031294)
    vehicle3 = NPC(lane_id=5, offset=8.46499999, initial_speed=12.99097429)
    vehicle2.decelerate(trigger_sequence=1, target_speed=23.23023977)
    vehicle2.decelerate(trigger_sequence=2, target_speed=20.67706177)
    vehicle3.decelerate(trigger_sequence=2, target_speed=2.17359632)
    vehicle2.changeLane(trigger_sequence=3, target_lane=1, target_speed=30.286434)
    vehicle3.changeLane(trigger_sequence=3, target_lane=3, target_speed=25.12607955)
    vehicle3.accelerate(trigger_sequence=5, target_speed=49.45800139)

2025-04-22 Tuesday 11:56:09  random_test.py : INFO  === Evaluation Finished === 
 Fitness: [7.000229594062341, -0.49411764705882355], Collision: False
2025-04-22 Tuesday 11:56:24  random_test.py : INFO  === Evaluate Testcase === 
 def testcase(self):
    vehicle1 = NPC(lane_id=3, offset=31.60056055, initial_speed=10.70245498)
    ego = NPC(lane_id=3, offset=6.57704305, initial_speed=29.12282076)
    vehicle3 = NPC(lane_id=1, offset=19.02960621, initial_speed=30.18972181)
    vehicle3.accelerate(trigger_sequence=1, target_speed=44.62987847)
    vehicle3.accelerate(trigger_sequence=2, target_speed=37.38362219)
    vehicle3.changeLane(trigger_sequence=3, target_lane=3, target_speed=39.70245421)
    vehicle1.accelerate(trigger_sequence=4, target_speed=31.83891009)
    vehicle1.changeLane(trigger_sequence=5, target_lane=1, target_speed=57.81600962)
    vehicle3.changeLane(trigger_sequence=5, target_lane=1, target_speed=41.82878137)

2025-04-22 Tuesday 11:56:24  random_test.py : INFO  === Evaluation Finished === 
 Fitness: [9.914398841813856, -0.3], Collision: False
2025-04-22 Tuesday 11:56:39  random_test.py : INFO  === Evaluate Testcase === 
 def testcase(self):
    vehicle1 = NPC(lane_id=2, offset=2.72476659, initial_speed=20.98808171)
    vehicle2 = NPC(lane_id=3, offset=4.55857022, initial_speed=20.44902621)
    vehicle3 = NPC(lane_id=2, offset=20.27120135, initial_speed=4.65190747)
    ego = NPC(lane_id=5, offset=30.29670431, initial_speed=3.07070144)
    vehicle2.accelerate(trigger_sequence=1, target_speed=33.19958298)
    vehicle1.decelerate(trigger_sequence=2, target_speed=17.16309479)
    vehicle2.changeLane(trigger_sequence=2, target_lane=3, target_speed=46.64907811)
    vehicle3.accelerate(trigger_sequence=2, target_speed=52.77330618)
    vehicle1.decelerate(trigger_sequence=3, target_speed=22.51900396)
    vehicle1.decelerate(trigger_sequence=4, target_speed=9.95675198)
    vehicle3.accelerate(trigger_sequence=4, target_speed=53.00504923)
    vehicle1.accelerate(trigger_sequence=5, target_speed=30.00060397)
    vehicle2.accelerate(trigger_sequence=5, target_speed=37.68306823)
    vehicle3.accelerate(trigger_sequence=5, target_speed=32.04003719)

2025-04-22 Tuesday 11:56:39  random_test.py : INFO  === Evaluation Finished === 
 Fitness: [6.993205947905191, -0.5453020134228188], Collision: False
2025-04-22 Tuesday 11:56:53  random_test.py : INFO  === Evaluate Testcase === 
 def testcase(self):
    vehicle1 = NPC(lane_id=1, offset=49.22021973, initial_speed=12.20795368)
    ego = NPC(lane_id=3, offset=48.30575113, initial_speed=24.41494247)
    vehicle1.accelerate(trigger_sequence=1, target_speed=56.02918013)
    vehicle1.changeLane(trigger_sequence=4, target_lane=3, target_speed=25.98350646)

2025-04-22 Tuesday 11:56:53  random_test.py : INFO  === Evaluation Finished === 
 Fitness: [6.997759892634452, -0.5220458553791887], Collision: False
2025-04-22 Tuesday 11:57:08  random_test.py : INFO  === Evaluate Testcase === 
 def testcase(self):
    ego = NPC(lane_id=3, offset=36.56333708, initial_speed=14.85545088)
    vehicle2 = NPC(lane_id=3, offset=29.4794701, initial_speed=5.05166042)
    vehicle2.decelerate(trigger_sequence=1, target_speed=9.42089108)
    vehicle2.decelerate(trigger_sequence=2, target_speed=14.64793782)
    vehicle2.decelerate(trigger_sequence=3, target_speed=29.82543651)
    vehicle2.accelerate(trigger_sequence=4, target_speed=50.92454647)

2025-04-22 Tuesday 11:57:08  random_test.py : INFO  === Evaluation Finished === 
 Fitness: [4.691086848184084, -0.08053691275167785], Collision: True
2025-04-22 Tuesday 11:57:08  random_test.py : INFO  === Find a coollision ===
2025-04-22 Tuesday 11:57:13  random_test.py : INFO  === Evaluate Testcase === 
 def testcase(self):
    vehicle1 = NPC(lane_id=2, offset=12.95556246, initial_speed=16.84118907)
    vehicle2 = NPC(lane_id=4, offset=41.42623179, initial_speed=13.37469139)
    vehicle3 = NPC(lane_id=4, offset=39.14548068, initial_speed=29.47841865)
    ego = NPC(lane_id=1, offset=48.90999037, initial_speed=34.49952024)
    vehicle1.accelerate(trigger_sequence=2, target_speed=32.49943955)
    vehicle2.decelerate(trigger_sequence=2, target_speed=13.76168905)
    vehicle3.accelerate(trigger_sequence=2, target_speed=35.33313317)
    vehicle1.decelerate(trigger_sequence=3, target_speed=20.77788394)
    vehicle3.decelerate(trigger_sequence=4, target_speed=23.12118248)
    vehicle2.changeLane(trigger_sequence=5, target_lane=1, target_speed=45.39307352)

2025-04-22 Tuesday 11:57:13  random_test.py : INFO  === Evaluation Finished === 
 Fitness: [inf, 0], Collision: False
2025-04-22 Tuesday 11:57:27  random_test.py : INFO  === Evaluate Testcase === 
 def testcase(self):
    ego = NPC(lane_id=3, offset=16.81398634, initial_speed=14.18950084)
    vehicle2 = NPC(lane_id=1, offset=13.72155551, initial_speed=37.55892411)
    vehicle2.accelerate(trigger_sequence=3, target_speed=41.2584763)
    vehicle2.decelerate(trigger_sequence=5, target_speed=15.3795116)

2025-04-22 Tuesday 11:57:27  random_test.py : INFO  === Evaluation Finished === 
 Fitness: [6.990883779091122, -0.023450586264656615], Collision: False
2025-04-22 Tuesday 11:57:42  random_test.py : INFO  === Evaluate Testcase === 
 def testcase(self):
    ego = NPC(lane_id=3, offset=12.49107624, initial_speed=6.76247033)
    vehicle2 = NPC(lane_id=1, offset=6.83345926, initial_speed=11.79889203)
    vehicle3 = NPC(lane_id=4, offset=18.14523115, initial_speed=26.04220125)
    vehicle4 = NPC(lane_id=4, offset=44.03136419, initial_speed=5.86659686)
    vehicle4.accelerate(trigger_sequence=1, target_speed=38.09229211)
    vehicle2.changeLane(trigger_sequence=2, target_lane=1, target_speed=47.35564616)
    vehicle2.decelerate(trigger_sequence=4, target_speed=19.99438269)
    vehicle4.decelerate(trigger_sequence=4, target_speed=18.01135144)
    vehicle3.accelerate(trigger_sequence=5, target_speed=45.86148737)
    vehicle4.accelerate(trigger_sequence=5, target_speed=55.88806685)

2025-04-22 Tuesday 11:57:42  random_test.py : INFO  === Evaluation Finished === 
 Fitness: [6.995885051490414, -0.015100671140939598], Collision: False
2025-04-22 Tuesday 11:57:56  random_test.py : INFO  === Evaluate Testcase === 
 def testcase(self):
    ego = NPC(lane_id=4, offset=8.08115102, initial_speed=22.30216612)
    vehicle2 = NPC(lane_id=1, offset=36.10929866, initial_speed=6.25862376)
    vehicle2.changeLane(trigger_sequence=2, target_lane=3, target_speed=47.90653089)
    vehicle2.decelerate(trigger_sequence=5, target_speed=29.4465101)

2025-04-22 Tuesday 11:57:56  random_test.py : INFO  === Evaluation Finished === 
 Fitness: [7.0006861591224, -0.5508771929824562], Collision: False
2025-04-22 Tuesday 11:58:11  random_test.py : INFO  === Evaluate Testcase === 
 def testcase(self):
    vehicle1 = NPC(lane_id=4, offset=30.02969522, initial_speed=38.87880097)
    vehicle2 = NPC(lane_id=5, offset=49.63276568, initial_speed=27.98922918)
    ego = NPC(lane_id=2, offset=10.31954237, initial_speed=34.87143499)
    vehicle2.changeLane(trigger_sequence=1, target_lane=3, target_speed=22.99866024)
    vehicle1.decelerate(trigger_sequence=4, target_speed=19.89094039)
    vehicle2.decelerate(trigger_sequence=4, target_speed=19.77285701)
    vehicle1.accelerate(trigger_sequence=5, target_speed=52.84655175)

2025-04-22 Tuesday 11:58:11  random_test.py : INFO  === Evaluation Finished === 
 Fitness: [3.499758303102213, -0.3345388788426763], Collision: False
2025-04-22 Tuesday 11:58:26  random_test.py : INFO  === Evaluate Testcase === 
 def testcase(self):
    vehicle1 = NPC(lane_id=3, offset=30.55838957, initial_speed=19.599083)
    vehicle2 = NPC(lane_id=1, offset=21.67272139, initial_speed=18.68249716)
    vehicle3 = NPC(lane_id=3, offset=44.49035942, initial_speed=30.94264773)
    ego = NPC(lane_id=5, offset=33.15646584, initial_speed=29.74932099)
    vehicle1.decelerate(trigger_sequence=1, target_speed=24.42138938)
    vehicle3.decelerate(trigger_sequence=1, target_speed=0.63216612)
    vehicle2.changeLane(trigger_sequence=2, target_lane=3, target_speed=7.94818279)
    vehicle3.accelerate(trigger_sequence=2, target_speed=39.45254885)
    vehicle1.changeLane(trigger_sequence=4, target_lane=1, target_speed=47.722996)
    vehicle2.decelerate(trigger_sequence=4, target_speed=27.70662957)
    vehicle3.accelerate(trigger_sequence=4, target_speed=40.81217891)
    vehicle2.changeLane(trigger_sequence=5, target_lane=1, target_speed=49.57404572)

2025-04-22 Tuesday 11:58:26  random_test.py : INFO  === Evaluation Finished === 
 Fitness: [6.991944978500783, -0.48035714285714287], Collision: False
2025-04-22 Tuesday 11:58:40  random_test.py : INFO  === Evaluate Testcase === 
 def testcase(self):
    ego = NPC(lane_id=1, offset=22.9608328, initial_speed=28.40033306)
    vehicle2 = NPC(lane_id=2, offset=10.44739955, initial_speed=2.73277965)
    vehicle3 = NPC(lane_id=3, offset=12.44488384, initial_speed=12.77512211)
    vehicle2.accelerate(trigger_sequence=2, target_speed=37.55532045)
    vehicle3.accelerate(trigger_sequence=2, target_speed=55.12571968)
    vehicle3.changeLane(trigger_sequence=3, target_lane=1, target_speed=42.50664044)
    vehicle3.accelerate(trigger_sequence=4, target_speed=58.37771733)
    vehicle2.accelerate(trigger_sequence=5, target_speed=33.7279803)
    vehicle3.decelerate(trigger_sequence=5, target_speed=19.62162427)

2025-04-22 Tuesday 11:58:40  random_test.py : INFO  === Evaluation Finished === 
 Fitness: [4.736511491219766, -0.43672014260249553], Collision: True
2025-04-22 Tuesday 11:58:40  random_test.py : INFO  === Find a coollision ===
2025-04-22 Tuesday 11:58:45  random_test.py : INFO  === Evaluate Testcase === 
 def testcase(self):
    vehicle1 = NPC(lane_id=4, offset=48.49792577, initial_speed=5.87208433)
    vehicle2 = NPC(lane_id=1, offset=46.55840294, initial_speed=4.24727625)
    ego = NPC(lane_id=1, offset=42.55303989, initial_speed=19.99818339)
    vehicle2.changeLane(trigger_sequence=1, target_lane=1, target_speed=41.76074162)
    vehicle1.decelerate(trigger_sequence=3, target_speed=12.83212951)
    vehicle2.accelerate(trigger_sequence=3, target_speed=34.7093025)
    vehicle2.decelerate(trigger_sequence=4, target_speed=25.59022627)
    vehicle2.decelerate(trigger_sequence=5, target_speed=29.66120283)

2025-04-22 Tuesday 11:58:45  random_test.py : INFO  === Evaluation Finished === 
 Fitness: [inf, 0], Collision: False
2025-04-22 Tuesday 11:58:50  random_test.py : INFO  === Evaluate Testcase === 
 def testcase(self):
    ego = NPC(lane_id=1, offset=47.61830794, initial_speed=9.47550715)
    vehicle2 = NPC(lane_id=1, offset=48.77920689, initial_speed=14.5552502)
    vehicle3 = NPC(lane_id=5, offset=12.20518111, initial_speed=35.74957341)
    vehicle3.accelerate(trigger_sequence=1, target_speed=42.71396697)
    vehicle2.decelerate(trigger_sequence=2, target_speed=14.89670403)
    vehicle3.accelerate(trigger_sequence=3, target_speed=47.43712698)
    vehicle3.accelerate(trigger_sequence=4, target_speed=34.03752831)
    vehicle2.accelerate(trigger_sequence=5, target_speed=35.3870873)
    vehicle3.decelerate(trigger_sequence=5, target_speed=22.98226221)

2025-04-22 Tuesday 11:58:50  random_test.py : INFO  === Evaluation Finished === 
 Fitness: [inf, 0], Collision: False
2025-04-22 Tuesday 11:59:04  random_test.py : INFO  === Evaluate Testcase === 
 def testcase(self):
    ego = NPC(lane_id=3, offset=42.20980951, initial_speed=4.40107404)
    vehicle2 = NPC(lane_id=1, offset=9.10722286, initial_speed=37.16837485)
    vehicle2.accelerate(trigger_sequence=1, target_speed=43.65080138)
    vehicle2.accelerate(trigger_sequence=2, target_speed=39.77069791)
    vehicle2.decelerate(trigger_sequence=3, target_speed=26.77113318)
    vehicle2.changeLane(trigger_sequence=5, target_lane=1, target_speed=3.52314803)

2025-04-22 Tuesday 11:59:04  random_test.py : INFO  === Evaluation Finished === 
 Fitness: [6.995658158163094, -0.5067340067340067], Collision: False
2025-04-22 Tuesday 11:59:19  random_test.py : INFO  === Evaluate Testcase === 
 def testcase(self):
    ego = NPC(lane_id=1, offset=3.90758727, initial_speed=2.11612512)
    vehicle2 = NPC(lane_id=2, offset=19.82132214, initial_speed=21.25678571)
    vehicle2.decelerate(trigger_sequence=2, target_speed=7.5189337)
    vehicle2.accelerate(trigger_sequence=5, target_speed=57.0280776)

2025-04-22 Tuesday 11:59:19  random_test.py : INFO  === Evaluation Finished === 
 Fitness: [16.584466376521746, -0.5841750841750841], Collision: False
2025-04-22 Tuesday 11:59:34  random_test.py : INFO  === Evaluate Testcase === 
 def testcase(self):
    vehicle1 = NPC(lane_id=4, offset=7.56041948, initial_speed=36.3878501)
    vehicle2 = NPC(lane_id=5, offset=16.14533, initial_speed=39.33923203)
    ego = NPC(lane_id=3, offset=6.07452987, initial_speed=31.02414172)
    vehicle1.changeLane(trigger_sequence=2, target_lane=3, target_speed=2.97273658)
    vehicle1.accelerate(trigger_sequence=3, target_speed=54.4592295)
    vehicle1.decelerate(trigger_sequence=4, target_speed=7.00310655)
    vehicle2.changeLane(trigger_sequence=4, target_lane=3, target_speed=49.48851716)
    vehicle1.changeLane(trigger_sequence=5, target_lane=3, target_speed=50.79071371)

2025-04-22 Tuesday 11:59:34  random_test.py : INFO  === Evaluation Finished === 
 Fitness: [3.5800168188379686, -0.37992831541218636], Collision: True
2025-04-22 Tuesday 11:59:34  random_test.py : INFO  === Find a coollision ===
2025-04-22 Tuesday 11:59:39  random_test.py : INFO  === Evaluate Testcase === 
 def testcase(self):
    vehicle1 = NPC(lane_id=2, offset=22.82833849, initial_speed=22.73520599)
    ego = NPC(lane_id=4, offset=49.66291953, initial_speed=30.49736364)
    vehicle3 = NPC(lane_id=4, offset=21.60196038, initial_speed=2.76661002)
    vehicle4 = NPC(lane_id=4, offset=47.74861515, initial_speed=10.3888669)
    vehicle1.changeLane(trigger_sequence=2, target_lane=1, target_speed=33.67935668)
    vehicle1.accelerate(trigger_sequence=3, target_speed=51.21112478)
    vehicle4.accelerate(trigger_sequence=3, target_speed=56.41664284)
    vehicle3.accelerate(trigger_sequence=5, target_speed=51.5241251)

2025-04-22 Tuesday 11:59:39  random_test.py : INFO  === Evaluation Finished === 
 Fitness: [inf, 0], Collision: False
2025-04-22 Tuesday 11:59:53  random_test.py : INFO  === Evaluate Testcase === 
 def testcase(self):
    ego = NPC(lane_id=4, offset=47.5921706, initial_speed=21.47249332)
    vehicle2 = NPC(lane_id=4, offset=10.97903019, initial_speed=13.97272262)
    vehicle3 = NPC(lane_id=1, offset=13.79093261, initial_speed=3.35682581)
    vehicle2.accelerate(trigger_sequence=1, target_speed=42.89946352)
    vehicle2.changeLane(trigger_sequence=2, target_lane=1, target_speed=34.88099686)
    vehicle3.decelerate(trigger_sequence=4, target_speed=23.63185067)
    vehicle3.decelerate(trigger_sequence=5, target_speed=26.16064549)

2025-04-22 Tuesday 11:59:53  random_test.py : INFO  === Evaluation Finished === 
 Fitness: [7.7402608503212065, -0.5662020905923345], Collision: False
2025-04-22 Tuesday 12:00:08  random_test.py : INFO  === Evaluate Testcase === 
 def testcase(self):
    vehicle1 = NPC(lane_id=3, offset=12.55885643, initial_speed=19.84597698)
    vehicle2 = NPC(lane_id=1, offset=11.34854137, initial_speed=13.70333128)
    vehicle3 = NPC(lane_id=5, offset=4.23201531, initial_speed=1.79148915)
    ego = NPC(lane_id=2, offset=23.68083862, initial_speed=26.9783364)
    vehicle1.accelerate(trigger_sequence=1, target_speed=35.97432562)
    vehicle3.accelerate(trigger_sequence=1, target_speed=37.07658086)
    vehicle1.decelerate(trigger_sequence=2, target_speed=14.29547841)
    vehicle2.changeLane(trigger_sequence=3, target_lane=3, target_speed=6.16554365)
    vehicle3.changeLane(trigger_sequence=3, target_lane=3, target_speed=37.3064714)
    vehicle2.changeLane(trigger_sequence=5, target_lane=1, target_speed=26.47390178)

2025-04-22 Tuesday 12:00:08  random_test.py : INFO  === Evaluation Finished === 
 Fitness: [6.877467254008484, -0.49023090586145646], Collision: False
2025-04-22 Tuesday 12:00:23  random_test.py : INFO  === Evaluate Testcase === 
 def testcase(self):
    vehicle1 = NPC(lane_id=4, offset=18.11281243, initial_speed=34.64855733)
    vehicle2 = NPC(lane_id=2, offset=5.17805647, initial_speed=30.69090088)
    ego = NPC(lane_id=5, offset=36.58789476, initial_speed=7.64002848)
    vehicle1.changeLane(trigger_sequence=1, target_lane=3, target_speed=32.45706412)
    vehicle1.accelerate(trigger_sequence=2, target_speed=51.84390972)
    vehicle2.accelerate(trigger_sequence=2, target_speed=47.73422372)
    vehicle1.decelerate(trigger_sequence=3, target_speed=2.54313462)
    vehicle1.changeLane(trigger_sequence=4, target_lane=1, target_speed=29.26686362)
    vehicle1.accelerate(trigger_sequence=5, target_speed=45.52138982)

2025-04-22 Tuesday 12:00:23  random_test.py : INFO  === Evaluation Finished === 
 Fitness: [3.496462784377356, -0.03833333333333333], Collision: False
2025-04-22 Tuesday 12:00:38  random_test.py : INFO  === Evaluate Testcase === 
 def testcase(self):
    vehicle1 = NPC(lane_id=5, offset=42.96201131, initial_speed=16.19336021)
    ego = NPC(lane_id=2, offset=6.93099096, initial_speed=27.38886204)
    vehicle1.accelerate(trigger_sequence=2, target_speed=58.78683604)
    vehicle1.decelerate(trigger_sequence=3, target_speed=20.82239268)
    vehicle1.accelerate(trigger_sequence=5, target_speed=43.49979625)

2025-04-22 Tuesday 12:00:38  random_test.py : INFO  === Evaluation Finished === 
 Fitness: [13.691980313043965, -0.47424511545293074], Collision: False
2025-04-22 Tuesday 12:00:53  random_test.py : INFO  === Evaluate Testcase === 
 def testcase(self):
    ego = NPC(lane_id=2, offset=43.10130724, initial_speed=12.91102577)
    vehicle2 = NPC(lane_id=1, offset=16.59039278, initial_speed=30.66167595)
    vehicle3 = NPC(lane_id=3, offset=26.32351619, initial_speed=20.54771906)
    vehicle4 = NPC(lane_id=4, offset=30.47030632, initial_speed=25.52702163)
    vehicle2.changeLane(trigger_sequence=1, target_lane=1, target_speed=7.6750821)
    vehicle3.changeLane(trigger_sequence=1, target_lane=1, target_speed=26.22458214)
    vehicle2.decelerate(trigger_sequence=3, target_speed=18.53545233)
    vehicle2.accelerate(trigger_sequence=4, target_speed=37.97321792)
    vehicle3.changeLane(trigger_sequence=4, target_lane=1, target_speed=4.00423155)
    vehicle4.changeLane(trigger_sequence=4, target_lane=1, target_speed=15.86223197)
    vehicle2.decelerate(trigger_sequence=5, target_speed=27.30187079)
    vehicle3.decelerate(trigger_sequence=5, target_speed=21.68107539)
    vehicle4.changeLane(trigger_sequence=5, target_lane=3, target_speed=15.12465945)

2025-04-22 Tuesday 12:00:53  random_test.py : INFO  === Evaluation Finished === 
 Fitness: [3.5006884170675328, -0.043333333333333335], Collision: False
2025-04-22 Tuesday 12:01:08  random_test.py : INFO  === Evaluate Testcase === 
 def testcase(self):
    vehicle1 = NPC(lane_id=5, offset=38.84667673, initial_speed=6.68424841)
    vehicle2 = NPC(lane_id=4, offset=0.94830469, initial_speed=38.87233575)
    ego = NPC(lane_id=1, offset=26.86235184, initial_speed=35.93647088)
    vehicle4 = NPC(lane_id=2, offset=33.38786659, initial_speed=16.98182792)
    vehicle2.changeLane(trigger_sequence=1, target_lane=1, target_speed=17.28075377)
    vehicle4.changeLane(trigger_sequence=1, target_lane=3, target_speed=20.96095736)
    vehicle2.accelerate(trigger_sequence=2, target_speed=46.84607015)
    vehicle4.changeLane(trigger_sequence=2, target_lane=1, target_speed=44.04258833)
    vehicle2.changeLane(trigger_sequence=3, target_lane=1, target_speed=33.03709288)
    vehicle1.decelerate(trigger_sequence=4, target_speed=27.37923644)
    vehicle4.accelerate(trigger_sequence=4, target_speed=36.68762716)
    vehicle1.decelerate(trigger_sequence=5, target_speed=15.22957843)
    vehicle4.changeLane(trigger_sequence=5, target_lane=3, target_speed=55.31449113)

2025-04-22 Tuesday 12:01:08  random_test.py : INFO  === Evaluation Finished === 
 Fitness: [3.500532735174363, -0.26497277676951], Collision: True
2025-04-22 Tuesday 12:01:08  random_test.py : INFO  === Find a coollision ===
2025-04-22 Tuesday 12:01:22  random_test.py : INFO  === Evaluate Testcase === 
 def testcase(self):
    ego = NPC(lane_id=2, offset=34.57935917, initial_speed=14.07855728)
    vehicle2 = NPC(lane_id=5, offset=25.93813785, initial_speed=9.40648341)
    vehicle2.accelerate(trigger_sequence=1, target_speed=33.95637757)
    vehicle2.accelerate(trigger_sequence=2, target_speed=53.51190517)
    vehicle2.accelerate(trigger_sequence=4, target_speed=34.68117308)

2025-04-22 Tuesday 12:01:22  random_test.py : INFO  === Evaluation Finished === 
 Fitness: [10.500632058575938, -0.02680067001675042], Collision: False
2025-04-22 Tuesday 12:01:37  random_test.py : INFO  === Evaluate Testcase === 
 def testcase(self):
    ego = NPC(lane_id=1, offset=49.80412414, initial_speed=37.60150421)
    vehicle2 = NPC(lane_id=3, offset=49.23383848, initial_speed=38.33469172)
    vehicle3 = NPC(lane_id=5, offset=41.0220929, initial_speed=7.77681828)
    vehicle4 = NPC(lane_id=2, offset=38.6373417, initial_speed=3.84267893)
    vehicle3.changeLane(trigger_sequence=1, target_lane=3, target_speed=29.33921518)
    vehicle4.accelerate(trigger_sequence=1, target_speed=58.07874)
    vehicle3.accelerate(trigger_sequence=2, target_speed=50.34575385)
    vehicle3.changeLane(trigger_sequence=3, target_lane=3, target_speed=25.7378206)
    vehicle4.accelerate(trigger_sequence=3, target_speed=50.00997429)
    vehicle4.changeLane(trigger_sequence=4, target_lane=1, target_speed=46.25526634)
    vehicle2.decelerate(trigger_sequence=5, target_speed=23.66170142)
    vehicle3.accelerate(trigger_sequence=5, target_speed=53.36556058)

2025-04-22 Tuesday 12:01:37  random_test.py : INFO  === Evaluation Finished === 
 Fitness: [7.000679838919279, -0.2750455373406193], Collision: False
2025-04-22 Tuesday 12:01:52  random_test.py : INFO  === Evaluate Testcase === 
 def testcase(self):
    vehicle1 = NPC(lane_id=4, offset=23.60097155, initial_speed=25.81380799)
    vehicle2 = NPC(lane_id=1, offset=25.39164213, initial_speed=27.64749948)
    ego = NPC(lane_id=2, offset=33.94038594, initial_speed=38.97047123)
    vehicle1.changeLane(trigger_sequence=1, target_lane=3, target_speed=18.09920261)
    vehicle2.accelerate(trigger_sequence=2, target_speed=52.60052336)
    vehicle2.changeLane(trigger_sequence=3, target_lane=1, target_speed=3.1821231)
    vehicle2.decelerate(trigger_sequence=5, target_speed=27.04950931)

2025-04-22 Tuesday 12:01:52  random_test.py : INFO  === Evaluation Finished === 
 Fitness: [3.4993920420870253, -0.2376599634369287], Collision: False
2025-04-22 Tuesday 12:02:07  random_test.py : INFO  === Evaluate Testcase === 
 def testcase(self):
    vehicle1 = NPC(lane_id=5, offset=0.45214545, initial_speed=38.64171131)
    vehicle2 = NPC(lane_id=3, offset=41.46880487, initial_speed=37.05676684)
    ego = NPC(lane_id=3, offset=17.2454018, initial_speed=27.86358609)
    vehicle1.decelerate(trigger_sequence=2, target_speed=26.63395461)
    vehicle1.changeLane(trigger_sequence=3, target_lane=1, target_speed=10.1371289)
    vehicle2.decelerate(trigger_sequence=3, target_speed=1.99660252)
    vehicle1.changeLane(trigger_sequence=4, target_lane=1, target_speed=56.49323441)
    vehicle2.changeLane(trigger_sequence=4, target_lane=1, target_speed=21.22897932)
    vehicle2.changeLane(trigger_sequence=5, target_lane=3, target_speed=19.99076735)

2025-04-22 Tuesday 12:02:07  random_test.py : INFO  === Evaluation Finished === 
 Fitness: [3.5016685748938605, -0.4679715302491103], Collision: True
2025-04-22 Tuesday 12:02:07  random_test.py : INFO  === Find a coollision ===
2025-04-22 Tuesday 12:02:22  random_test.py : INFO  === Evaluate Testcase === 
 def testcase(self):
    vehicle1 = NPC(lane_id=1, offset=19.09939515, initial_speed=38.11098866)
    vehicle2 = NPC(lane_id=4, offset=41.60168468, initial_speed=4.44867434)
    ego = NPC(lane_id=4, offset=21.48827351, initial_speed=27.69487794)
    vehicle1.accelerate(trigger_sequence=1, target_speed=35.22763789)
    vehicle2.changeLane(trigger_sequence=1, target_lane=1, target_speed=33.99045787)
    vehicle1.accelerate(trigger_sequence=2, target_speed=58.48810121)
    vehicle1.changeLane(trigger_sequence=3, target_lane=1, target_speed=38.64625677)
    vehicle2.changeLane(trigger_sequence=3, target_lane=1, target_speed=13.30353715)
    vehicle2.changeLane(trigger_sequence=5, target_lane=1, target_speed=51.30561894)

2025-04-22 Tuesday 12:02:22  random_test.py : INFO  === Evaluation Finished === 
 Fitness: [8.873795069981373, -0.45373665480427045], Collision: False
2025-04-22 Tuesday 12:02:37  random_test.py : INFO  === Evaluate Testcase === 
 def testcase(self):
    vehicle1 = NPC(lane_id=2, offset=24.23130231, initial_speed=23.92626279)
    ego = NPC(lane_id=1, offset=7.99447632, initial_speed=12.27705614)
    vehicle3 = NPC(lane_id=1, offset=18.09226223, initial_speed=17.32474734)
    vehicle3.decelerate(trigger_sequence=1, target_speed=26.01291239)
    vehicle1.decelerate(trigger_sequence=2, target_speed=12.57562027)
    vehicle3.accelerate(trigger_sequence=3, target_speed=52.34093241)
    vehicle3.changeLane(trigger_sequence=4, target_lane=3, target_speed=6.03529374)
    vehicle1.accelerate(trigger_sequence=5, target_speed=55.40442297)

2025-04-22 Tuesday 12:02:37  random_test.py : INFO  === Evaluation Finished === 
 Fitness: [10.338410982096523, -0.03171953255425709], Collision: False
2025-04-22 Tuesday 12:02:52  random_test.py : INFO  === Evaluate Testcase === 
 def testcase(self):
    ego = NPC(lane_id=2, offset=4.66515496, initial_speed=0.50939754)
    vehicle2 = NPC(lane_id=4, offset=17.8955513, initial_speed=14.15675068)
    vehicle3 = NPC(lane_id=1, offset=21.37893026, initial_speed=12.4140666)
    vehicle4 = NPC(lane_id=5, offset=40.03572857, initial_speed=23.8091164)
    vehicle3.accelerate(trigger_sequence=2, target_speed=44.94397671)
    vehicle4.changeLane(trigger_sequence=2, target_lane=1, target_speed=14.32753549)
    vehicle2.changeLane(trigger_sequence=4, target_lane=1, target_speed=57.98942664)
    vehicle3.accelerate(trigger_sequence=4, target_speed=38.46309437)
    vehicle3.decelerate(trigger_sequence=5, target_speed=19.92331922)
    vehicle4.decelerate(trigger_sequence=5, target_speed=10.6798065)

2025-04-22 Tuesday 12:02:52  random_test.py : INFO  === Evaluation Finished === 
 Fitness: [15.496104080524239, -0.6016806722689075], Collision: False
2025-04-22 Tuesday 12:03:06  random_test.py : INFO  === Evaluate Testcase === 
 def testcase(self):
    vehicle1 = NPC(lane_id=4, offset=22.47329467, initial_speed=24.92533443)
    ego = NPC(lane_id=3, offset=41.86928668, initial_speed=21.86128931)
    vehicle1.accelerate(trigger_sequence=1, target_speed=44.50852262)
    vehicle1.accelerate(trigger_sequence=3, target_speed=35.98480445)
    vehicle1.decelerate(trigger_sequence=4, target_speed=9.18128894)

2025-04-22 Tuesday 12:03:06  random_test.py : INFO  === Evaluation Finished === 
 Fitness: [3.502388372522312, -0.5446584938704028], Collision: False
2025-04-22 Tuesday 12:03:21  random_test.py : INFO  === Evaluate Testcase === 
 def testcase(self):
    vehicle1 = NPC(lane_id=5, offset=43.24990933, initial_speed=20.70241451)
    ego = NPC(lane_id=1, offset=13.61176342, initial_speed=33.4278696)
    vehicle1.decelerate(trigger_sequence=2, target_speed=10.73342487)
    vehicle1.decelerate(trigger_sequence=4, target_speed=1.80214746)

2025-04-22 Tuesday 12:03:21  random_test.py : INFO  === Evaluation Finished === 
 Fitness: [14.00019922107073, -0.35495495495495494], Collision: False
2025-04-22 Tuesday 12:03:35  random_test.py : INFO  === Evaluate Testcase === 
 def testcase(self):
    vehicle1 = NPC(lane_id=2, offset=5.99852478, initial_speed=11.24816882)
    ego = NPC(lane_id=2, offset=34.5001596, initial_speed=6.24343365)

2025-04-22 Tuesday 12:03:35  random_test.py : INFO  === Evaluation Finished === 
 Fitness: [4.755455075867224, -0.93], Collision: True
2025-04-22 Tuesday 12:03:35  random_test.py : INFO  === Find a coollision ===
2025-04-22 Tuesday 12:03:50  random_test.py : INFO  === Evaluate Testcase === 
 def testcase(self):
    vehicle1 = NPC(lane_id=1, offset=8.81151255, initial_speed=10.89577343)
    vehicle2 = NPC(lane_id=2, offset=34.69127451, initial_speed=18.41038291)
    ego = NPC(lane_id=2, offset=47.00817586, initial_speed=33.84289493)
    vehicle2.changeLane(trigger_sequence=1, target_lane=3, target_speed=40.20349044)
    vehicle2.decelerate(trigger_sequence=2, target_speed=8.77378391)
    vehicle1.decelerate(trigger_sequence=3, target_speed=4.76281915)
    vehicle1.decelerate(trigger_sequence=4, target_speed=6.72543646)
    vehicle1.changeLane(trigger_sequence=5, target_lane=1, target_speed=21.88818079)
    vehicle2.decelerate(trigger_sequence=5, target_speed=7.36519379)

2025-04-22 Tuesday 12:03:50  random_test.py : INFO  === Evaluation Finished === 
 Fitness: [5.180140140819675, -0.351985559566787], Collision: False
2025-04-22 Tuesday 12:04:05  random_test.py : INFO  === Evaluate Testcase === 
 def testcase(self):
    ego = NPC(lane_id=2, offset=37.91603257, initial_speed=14.73584377)
    vehicle2 = NPC(lane_id=5, offset=27.67756237, initial_speed=16.87612426)
    vehicle3 = NPC(lane_id=2, offset=19.13331233, initial_speed=23.48587232)
    vehicle4 = NPC(lane_id=4, offset=26.23635218, initial_speed=36.96219746)
    vehicle4.accelerate(trigger_sequence=1, target_speed=35.18927607)
    vehicle2.accelerate(trigger_sequence=2, target_speed=39.08830132)
    vehicle3.accelerate(trigger_sequence=2, target_speed=47.02126496)
    vehicle4.changeLane(trigger_sequence=2, target_lane=1, target_speed=13.50639764)
    vehicle2.changeLane(trigger_sequence=3, target_lane=1, target_speed=13.44610498)
    vehicle3.accelerate(trigger_sequence=3, target_speed=41.90488031)
    vehicle3.changeLane(trigger_sequence=4, target_lane=3, target_speed=7.88244087)
    vehicle2.accelerate(trigger_sequence=5, target_speed=52.44140299)
    vehicle3.changeLane(trigger_sequence=5, target_lane=3, target_speed=14.65078357)

2025-04-22 Tuesday 12:04:05  random_test.py : INFO  === Evaluation Finished === 
 Fitness: [4.740251504587541, -0.11185308848080133], Collision: True
2025-04-22 Tuesday 12:04:05  random_test.py : INFO  === Find a coollision ===
2025-04-22 Tuesday 12:04:10  random_test.py : INFO  === Evaluate Testcase === 
 def testcase(self):
    vehicle1 = NPC(lane_id=3, offset=25.9431792, initial_speed=26.45032308)
    ego = NPC(lane_id=1, offset=4.9101588, initial_speed=6.42570641)
    vehicle3 = NPC(lane_id=5, offset=33.083841, initial_speed=21.63648042)
    vehicle4 = NPC(lane_id=5, offset=32.68382846, initial_speed=18.9583543)
    vehicle3.accelerate(trigger_sequence=1, target_speed=52.32095868)
    vehicle4.accelerate(trigger_sequence=1, target_speed=46.50350176)
    vehicle1.accelerate(trigger_sequence=2, target_speed=43.06738083)
    vehicle3.accelerate(trigger_sequence=2, target_speed=30.67586312)
    vehicle4.decelerate(trigger_sequence=2, target_speed=25.23979502)
    vehicle1.changeLane(trigger_sequence=3, target_lane=1, target_speed=50.49644086)
    vehicle3.decelerate(trigger_sequence=3, target_speed=14.7683523)
    vehicle4.accelerate(trigger_sequence=3, target_speed=35.07960953)
    vehicle1.decelerate(trigger_sequence=4, target_speed=2.84504396)
    vehicle4.changeLane(trigger_sequence=4, target_lane=1, target_speed=43.92235643)
    vehicle4.decelerate(trigger_sequence=5, target_speed=15.85622188)

2025-04-22 Tuesday 12:04:10  random_test.py : INFO  === Evaluation Finished === 
 Fitness: [inf, 0], Collision: False
2025-04-22 Tuesday 12:04:25  random_test.py : INFO  === Evaluate Testcase === 
 def testcase(self):
    vehicle1 = NPC(lane_id=2, offset=21.95275806, initial_speed=26.01655322)
    ego = NPC(lane_id=5, offset=34.644734, initial_speed=25.11915712)
    vehicle1.changeLane(trigger_sequence=2, target_lane=1, target_speed=42.15308225)
    vehicle1.changeLane(trigger_sequence=3, target_lane=1, target_speed=15.29717128)
    vehicle1.accelerate(trigger_sequence=4, target_speed=38.29507138)

2025-04-22 Tuesday 12:04:25  random_test.py : INFO  === Evaluation Finished === 
 Fitness: [11.649862634385466, -0.5141342756183745], Collision: False
2025-04-22 Tuesday 12:04:29  random_test.py : INFO  === Evaluate Testcase === 
 def testcase(self):
    vehicle1 = NPC(lane_id=1, offset=40.86590214, initial_speed=8.04855343)
    ego = NPC(lane_id=1, offset=41.21582125, initial_speed=14.8140119)
    vehicle3 = NPC(lane_id=3, offset=47.86260413, initial_speed=36.19926136)
    vehicle4 = NPC(lane_id=5, offset=49.67630312, initial_speed=3.74282873)
    vehicle4.changeLane(trigger_sequence=1, target_lane=3, target_speed=35.14491736)
    vehicle1.decelerate(trigger_sequence=2, target_speed=3.50721533)
    vehicle3.decelerate(trigger_sequence=2, target_speed=22.75675562)
    vehicle1.changeLane(trigger_sequence=3, target_lane=1, target_speed=53.94748599)
    vehicle3.changeLane(trigger_sequence=3, target_lane=3, target_speed=51.19187301)
    vehicle1.accelerate(trigger_sequence=4, target_speed=36.62374439)
    vehicle3.decelerate(trigger_sequence=4, target_speed=2.98741272)
    vehicle1.changeLane(trigger_sequence=5, target_lane=1, target_speed=54.67504201)
    vehicle3.accelerate(trigger_sequence=5, target_speed=36.20190111)

2025-04-22 Tuesday 12:04:29  random_test.py : INFO  === Evaluation Finished === 
 Fitness: [inf, 0], Collision: False
2025-04-22 Tuesday 12:04:44  random_test.py : INFO  === Evaluate Testcase === 
 def testcase(self):
    ego = NPC(lane_id=5, offset=5.10504866, initial_speed=12.40093828)
    vehicle2 = NPC(lane_id=3, offset=11.93507643, initial_speed=14.49065215)
    vehicle2.changeLane(trigger_sequence=1, target_lane=3, target_speed=20.50589307)
    vehicle2.accelerate(trigger_sequence=2, target_speed=40.76801984)
    vehicle2.accelerate(trigger_sequence=3, target_speed=48.58539047)
    vehicle2.decelerate(trigger_sequence=5, target_speed=14.97304928)

2025-04-22 Tuesday 12:04:44  random_test.py : INFO  === Evaluation Finished === 
 Fitness: [9.915155821097569, -0.028428093645484948], Collision: False
2025-04-22 Tuesday 12:04:59  random_test.py : INFO  === Evaluate Testcase === 
 def testcase(self):
    ego = NPC(lane_id=2, offset=21.05884745, initial_speed=31.62835544)
    vehicle2 = NPC(lane_id=4, offset=24.22484217, initial_speed=4.03773824)
    vehicle3 = NPC(lane_id=5, offset=4.18175993, initial_speed=22.11926748)
    vehicle2.changeLane(trigger_sequence=1, target_lane=1, target_speed=23.43661024)
    vehicle3.decelerate(trigger_sequence=1, target_speed=10.96771632)
    vehicle2.accelerate(trigger_sequence=2, target_speed=35.07050669)
    vehicle3.decelerate(trigger_sequence=2, target_speed=14.81134427)
    vehicle2.changeLane(trigger_sequence=3, target_lane=3, target_speed=50.00420237)
    vehicle3.changeLane(trigger_sequence=3, target_lane=1, target_speed=48.74785944)
    vehicle3.decelerate(trigger_sequence=4, target_speed=8.39759685)

2025-04-22 Tuesday 12:04:59  random_test.py : INFO  === Evaluation Finished === 
 Fitness: [4.771503580905152, -0.39138240574506283], Collision: False
2025-04-22 Tuesday 12:05:14  random_test.py : INFO  === Evaluate Testcase === 
 def testcase(self):
    ego = NPC(lane_id=3, offset=33.62110794, initial_speed=21.6581646)
    vehicle2 = NPC(lane_id=3, offset=46.29311206, initial_speed=15.19314906)
    vehicle3 = NPC(lane_id=1, offset=5.11780457, initial_speed=8.37458386)
    vehicle2.decelerate(trigger_sequence=1, target_speed=0.52770915)
    vehicle3.changeLane(trigger_sequence=1, target_lane=1, target_speed=24.2872218)
    vehicle2.changeLane(trigger_sequence=2, target_lane=3, target_speed=27.7541715)
    vehicle2.accelerate(trigger_sequence=3, target_speed=51.72793074)
    vehicle2.changeLane(trigger_sequence=4, target_lane=1, target_speed=10.26000641)
    vehicle3.accelerate(trigger_sequence=4, target_speed=50.31721312)
    vehicle2.decelerate(trigger_sequence=5, target_speed=29.49233029)

2025-04-22 Tuesday 12:05:14  random_test.py : INFO  === Evaluation Finished === 
 Fitness: [3.4997555524495274, -0.4527972027972028], Collision: False
2025-04-22 Tuesday 12:05:29  random_test.py : INFO  === Evaluate Testcase === 
 def testcase(self):
    vehicle1 = NPC(lane_id=1, offset=35.63147166, initial_speed=35.44492783)
    ego = NPC(lane_id=5, offset=43.14711223, initial_speed=39.31798067)
    vehicle3 = NPC(lane_id=2, offset=27.46814583, initial_speed=16.36601322)
    vehicle4 = NPC(lane_id=3, offset=31.07807108, initial_speed=27.16243642)
    vehicle1.changeLane(trigger_sequence=1, target_lane=1, target_speed=38.22641585)
    vehicle4.changeLane(trigger_sequence=1, target_lane=1, target_speed=52.97125186)
    vehicle1.accelerate(trigger_sequence=2, target_speed=37.86513438)
    vehicle3.changeLane(trigger_sequence=2, target_lane=1, target_speed=2.52629863)
    vehicle4.decelerate(trigger_sequence=2, target_speed=14.24311901)
    vehicle1.changeLane(trigger_sequence=3, target_lane=3, target_speed=51.745242)
    vehicle4.decelerate(trigger_sequence=3, target_speed=3.46503475)
    vehicle3.accelerate(trigger_sequence=4, target_speed=38.10500223)
    vehicle4.changeLane(trigger_sequence=4, target_lane=3, target_speed=31.76995641)
    vehicle1.changeLane(trigger_sequence=5, target_lane=3, target_speed=13.52425986)

2025-04-22 Tuesday 12:05:29  random_test.py : INFO  === Evaluation Finished === 
 Fitness: [7.619973220856068, -0.2230347349177331], Collision: False
2025-04-22 Tuesday 12:05:44  random_test.py : INFO  === Evaluate Testcase === 
 def testcase(self):
    ego = NPC(lane_id=2, offset=4.71617424, initial_speed=11.88760744)
    vehicle2 = NPC(lane_id=4, offset=36.05511656, initial_speed=22.10537404)
    vehicle3 = NPC(lane_id=5, offset=21.73068086, initial_speed=35.27678291)
    vehicle2.accelerate(trigger_sequence=1, target_speed=58.20594979)
    vehicle3.changeLane(trigger_sequence=1, target_lane=1, target_speed=8.41430166)
    vehicle3.changeLane(trigger_sequence=2, target_lane=3, target_speed=25.50804375)
    vehicle3.decelerate(trigger_sequence=3, target_speed=7.22230202)
    vehicle3.decelerate(trigger_sequence=4, target_speed=13.23863132)
    vehicle3.decelerate(trigger_sequence=5, target_speed=1.46238589)

2025-04-22 Tuesday 12:05:44  random_test.py : INFO  === Evaluation Finished === 
 Fitness: [3.6459193273639023, -0.028380634390651086], Collision: False
2025-04-22 Tuesday 12:05:59  random_test.py : INFO  === Evaluate Testcase === 
 def testcase(self):
    ego = NPC(lane_id=2, offset=43.93950092, initial_speed=29.85157222)
    vehicle2 = NPC(lane_id=3, offset=43.9816455, initial_speed=8.22407547)
    vehicle2.changeLane(trigger_sequence=2, target_lane=1, target_speed=59.20815317)
    vehicle2.decelerate(trigger_sequence=4, target_speed=18.10743749)

2025-04-22 Tuesday 12:05:59  random_test.py : INFO  === Evaluation Finished === 
 Fitness: [3.502217851932635, -0.5474060822898033], Collision: False
2025-04-22 Tuesday 12:06:13  random_test.py : INFO  === Evaluate Testcase === 
 def testcase(self):
    vehicle1 = NPC(lane_id=3, offset=42.54037912, initial_speed=14.48702017)
    ego = NPC(lane_id=3, offset=35.58809744, initial_speed=26.77914187)
    vehicle3 = NPC(lane_id=3, offset=4.2840521, initial_speed=3.70298523)
    vehicle4 = NPC(lane_id=4, offset=42.02764575, initial_speed=12.41316911)
    vehicle3.changeLane(trigger_sequence=1, target_lane=3, target_speed=20.05227243)
    vehicle4.changeLane(trigger_sequence=1, target_lane=1, target_speed=52.51359129)
    vehicle4.changeLane(trigger_sequence=2, target_lane=3, target_speed=53.54212179)
    vehicle1.accelerate(trigger_sequence=3, target_speed=51.21845705)
    vehicle3.changeLane(trigger_sequence=3, target_lane=1, target_speed=26.55749808)
    vehicle4.changeLane(trigger_sequence=3, target_lane=3, target_speed=27.24172722)
    vehicle3.accelerate(trigger_sequence=4, target_speed=40.01656368)
    vehicle3.changeLane(trigger_sequence=5, target_lane=3, target_speed=19.06650916)
    vehicle4.accelerate(trigger_sequence=5, target_speed=46.9102321)

2025-04-22 Tuesday 12:06:13  random_test.py : INFO  === Evaluation Finished === 
 Fitness: [7.485494559776613, -0.47417840375586856], Collision: False
2025-04-22 Tuesday 12:06:18  random_test.py : INFO  === Evaluate Testcase === 
 def testcase(self):
    vehicle1 = NPC(lane_id=4, offset=27.21556813, initial_speed=5.36472515)
    vehicle2 = NPC(lane_id=1, offset=16.08070083, initial_speed=13.48576924)
    ego = NPC(lane_id=5, offset=39.88521132, initial_speed=23.41550484)
    vehicle4 = NPC(lane_id=5, offset=35.59277078, initial_speed=32.4029158)
    vehicle1.changeLane(trigger_sequence=1, target_lane=3, target_speed=11.53296929)
    vehicle2.changeLane(trigger_sequence=1, target_lane=3, target_speed=44.53982476)
    vehicle4.changeLane(trigger_sequence=1, target_lane=3, target_speed=35.02130434)
    vehicle1.changeLane(trigger_sequence=2, target_lane=1, target_speed=2.80907845)
    vehicle2.changeLane(trigger_sequence=3, target_lane=3, target_speed=10.27217382)
    vehicle1.changeLane(trigger_sequence=4, target_lane=3, target_speed=44.52772713)
    vehicle2.accelerate(trigger_sequence=4, target_speed=42.47496408)
    vehicle4.decelerate(trigger_sequence=4, target_speed=26.05104255)
    vehicle2.decelerate(trigger_sequence=5, target_speed=10.036115)
    vehicle4.accelerate(trigger_sequence=5, target_speed=51.36468621)

2025-04-22 Tuesday 12:06:18  random_test.py : INFO  === Evaluation Finished === 
 Fitness: [inf, 0], Collision: False
2025-04-22 Tuesday 12:06:33  random_test.py : INFO  === Evaluate Testcase === 
 def testcase(self):
    vehicle1 = NPC(lane_id=2, offset=26.58841869, initial_speed=3.52646351)
    ego = NPC(lane_id=3, offset=31.73455068, initial_speed=3.97414613)
    vehicle3 = NPC(lane_id=1, offset=10.56840195, initial_speed=35.3678402)
    vehicle3.accelerate(trigger_sequence=1, target_speed=35.67319663)
    vehicle1.accelerate(trigger_sequence=2, target_speed=57.3612775)
    vehicle3.accelerate(trigger_sequence=2, target_speed=55.16072009)
    vehicle1.decelerate(trigger_sequence=3, target_speed=1.90781206)
    vehicle3.accelerate(trigger_sequence=4, target_speed=34.81935437)
    vehicle1.accelerate(trigger_sequence=5, target_speed=45.75780703)
    vehicle3.changeLane(trigger_sequence=5, target_lane=1, target_speed=45.61678958)

2025-04-22 Tuesday 12:06:33  random_test.py : INFO  === Evaluation Finished === 
 Fitness: [3.499962100420906, -0.5092436974789916], Collision: False
2025-04-22 Tuesday 12:06:38  random_test.py : INFO  === Evaluate Testcase === 
 def testcase(self):
    vehicle1 = NPC(lane_id=5, offset=45.30920877, initial_speed=7.0453597)
    vehicle2 = NPC(lane_id=3, offset=38.64664145, initial_speed=11.47892122)
    vehicle3 = NPC(lane_id=5, offset=9.68618923, initial_speed=11.91606238)
    ego = NPC(lane_id=5, offset=49.60531172, initial_speed=26.37745223)
    vehicle1.changeLane(trigger_sequence=2, target_lane=1, target_speed=51.69590781)
    vehicle1.accelerate(trigger_sequence=3, target_speed=44.46090734)
    vehicle2.changeLane(trigger_sequence=3, target_lane=1, target_speed=45.24919085)
    vehicle3.changeLane(trigger_sequence=3, target_lane=1, target_speed=17.49212409)
    vehicle1.changeLane(trigger_sequence=4, target_lane=1, target_speed=42.47658052)
    vehicle2.decelerate(trigger_sequence=4, target_speed=8.11643574)
    vehicle1.changeLane(trigger_sequence=5, target_lane=1, target_speed=20.36217184)
    vehicle3.accelerate(trigger_sequence=5, target_speed=49.44478371)

2025-04-22 Tuesday 12:06:38  random_test.py : INFO  === Evaluation Finished === 
 Fitness: [inf, 0], Collision: False
2025-04-22 Tuesday 12:06:53  random_test.py : INFO  === Evaluate Testcase === 
 def testcase(self):
    ego = NPC(lane_id=1, offset=24.35215651, initial_speed=1.05395398)
    vehicle2 = NPC(lane_id=3, offset=43.70937431, initial_speed=29.86823336)
    vehicle3 = NPC(lane_id=2, offset=8.15158138, initial_speed=14.43025149)
    vehicle4 = NPC(lane_id=4, offset=38.68924736, initial_speed=20.50423702)
    vehicle2.decelerate(trigger_sequence=1, target_speed=29.03772497)
    vehicle3.decelerate(trigger_sequence=1, target_speed=8.4787269)
    vehicle4.decelerate(trigger_sequence=1, target_speed=0.86007947)
    vehicle3.decelerate(trigger_sequence=3, target_speed=28.77660222)
    vehicle4.accelerate(trigger_sequence=3, target_speed=57.99706621)
    vehicle2.decelerate(trigger_sequence=4, target_speed=29.97659661)
    vehicle4.accelerate(trigger_sequence=4, target_speed=35.12271183)
    vehicle3.changeLane(trigger_sequence=5, target_lane=1, target_speed=26.92042095)
    vehicle4.changeLane(trigger_sequence=5, target_lane=3, target_speed=45.59659813)

2025-04-22 Tuesday 12:06:53  random_test.py : INFO  === Evaluation Finished === 
 Fitness: [3.5091555823689804, -0.6453781512605042], Collision: False
2025-04-22 Tuesday 12:06:58  random_test.py : INFO  === Evaluate Testcase === 
 def testcase(self):
    ego = NPC(lane_id=2, offset=8.63715171, initial_speed=2.8288015)
    vehicle2 = NPC(lane_id=1, offset=18.46027178, initial_speed=8.68033663)
    vehicle3 = NPC(lane_id=5, offset=22.81425232, initial_speed=22.56387006)
    vehicle4 = NPC(lane_id=1, offset=13.98701672, initial_speed=4.79750728)
    vehicle2.accelerate(trigger_sequence=1, target_speed=44.30039803)
    vehicle3.decelerate(trigger_sequence=1, target_speed=1.24328726)
    vehicle4.accelerate(trigger_sequence=1, target_speed=51.51427782)
    vehicle2.changeLane(trigger_sequence=2, target_lane=3, target_speed=12.08726028)
    vehicle3.decelerate(trigger_sequence=2, target_speed=4.94359892)
    vehicle2.decelerate(trigger_sequence=3, target_speed=19.15264703)
    vehicle4.changeLane(trigger_sequence=3, target_lane=1, target_speed=35.69069255)
    vehicle3.decelerate(trigger_sequence=4, target_speed=25.96413967)
    vehicle4.changeLane(trigger_sequence=5, target_lane=3, target_speed=3.27713989)

2025-04-22 Tuesday 12:06:58  random_test.py : INFO  === Evaluation Finished === 
 Fitness: [inf, 0], Collision: False
2025-04-22 Tuesday 12:07:03  random_test.py : INFO  === Evaluate Testcase === 
 def testcase(self):
    vehicle1 = NPC(lane_id=4, offset=29.23746939, initial_speed=39.92720714)
    vehicle2 = NPC(lane_id=2, offset=36.89867465, initial_speed=6.58741629)
    ego = NPC(lane_id=3, offset=41.70219579, initial_speed=0.48881059)
    vehicle4 = NPC(lane_id=3, offset=42.40650852, initial_speed=37.88341469)
    vehicle4.decelerate(trigger_sequence=1, target_speed=3.36335689)
    vehicle1.changeLane(trigger_sequence=3, target_lane=1, target_speed=49.71120269)
    vehicle4.decelerate(trigger_sequence=3, target_speed=16.81967984)
    vehicle1.accelerate(trigger_sequence=4, target_speed=36.61390555)
    vehicle4.accelerate(trigger_sequence=5, target_speed=45.46574207)

2025-04-22 Tuesday 12:07:03  random_test.py : INFO  === Evaluation Finished === 
 Fitness: [inf, 0], Collision: False
2025-04-22 Tuesday 12:07:17  random_test.py : INFO  === Evaluate Testcase === 
 def testcase(self):
    vehicle1 = NPC(lane_id=2, offset=7.78360215, initial_speed=36.25799207)
    ego = NPC(lane_id=1, offset=27.37930429, initial_speed=21.65953997)
    vehicle1.accelerate(trigger_sequence=1, target_speed=38.77883559)
    vehicle1.decelerate(trigger_sequence=2, target_speed=21.22900769)
    vehicle1.decelerate(trigger_sequence=3, target_speed=5.90097394)

2025-04-22 Tuesday 12:07:17  random_test.py : INFO  === Evaluation Finished === 
 Fitness: [3.5008750526058305, -0.5646853146853147], Collision: False
2025-04-22 Tuesday 12:07:32  random_test.py : INFO  === Evaluate Testcase === 
 def testcase(self):
    vehicle1 = NPC(lane_id=3, offset=1.00873273, initial_speed=26.42393199)
    ego = NPC(lane_id=2, offset=42.08411056, initial_speed=10.27995671)
    vehicle3 = NPC(lane_id=4, offset=17.1859361, initial_speed=1.62982487)
    vehicle4 = NPC(lane_id=3, offset=13.70943596, initial_speed=11.02614663)
    vehicle1.changeLane(trigger_sequence=1, target_lane=3, target_speed=21.18697978)
    vehicle3.decelerate(trigger_sequence=3, target_speed=7.98795621)
    vehicle3.accelerate(trigger_sequence=4, target_speed=35.09583019)
    vehicle4.accelerate(trigger_sequence=4, target_speed=36.23083251)
    vehicle3.accelerate(trigger_sequence=5, target_speed=50.00135586)

2025-04-22 Tuesday 12:07:32  random_test.py : INFO  === Evaluation Finished === 
 Fitness: [3.5003810607874533, -0.021666666666666667], Collision: False
2025-04-22 Tuesday 12:07:47  random_test.py : INFO  === Evaluate Testcase === 
 def testcase(self):
    vehicle1 = NPC(lane_id=1, offset=47.91745384, initial_speed=36.74274205)
    ego = NPC(lane_id=5, offset=11.02520776, initial_speed=12.63952714)
    vehicle1.decelerate(trigger_sequence=1, target_speed=24.24199553)
    vehicle1.accelerate(trigger_sequence=2, target_speed=55.4628476)
    vehicle1.changeLane(trigger_sequence=4, target_lane=1, target_speed=24.97527182)

2025-04-22 Tuesday 12:07:47  random_test.py : INFO  === Evaluation Finished === 
 Fitness: [39.93361506967727, -0.030100334448160536], Collision: False
2025-04-22 Tuesday 12:08:02  random_test.py : INFO  === Evaluate Testcase === 
 def testcase(self):
    ego = NPC(lane_id=1, offset=22.38959251, initial_speed=38.29950794)
    vehicle2 = NPC(lane_id=4, offset=14.26215685, initial_speed=27.35223579)
    vehicle3 = NPC(lane_id=4, offset=32.41651437, initial_speed=21.55228755)
    vehicle4 = NPC(lane_id=1, offset=7.84032679, initial_speed=30.12430984)
    vehicle2.accelerate(trigger_sequence=1, target_speed=41.19840304)
    vehicle4.decelerate(trigger_sequence=1, target_speed=13.26661549)
    vehicle4.changeLane(trigger_sequence=2, target_lane=1, target_speed=26.06309041)
    vehicle2.accelerate(trigger_sequence=4, target_speed=59.41895635)
    vehicle3.accelerate(trigger_sequence=4, target_speed=38.07597272)
    vehicle4.accelerate(trigger_sequence=4, target_speed=49.45322319)
    vehicle2.changeLane(trigger_sequence=5, target_lane=3, target_speed=38.38198697)
    vehicle4.decelerate(trigger_sequence=5, target_speed=8.52720914)

2025-04-22 Tuesday 12:08:02  random_test.py : INFO  === Evaluation Finished === 
 Fitness: [4.76624535858031, -0.23497267759562843], Collision: True
2025-04-22 Tuesday 12:08:02  random_test.py : INFO  === Find a coollision ===
2025-04-22 Tuesday 12:08:17  random_test.py : INFO  === Evaluate Testcase === 
 def testcase(self):
    ego = NPC(lane_id=4, offset=5.60609197, initial_speed=33.70333825)
    vehicle2 = NPC(lane_id=3, offset=29.16269735, initial_speed=16.17039939)
    vehicle2.decelerate(trigger_sequence=1, target_speed=2.68638835)
    vehicle2.changeLane(trigger_sequence=2, target_lane=1, target_speed=52.80769264)

2025-04-22 Tuesday 12:08:17  random_test.py : INFO  === Evaluation Finished === 
 Fitness: [3.4999070943508883, -0.35379061371841153], Collision: False
2025-04-22 Tuesday 12:08:31  random_test.py : INFO  === Evaluate Testcase === 
 def testcase(self):
    vehicle1 = NPC(lane_id=4, offset=1.34174736, initial_speed=12.56193253)
    ego = NPC(lane_id=1, offset=49.66096415, initial_speed=19.44811885)
    vehicle3 = NPC(lane_id=4, offset=10.37191111, initial_speed=15.34252638)
    vehicle3.decelerate(trigger_sequence=4, target_speed=23.70098018)
    vehicle3.changeLane(trigger_sequence=5, target_lane=1, target_speed=21.56635077)

2025-04-22 Tuesday 12:08:31  random_test.py : INFO  === Evaluation Finished === 
 Fitness: [37.572619028934646, -0.6024305555555556], Collision: False
2025-04-22 Tuesday 12:08:47  random_test.py : INFO  === Evaluate Testcase === 
 def testcase(self):
    vehicle1 = NPC(lane_id=3, offset=18.62763172, initial_speed=14.38891982)
    vehicle2 = NPC(lane_id=3, offset=13.53736247, initial_speed=15.01259438)
    ego = NPC(lane_id=4, offset=13.50074503, initial_speed=26.3419952)
    vehicle4 = NPC(lane_id=5, offset=36.6693908, initial_speed=30.32823027)
    vehicle1.changeLane(trigger_sequence=1, target_lane=3, target_speed=24.93920192)
    vehicle1.changeLane(trigger_sequence=2, target_lane=1, target_speed=44.91807624)
    vehicle2.changeLane(trigger_sequence=2, target_lane=1, target_speed=12.8164025)
    vehicle4.changeLane(trigger_sequence=2, target_lane=3, target_speed=16.03292358)
    vehicle1.changeLane(trigger_sequence=3, target_lane=3, target_speed=24.69057706)
    vehicle1.changeLane(trigger_sequence=4, target_lane=3, target_speed=41.62159287)
    vehicle2.accelerate(trigger_sequence=4, target_speed=59.51780562)
    vehicle2.accelerate(trigger_sequence=5, target_speed=32.68416061)
    vehicle4.accelerate(trigger_sequence=5, target_speed=58.76461256)

2025-04-22 Tuesday 12:08:47  random_test.py : INFO  === Evaluation Finished === 
 Fitness: [3.498808115142481, -0.4698581560283688], Collision: False
2025-04-22 Tuesday 12:09:02  random_test.py : INFO  === Evaluate Testcase === 
 def testcase(self):
    vehicle1 = NPC(lane_id=3, offset=16.24501635, initial_speed=23.36035312)
    ego = NPC(lane_id=4, offset=17.78503215, initial_speed=33.17826406)
    vehicle3 = NPC(lane_id=1, offset=24.91974228, initial_speed=3.54279206)
    vehicle4 = NPC(lane_id=1, offset=47.22403315, initial_speed=31.33558381)
    vehicle1.changeLane(trigger_sequence=1, target_lane=1, target_speed=23.27739775)
    vehicle3.decelerate(trigger_sequence=1, target_speed=15.28878197)
    vehicle4.changeLane(trigger_sequence=1, target_lane=3, target_speed=44.37935847)
    vehicle1.accelerate(trigger_sequence=2, target_speed=42.085732)
    vehicle4.changeLane(trigger_sequence=3, target_lane=3, target_speed=2.78676931)
    vehicle1.accelerate(trigger_sequence=5, target_speed=52.09941921)
    vehicle3.accelerate(trigger_sequence=5, target_speed=40.17358178)
    vehicle4.changeLane(trigger_sequence=5, target_lane=3, target_speed=30.20806762)

2025-04-22 Tuesday 12:09:02  random_test.py : INFO  === Evaluation Finished === 
 Fitness: [3.4917506813177885, -0.3567567567567568], Collision: False
2025-04-22 Tuesday 12:09:07  random_test.py : INFO  === Evaluate Testcase === 
 def testcase(self):
    vehicle1 = NPC(lane_id=2, offset=3.79264491, initial_speed=10.8651038)
    vehicle2 = NPC(lane_id=2, offset=7.28668386, initial_speed=17.27691275)
    vehicle3 = NPC(lane_id=1, offset=7.93351099, initial_speed=15.379409)
    ego = NPC(lane_id=1, offset=44.62577162, initial_speed=7.79771991)
    vehicle1.decelerate(trigger_sequence=1, target_speed=23.20323547)
    vehicle2.decelerate(trigger_sequence=1, target_speed=22.78474658)
    vehicle3.decelerate(trigger_sequence=1, target_speed=0.59274635)
    vehicle2.accelerate(trigger_sequence=2, target_speed=49.18830398)
    vehicle3.accelerate(trigger_sequence=3, target_speed=33.57361549)
    vehicle1.changeLane(trigger_sequence=4, target_lane=1, target_speed=43.70644569)
    vehicle1.changeLane(trigger_sequence=5, target_lane=3, target_speed=28.4385894)
    vehicle2.changeLane(trigger_sequence=5, target_lane=3, target_speed=26.83094832)

2025-04-22 Tuesday 12:09:07  random_test.py : INFO  === Evaluation Finished === 
 Fitness: [inf, 0], Collision: False
2025-04-22 Tuesday 12:09:21  random_test.py : INFO  === Evaluate Testcase === 
 def testcase(self):
    vehicle1 = NPC(lane_id=1, offset=15.87788926, initial_speed=22.39010938)
    ego = NPC(lane_id=3, offset=6.08643945, initial_speed=22.59070967)
    vehicle3 = NPC(lane_id=1, offset=47.19547469, initial_speed=33.53768771)
    vehicle1.accelerate(trigger_sequence=1, target_speed=33.47618264)
    vehicle1.decelerate(trigger_sequence=3, target_speed=12.22091752)
    vehicle3.accelerate(trigger_sequence=5, target_speed=52.70422104)

2025-04-22 Tuesday 12:09:21  random_test.py : INFO  === Evaluation Finished === 
 Fitness: [12.54229991404525, -0.5606326889279437], Collision: False
2025-04-22 Tuesday 12:09:36  random_test.py : INFO  === Evaluate Testcase === 
 def testcase(self):
    vehicle1 = NPC(lane_id=2, offset=29.1490447, initial_speed=32.1539619)
    vehicle2 = NPC(lane_id=3, offset=41.64816576, initial_speed=12.77369963)
    ego = NPC(lane_id=4, offset=24.23990209, initial_speed=0.77410876)
    vehicle2.decelerate(trigger_sequence=1, target_speed=21.7355142)
    vehicle1.changeLane(trigger_sequence=2, target_lane=3, target_speed=42.55983493)
    vehicle2.changeLane(trigger_sequence=2, target_lane=1, target_speed=33.72291185)
    vehicle2.decelerate(trigger_sequence=3, target_speed=27.14457438)
    vehicle1.accelerate(trigger_sequence=5, target_speed=44.11786695)
    vehicle2.decelerate(trigger_sequence=5, target_speed=28.50568335)

2025-04-22 Tuesday 12:09:36  random_test.py : INFO  === Evaluation Finished === 
 Fitness: [9.084995811182987, -0.6212121212121212], Collision: False
2025-04-22 Tuesday 12:09:52  random_test.py : INFO  === Evaluate Testcase === 
 def testcase(self):
    vehicle1 = NPC(lane_id=4, offset=27.27897769, initial_speed=29.58351121)
    vehicle2 = NPC(lane_id=3, offset=37.54071223, initial_speed=20.70290333)
    ego = NPC(lane_id=5, offset=16.965372, initial_speed=9.47071354)
    vehicle1.changeLane(trigger_sequence=1, target_lane=1, target_speed=32.24284261)
    vehicle1.accelerate(trigger_sequence=2, target_speed=49.38744715)
    vehicle1.changeLane(trigger_sequence=5, target_lane=1, target_speed=27.29017571)
    vehicle2.changeLane(trigger_sequence=5, target_lane=3, target_speed=4.74815227)

2025-04-22 Tuesday 12:09:52  random_test.py : INFO  === Evaluation Finished === 
 Fitness: [11.669669451936377, -0.03833333333333333], Collision: False
2025-04-22 Tuesday 12:10:07  random_test.py : INFO  === Evaluate Testcase === 
 def testcase(self):
    ego = NPC(lane_id=1, offset=46.46967779, initial_speed=36.7333419)
    vehicle2 = NPC(lane_id=4, offset=36.48324627, initial_speed=3.69382246)
    vehicle3 = NPC(lane_id=2, offset=38.49562038, initial_speed=13.94279304)
    vehicle2.decelerate(trigger_sequence=1, target_speed=14.10952993)
    vehicle3.accelerate(trigger_sequence=1, target_speed=47.90624122)
    vehicle3.decelerate(trigger_sequence=2, target_speed=16.53144148)
    vehicle3.accelerate(trigger_sequence=3, target_speed=44.54620553)
    vehicle2.changeLane(trigger_sequence=4, target_lane=1, target_speed=6.37514145)
    vehicle3.accelerate(trigger_sequence=5, target_speed=37.25525413)

2025-04-22 Tuesday 12:10:07  random_test.py : INFO  === Evaluation Finished === 
 Fitness: [6.23992767669783, -0.2909090909090909], Collision: False
2025-04-22 Tuesday 12:10:22  random_test.py : INFO  === Evaluate Testcase === 
 def testcase(self):
    ego = NPC(lane_id=2, offset=9.19229372, initial_speed=11.02938107)
    vehicle2 = NPC(lane_id=5, offset=0.55306536, initial_speed=11.42311416)
    vehicle3 = NPC(lane_id=1, offset=0.72585423, initial_speed=19.5485955)
    vehicle3.decelerate(trigger_sequence=1, target_speed=12.40041676)
    vehicle2.changeLane(trigger_sequence=2, target_lane=3, target_speed=39.74795234)
    vehicle2.changeLane(trigger_sequence=3, target_lane=3, target_speed=21.6845552)
    vehicle3.accelerate(trigger_sequence=3, target_speed=37.1467304)
    vehicle2.decelerate(trigger_sequence=5, target_speed=8.01333691)

2025-04-22 Tuesday 12:10:22  random_test.py : INFO  === Evaluation Finished === 
 Fitness: [3.496795825725703, -0.03], Collision: False
2025-04-22 Tuesday 12:10:26  random_test.py : INFO  === Evaluate Testcase === 
 def testcase(self):
    vehicle1 = NPC(lane_id=5, offset=36.77835775, initial_speed=25.37495997)
    vehicle2 = NPC(lane_id=4, offset=42.35174294, initial_speed=11.56389686)
    vehicle3 = NPC(lane_id=1, offset=48.75744634, initial_speed=20.14591486)
    ego = NPC(lane_id=4, offset=44.42481865, initial_speed=26.20109916)
    vehicle1.decelerate(trigger_sequence=1, target_speed=5.91560019)
    vehicle3.decelerate(trigger_sequence=1, target_speed=20.80451618)
    vehicle1.accelerate(trigger_sequence=2, target_speed=58.37568313)
    vehicle2.changeLane(trigger_sequence=2, target_lane=3, target_speed=45.80315674)
    vehicle3.decelerate(trigger_sequence=2, target_speed=16.87692787)
    vehicle1.changeLane(trigger_sequence=3, target_lane=1, target_speed=6.29514391)
    vehicle2.changeLane(trigger_sequence=3, target_lane=1, target_speed=24.09021507)
    vehicle1.changeLane(trigger_sequence=4, target_lane=3, target_speed=56.1957865)
    vehicle2.decelerate(trigger_sequence=4, target_speed=2.76095684)
    vehicle1.changeLane(trigger_sequence=5, target_lane=1, target_speed=30.44421845)
    vehicle2.decelerate(trigger_sequence=5, target_speed=14.16355757)

2025-04-22 Tuesday 12:10:26  random_test.py : INFO  === Evaluation Finished === 
 Fitness: [inf, 0], Collision: False
2025-04-22 Tuesday 12:10:41  random_test.py : INFO  === Evaluate Testcase === 
 def testcase(self):
    vehicle1 = NPC(lane_id=2, offset=48.05720555, initial_speed=35.13270937)
    ego = NPC(lane_id=5, offset=17.54489877, initial_speed=34.8705718)
    vehicle3 = NPC(lane_id=2, offset=27.35266122, initial_speed=21.10223964)
    vehicle1.accelerate(trigger_sequence=1, target_speed=48.15748945)
    vehicle3.changeLane(trigger_sequence=1, target_lane=3, target_speed=59.21325995)
    vehicle1.decelerate(trigger_sequence=3, target_speed=11.29256707)
    vehicle3.accelerate(trigger_sequence=3, target_speed=47.48302388)
    vehicle1.accelerate(trigger_sequence=5, target_speed=31.6811508)

2025-04-22 Tuesday 12:10:41  random_test.py : INFO  === Evaluation Finished === 
 Fitness: [6.999754101941048, -0.34177215189873417], Collision: False
2025-04-22 Tuesday 12:10:56  random_test.py : INFO  === Evaluate Testcase === 
 def testcase(self):
    vehicle1 = NPC(lane_id=4, offset=9.52099552, initial_speed=20.38128806)
    vehicle2 = NPC(lane_id=2, offset=1.14371572, initial_speed=12.92722701)
    ego = NPC(lane_id=3, offset=32.52015101, initial_speed=9.41455853)
    vehicle1.changeLane(trigger_sequence=2, target_lane=3, target_speed=6.8984025)
    vehicle2.accelerate(trigger_sequence=2, target_speed=39.13218866)
    vehicle1.decelerate(trigger_sequence=3, target_speed=14.3127246)
    vehicle2.decelerate(trigger_sequence=3, target_speed=23.58807583)
    vehicle1.decelerate(trigger_sequence=4, target_speed=2.30573665)
    vehicle1.decelerate(trigger_sequence=5, target_speed=16.6778177)
    vehicle2.decelerate(trigger_sequence=5, target_speed=13.38910589)

2025-04-22 Tuesday 12:10:56  random_test.py : INFO  === Evaluation Finished === 
 Fitness: [3.5003034974510765, -0.2633333333333333], Collision: False
2025-04-22 Tuesday 12:11:11  random_test.py : INFO  === Evaluate Testcase === 
 def testcase(self):
    ego = NPC(lane_id=5, offset=17.18431924, initial_speed=18.85990365)
    vehicle2 = NPC(lane_id=1, offset=24.18412651, initial_speed=30.1550085)
    vehicle2.decelerate(trigger_sequence=1, target_speed=21.56109531)
    vehicle2.decelerate(trigger_sequence=3, target_speed=26.22730546)

2025-04-22 Tuesday 12:11:11  random_test.py : INFO  === Evaluation Finished === 
 Fitness: [15.835966651768345, -0.7729636048526863], Collision: False
2025-04-22 Tuesday 12:11:26  random_test.py : INFO  === Evaluate Testcase === 
 def testcase(self):
    ego = NPC(lane_id=2, offset=14.46072048, initial_speed=33.46893066)
    vehicle2 = NPC(lane_id=4, offset=48.97473833, initial_speed=7.1109973)
    vehicle3 = NPC(lane_id=2, offset=33.20423399, initial_speed=15.03485229)
    vehicle4 = NPC(lane_id=1, offset=34.95312582, initial_speed=24.24465049)
    vehicle2.accelerate(trigger_sequence=1, target_speed=43.15826663)
    vehicle2.accelerate(trigger_sequence=2, target_speed=48.31940903)
    vehicle4.accelerate(trigger_sequence=2, target_speed=47.90085565)
    vehicle3.changeLane(trigger_sequence=3, target_lane=3, target_speed=52.40764734)
    vehicle4.changeLane(trigger_sequence=3, target_lane=3, target_speed=7.95686137)
    vehicle2.changeLane(trigger_sequence=4, target_lane=3, target_speed=14.81211959)
    vehicle3.decelerate(trigger_sequence=5, target_speed=23.382155)
    vehicle4.accelerate(trigger_sequence=5, target_speed=55.00097007)

2025-04-22 Tuesday 12:11:26  random_test.py : INFO  === Evaluation Finished === 
 Fitness: [3.2519665830923663, -0.2882882882882883], Collision: True
2025-04-22 Tuesday 12:11:26  random_test.py : INFO  === Find a coollision ===
2025-04-22 Tuesday 12:11:41  random_test.py : INFO  === Evaluate Testcase === 
 def testcase(self):
    vehicle1 = NPC(lane_id=1, offset=4.05733731, initial_speed=3.78605058)
    ego = NPC(lane_id=3, offset=6.16410763, initial_speed=19.18129717)
    vehicle1.changeLane(trigger_sequence=3, target_lane=1, target_speed=29.92989689)
    vehicle1.decelerate(trigger_sequence=4, target_speed=10.05829129)
    vehicle1.decelerate(trigger_sequence=5, target_speed=16.46403386)

2025-04-22 Tuesday 12:11:41  random_test.py : INFO  === Evaluation Finished === 
 Fitness: [7.148577003244737, -0.6221837088388215], Collision: False
2025-04-22 Tuesday 12:11:56  random_test.py : INFO  === Evaluate Testcase === 
 def testcase(self):
    vehicle1 = NPC(lane_id=2, offset=26.70028293, initial_speed=37.34147221)
    ego = NPC(lane_id=4, offset=28.55017159, initial_speed=31.07016175)
    vehicle3 = NPC(lane_id=5, offset=26.44488406, initial_speed=18.20949949)
    vehicle4 = NPC(lane_id=4, offset=13.35703923, initial_speed=0.43175483)
    vehicle4.decelerate(trigger_sequence=1, target_speed=9.9052232)
    vehicle4.accelerate(trigger_sequence=2, target_speed=43.92298117)
    vehicle3.changeLane(trigger_sequence=3, target_lane=3, target_speed=5.29327686)
    vehicle4.changeLane(trigger_sequence=3, target_lane=1, target_speed=7.50424174)
    vehicle3.decelerate(trigger_sequence=4, target_speed=5.96698836)
    vehicle4.decelerate(trigger_sequence=4, target_speed=1.28441844)
    vehicle4.decelerate(trigger_sequence=5, target_speed=26.2681494)

2025-04-22 Tuesday 12:11:56  random_test.py : INFO  === Evaluation Finished === 
 Fitness: [3.502213937741987, -0.3870967741935484], Collision: False
2025-04-22 Tuesday 12:12:11  random_test.py : INFO  === Evaluate Testcase === 
 def testcase(self):
    ego = NPC(lane_id=2, offset=31.46087753, initial_speed=3.6573899)
    vehicle2 = NPC(lane_id=1, offset=11.4797611, initial_speed=26.39539332)
    vehicle3 = NPC(lane_id=5, offset=38.68962045, initial_speed=12.70326585)
    vehicle3.accelerate(trigger_sequence=2, target_speed=30.64047685)
    vehicle2.decelerate(trigger_sequence=3, target_speed=9.14502662)
    vehicle2.changeLane(trigger_sequence=4, target_lane=3, target_speed=33.72364769)

2025-04-22 Tuesday 12:12:11  random_test.py : INFO  === Evaluation Finished === 
 Fitness: [3.4924024950445993, -0.4991596638655462], Collision: False
2025-04-22 Tuesday 12:12:27  random_test.py : INFO  === Evaluate Testcase === 
 def testcase(self):
    vehicle1 = NPC(lane_id=5, offset=14.42748844, initial_speed=17.69627445)
    ego = NPC(lane_id=3, offset=9.77279321, initial_speed=20.0674454)
    vehicle3 = NPC(lane_id=3, offset=0.46340255, initial_speed=8.81613576)
    vehicle4 = NPC(lane_id=4, offset=34.67951691, initial_speed=8.37171561)
    vehicle1.accelerate(trigger_sequence=1, target_speed=59.12589855)
    vehicle3.accelerate(trigger_sequence=2, target_speed=52.93721675)
    vehicle4.accelerate(trigger_sequence=3, target_speed=33.55548584)
    vehicle1.changeLane(trigger_sequence=4, target_lane=3, target_speed=12.25728789)
    vehicle4.changeLane(trigger_sequence=4, target_lane=1, target_speed=37.74746511)
    vehicle3.decelerate(trigger_sequence=5, target_speed=10.9419113)

2025-04-22 Tuesday 12:12:27  random_test.py : INFO  === Evaluation Finished === 
 Fitness: [3.497138911164058, -0.6434782608695652], Collision: True
2025-04-22 Tuesday 12:12:27  random_test.py : INFO  === Find a coollision ===
2025-04-22 Tuesday 12:12:41  random_test.py : INFO  === Evaluate Testcase === 
 def testcase(self):
    vehicle1 = NPC(lane_id=4, offset=40.78584678, initial_speed=6.68856738)
    vehicle2 = NPC(lane_id=1, offset=5.48093281, initial_speed=33.83172986)
    ego = NPC(lane_id=1, offset=17.79238068, initial_speed=39.54508816)
    vehicle1.accelerate(trigger_sequence=2, target_speed=35.43271112)
    vehicle1.accelerate(trigger_sequence=5, target_speed=57.6003715)
    vehicle2.decelerate(trigger_sequence=5, target_speed=9.8006076)

2025-04-22 Tuesday 12:12:41  random_test.py : INFO  === Evaluation Finished === 
 Fitness: [4.771670543005482, -0.23392857142857143], Collision: True
2025-04-22 Tuesday 12:12:41  random_test.py : INFO  === Find a coollision ===
2025-04-22 Tuesday 12:12:56  random_test.py : INFO  === Evaluate Testcase === 
 def testcase(self):
    vehicle1 = NPC(lane_id=5, offset=26.30385475, initial_speed=37.2769977)
    ego = NPC(lane_id=4, offset=22.90672933, initial_speed=37.25529199)
    vehicle1.changeLane(trigger_sequence=1, target_lane=3, target_speed=42.49188954)
    vehicle1.decelerate(trigger_sequence=3, target_speed=20.48462504)
    vehicle1.decelerate(trigger_sequence=4, target_speed=17.12910659)
    vehicle1.decelerate(trigger_sequence=5, target_speed=20.85990346)

2025-04-22 Tuesday 12:12:56  random_test.py : INFO  === Evaluation Finished === 
 Fitness: [3.5002692584152753, -0.28], Collision: False
2025-04-22 Tuesday 12:13:12  random_test.py : INFO  === Evaluate Testcase === 
 def testcase(self):
    vehicle1 = NPC(lane_id=2, offset=8.58683556, initial_speed=15.01018767)
    vehicle2 = NPC(lane_id=3, offset=45.85605817, initial_speed=15.9562685)
    ego = NPC(lane_id=4, offset=11.60494981, initial_speed=5.60939436)
    vehicle1.decelerate(trigger_sequence=1, target_speed=23.76832702)
    vehicle2.decelerate(trigger_sequence=1, target_speed=23.82984984)
    vehicle2.accelerate(trigger_sequence=3, target_speed=48.52029635)
    vehicle2.changeLane(trigger_sequence=4, target_lane=1, target_speed=59.29892581)
    vehicle1.accelerate(trigger_sequence=5, target_speed=34.59903588)

2025-04-22 Tuesday 12:13:12  random_test.py : INFO  === Evaluation Finished === 
 Fitness: [6.9915253381503675, -0.4722689075630252], Collision: False
2025-04-22 Tuesday 12:13:27  random_test.py : INFO  === Evaluate Testcase === 
 def testcase(self):
    ego = NPC(lane_id=5, offset=15.5338628, initial_speed=0.43136553)
    vehicle2 = NPC(lane_id=3, offset=22.02699795, initial_speed=12.08942551)
    vehicle3 = NPC(lane_id=4, offset=6.98265866, initial_speed=30.564189)
    vehicle4 = NPC(lane_id=3, offset=1.52725799, initial_speed=33.57560259)
    vehicle2.decelerate(trigger_sequence=1, target_speed=6.22349151)
    vehicle4.accelerate(trigger_sequence=1, target_speed=46.91487103)
    vehicle3.accelerate(trigger_sequence=2, target_speed=44.49417558)
    vehicle4.accelerate(trigger_sequence=2, target_speed=56.23363104)
    vehicle3.decelerate(trigger_sequence=3, target_speed=28.8766552)
    vehicle4.accelerate(trigger_sequence=3, target_speed=58.09138944)
    vehicle4.accelerate(trigger_sequence=4, target_speed=56.65830334)
    vehicle2.decelerate(trigger_sequence=5, target_speed=0.77220445)

2025-04-22 Tuesday 12:13:27  random_test.py : INFO  === Evaluation Finished === 
 Fitness: [3.49628669107974, -0.584873949579832], Collision: False
2025-04-22 Tuesday 12:13:43  random_test.py : INFO  === Evaluate Testcase === 
 def testcase(self):
    vehicle1 = NPC(lane_id=5, offset=27.34258532, initial_speed=14.94394718)
    ego = NPC(lane_id=5, offset=16.04794984, initial_speed=24.79668195)
    vehicle3 = NPC(lane_id=2, offset=43.14984334, initial_speed=33.23748471)
    vehicle4 = NPC(lane_id=4, offset=39.13735915, initial_speed=27.77459576)
    vehicle1.accelerate(trigger_sequence=1, target_speed=40.60046092)
    vehicle3.decelerate(trigger_sequence=1, target_speed=10.02039969)
    vehicle4.changeLane(trigger_sequence=2, target_lane=1, target_speed=22.72521923)
    vehicle3.changeLane(trigger_sequence=3, target_lane=3, target_speed=55.64747102)
    vehicle4.decelerate(trigger_sequence=3, target_speed=5.03384981)
    vehicle3.changeLane(trigger_sequence=4, target_lane=1, target_speed=30.00440028)
    vehicle4.changeLane(trigger_sequence=5, target_lane=3, target_speed=28.81648779)

2025-04-22 Tuesday 12:13:43  random_test.py : INFO  === Evaluation Finished === 
 Fitness: [11.510025518404353, -0.4752650176678445], Collision: False
2025-04-22 Tuesday 12:13:58  random_test.py : INFO  === Evaluate Testcase === 
 def testcase(self):
    ego = NPC(lane_id=3, offset=13.55414466, initial_speed=2.69551996)
    vehicle2 = NPC(lane_id=3, offset=19.45436801, initial_speed=27.15580741)
    vehicle3 = NPC(lane_id=3, offset=46.30332245, initial_speed=5.89289466)
    vehicle2.decelerate(trigger_sequence=1, target_speed=5.99950704)
    vehicle3.changeLane(trigger_sequence=3, target_lane=3, target_speed=39.12520898)
    vehicle3.accelerate(trigger_sequence=4, target_speed=33.90181662)
    vehicle3.accelerate(trigger_sequence=5, target_speed=33.30639263)

2025-04-22 Tuesday 12:13:58  random_test.py : INFO  === Evaluation Finished === 
 Fitness: [6.654521749172534, -0.561344537815126], Collision: False
2025-04-22 Tuesday 12:14:13  random_test.py : INFO  === Evaluate Testcase === 
 def testcase(self):
    ego = NPC(lane_id=3, offset=9.95239098, initial_speed=13.04346729)
    vehicle2 = NPC(lane_id=5, offset=36.43201088, initial_speed=5.58676356)
    vehicle2.changeLane(trigger_sequence=1, target_lane=3, target_speed=38.76598652)
    vehicle2.decelerate(trigger_sequence=2, target_speed=13.51748333)
    vehicle2.changeLane(trigger_sequence=4, target_lane=3, target_speed=2.97849652)
    vehicle2.changeLane(trigger_sequence=5, target_lane=1, target_speed=43.89583623)

2025-04-22 Tuesday 12:14:13  random_test.py : INFO  === Evaluation Finished === 
 Fitness: [18.75271509064185, -0.023411371237458192], Collision: False
2025-04-22 Tuesday 12:14:28  random_test.py : INFO  === Evaluate Testcase === 
 def testcase(self):
    ego = NPC(lane_id=3, offset=19.48453901, initial_speed=33.14560883)
    vehicle2 = NPC(lane_id=2, offset=47.7078471, initial_speed=7.38315752)
    vehicle2.accelerate(trigger_sequence=1, target_speed=59.84922372)
    vehicle2.accelerate(trigger_sequence=2, target_speed=49.65533426)
    vehicle2.decelerate(trigger_sequence=3, target_speed=7.54949677)
    vehicle2.decelerate(trigger_sequence=4, target_speed=29.87481393)
    vehicle2.changeLane(trigger_sequence=5, target_lane=1, target_speed=29.68958604)

2025-04-22 Tuesday 12:14:28  random_test.py : INFO  === Evaluation Finished === 
 Fitness: [3.4999251336699766, -0.35855855855855856], Collision: False
2025-04-22 Tuesday 12:14:43  random_test.py : INFO  === Evaluate Testcase === 
 def testcase(self):
    vehicle1 = NPC(lane_id=2, offset=7.94715432, initial_speed=7.55436744)
    ego = NPC(lane_id=2, offset=37.16744151, initial_speed=16.42399029)
    vehicle3 = NPC(lane_id=1, offset=37.1983708, initial_speed=5.74600811)
    vehicle1.changeLane(trigger_sequence=2, target_lane=3, target_speed=22.9751256)
    vehicle1.accelerate(trigger_sequence=3, target_speed=52.17444589)
    vehicle3.accelerate(trigger_sequence=3, target_speed=59.93059805)
    vehicle1.decelerate(trigger_sequence=4, target_speed=11.34884135)
    vehicle3.accelerate(trigger_sequence=4, target_speed=44.2313325)
    vehicle3.decelerate(trigger_sequence=5, target_speed=2.73020035)

2025-04-22 Tuesday 12:14:43  random_test.py : INFO  === Evaluation Finished === 
 Fitness: [3.4925470640185177, -0.020100502512562814], Collision: False
2025-04-22 Tuesday 12:14:58  random_test.py : INFO  === Evaluate Testcase === 
 def testcase(self):
    ego = NPC(lane_id=3, offset=10.53726125, initial_speed=23.73793608)
    vehicle2 = NPC(lane_id=5, offset=2.04468018, initial_speed=37.95867562)
    vehicle3 = NPC(lane_id=2, offset=0.53624784, initial_speed=4.15398196)
    vehicle3.decelerate(trigger_sequence=1, target_speed=14.27176354)

2025-04-22 Tuesday 12:14:58  random_test.py : INFO  === Evaluation Finished === 
 Fitness: [7.008428107312958, -0.5299295774647887], Collision: False
2025-04-22 Tuesday 12:15:03  random_test.py : INFO  === Evaluate Testcase === 
 def testcase(self):
    vehicle1 = NPC(lane_id=2, offset=41.0655527, initial_speed=9.80456947)
    ego = NPC(lane_id=2, offset=36.66036594, initial_speed=3.85755015)
    vehicle3 = NPC(lane_id=5, offset=3.03125283, initial_speed=31.27840446)
    vehicle3.changeLane(trigger_sequence=1, target_lane=1, target_speed=51.3227224)
    vehicle3.decelerate(trigger_sequence=3, target_speed=25.78126281)
    vehicle3.accelerate(trigger_sequence=4, target_speed=48.02815036)
    vehicle1.accelerate(trigger_sequence=5, target_speed=57.33479591)

2025-04-22 Tuesday 12:15:03  random_test.py : INFO  === Evaluation Finished === 
 Fitness: [inf, 0], Collision: False
2025-04-22 Tuesday 12:15:18  random_test.py : INFO  === Evaluate Testcase === 
 def testcase(self):
    vehicle1 = NPC(lane_id=4, offset=44.59545119, initial_speed=26.55192431)
    ego = NPC(lane_id=4, offset=22.02254831, initial_speed=32.40049428)
    vehicle3 = NPC(lane_id=2, offset=28.309445, initial_speed=21.99798327)
    vehicle3.changeLane(trigger_sequence=1, target_lane=3, target_speed=26.93041464)
    vehicle3.changeLane(trigger_sequence=2, target_lane=3, target_speed=56.1510417)
    vehicle1.accelerate(trigger_sequence=3, target_speed=32.46656302)
    vehicle3.decelerate(trigger_sequence=3, target_speed=9.55761171)
    vehicle1.changeLane(trigger_sequence=5, target_lane=3, target_speed=38.74810573)
    vehicle3.changeLane(trigger_sequence=5, target_lane=3, target_speed=42.07927704)

2025-04-22 Tuesday 12:15:18  random_test.py : INFO  === Evaluation Finished === 
 Fitness: [3.5913030365344007, -0.36151079136690645], Collision: False
2025-04-22 Tuesday 12:15:32  random_test.py : INFO  === Evaluate Testcase === 
 def testcase(self):
    ego = NPC(lane_id=4, offset=37.64426791, initial_speed=35.56290187)
    vehicle2 = NPC(lane_id=2, offset=33.82149819, initial_speed=17.49793708)
    vehicle3 = NPC(lane_id=1, offset=8.1756607, initial_speed=9.10766321)
    vehicle2.accelerate(trigger_sequence=1, target_speed=59.24063462)
    vehicle3.changeLane(trigger_sequence=2, target_lane=1, target_speed=58.8253443)
    vehicle2.decelerate(trigger_sequence=3, target_speed=22.65679051)
    vehicle2.accelerate(trigger_sequence=4, target_speed=54.65452241)
    vehicle2.accelerate(trigger_sequence=5, target_speed=55.21233876)
    vehicle3.accelerate(trigger_sequence=5, target_speed=49.78394364)

2025-04-22 Tuesday 12:15:32  random_test.py : INFO  === Evaluation Finished === 
 Fitness: [6.9916962174792046, -0.2971014492753623], Collision: False
2025-04-22 Tuesday 12:15:48  random_test.py : INFO  === Evaluate Testcase === 
 def testcase(self):
    ego = NPC(lane_id=1, offset=5.25458269, initial_speed=1.03348958)
    vehicle2 = NPC(lane_id=4, offset=30.08310062, initial_speed=8.71698937)
    vehicle3 = NPC(lane_id=4, offset=47.84985034, initial_speed=8.11820796)
    vehicle4 = NPC(lane_id=3, offset=6.83232571, initial_speed=25.25191415)
    vehicle4.accelerate(trigger_sequence=1, target_speed=39.1951817)
    vehicle2.accelerate(trigger_sequence=2, target_speed=41.57040214)
    vehicle4.changeLane(trigger_sequence=2, target_lane=1, target_speed=41.43244273)
    vehicle4.decelerate(trigger_sequence=3, target_speed=18.78736153)
    vehicle2.accelerate(trigger_sequence=4, target_speed=54.24791949)
    vehicle3.changeLane(trigger_sequence=4, target_lane=3, target_speed=46.47502163)
    vehicle2.decelerate(trigger_sequence=5, target_speed=19.6133474)

2025-04-22 Tuesday 12:15:48  random_test.py : INFO  === Evaluation Finished === 
 Fitness: [7.269654235793666, -0.6605042016806723], Collision: False
2025-04-22 Tuesday 12:16:03  random_test.py : INFO  === Evaluate Testcase === 
 def testcase(self):
    vehicle1 = NPC(lane_id=4, offset=6.04641562, initial_speed=12.9585142)
    vehicle2 = NPC(lane_id=4, offset=12.03825742, initial_speed=36.31522255)
    ego = NPC(lane_id=1, offset=46.05973915, initial_speed=19.1389415)
    vehicle1.changeLane(trigger_sequence=1, target_lane=1, target_speed=58.97709266)
    vehicle1.accelerate(trigger_sequence=2, target_speed=38.15057722)
    vehicle2.accelerate(trigger_sequence=2, target_speed=48.65337073)
    vehicle2.changeLane(trigger_sequence=3, target_lane=1, target_speed=56.00804213)

2025-04-22 Tuesday 12:16:03  random_test.py : INFO  === Evaluation Finished === 
 Fitness: [3.501243833191888, -0.6447140381282496], Collision: False
2025-04-22 Tuesday 12:16:18  random_test.py : INFO  === Evaluate Testcase === 
 def testcase(self):
    vehicle1 = NPC(lane_id=4, offset=49.96449841, initial_speed=31.54436135)
    vehicle2 = NPC(lane_id=5, offset=2.61383747, initial_speed=37.63169128)
    ego = NPC(lane_id=2, offset=6.10292428, initial_speed=18.41646516)
    vehicle1.decelerate(trigger_sequence=1, target_speed=18.38437842)
    vehicle1.accelerate(trigger_sequence=2, target_speed=33.05038945)
    vehicle2.decelerate(trigger_sequence=3, target_speed=16.84236134)
    vehicle1.changeLane(trigger_sequence=5, target_lane=3, target_speed=8.50187191)

2025-04-22 Tuesday 12:16:18  random_test.py : INFO  === Evaluation Finished === 
 Fitness: [10.510293579580502, -0.7889273356401384], Collision: False
2025-04-22 Tuesday 12:16:33  random_test.py : INFO  === Evaluate Testcase === 
 def testcase(self):
    ego = NPC(lane_id=5, offset=29.76859054, initial_speed=39.72354487)
    vehicle2 = NPC(lane_id=1, offset=26.10552125, initial_speed=18.18704109)
    vehicle2.decelerate(trigger_sequence=1, target_speed=22.74135642)
    vehicle2.decelerate(trigger_sequence=2, target_speed=12.2750457)

2025-04-22 Tuesday 12:16:33  random_test.py : INFO  === Evaluation Finished === 
 Fitness: [13.991609405307281, -0.22344322344322345], Collision: False
2025-04-22 Tuesday 12:16:38  random_test.py : INFO  === Evaluate Testcase === 
 def testcase(self):
    vehicle1 = NPC(lane_id=5, offset=10.73248555, initial_speed=27.25038237)
    vehicle2 = NPC(lane_id=2, offset=47.27037468, initial_speed=2.71333006)
    ego = NPC(lane_id=2, offset=42.69105104, initial_speed=12.05952537)
    vehicle4 = NPC(lane_id=1, offset=40.94894087, initial_speed=37.2117892)
    vehicle1.decelerate(trigger_sequence=1, target_speed=26.27014339)
    vehicle4.changeLane(trigger_sequence=1, target_lane=1, target_speed=40.61663123)
    vehicle2.changeLane(trigger_sequence=2, target_lane=1, target_speed=38.80880138)
    vehicle4.decelerate(trigger_sequence=2, target_speed=21.10126133)
    vehicle4.decelerate(trigger_sequence=3, target_speed=22.88048327)
    vehicle1.decelerate(trigger_sequence=4, target_speed=18.08930354)
    vehicle2.accelerate(trigger_sequence=4, target_speed=33.78071995)
    vehicle4.changeLane(trigger_sequence=4, target_lane=1, target_speed=12.30487869)
    vehicle1.decelerate(trigger_sequence=5, target_speed=20.68489535)
    vehicle2.accelerate(trigger_sequence=5, target_speed=33.48610561)

2025-04-22 Tuesday 12:16:38  random_test.py : INFO  === Evaluation Finished === 
 Fitness: [inf, 0], Collision: False
2025-04-22 Tuesday 12:16:54  random_test.py : INFO  === Evaluate Testcase === 
 def testcase(self):
    vehicle1 = NPC(lane_id=4, offset=33.4513282, initial_speed=29.78799804)
    ego = NPC(lane_id=5, offset=46.33927788, initial_speed=24.99327899)
    vehicle3 = NPC(lane_id=5, offset=32.9266268, initial_speed=21.44813596)
    vehicle1.changeLane(trigger_sequence=1, target_lane=1, target_speed=48.99807966)
    vehicle3.changeLane(trigger_sequence=1, target_lane=3, target_speed=32.6228105)
    vehicle3.accelerate(trigger_sequence=2, target_speed=35.34258166)
    vehicle1.changeLane(trigger_sequence=3, target_lane=3, target_speed=41.50910998)
    vehicle1.accelerate(trigger_sequence=4, target_speed=39.29193584)

2025-04-22 Tuesday 12:16:54  random_test.py : INFO  === Evaluation Finished === 
 Fitness: [3.4995964371236297, -0.5106007067137809], Collision: False
2025-04-22 Tuesday 12:17:09  random_test.py : INFO  === Evaluate Testcase === 
 def testcase(self):
    vehicle1 = NPC(lane_id=4, offset=14.42274874, initial_speed=34.89434494)
    ego = NPC(lane_id=5, offset=17.22327394, initial_speed=39.65302211)
    vehicle3 = NPC(lane_id=4, offset=41.93194981, initial_speed=26.99966961)
    vehicle1.changeLane(trigger_sequence=2, target_lane=1, target_speed=42.51881042)
    vehicle3.decelerate(trigger_sequence=2, target_speed=8.65216187)
    vehicle3.decelerate(trigger_sequence=3, target_speed=17.81671741)
    vehicle3.changeLane(trigger_sequence=5, target_lane=1, target_speed=0.31818926)

2025-04-22 Tuesday 12:17:09  random_test.py : INFO  === Evaluation Finished === 
 Fitness: [3.492426061409124, -0.22344322344322345], Collision: False
2025-04-22 Tuesday 12:17:24  random_test.py : INFO  === Evaluate Testcase === 
 def testcase(self):
    vehicle1 = NPC(lane_id=4, offset=38.60597333, initial_speed=10.0293129)
    ego = NPC(lane_id=3, offset=43.42700008, initial_speed=16.52503536)
    vehicle3 = NPC(lane_id=4, offset=19.80003591, initial_speed=19.04621147)
    vehicle4 = NPC(lane_id=3, offset=14.69432503, initial_speed=34.75954011)
    vehicle3.accelerate(trigger_sequence=1, target_speed=49.9319739)
    vehicle1.decelerate(trigger_sequence=3, target_speed=3.78174815)
    vehicle3.decelerate(trigger_sequence=3, target_speed=8.47529585)
    vehicle4.accelerate(trigger_sequence=3, target_speed=59.94528211)
    vehicle1.changeLane(trigger_sequence=4, target_lane=3, target_speed=28.2012191)
    vehicle1.changeLane(trigger_sequence=5, target_lane=1, target_speed=20.84283399)
    vehicle3.decelerate(trigger_sequence=5, target_speed=18.66227945)
    vehicle4.decelerate(trigger_sequence=5, target_speed=15.1415115)

2025-04-22 Tuesday 12:17:24  random_test.py : INFO  === Evaluation Finished === 
 Fitness: [3.500821499236929, -0.12040133779264214], Collision: True
2025-04-22 Tuesday 12:17:24  random_test.py : INFO  === Find a coollision ===
2025-04-22 Tuesday 12:17:29  random_test.py : INFO  === Evaluate Testcase === 
 def testcase(self):
    vehicle1 = NPC(lane_id=3, offset=45.38858525, initial_speed=24.34195098)
    vehicle2 = NPC(lane_id=4, offset=21.92073932, initial_speed=34.90960833)
    vehicle3 = NPC(lane_id=5, offset=24.62972434, initial_speed=18.29629811)
    ego = NPC(lane_id=3, offset=46.39371644, initial_speed=24.33316429)
    vehicle3.changeLane(trigger_sequence=1, target_lane=1, target_speed=34.65109058)
    vehicle1.decelerate(trigger_sequence=2, target_speed=18.65951551)
    vehicle2.changeLane(trigger_sequence=3, target_lane=1, target_speed=3.26149645)
    vehicle3.accelerate(trigger_sequence=3, target_speed=45.24816709)
    vehicle2.accelerate(trigger_sequence=5, target_speed=59.39909038)
    vehicle3.decelerate(trigger_sequence=5, target_speed=16.40284681)

2025-04-22 Tuesday 12:17:29  random_test.py : INFO  === Evaluation Finished === 
 Fitness: [inf, 0], Collision: False
2025-04-22 Tuesday 12:17:44  random_test.py : INFO  === Evaluate Testcase === 
 def testcase(self):
    ego = NPC(lane_id=2, offset=44.2331528, initial_speed=26.66312983)
    vehicle2 = NPC(lane_id=5, offset=35.95500762, initial_speed=29.20628218)
    vehicle2.changeLane(trigger_sequence=3, target_lane=1, target_speed=10.23157276)
    vehicle2.decelerate(trigger_sequence=4, target_speed=19.95651241)
    vehicle2.decelerate(trigger_sequence=5, target_speed=29.25868777)

2025-04-22 Tuesday 12:17:44  random_test.py : INFO  === Evaluation Finished === 
 Fitness: [6.999756405032623, -0.46631205673758863], Collision: False
2025-04-22 Tuesday 12:17:59  random_test.py : INFO  === Evaluate Testcase === 
 def testcase(self):
    ego = NPC(lane_id=2, offset=17.81439398, initial_speed=8.55671311)
    vehicle2 = NPC(lane_id=1, offset=17.14303999, initial_speed=39.64293499)
    vehicle2.changeLane(trigger_sequence=2, target_lane=1, target_speed=4.17476396)
    vehicle2.accelerate(trigger_sequence=3, target_speed=38.77916016)
    vehicle2.accelerate(trigger_sequence=5, target_speed=54.83229908)

2025-04-22 Tuesday 12:17:59  random_test.py : INFO  === Evaluation Finished === 
 Fitness: [3.492883965970164, -0.03666666666666667], Collision: False
2025-04-22 Tuesday 12:18:14  random_test.py : INFO  === Evaluate Testcase === 
 def testcase(self):
    ego = NPC(lane_id=5, offset=0.91655201, initial_speed=28.89913083)
    vehicle2 = NPC(lane_id=1, offset=15.87034145, initial_speed=37.15321162)
    vehicle3 = NPC(lane_id=2, offset=8.74273611, initial_speed=19.74429827)
    vehicle3.decelerate(trigger_sequence=1, target_speed=17.82468159)
    vehicle2.accelerate(trigger_sequence=2, target_speed=40.12016022)
    vehicle3.accelerate(trigger_sequence=2, target_speed=53.74017205)
    vehicle2.changeLane(trigger_sequence=3, target_lane=3, target_speed=44.71173186)
    vehicle3.changeLane(trigger_sequence=3, target_lane=3, target_speed=50.56717311)
    vehicle2.decelerate(trigger_sequence=4, target_speed=14.6812538)
    vehicle3.changeLane(trigger_sequence=4, target_lane=3, target_speed=58.18816311)
    vehicle2.decelerate(trigger_sequence=5, target_speed=14.64101265)
    vehicle3.accelerate(trigger_sequence=5, target_speed=51.55192803)

2025-04-22 Tuesday 12:18:14  random_test.py : INFO  === Evaluation Finished === 
 Fitness: [7.0003902652341905, -0.37967914438502676], Collision: False
2025-04-22 Tuesday 12:18:29  random_test.py : INFO  === Evaluate Testcase === 
 def testcase(self):
    vehicle1 = NPC(lane_id=2, offset=49.27064474, initial_speed=23.04217064)
    ego = NPC(lane_id=1, offset=17.70462192, initial_speed=12.30475958)
    vehicle1.accelerate(trigger_sequence=1, target_speed=54.08142505)
    vehicle1.decelerate(trigger_sequence=2, target_speed=14.42319245)

2025-04-22 Tuesday 12:18:29  random_test.py : INFO  === Evaluation Finished === 
 Fitness: [32.07856416371531, -0.023411371237458192], Collision: False
2025-04-22 Tuesday 12:18:44  random_test.py : INFO  === Evaluate Testcase === 
 def testcase(self):
    vehicle1 = NPC(lane_id=4, offset=8.23408683, initial_speed=23.34287863)
    vehicle2 = NPC(lane_id=3, offset=48.60842854, initial_speed=28.27060012)
    ego = NPC(lane_id=3, offset=21.95345753, initial_speed=22.83324337)
    vehicle1.changeLane(trigger_sequence=1, target_lane=3, target_speed=37.61964619)
    vehicle2.accelerate(trigger_sequence=2, target_speed=33.9255153)
    vehicle1.decelerate(trigger_sequence=3, target_speed=24.62166883)
    vehicle2.changeLane(trigger_sequence=3, target_lane=3, target_speed=42.74309805)
    vehicle1.changeLane(trigger_sequence=4, target_lane=3, target_speed=9.64395457)
    vehicle1.changeLane(trigger_sequence=5, target_lane=3, target_speed=51.90587815)

2025-04-22 Tuesday 12:18:44  random_test.py : INFO  === Evaluation Finished === 
 Fitness: [4.304278351921277, -0.5272407732864675], Collision: True
2025-04-22 Tuesday 12:18:44  random_test.py : INFO  === Find a coollision ===
2025-04-22 Tuesday 12:18:48  random_test.py : INFO  === Evaluate Testcase === 
 def testcase(self):
    vehicle1 = NPC(lane_id=3, offset=4.41038988, initial_speed=36.77146943)
    ego = NPC(lane_id=3, offset=3.85361548, initial_speed=29.01003697)
    vehicle3 = NPC(lane_id=4, offset=21.96857197, initial_speed=10.31088028)
    vehicle4 = NPC(lane_id=3, offset=37.06305615, initial_speed=27.20214843)
    vehicle3.accelerate(trigger_sequence=1, target_speed=31.1706798)
    vehicle4.changeLane(trigger_sequence=3, target_lane=1, target_speed=26.16875724)
    vehicle1.decelerate(trigger_sequence=4, target_speed=14.16729611)
    vehicle4.decelerate(trigger_sequence=4, target_speed=7.86994969)
    vehicle3.accelerate(trigger_sequence=5, target_speed=31.83289553)

2025-04-22 Tuesday 12:18:48  random_test.py : INFO  === Evaluation Finished === 
 Fitness: [inf, 0], Collision: False
2025-04-22 Tuesday 12:19:04  random_test.py : INFO  === Evaluate Testcase === 
 def testcase(self):
    vehicle1 = NPC(lane_id=3, offset=40.24685954, initial_speed=15.51864807)
    vehicle2 = NPC(lane_id=5, offset=5.39268218, initial_speed=0.07914731)
    ego = NPC(lane_id=2, offset=19.8830901, initial_speed=11.99317835)
    vehicle2.accelerate(trigger_sequence=1, target_speed=31.3495404)
    vehicle1.decelerate(trigger_sequence=3, target_speed=27.5815299)
    vehicle1.accelerate(trigger_sequence=4, target_speed=36.99099761)
    vehicle2.accelerate(trigger_sequence=4, target_speed=52.08292189)

2025-04-22 Tuesday 12:19:04  random_test.py : INFO  === Evaluation Finished === 
 Fitness: [10.500722493089858, -0.028380634390651086], Collision: False
2025-04-22 Tuesday 12:19:08  random_test.py : INFO  === Evaluate Testcase === 
 def testcase(self):
    vehicle1 = NPC(lane_id=4, offset=9.23898549, initial_speed=34.71985114)
    vehicle2 = NPC(lane_id=5, offset=14.3887329, initial_speed=39.07382081)
    ego = NPC(lane_id=5, offset=18.80884545, initial_speed=12.68511673)
    vehicle1.accelerate(trigger_sequence=1, target_speed=34.49363066)
    vehicle2.decelerate(trigger_sequence=1, target_speed=13.78110092)
    vehicle2.accelerate(trigger_sequence=2, target_speed=55.91128677)
    vehicle1.decelerate(trigger_sequence=3, target_speed=24.17083124)
    vehicle1.decelerate(trigger_sequence=4, target_speed=26.97439774)
    vehicle2.accelerate(trigger_sequence=4, target_speed=57.39783831)
    vehicle1.accelerate(trigger_sequence=5, target_speed=47.13444192)
    vehicle2.changeLane(trigger_sequence=5, target_lane=3, target_speed=30.61968904)

2025-04-22 Tuesday 12:19:08  random_test.py : INFO  === Evaluation Finished === 
 Fitness: [inf, 0], Collision: False
2025-04-22 Tuesday 12:19:24  random_test.py : INFO  === Evaluate Testcase === 
 def testcase(self):
    vehicle1 = NPC(lane_id=2, offset=21.0646121, initial_speed=36.7567205)
    ego = NPC(lane_id=2, offset=9.89954416, initial_speed=7.61024459)
    vehicle3 = NPC(lane_id=5, offset=43.32017781, initial_speed=38.37951074)
    vehicle4 = NPC(lane_id=3, offset=16.27623485, initial_speed=26.15743963)
    vehicle1.decelerate(trigger_sequence=1, target_speed=21.05999822)
    vehicle3.changeLane(trigger_sequence=2, target_lane=1, target_speed=45.85901294)
    vehicle4.decelerate(trigger_sequence=2, target_speed=17.99530905)
    vehicle3.decelerate(trigger_sequence=3, target_speed=24.54576002)
    vehicle4.changeLane(trigger_sequence=4, target_lane=3, target_speed=28.19718889)
    vehicle1.accelerate(trigger_sequence=5, target_speed=48.7955704)
    vehicle3.changeLane(trigger_sequence=5, target_lane=3, target_speed=44.16222795)

2025-04-22 Tuesday 12:19:24  random_test.py : INFO  === Evaluation Finished === 
 Fitness: [7.598791895214166, -0.015437392795883362], Collision: False
2025-04-22 Tuesday 12:19:39  random_test.py : INFO  === Evaluate Testcase === 
 def testcase(self):
    ego = NPC(lane_id=5, offset=48.35358427, initial_speed=26.59903625)
    vehicle2 = NPC(lane_id=1, offset=5.08861415, initial_speed=34.34632859)
    vehicle3 = NPC(lane_id=2, offset=1.61407869, initial_speed=34.23786745)
    vehicle4 = NPC(lane_id=4, offset=21.42167747, initial_speed=3.86317933)
    vehicle2.decelerate(trigger_sequence=1, target_speed=15.38752952)
    vehicle3.changeLane(trigger_sequence=1, target_lane=1, target_speed=32.35193445)
    vehicle3.changeLane(trigger_sequence=2, target_lane=1, target_speed=7.06265308)
    vehicle2.changeLane(trigger_sequence=3, target_lane=3, target_speed=2.56421392)
    vehicle3.changeLane(trigger_sequence=3, target_lane=1, target_speed=8.998849)
    vehicle3.decelerate(trigger_sequence=4, target_speed=0.39655661)
    vehicle2.changeLane(trigger_sequence=5, target_lane=1, target_speed=14.54063302)
    vehicle3.changeLane(trigger_sequence=5, target_lane=3, target_speed=26.11500376)
    vehicle4.accelerate(trigger_sequence=5, target_speed=38.77283671)

2025-04-22 Tuesday 12:19:39  random_test.py : INFO  === Evaluation Finished === 
 Fitness: [20.694183382377968, -0.4875886524822695], Collision: False
2025-04-22 Tuesday 12:19:54  random_test.py : INFO  === Evaluate Testcase === 
 def testcase(self):
    ego = NPC(lane_id=4, offset=10.13540675, initial_speed=22.43683871)
    vehicle2 = NPC(lane_id=2, offset=34.10269509, initial_speed=12.87270527)
    vehicle2.accelerate(trigger_sequence=2, target_speed=50.92501806)
    vehicle2.accelerate(trigger_sequence=3, target_speed=41.35154747)

2025-04-22 Tuesday 12:19:54  random_test.py : INFO  === Evaluation Finished === 
 Fitness: [7.000185695957404, -0.5491228070175439], Collision: False
2025-04-22 Tuesday 12:19:59  random_test.py : INFO  === Evaluate Testcase === 
 def testcase(self):
    ego = NPC(lane_id=1, offset=5.89342958, initial_speed=25.53797118)
    vehicle2 = NPC(lane_id=3, offset=34.43075647, initial_speed=0.20989372)
    vehicle3 = NPC(lane_id=1, offset=1.49617246, initial_speed=24.14848834)
    vehicle4 = NPC(lane_id=1, offset=11.77767125, initial_speed=9.58434581)
    vehicle3.decelerate(trigger_sequence=1, target_speed=10.17272424)
    vehicle3.decelerate(trigger_sequence=2, target_speed=8.5445453)
    vehicle3.changeLane(trigger_sequence=3, target_lane=3, target_speed=34.70010946)
    vehicle4.accelerate(trigger_sequence=3, target_speed=34.30363529)
    vehicle3.accelerate(trigger_sequence=4, target_speed=52.94337739)
    vehicle4.decelerate(trigger_sequence=4, target_speed=5.44422761)
    vehicle2.accelerate(trigger_sequence=5, target_speed=32.21685908)
    vehicle3.accelerate(trigger_sequence=5, target_speed=30.48594252)
    vehicle4.accelerate(trigger_sequence=5, target_speed=35.70675205)

2025-04-22 Tuesday 12:19:59  random_test.py : INFO  === Evaluation Finished === 
 Fitness: [inf, 0], Collision: False
2025-04-22 Tuesday 12:20:14  random_test.py : INFO  === Evaluate Testcase === 
 def testcase(self):
    ego = NPC(lane_id=4, offset=42.82747273, initial_speed=33.00519045)
    vehicle2 = NPC(lane_id=3, offset=18.98037833, initial_speed=37.93481892)
    vehicle3 = NPC(lane_id=3, offset=45.34609177, initial_speed=31.38356709)
    vehicle2.accelerate(trigger_sequence=2, target_speed=41.7576302)
    vehicle3.changeLane(trigger_sequence=2, target_lane=1, target_speed=51.37830072)
    vehicle3.changeLane(trigger_sequence=3, target_lane=3, target_speed=6.21650011)
    vehicle2.decelerate(trigger_sequence=4, target_speed=13.77077275)
    vehicle2.decelerate(trigger_sequence=5, target_speed=27.04735635)

2025-04-22 Tuesday 12:20:14  random_test.py : INFO  === Evaluation Finished === 
 Fitness: [3.5002454289531553, -0.35495495495495494], Collision: False
2025-04-22 Tuesday 12:20:30  random_test.py : INFO  === Evaluate Testcase === 
 def testcase(self):
    vehicle1 = NPC(lane_id=4, offset=43.36574922, initial_speed=35.23652272)
    ego = NPC(lane_id=5, offset=45.38459265, initial_speed=1.04116808)
    vehicle3 = NPC(lane_id=2, offset=20.50176356, initial_speed=37.85756115)
    vehicle1.changeLane(trigger_sequence=3, target_lane=1, target_speed=12.98595527)
    vehicle3.accelerate(trigger_sequence=3, target_speed=33.78408529)
    vehicle1.decelerate(trigger_sequence=4, target_speed=24.63610803)
    vehicle3.changeLane(trigger_sequence=4, target_lane=3, target_speed=16.14118478)
    vehicle1.accelerate(trigger_sequence=5, target_speed=54.14556475)
    vehicle3.decelerate(trigger_sequence=5, target_speed=6.35633895)

2025-04-22 Tuesday 12:20:30  random_test.py : INFO  === Evaluation Finished === 
 Fitness: [3.4913315929307807, -0.6262626262626263], Collision: False
2025-04-22 Tuesday 12:20:44  random_test.py : INFO  === Evaluate Testcase === 
 def testcase(self):
    ego = NPC(lane_id=5, offset=7.13184495, initial_speed=26.27786615)
    vehicle2 = NPC(lane_id=1, offset=8.2047106, initial_speed=39.52471259)
    vehicle2.accelerate(trigger_sequence=5, target_speed=47.20267253)

2025-04-22 Tuesday 12:20:44  random_test.py : INFO  === Evaluation Finished === 
 Fitness: [14.08448007121877, -0.4734042553191489], Collision: False
2025-04-22 Tuesday 12:21:00  random_test.py : INFO  === Evaluate Testcase === 
 def testcase(self):
    vehicle1 = NPC(lane_id=1, offset=6.01537721, initial_speed=39.63812861)
    ego = NPC(lane_id=3, offset=47.71295239, initial_speed=17.12626141)
    vehicle3 = NPC(lane_id=3, offset=8.68751834, initial_speed=20.97379078)
    vehicle1.changeLane(trigger_sequence=1, target_lane=3, target_speed=45.47982542)
    vehicle3.decelerate(trigger_sequence=1, target_speed=20.98872921)
    vehicle1.changeLane(trigger_sequence=2, target_lane=1, target_speed=24.99273398)
    vehicle3.accelerate(trigger_sequence=2, target_speed=33.07198643)
    vehicle3.changeLane(trigger_sequence=3, target_lane=1, target_speed=21.29530817)
    vehicle1.decelerate(trigger_sequence=4, target_speed=14.14784274)
    vehicle3.decelerate(trigger_sequence=4, target_speed=26.28825626)
    vehicle3.decelerate(trigger_sequence=5, target_speed=15.03243082)

2025-04-22 Tuesday 12:21:00  random_test.py : INFO  === Evaluation Finished === 
 Fitness: [3.658097914638015, -0.018998272884283247], Collision: False
2025-04-22 Tuesday 12:21:15  random_test.py : INFO  === Evaluate Testcase === 
 def testcase(self):
    ego = NPC(lane_id=5, offset=37.12019247, initial_speed=12.8119218)
    vehicle2 = NPC(lane_id=4, offset=33.90606984, initial_speed=33.9710165)
    vehicle2.changeLane(trigger_sequence=3, target_lane=1, target_speed=39.18489898)
    vehicle2.changeLane(trigger_sequence=4, target_lane=3, target_speed=57.9933614)

2025-04-22 Tuesday 12:21:15  random_test.py : INFO  === Evaluation Finished === 
 Fitness: [3.491891099958422, -0.03177257525083612], Collision: False
2025-04-22 Tuesday 12:21:30  random_test.py : INFO  === Evaluate Testcase === 
 def testcase(self):
    ego = NPC(lane_id=2, offset=38.02973976, initial_speed=15.91789107)
    vehicle2 = NPC(lane_id=4, offset=49.0014955, initial_speed=6.95065045)
    vehicle2.decelerate(trigger_sequence=1, target_speed=5.92829358)
    vehicle2.changeLane(trigger_sequence=2, target_lane=3, target_speed=44.27275713)

2025-04-22 Tuesday 12:21:30  random_test.py : INFO  === Evaluation Finished === 
 Fitness: [3.5015117766198345, -0.02181208053691275], Collision: False
2025-04-22 Tuesday 12:21:45  random_test.py : INFO  === Evaluate Testcase === 
 def testcase(self):
    ego = NPC(lane_id=1, offset=27.82170936, initial_speed=6.1989961)
    vehicle2 = NPC(lane_id=3, offset=10.06940799, initial_speed=32.32070377)
    vehicle2.decelerate(trigger_sequence=1, target_speed=1.36028627)
    vehicle2.decelerate(trigger_sequence=2, target_speed=26.19301417)
    vehicle2.accelerate(trigger_sequence=4, target_speed=52.06500483)

2025-04-22 Tuesday 12:21:45  random_test.py : INFO  === Evaluation Finished === 
 Fitness: [7.0052298560689525, -0.8583333333333333], Collision: False
2025-04-22 Tuesday 12:22:00  random_test.py : INFO  === Evaluate Testcase === 
 def testcase(self):
    vehicle1 = NPC(lane_id=1, offset=47.35470045, initial_speed=24.32082676)
    ego = NPC(lane_id=2, offset=26.41503975, initial_speed=26.2622242)
    vehicle1.changeLane(trigger_sequence=3, target_lane=3, target_speed=36.55906722)
    vehicle1.accelerate(trigger_sequence=5, target_speed=36.28665872)

2025-04-22 Tuesday 12:22:00  random_test.py : INFO  === Evaluation Finished === 
 Fitness: [14.681275447444222, -0.4769503546099291], Collision: False
2025-04-22 Tuesday 12:22:16  random_test.py : INFO  === Evaluate Testcase === 
 def testcase(self):
    vehicle1 = NPC(lane_id=5, offset=14.32737898, initial_speed=3.50581401)
    vehicle2 = NPC(lane_id=1, offset=31.04719589, initial_speed=23.71502163)
    ego = NPC(lane_id=3, offset=33.7290622, initial_speed=31.15251591)
    vehicle1.accelerate(trigger_sequence=1, target_speed=53.80279695)
    vehicle2.decelerate(trigger_sequence=1, target_speed=23.76299391)
    vehicle2.changeLane(trigger_sequence=2, target_lane=1, target_speed=21.21128604)
    vehicle1.accelerate(trigger_sequence=3, target_speed=38.57928096)
    vehicle2.accelerate(trigger_sequence=3, target_speed=46.01465338)
    vehicle1.decelerate(trigger_sequence=4, target_speed=25.64907552)

2025-04-22 Tuesday 12:22:16  random_test.py : INFO  === Evaluation Finished === 
 Fitness: [6.991258202820271, -0.45340501792114696], Collision: False
2025-04-22 Tuesday 12:22:31  random_test.py : INFO  === Evaluate Testcase === 
 def testcase(self):
    vehicle1 = NPC(lane_id=4, offset=2.11361155, initial_speed=25.04267501)
    ego = NPC(lane_id=4, offset=9.82334621, initial_speed=38.41620137)
    vehicle1.decelerate(trigger_sequence=1, target_speed=18.35319843)
    vehicle1.accelerate(trigger_sequence=3, target_speed=30.48889733)
    vehicle1.changeLane(trigger_sequence=4, target_lane=1, target_speed=38.04600487)
    vehicle1.accelerate(trigger_sequence=5, target_speed=36.14690609)

2025-04-22 Tuesday 12:22:31  random_test.py : INFO  === Evaluation Finished === 
 Fitness: [4.73736377544843, -0.2354014598540146], Collision: True
2025-04-22 Tuesday 12:22:31  random_test.py : INFO  === Find a coollision ===
2025-04-22 Tuesday 12:22:46  random_test.py : INFO  === Evaluate Testcase === 
 def testcase(self):
    vehicle1 = NPC(lane_id=4, offset=6.58056679, initial_speed=2.15611715)
    vehicle2 = NPC(lane_id=3, offset=23.39304565, initial_speed=35.51435648)
    vehicle3 = NPC(lane_id=1, offset=9.65844377, initial_speed=19.21690318)
    ego = NPC(lane_id=4, offset=31.91145907, initial_speed=31.23105968)
    vehicle1.changeLane(trigger_sequence=1, target_lane=1, target_speed=47.27108636)
    vehicle2.decelerate(trigger_sequence=1, target_speed=17.59282269)
    vehicle3.decelerate(trigger_sequence=1, target_speed=16.82053045)
    vehicle2.accelerate(trigger_sequence=2, target_speed=30.04029177)
    vehicle3.decelerate(trigger_sequence=2, target_speed=3.22285636)
    vehicle1.changeLane(trigger_sequence=3, target_lane=3, target_speed=43.78280793)
    vehicle1.decelerate(trigger_sequence=4, target_speed=11.30238216)
    vehicle2.accelerate(trigger_sequence=4, target_speed=48.63970673)

2025-04-22 Tuesday 12:22:46  random_test.py : INFO  === Evaluation Finished === 
 Fitness: [3.492582006927494, -0.4444444444444444], Collision: False
2025-04-22 Tuesday 12:23:01  random_test.py : INFO  === Evaluate Testcase === 
 def testcase(self):
    vehicle1 = NPC(lane_id=4, offset=33.6407791, initial_speed=36.02377987)
    ego = NPC(lane_id=3, offset=24.35132662, initial_speed=27.25354733)
    vehicle1.changeLane(trigger_sequence=1, target_lane=1, target_speed=47.93845571)
    vehicle1.decelerate(trigger_sequence=4, target_speed=6.34305678)
    vehicle1.changeLane(trigger_sequence=5, target_lane=1, target_speed=3.92338141)

2025-04-22 Tuesday 12:23:01  random_test.py : INFO  === Evaluation Finished === 
 Fitness: [10.399723435009339, -0.5079928952042628], Collision: False
2025-04-22 Tuesday 12:23:17  random_test.py : INFO  === Evaluate Testcase === 
 def testcase(self):
    vehicle1 = NPC(lane_id=3, offset=8.40694626, initial_speed=3.40924467)
    ego = NPC(lane_id=3, offset=47.5220719, initial_speed=8.09087499)
    vehicle1.decelerate(trigger_sequence=1, target_speed=9.86432564)
    vehicle1.decelerate(trigger_sequence=2, target_speed=19.46592601)
    vehicle1.changeLane(trigger_sequence=3, target_lane=1, target_speed=17.22281237)
    vehicle1.changeLane(trigger_sequence=4, target_lane=1, target_speed=34.69526358)
    vehicle1.accelerate(trigger_sequence=5, target_speed=42.72538412)

2025-04-22 Tuesday 12:23:17  random_test.py : INFO  === Evaluation Finished === 
 Fitness: [7.000084724712477, -0.021666666666666667], Collision: False
2025-04-22 Tuesday 12:23:33  random_test.py : INFO  === Evaluate Testcase === 
 def testcase(self):
    ego = NPC(lane_id=1, offset=44.57406423, initial_speed=33.74560918)
    vehicle2 = NPC(lane_id=5, offset=4.90746936, initial_speed=23.58066368)
    vehicle3 = NPC(lane_id=1, offset=25.37857956, initial_speed=8.83774861)
    vehicle4 = NPC(lane_id=3, offset=27.24394016, initial_speed=12.90988822)
    vehicle2.changeLane(trigger_sequence=1, target_lane=3, target_speed=49.8316465)
    vehicle4.changeLane(trigger_sequence=1, target_lane=1, target_speed=22.97646655)
    vehicle4.accelerate(trigger_sequence=2, target_speed=41.34988904)
    vehicle3.decelerate(trigger_sequence=3, target_speed=26.02663494)
    vehicle4.accelerate(trigger_sequence=4, target_speed=46.44248252)
    vehicle2.decelerate(trigger_sequence=5, target_speed=6.28163644)
    vehicle3.accelerate(trigger_sequence=5, target_speed=39.04173114)
    vehicle4.decelerate(trigger_sequence=5, target_speed=0.32169489)

2025-04-22 Tuesday 12:23:33  random_test.py : INFO  === Evaluation Finished === 
 Fitness: [7.000552337911105, -0.34657039711191334], Collision: False
2025-04-22 Tuesday 12:23:48  random_test.py : INFO  === Evaluate Testcase === 
 def testcase(self):
    vehicle1 = NPC(lane_id=3, offset=25.86098418, initial_speed=18.59196146)
    vehicle2 = NPC(lane_id=5, offset=43.53219784, initial_speed=25.4186585)
    vehicle3 = NPC(lane_id=2, offset=0.59737645, initial_speed=14.52339397)
    ego = NPC(lane_id=2, offset=23.42859741, initial_speed=5.18122021)
    vehicle1.accelerate(trigger_sequence=1, target_speed=46.79494971)
    vehicle2.changeLane(trigger_sequence=1, target_lane=3, target_speed=51.47432343)
    vehicle3.accelerate(trigger_sequence=1, target_speed=57.33838556)
    vehicle1.accelerate(trigger_sequence=2, target_speed=42.24058043)
    vehicle2.changeLane(trigger_sequence=2, target_lane=1, target_speed=32.02300329)
    vehicle1.decelerate(trigger_sequence=3, target_speed=26.75460773)
    vehicle2.changeLane(trigger_sequence=4, target_lane=1, target_speed=51.10614123)
    vehicle3.decelerate(trigger_sequence=4, target_speed=9.09961697)
    vehicle1.decelerate(trigger_sequence=5, target_speed=4.67768449)
    vehicle3.accelerate(trigger_sequence=5, target_speed=59.5406785)

2025-04-22 Tuesday 12:23:48  random_test.py : INFO  === Evaluation Finished === 
 Fitness: [4.732442920189719, -0.6124161073825504], Collision: True
2025-04-22 Tuesday 12:23:48  random_test.py : INFO  === Find a coollision ===
2025-04-22 Tuesday 12:24:03  random_test.py : INFO  === Evaluate Testcase === 
 def testcase(self):
    ego = NPC(lane_id=4, offset=48.32377708, initial_speed=31.5049154)
    vehicle2 = NPC(lane_id=3, offset=34.68590296, initial_speed=19.9910085)
    vehicle3 = NPC(lane_id=2, offset=33.57238867, initial_speed=39.93567344)
    vehicle2.decelerate(trigger_sequence=1, target_speed=8.30177286)
    vehicle2.changeLane(trigger_sequence=3, target_lane=3, target_speed=49.36200118)
    vehicle3.accelerate(trigger_sequence=3, target_speed=53.45535867)
    vehicle2.accelerate(trigger_sequence=4, target_speed=50.37466517)
    vehicle2.changeLane(trigger_sequence=5, target_lane=3, target_speed=49.89630316)
    vehicle3.accelerate(trigger_sequence=5, target_speed=38.50183505)

2025-04-22 Tuesday 12:24:03  random_test.py : INFO  === Evaluation Finished === 
 Fitness: [6.996415931565949, -0.3734290843806104], Collision: False
2025-04-22 Tuesday 12:24:19  random_test.py : INFO  === Evaluate Testcase === 
 def testcase(self):
    vehicle1 = NPC(lane_id=5, offset=46.78417808, initial_speed=11.82419098)
    vehicle2 = NPC(lane_id=5, offset=31.092434, initial_speed=35.93820508)
    ego = NPC(lane_id=3, offset=28.01146998, initial_speed=10.03631461)
    vehicle4 = NPC(lane_id=3, offset=19.28817175, initial_speed=24.68713357)
    vehicle1.accelerate(trigger_sequence=1, target_speed=39.95263565)
    vehicle2.changeLane(trigger_sequence=1, target_lane=3, target_speed=2.89942757)
    vehicle1.changeLane(trigger_sequence=2, target_lane=1, target_speed=18.25429891)
    vehicle4.changeLane(trigger_sequence=2, target_lane=3, target_speed=36.15617424)
    vehicle1.accelerate(trigger_sequence=3, target_speed=38.10286017)
    vehicle2.accelerate(trigger_sequence=3, target_speed=33.07742854)
    vehicle1.decelerate(trigger_sequence=4, target_speed=29.81273882)

2025-04-22 Tuesday 12:24:19  random_test.py : INFO  === Evaluation Finished === 
 Fitness: [3.5003719376015816, -0.035], Collision: True
2025-04-22 Tuesday 12:24:19  random_test.py : INFO  === Find a coollision ===
2025-04-22 Tuesday 12:24:34  random_test.py : INFO  === Evaluate Testcase === 
 def testcase(self):
    vehicle1 = NPC(lane_id=5, offset=45.53464987, initial_speed=34.8626467)
    ego = NPC(lane_id=2, offset=17.04541671, initial_speed=20.9064609)
    vehicle3 = NPC(lane_id=3, offset=3.28555735, initial_speed=24.00938663)
    vehicle4 = NPC(lane_id=4, offset=17.86152263, initial_speed=30.54527623)
    vehicle3.decelerate(trigger_sequence=1, target_speed=5.81373641)
    vehicle4.changeLane(trigger_sequence=2, target_lane=3, target_speed=34.64605175)
    vehicle1.changeLane(trigger_sequence=3, target_lane=3, target_speed=3.76922789)
    vehicle1.decelerate(trigger_sequence=4, target_speed=21.18843209)
    vehicle1.decelerate(trigger_sequence=5, target_speed=0.6949589)
    vehicle3.changeLane(trigger_sequence=5, target_lane=3, target_speed=46.41385047)

2025-04-22 Tuesday 12:24:34  random_test.py : INFO  === Evaluation Finished === 
 Fitness: [3.618232125119593, -0.5958188153310104], Collision: False
2025-04-22 Tuesday 12:24:49  random_test.py : INFO  === Evaluate Testcase === 
 def testcase(self):
    ego = NPC(lane_id=5, offset=40.92145336, initial_speed=38.02144108)
    vehicle2 = NPC(lane_id=3, offset=21.34182899, initial_speed=25.93394052)
    vehicle2.changeLane(trigger_sequence=1, target_lane=3, target_speed=40.55778869)
    vehicle2.changeLane(trigger_sequence=3, target_lane=3, target_speed=28.49754986)

2025-04-22 Tuesday 12:24:49  random_test.py : INFO  === Evaluation Finished === 
 Fitness: [13.975869312070126, -0.2495446265938069], Collision: False
2025-04-22 Tuesday 12:25:04  random_test.py : INFO  === Evaluate Testcase === 
 def testcase(self):
    ego = NPC(lane_id=4, offset=18.78307673, initial_speed=15.19504206)
    vehicle2 = NPC(lane_id=4, offset=42.85502843, initial_speed=4.54220883)
    vehicle3 = NPC(lane_id=1, offset=8.69792572, initial_speed=2.57926892)
    vehicle4 = NPC(lane_id=1, offset=14.71762304, initial_speed=27.9474952)
    vehicle3.changeLane(trigger_sequence=1, target_lane=1, target_speed=19.04410253)
    vehicle2.accelerate(trigger_sequence=2, target_speed=55.9721247)
    vehicle2.decelerate(trigger_sequence=4, target_speed=25.26149705)
    vehicle4.changeLane(trigger_sequence=4, target_lane=1, target_speed=50.68897965)
    vehicle3.decelerate(trigger_sequence=5, target_speed=9.5388527)

2025-04-22 Tuesday 12:25:04  random_test.py : INFO  === Evaluation Finished === 
 Fitness: [7.975982964483785, -0.1605351170568562], Collision: False
2025-04-22 Tuesday 12:25:19  random_test.py : INFO  === Evaluate Testcase === 
 def testcase(self):
    vehicle1 = NPC(lane_id=4, offset=11.92125549, initial_speed=4.40974766)
    vehicle2 = NPC(lane_id=2, offset=42.65995767, initial_speed=8.75259621)
    ego = NPC(lane_id=1, offset=1.02189904, initial_speed=31.76316194)
    vehicle4 = NPC(lane_id=3, offset=42.0338512, initial_speed=0.26664533)
    vehicle1.accelerate(trigger_sequence=2, target_speed=54.8214057)
    vehicle1.accelerate(trigger_sequence=3, target_speed=33.81228172)
    vehicle2.decelerate(trigger_sequence=3, target_speed=0.43368934)
    vehicle4.changeLane(trigger_sequence=3, target_lane=3, target_speed=40.91607976)
    vehicle2.decelerate(trigger_sequence=4, target_speed=27.44790608)
    vehicle4.decelerate(trigger_sequence=4, target_speed=15.61643952)
    vehicle1.changeLane(trigger_sequence=5, target_lane=3, target_speed=10.46325013)
    vehicle2.decelerate(trigger_sequence=5, target_speed=15.85351973)

2025-04-22 Tuesday 12:25:19  random_test.py : INFO  === Evaluation Finished === 
 Fitness: [3.5001089305828614, -0.38240574506283664], Collision: False
2025-04-22 Tuesday 12:25:34  random_test.py : INFO  === Evaluate Testcase === 
 def testcase(self):
    vehicle1 = NPC(lane_id=4, offset=8.43761326, initial_speed=5.85727078)
    ego = NPC(lane_id=2, offset=27.39721436, initial_speed=28.22666029)
    vehicle1.accelerate(trigger_sequence=2, target_speed=41.52398156)
    vehicle1.changeLane(trigger_sequence=3, target_lane=3, target_speed=50.16441641)
    vehicle1.changeLane(trigger_sequence=4, target_lane=3, target_speed=33.22407265)

2025-04-22 Tuesday 12:25:34  random_test.py : INFO  === Evaluation Finished === 
 Fitness: [19.29405042525363, -0.48398576512455516], Collision: False
2025-04-22 Tuesday 12:25:49  random_test.py : INFO  === Evaluate Testcase === 
 def testcase(self):
    vehicle1 = NPC(lane_id=5, offset=0.77198035, initial_speed=17.09503294)
    ego = NPC(lane_id=2, offset=20.70291367, initial_speed=0.30589395)
    vehicle3 = NPC(lane_id=4, offset=43.77476024, initial_speed=18.44724924)
    vehicle4 = NPC(lane_id=1, offset=8.42462838, initial_speed=17.7075893)
    vehicle1.accelerate(trigger_sequence=1, target_speed=31.13097171)
    vehicle4.decelerate(trigger_sequence=1, target_speed=16.06304822)
    vehicle1.accelerate(trigger_sequence=2, target_speed=35.22372277)
    vehicle3.changeLane(trigger_sequence=3, target_lane=3, target_speed=12.09223829)
    vehicle1.accelerate(trigger_sequence=4, target_speed=41.80346209)
    vehicle3.changeLane(trigger_sequence=4, target_lane=3, target_speed=58.27657884)
    vehicle4.changeLane(trigger_sequence=4, target_lane=1, target_speed=26.48579607)
    vehicle4.changeLane(trigger_sequence=5, target_lane=1, target_speed=29.85290317)

2025-04-22 Tuesday 12:25:49  random_test.py : INFO  === Evaluation Finished === 
 Fitness: [3.4920040143816746, -0.6302521008403361], Collision: False
2025-04-22 Tuesday 12:26:05  random_test.py : INFO  === Evaluate Testcase === 
 def testcase(self):
    vehicle1 = NPC(lane_id=5, offset=40.24525274, initial_speed=8.35991242)
    vehicle2 = NPC(lane_id=4, offset=8.35415809, initial_speed=27.57556451)
    ego = NPC(lane_id=1, offset=11.84826218, initial_speed=39.6270338)
    vehicle1.changeLane(trigger_sequence=1, target_lane=1, target_speed=27.15590525)
    vehicle1.decelerate(trigger_sequence=2, target_speed=28.31430678)
    vehicle2.decelerate(trigger_sequence=2, target_speed=26.36456794)
    vehicle1.decelerate(trigger_sequence=3, target_speed=29.20144172)
    vehicle2.decelerate(trigger_sequence=3, target_speed=14.17682882)
    vehicle2.decelerate(trigger_sequence=4, target_speed=9.18873518)
    vehicle1.changeLane(trigger_sequence=5, target_lane=3, target_speed=55.08029036)

2025-04-22 Tuesday 12:26:05  random_test.py : INFO  === Evaluation Finished === 
 Fitness: [10.500564583768009, -0.22344322344322345], Collision: False
2025-04-22 Tuesday 12:26:21  random_test.py : INFO  === Evaluate Testcase === 
 def testcase(self):
    vehicle1 = NPC(lane_id=2, offset=9.15747702, initial_speed=18.11877874)
    vehicle2 = NPC(lane_id=4, offset=8.95252968, initial_speed=10.94869191)
    ego = NPC(lane_id=3, offset=17.66656803, initial_speed=10.37727268)
    vehicle2.decelerate(trigger_sequence=1, target_speed=4.68708323)
    vehicle1.accelerate(trigger_sequence=2, target_speed=47.73377896)
    vehicle1.changeLane(trigger_sequence=4, target_lane=3, target_speed=18.22524382)
    vehicle2.changeLane(trigger_sequence=4, target_lane=3, target_speed=46.66370682)
    vehicle2.changeLane(trigger_sequence=5, target_lane=3, target_speed=10.20312839)

2025-04-22 Tuesday 12:26:21  random_test.py : INFO  === Evaluation Finished === 
 Fitness: [3.496610339762566, -0.23833333333333334], Collision: True
2025-04-22 Tuesday 12:26:21  random_test.py : INFO  === Find a coollision ===
2025-04-22 Tuesday 12:26:36  random_test.py : INFO  === Evaluate Testcase === 
 def testcase(self):
    ego = NPC(lane_id=2, offset=10.45145708, initial_speed=30.08286104)
    vehicle2 = NPC(lane_id=1, offset=43.78586725, initial_speed=29.30221991)
    vehicle3 = NPC(lane_id=5, offset=40.2434532, initial_speed=38.88950169)
    vehicle3.accelerate(trigger_sequence=3, target_speed=51.30234929)
    vehicle3.changeLane(trigger_sequence=5, target_lane=3, target_speed=4.6508888)

2025-04-22 Tuesday 12:26:36  random_test.py : INFO  === Evaluation Finished === 
 Fitness: [16.913510401136314, -0.4472271914132379], Collision: False
2025-04-22 Tuesday 12:26:51  random_test.py : INFO  === Evaluate Testcase === 
 def testcase(self):
    ego = NPC(lane_id=1, offset=18.18592025, initial_speed=16.12867499)
    vehicle2 = NPC(lane_id=2, offset=36.74999784, initial_speed=13.38885247)
    vehicle3 = NPC(lane_id=5, offset=32.65060078, initial_speed=4.43537447)
    vehicle3.decelerate(trigger_sequence=1, target_speed=9.98646545)
    vehicle2.decelerate(trigger_sequence=2, target_speed=27.70300524)
    vehicle3.decelerate(trigger_sequence=2, target_speed=23.79387639)
    vehicle2.accelerate(trigger_sequence=4, target_speed=56.8167744)
    vehicle3.decelerate(trigger_sequence=4, target_speed=4.23318341)
    vehicle2.decelerate(trigger_sequence=5, target_speed=22.22609139)
    vehicle3.decelerate(trigger_sequence=5, target_speed=21.95035433)

2025-04-22 Tuesday 12:26:51  random_test.py : INFO  === Evaluation Finished === 
 Fitness: [13.387939700017377, -0.020100502512562814], Collision: False
2025-04-22 Tuesday 12:27:06  random_test.py : INFO  === Evaluate Testcase === 
 def testcase(self):
    ego = NPC(lane_id=4, offset=33.44288734, initial_speed=3.13927848)
    vehicle2 = NPC(lane_id=2, offset=12.72610048, initial_speed=16.0933777)
    vehicle2.changeLane(trigger_sequence=2, target_lane=1, target_speed=6.38581184)
    vehicle2.decelerate(trigger_sequence=5, target_speed=22.02425376)

2025-04-22 Tuesday 12:27:06  random_test.py : INFO  === Evaluation Finished === 
 Fitness: [6.995305290489649, -0.5387205387205387], Collision: False
2025-04-22 Tuesday 12:27:22  random_test.py : INFO  === Evaluate Testcase === 
 def testcase(self):
    vehicle1 = NPC(lane_id=2, offset=48.6604525, initial_speed=13.53820587)
    vehicle2 = NPC(lane_id=2, offset=14.10166404, initial_speed=4.44756116)
    vehicle3 = NPC(lane_id=4, offset=44.91410854, initial_speed=7.50670298)
    ego = NPC(lane_id=1, offset=15.42268225, initial_speed=17.50283125)
    vehicle3.changeLane(trigger_sequence=2, target_lane=1, target_speed=0.49806291)
    vehicle1.changeLane(trigger_sequence=3, target_lane=1, target_speed=41.49513457)
    vehicle2.decelerate(trigger_sequence=3, target_speed=28.76779116)
    vehicle2.decelerate(trigger_sequence=4, target_speed=11.69570566)
    vehicle3.accelerate(trigger_sequence=4, target_speed=51.07751546)

2025-04-22 Tuesday 12:27:22  random_test.py : INFO  === Evaluation Finished === 
 Fitness: [3.5478444241188245, -0.16062176165803108], Collision: False
2025-04-22 Tuesday 12:27:37  random_test.py : INFO  === Evaluate Testcase === 
 def testcase(self):
    vehicle1 = NPC(lane_id=4, offset=23.39895652, initial_speed=18.62644753)
    ego = NPC(lane_id=4, offset=32.61070084, initial_speed=28.17390215)
    vehicle3 = NPC(lane_id=1, offset=48.58225066, initial_speed=34.199051)
    vehicle1.accelerate(trigger_sequence=1, target_speed=51.74048654)
    vehicle3.accelerate(trigger_sequence=4, target_speed=38.19260525)
    vehicle1.changeLane(trigger_sequence=5, target_lane=3, target_speed=39.89883433)

2025-04-22 Tuesday 12:27:37  random_test.py : INFO  === Evaluation Finished === 
 Fitness: [3.4911163415964492, -0.5328596802841918], Collision: True
2025-04-22 Tuesday 12:27:37  random_test.py : INFO  === Find a coollision ===
2025-04-22 Tuesday 12:27:52  random_test.py : INFO  === Evaluate Testcase === 
 def testcase(self):
    vehicle1 = NPC(lane_id=4, offset=12.30599228, initial_speed=38.72514441)
    ego = NPC(lane_id=3, offset=25.94202421, initial_speed=9.99574567)
    vehicle3 = NPC(lane_id=2, offset=3.51444083, initial_speed=7.94222267)
    vehicle4 = NPC(lane_id=1, offset=16.13402089, initial_speed=31.43833226)
    vehicle1.decelerate(trigger_sequence=1, target_speed=0.51476594)
    vehicle3.accelerate(trigger_sequence=1, target_speed=49.19679007)
    vehicle4.changeLane(trigger_sequence=1, target_lane=3, target_speed=58.94741419)
    vehicle1.decelerate(trigger_sequence=2, target_speed=27.47088871)
    vehicle3.decelerate(trigger_sequence=2, target_speed=4.90100987)
    vehicle3.decelerate(trigger_sequence=3, target_speed=2.19974918)
    vehicle4.changeLane(trigger_sequence=3, target_lane=3, target_speed=15.11198519)
    vehicle1.accelerate(trigger_sequence=4, target_speed=52.85956363)
    vehicle3.accelerate(trigger_sequence=4, target_speed=37.14506477)
    vehicle4.changeLane(trigger_sequence=4, target_lane=3, target_speed=40.86846539)
    vehicle4.decelerate(trigger_sequence=5, target_speed=4.10762628)

2025-04-22 Tuesday 12:27:52  random_test.py : INFO  === Evaluation Finished === 
 Fitness: [3.499801353535442, -0.021666666666666667], Collision: False
2025-04-22 Tuesday 12:27:57  random_test.py : INFO  === Evaluate Testcase === 
 def testcase(self):
    vehicle1 = NPC(lane_id=1, offset=23.46748623, initial_speed=8.03571649)
    vehicle2 = NPC(lane_id=2, offset=38.1714141, initial_speed=10.07471741)
    ego = NPC(lane_id=5, offset=5.85926059, initial_speed=0.53217086)
    vehicle4 = NPC(lane_id=2, offset=42.75849862, initial_speed=11.48911284)
    vehicle2.accelerate(trigger_sequence=1, target_speed=44.49656748)
    vehicle1.accelerate(trigger_sequence=3, target_speed=51.17223548)
    vehicle4.accelerate(trigger_sequence=3, target_speed=41.0720991)
    vehicle2.changeLane(trigger_sequence=4, target_lane=1, target_speed=17.10614372)
    vehicle4.accelerate(trigger_sequence=4, target_speed=30.01673805)
    vehicle2.changeLane(trigger_sequence=5, target_lane=1, target_speed=11.69320781)
    vehicle4.decelerate(trigger_sequence=5, target_speed=20.08476991)

2025-04-22 Tuesday 12:27:57  random_test.py : INFO  === Evaluation Finished === 
 Fitness: [inf, 0], Collision: False
2025-04-22 Tuesday 12:28:12  random_test.py : INFO  === Evaluate Testcase === 
 def testcase(self):
    vehicle1 = NPC(lane_id=5, offset=42.21443222, initial_speed=7.54169476)
    ego = NPC(lane_id=3, offset=33.5341082, initial_speed=36.53557436)
    vehicle3 = NPC(lane_id=1, offset=44.54918655, initial_speed=37.79534113)
    vehicle3.decelerate(trigger_sequence=2, target_speed=11.2812088)
    vehicle1.changeLane(trigger_sequence=3, target_lane=3, target_speed=29.6680242)
    vehicle3.accelerate(trigger_sequence=3, target_speed=59.92220349)
    vehicle1.changeLane(trigger_sequence=4, target_lane=3, target_speed=5.90582068)
    vehicle1.decelerate(trigger_sequence=5, target_speed=3.04006566)

2025-04-22 Tuesday 12:28:12  random_test.py : INFO  === Evaluation Finished === 
 Fitness: [7.002031411580578, -0.29219600725952816], Collision: False
2025-04-22 Tuesday 12:28:27  random_test.py : INFO  === Evaluate Testcase === 
 def testcase(self):
    ego = NPC(lane_id=1, offset=22.89227798, initial_speed=18.57940185)
    vehicle2 = NPC(lane_id=2, offset=20.97817233, initial_speed=17.18141959)
    vehicle3 = NPC(lane_id=4, offset=27.39377595, initial_speed=35.93508247)
    vehicle4 = NPC(lane_id=5, offset=1.82748805, initial_speed=35.96062279)
    vehicle4.accelerate(trigger_sequence=1, target_speed=34.57390359)
    vehicle4.accelerate(trigger_sequence=2, target_speed=59.71181357)
    vehicle4.decelerate(trigger_sequence=3, target_speed=9.40886765)
    vehicle2.decelerate(trigger_sequence=4, target_speed=6.36521978)
    vehicle3.accelerate(trigger_sequence=4, target_speed=56.24162721)

2025-04-22 Tuesday 12:28:27  random_test.py : INFO  === Evaluation Finished === 
 Fitness: [3.500778316194573, -0.6187175043327556], Collision: False
2025-04-22 Tuesday 12:28:43  random_test.py : INFO  === Evaluate Testcase === 
 def testcase(self):
    ego = NPC(lane_id=2, offset=37.49390564, initial_speed=17.51522507)
    vehicle2 = NPC(lane_id=1, offset=36.35598497, initial_speed=36.03411477)
    vehicle3 = NPC(lane_id=4, offset=6.62876011, initial_speed=12.137919)
    vehicle4 = NPC(lane_id=3, offset=24.45812234, initial_speed=18.62472117)
    vehicle2.changeLane(trigger_sequence=1, target_lane=1, target_speed=52.53299941)
    vehicle4.decelerate(trigger_sequence=1, target_speed=7.6223334)
    vehicle2.decelerate(trigger_sequence=2, target_speed=4.84556111)
    vehicle3.accelerate(trigger_sequence=3, target_speed=54.71543254)
    vehicle2.changeLane(trigger_sequence=4, target_lane=1, target_speed=41.56644608)
    vehicle3.changeLane(trigger_sequence=4, target_lane=1, target_speed=25.27668513)
    vehicle4.decelerate(trigger_sequence=4, target_speed=10.82368737)
    vehicle2.changeLane(trigger_sequence=5, target_lane=1, target_speed=54.26765247)
    vehicle3.decelerate(trigger_sequence=5, target_speed=0.19646049)

2025-04-22 Tuesday 12:28:43  random_test.py : INFO  === Evaluation Finished === 
 Fitness: [3.5096549956841194, -0.17443868739205526], Collision: True
2025-04-22 Tuesday 12:28:43  random_test.py : INFO  === Find a coollision ===
2025-04-22 Tuesday 12:28:58  random_test.py : INFO  === Evaluate Testcase === 
 def testcase(self):
    ego = NPC(lane_id=1, offset=42.18311958, initial_speed=8.79139033)
    vehicle2 = NPC(lane_id=2, offset=25.04019995, initial_speed=4.26674614)
    vehicle2.decelerate(trigger_sequence=2, target_speed=12.33973611)
    vehicle2.changeLane(trigger_sequence=3, target_lane=1, target_speed=0.93459429)
    vehicle2.decelerate(trigger_sequence=4, target_speed=26.42838892)

2025-04-22 Tuesday 12:28:58  random_test.py : INFO  === Evaluation Finished === 
 Fitness: [16.486190787179392, -0.03666666666666667], Collision: False
2025-04-22 Tuesday 12:29:13  random_test.py : INFO  === Evaluate Testcase === 
 def testcase(self):
    vehicle1 = NPC(lane_id=4, offset=10.52115049, initial_speed=15.26933865)
    ego = NPC(lane_id=2, offset=35.95899694, initial_speed=12.96398154)
    vehicle1.accelerate(trigger_sequence=4, target_speed=45.51670228)
    vehicle1.changeLane(trigger_sequence=5, target_lane=3, target_speed=58.55439583)

2025-04-22 Tuesday 12:29:13  random_test.py : INFO  === Evaluation Finished === 
 Fitness: [7.001005847184302, -0.030100334448160536], Collision: False
2025-04-22 Tuesday 12:29:18  random_test.py : INFO  === Evaluate Testcase === 
 def testcase(self):
    vehicle1 = NPC(lane_id=5, offset=9.91189096, initial_speed=27.76607155)
    ego = NPC(lane_id=4, offset=49.49410065, initial_speed=38.25395632)
    vehicle3 = NPC(lane_id=5, offset=5.98469444, initial_speed=19.55113676)
    vehicle4 = NPC(lane_id=3, offset=32.62344096, initial_speed=2.50128712)
    vehicle1.changeLane(trigger_sequence=1, target_lane=1, target_speed=18.75273102)
    vehicle3.changeLane(trigger_sequence=1, target_lane=1, target_speed=5.3236496)
    vehicle4.changeLane(trigger_sequence=1, target_lane=1, target_speed=31.96811855)
    vehicle1.decelerate(trigger_sequence=3, target_speed=9.20378599)
    vehicle3.decelerate(trigger_sequence=3, target_speed=9.51955864)
    vehicle4.decelerate(trigger_sequence=3, target_speed=16.09497887)
    vehicle4.accelerate(trigger_sequence=4, target_speed=35.5299884)

2025-04-22 Tuesday 12:29:18  random_test.py : INFO  === Evaluation Finished === 
 Fitness: [inf, 0], Collision: False
2025-04-22 Tuesday 12:29:23  random_test.py : INFO  === Evaluate Testcase === 
 def testcase(self):
    vehicle1 = NPC(lane_id=2, offset=36.96359053, initial_speed=38.37431935)
    vehicle2 = NPC(lane_id=5, offset=5.28262578, initial_speed=1.97633203)
    ego = NPC(lane_id=4, offset=32.34727677, initial_speed=32.42795856)
    vehicle4 = NPC(lane_id=2, offset=34.12435366, initial_speed=33.34121628)
    vehicle1.changeLane(trigger_sequence=1, target_lane=1, target_speed=54.69317589)
    vehicle2.changeLane(trigger_sequence=1, target_lane=3, target_speed=49.76756272)
    vehicle1.decelerate(trigger_sequence=2, target_speed=20.94445667)
    vehicle2.decelerate(trigger_sequence=2, target_speed=16.00999126)
    vehicle4.changeLane(trigger_sequence=2, target_lane=1, target_speed=51.30066348)
    vehicle1.accelerate(trigger_sequence=3, target_speed=44.19736692)
    vehicle2.accelerate(trigger_sequence=3, target_speed=31.28949077)
    vehicle4.changeLane(trigger_sequence=4, target_lane=1, target_speed=51.81730116)
    vehicle2.decelerate(trigger_sequence=5, target_speed=29.42242411)
    vehicle4.decelerate(trigger_sequence=5, target_speed=5.70687336)

2025-04-22 Tuesday 12:29:23  random_test.py : INFO  === Evaluation Finished === 
 Fitness: [inf, 0], Collision: False
2025-04-22 Tuesday 12:29:38  random_test.py : INFO  === Evaluate Testcase === 
 def testcase(self):
    vehicle1 = NPC(lane_id=4, offset=8.00656789, initial_speed=26.62660292)
    ego = NPC(lane_id=2, offset=46.65632966, initial_speed=39.20661073)

2025-04-22 Tuesday 12:29:38  random_test.py : INFO  === Evaluation Finished === 
 Fitness: [31.58679505973212, -0.23948811700182815], Collision: False
2025-04-22 Tuesday 12:29:54  random_test.py : INFO  === Evaluate Testcase === 
 def testcase(self):
    ego = NPC(lane_id=2, offset=23.6610617, initial_speed=29.67364471)
    vehicle2 = NPC(lane_id=2, offset=11.00970596, initial_speed=5.69308893)
    vehicle3 = NPC(lane_id=5, offset=4.01653927, initial_speed=28.7149867)
    vehicle4 = NPC(lane_id=1, offset=19.80870302, initial_speed=27.90873746)
    vehicle2.accelerate(trigger_sequence=1, target_speed=53.18446384)
    vehicle3.accelerate(trigger_sequence=1, target_speed=56.72092426)
    vehicle4.accelerate(trigger_sequence=1, target_speed=46.31014615)
    vehicle2.changeLane(trigger_sequence=2, target_lane=1, target_speed=13.61859396)
    vehicle4.changeLane(trigger_sequence=2, target_lane=1, target_speed=10.24206706)
    vehicle2.decelerate(trigger_sequence=3, target_speed=10.45165178)
    vehicle3.decelerate(trigger_sequence=3, target_speed=10.48599434)
    vehicle3.decelerate(trigger_sequence=4, target_speed=11.01770311)
    vehicle4.accelerate(trigger_sequence=5, target_speed=48.50145524)

2025-04-22 Tuesday 12:29:54  random_test.py : INFO  === Evaluation Finished === 
 Fitness: [3.491137910425918, -0.4517857142857143], Collision: False
2025-04-22 Tuesday 12:30:09  random_test.py : INFO  === Evaluate Testcase === 
 def testcase(self):
    vehicle1 = NPC(lane_id=1, offset=5.1577099, initial_speed=1.43432212)
    ego = NPC(lane_id=5, offset=6.82832041, initial_speed=20.6765481)
    vehicle3 = NPC(lane_id=4, offset=44.88998086, initial_speed=13.87380042)
    vehicle1.changeLane(trigger_sequence=1, target_lane=1, target_speed=17.34240042)
    vehicle3.changeLane(trigger_sequence=2, target_lane=3, target_speed=24.93469853)
    vehicle1.changeLane(trigger_sequence=3, target_lane=1, target_speed=32.45116366)
    vehicle3.accelerate(trigger_sequence=3, target_speed=32.67783562)

2025-04-22 Tuesday 12:30:09  random_test.py : INFO  === Evaluation Finished === 
 Fitness: [14.063564636383344, -0.5982608695652174], Collision: False
2025-04-22 Tuesday 12:30:24  random_test.py : INFO  === Evaluate Testcase === 
 def testcase(self):
    ego = NPC(lane_id=4, offset=40.28325477, initial_speed=21.98918292)
    vehicle2 = NPC(lane_id=4, offset=1.68183674, initial_speed=0.48412206)
    vehicle3 = NPC(lane_id=5, offset=25.6825916, initial_speed=30.59158969)
    vehicle3.accelerate(trigger_sequence=2, target_speed=32.36235613)
    vehicle2.accelerate(trigger_sequence=3, target_speed=51.10183576)
    vehicle3.decelerate(trigger_sequence=3, target_speed=5.78002255)
    vehicle3.decelerate(trigger_sequence=4, target_speed=14.91482887)
    vehicle2.accelerate(trigger_sequence=5, target_speed=30.94487936)

2025-04-22 Tuesday 12:30:24  random_test.py : INFO  === Evaluation Finished === 
 Fitness: [3.5011912120805717, -0.5551663747810858], Collision: False
2025-04-22 Tuesday 12:30:40  random_test.py : INFO  === Evaluate Testcase === 
 def testcase(self):
    vehicle1 = NPC(lane_id=1, offset=12.44603699, initial_speed=28.25238262)
    vehicle2 = NPC(lane_id=5, offset=32.23666163, initial_speed=38.6409156)
    ego = NPC(lane_id=2, offset=31.08610634, initial_speed=5.07865337)
    vehicle1.changeLane(trigger_sequence=1, target_lane=3, target_speed=37.57746993)
    vehicle1.accelerate(trigger_sequence=2, target_speed=55.18396246)
    vehicle1.changeLane(trigger_sequence=3, target_lane=1, target_speed=57.56800184)

2025-04-22 Tuesday 12:30:40  random_test.py : INFO  === Evaluation Finished === 
 Fitness: [3.4950452799183527, -0.5445378151260504], Collision: False
2025-04-22 Tuesday 12:30:55  random_test.py : INFO  === Evaluate Testcase === 
 def testcase(self):
    vehicle1 = NPC(lane_id=4, offset=14.99592643, initial_speed=5.85093227)
    ego = NPC(lane_id=1, offset=16.9793565, initial_speed=24.97720461)
    vehicle3 = NPC(lane_id=4, offset=8.24992581, initial_speed=19.46053707)
    vehicle3.decelerate(trigger_sequence=1, target_speed=29.04616735)
    vehicle1.changeLane(trigger_sequence=3, target_lane=1, target_speed=20.74662616)
    vehicle1.changeLane(trigger_sequence=4, target_lane=1, target_speed=8.59313224)
    vehicle1.accelerate(trigger_sequence=5, target_speed=51.52441871)
    vehicle3.decelerate(trigger_sequence=5, target_speed=8.0295038)

2025-04-22 Tuesday 12:30:55  random_test.py : INFO  === Evaluation Finished === 
 Fitness: [10.512970189028152, -0.5141342756183745], Collision: False
2025-04-22 Tuesday 12:31:11  random_test.py : INFO  === Evaluate Testcase === 
 def testcase(self):
    vehicle1 = NPC(lane_id=3, offset=16.58832891, initial_speed=34.5734898)
    vehicle2 = NPC(lane_id=4, offset=19.02291405, initial_speed=20.37035424)
    vehicle3 = NPC(lane_id=2, offset=11.62831177, initial_speed=6.23547287)
    ego = NPC(lane_id=4, offset=8.44301395, initial_speed=38.29624495)
    vehicle1.decelerate(trigger_sequence=1, target_speed=27.80590519)
    vehicle2.changeLane(trigger_sequence=1, target_lane=1, target_speed=12.04383978)
    vehicle1.decelerate(trigger_sequence=2, target_speed=25.2686814)
    vehicle2.accelerate(trigger_sequence=2, target_speed=52.62601406)
    vehicle3.changeLane(trigger_sequence=3, target_lane=3, target_speed=5.58161866)
    vehicle1.decelerate(trigger_sequence=4, target_speed=20.47953049)
    vehicle3.decelerate(trigger_sequence=4, target_speed=10.3769298)
    vehicle1.changeLane(trigger_sequence=5, target_lane=1, target_speed=39.16839453)
    vehicle3.accelerate(trigger_sequence=5, target_speed=35.35521764)

2025-04-22 Tuesday 12:31:11  random_test.py : INFO  === Evaluation Finished === 
 Fitness: [3.499687080785217, -0.2458628841607565], Collision: False
2025-04-22 Tuesday 12:31:26  random_test.py : INFO  === Evaluate Testcase === 
 def testcase(self):
    ego = NPC(lane_id=4, offset=35.79772336, initial_speed=14.94528057)
    vehicle2 = NPC(lane_id=5, offset=14.98082437, initial_speed=1.25510787)
    vehicle3 = NPC(lane_id=2, offset=6.25823299, initial_speed=13.30510508)
    vehicle2.accelerate(trigger_sequence=1, target_speed=52.99406903)
    vehicle3.changeLane(trigger_sequence=1, target_lane=1, target_speed=17.64470092)
    vehicle2.accelerate(trigger_sequence=2, target_speed=53.76953579)
    vehicle3.changeLane(trigger_sequence=2, target_lane=1, target_speed=21.1591919)

2025-04-22 Tuesday 12:31:26  random_test.py : INFO  === Evaluation Finished === 
 Fitness: [3.500977952343706, -0.020100502512562814], Collision: False
2025-04-22 Tuesday 12:31:42  random_test.py : INFO  === Evaluate Testcase === 
 def testcase(self):
    vehicle1 = NPC(lane_id=5, offset=22.89860129, initial_speed=20.9845589)
    vehicle2 = NPC(lane_id=5, offset=9.85818039, initial_speed=13.73492139)
    ego = NPC(lane_id=1, offset=47.67633581, initial_speed=14.1053214)
    vehicle1.changeLane(trigger_sequence=1, target_lane=1, target_speed=34.82420898)
    vehicle2.accelerate(trigger_sequence=1, target_speed=30.05582204)
    vehicle2.changeLane(trigger_sequence=2, target_lane=1, target_speed=35.8884843)
    vehicle1.changeLane(trigger_sequence=3, target_lane=3, target_speed=39.63697801)
    vehicle1.changeLane(trigger_sequence=4, target_lane=1, target_speed=35.29770839)
    vehicle2.accelerate(trigger_sequence=4, target_speed=57.25435761)
    vehicle2.accelerate(trigger_sequence=5, target_speed=37.61905425)

2025-04-22 Tuesday 12:31:42  random_test.py : INFO  === Evaluation Finished === 
 Fitness: [8.318977089298883, -0.026755852842809364], Collision: False
2025-04-22 Tuesday 12:31:57  random_test.py : INFO  === Evaluate Testcase === 
 def testcase(self):
    ego = NPC(lane_id=4, offset=21.32109201, initial_speed=35.03120113)
    vehicle2 = NPC(lane_id=2, offset=4.35815983, initial_speed=9.58499972)
    vehicle3 = NPC(lane_id=3, offset=16.35844148, initial_speed=36.20236063)
    vehicle4 = NPC(lane_id=5, offset=42.44410292, initial_speed=1.70732476)
    vehicle2.changeLane(trigger_sequence=1, target_lane=1, target_speed=13.03500667)
    vehicle3.decelerate(trigger_sequence=1, target_speed=19.44220852)
    vehicle3.changeLane(trigger_sequence=2, target_lane=3, target_speed=42.26524979)
    vehicle2.accelerate(trigger_sequence=3, target_speed=57.87006637)
    vehicle3.changeLane(trigger_sequence=3, target_lane=1, target_speed=15.59757253)
    vehicle4.changeLane(trigger_sequence=4, target_lane=1, target_speed=14.33541808)

2025-04-22 Tuesday 12:31:57  random_test.py : INFO  === Evaluation Finished === 
 Fitness: [3.4913866882502833, -0.33815551537070526], Collision: False
2025-04-22 Tuesday 12:32:13  random_test.py : INFO  === Evaluate Testcase === 
 def testcase(self):
    ego = NPC(lane_id=1, offset=5.39056272, initial_speed=22.64967503)
    vehicle2 = NPC(lane_id=1, offset=16.68256888, initial_speed=14.12266893)
    vehicle2.accelerate(trigger_sequence=1, target_speed=41.5258695)
    vehicle2.changeLane(trigger_sequence=2, target_lane=1, target_speed=23.51906085)
    vehicle2.changeLane(trigger_sequence=4, target_lane=3, target_speed=41.22298094)
    vehicle2.decelerate(trigger_sequence=5, target_speed=16.82699251)

2025-04-22 Tuesday 12:32:13  random_test.py : INFO  === Evaluation Finished === 
 Fitness: [10.995621185593455, -0.47627416520210897], Collision: False
2025-04-22 Tuesday 12:32:28  random_test.py : INFO  === Evaluate Testcase === 
 def testcase(self):
    ego = NPC(lane_id=3, offset=13.68455647, initial_speed=30.73624707)
    vehicle2 = NPC(lane_id=2, offset=45.90720019, initial_speed=16.74726446)
    vehicle3 = NPC(lane_id=5, offset=38.24119429, initial_speed=27.00896338)
    vehicle2.decelerate(trigger_sequence=1, target_speed=16.79256987)
    vehicle3.decelerate(trigger_sequence=1, target_speed=21.37373663)
    vehicle3.changeLane(trigger_sequence=2, target_lane=1, target_speed=51.88079228)
    vehicle2.decelerate(trigger_sequence=5, target_speed=23.03698925)
    vehicle3.accelerate(trigger_sequence=5, target_speed=56.18633282)

2025-04-22 Tuesday 12:32:28  random_test.py : INFO  === Evaluation Finished === 
 Fitness: [3.500379030225805, -0.4032258064516129], Collision: False
2025-04-22 Tuesday 12:32:43  random_test.py : INFO  === Evaluate Testcase === 
 def testcase(self):
    ego = NPC(lane_id=1, offset=19.01749583, initial_speed=16.84698621)
    vehicle2 = NPC(lane_id=3, offset=33.51349954, initial_speed=26.87105858)
    vehicle2.changeLane(trigger_sequence=1, target_lane=3, target_speed=18.26572757)
    vehicle2.decelerate(trigger_sequence=2, target_speed=6.66470404)
    vehicle2.decelerate(trigger_sequence=5, target_speed=0.96356649)

2025-04-22 Tuesday 12:32:43  random_test.py : INFO  === Evaluation Finished === 
 Fitness: [10.359057866531794, -0.017271157167530225], Collision: False
2025-04-22 Tuesday 12:32:59  random_test.py : INFO  === Evaluate Testcase === 
 def testcase(self):
    vehicle1 = NPC(lane_id=2, offset=1.58695802, initial_speed=8.26056002)
    ego = NPC(lane_id=2, offset=11.69738784, initial_speed=34.09704461)
    vehicle1.decelerate(trigger_sequence=2, target_speed=9.29901906)
    vehicle1.changeLane(trigger_sequence=3, target_lane=1, target_speed=49.4422157)
    vehicle1.accelerate(trigger_sequence=4, target_speed=50.86570532)
    vehicle1.changeLane(trigger_sequence=5, target_lane=3, target_speed=26.36350649)

2025-04-22 Tuesday 12:32:59  random_test.py : INFO  === Evaluation Finished === 
 Fitness: [8.660667635991745, -0.33935018050541516], Collision: False
2025-04-22 Tuesday 12:33:14  random_test.py : INFO  === Evaluate Testcase === 
 def testcase(self):
    ego = NPC(lane_id=2, offset=36.65958788, initial_speed=14.50141345)
    vehicle2 = NPC(lane_id=5, offset=15.01860591, initial_speed=2.8514069)
    vehicle3 = NPC(lane_id=4, offset=4.284659, initial_speed=25.70708671)
    vehicle3.changeLane(trigger_sequence=1, target_lane=1, target_speed=13.81387586)
    vehicle3.changeLane(trigger_sequence=4, target_lane=3, target_speed=40.04748473)

2025-04-22 Tuesday 12:33:14  random_test.py : INFO  === Evaluation Finished === 
 Fitness: [13.542029585965143, -0.023411371237458192], Collision: False
2025-04-22 Tuesday 12:33:30  random_test.py : INFO  === Evaluate Testcase === 
 def testcase(self):
    vehicle1 = NPC(lane_id=3, offset=5.84312247, initial_speed=7.22201738)
    ego = NPC(lane_id=1, offset=16.77450949, initial_speed=12.76226437)
    vehicle1.decelerate(trigger_sequence=4, target_speed=11.13729687)

2025-04-22 Tuesday 12:33:30  random_test.py : INFO  === Evaluation Finished === 
 Fitness: [11.763033667737924, -0.03177257525083612], Collision: False
2025-04-22 Tuesday 12:33:45  random_test.py : INFO  === Evaluate Testcase === 
 def testcase(self):
    vehicle1 = NPC(lane_id=2, offset=21.13222034, initial_speed=14.22630554)
    vehicle2 = NPC(lane_id=1, offset=47.83830534, initial_speed=22.61097586)
    vehicle3 = NPC(lane_id=4, offset=16.61323869, initial_speed=8.20758555)
    ego = NPC(lane_id=2, offset=29.13250733, initial_speed=32.08174382)
    vehicle2.accelerate(trigger_sequence=1, target_speed=31.9087335)
    vehicle1.accelerate(trigger_sequence=3, target_speed=54.73006322)
    vehicle3.accelerate(trigger_sequence=3, target_speed=32.98611176)
    vehicle2.accelerate(trigger_sequence=4, target_speed=58.91449162)
    vehicle3.decelerate(trigger_sequence=4, target_speed=14.61271661)
    vehicle2.changeLane(trigger_sequence=5, target_lane=1, target_speed=8.08455098)
    vehicle3.accelerate(trigger_sequence=5, target_speed=53.63310633)

2025-04-22 Tuesday 12:33:45  random_test.py : INFO  === Evaluation Finished === 
 Fitness: [4.761637117756575, -0.37992831541218636], Collision: True
2025-04-22 Tuesday 12:33:45  random_test.py : INFO  === Find a coollision ===
2025-04-22 Tuesday 12:34:00  random_test.py : INFO  === Evaluate Testcase === 
 def testcase(self):
    vehicle1 = NPC(lane_id=2, offset=48.09905664, initial_speed=31.1904032)
    ego = NPC(lane_id=2, offset=1.2590036, initial_speed=18.22822252)
    vehicle3 = NPC(lane_id=4, offset=41.87684473, initial_speed=14.70629169)
    vehicle3.changeLane(trigger_sequence=1, target_lane=3, target_speed=13.13575468)
    vehicle1.changeLane(trigger_sequence=2, target_lane=3, target_speed=13.55650512)
    vehicle3.accelerate(trigger_sequence=2, target_speed=42.64559309)
    vehicle1.accelerate(trigger_sequence=4, target_speed=57.0480229)
    vehicle3.changeLane(trigger_sequence=4, target_lane=3, target_speed=33.03473155)
    vehicle1.accelerate(trigger_sequence=5, target_speed=55.18349741)
    vehicle3.accelerate(trigger_sequence=5, target_speed=57.24363177)

2025-04-22 Tuesday 12:34:00  random_test.py : INFO  === Evaluation Finished === 
 Fitness: [31.98402679023388, -0.029411764705882353], Collision: False
2025-04-22 Tuesday 12:34:16  random_test.py : INFO  === Evaluate Testcase === 
 def testcase(self):
    vehicle1 = NPC(lane_id=4, offset=8.01866895, initial_speed=32.98421919)
    vehicle2 = NPC(lane_id=5, offset=25.55443269, initial_speed=21.27531488)
    ego = NPC(lane_id=5, offset=15.94958848, initial_speed=39.58440921)
    vehicle2.decelerate(trigger_sequence=1, target_speed=11.33388275)
    vehicle1.accelerate(trigger_sequence=3, target_speed=48.3219605)
    vehicle2.changeLane(trigger_sequence=3, target_lane=3, target_speed=29.14952594)
    vehicle1.accelerate(trigger_sequence=5, target_speed=53.35010265)
    vehicle2.decelerate(trigger_sequence=5, target_speed=5.39364886)

2025-04-22 Tuesday 12:34:16  random_test.py : INFO  === Evaluation Finished === 
 Fitness: [3.493372466656484, -0.22083333333333333], Collision: False
2025-04-22 Tuesday 12:34:31  random_test.py : INFO  === Evaluate Testcase === 
 def testcase(self):
    vehicle1 = NPC(lane_id=3, offset=15.75809503, initial_speed=14.26128321)
    ego = NPC(lane_id=1, offset=24.38702028, initial_speed=1.37179922)
    vehicle1.accelerate(trigger_sequence=1, target_speed=35.31042423)
    vehicle1.changeLane(trigger_sequence=2, target_lane=1, target_speed=40.07958138)
    vehicle1.accelerate(trigger_sequence=5, target_speed=30.46001927)

2025-04-22 Tuesday 12:34:31  random_test.py : INFO  === Evaluation Finished === 
 Fitness: [7.008529727970781, -0.6745362563237775], Collision: False
2025-04-22 Tuesday 12:34:47  random_test.py : INFO  === Evaluate Testcase === 
 def testcase(self):
    vehicle1 = NPC(lane_id=3, offset=29.96816188, initial_speed=2.04392503)
    ego = NPC(lane_id=3, offset=44.01592591, initial_speed=26.50529018)
    vehicle3 = NPC(lane_id=1, offset=26.16453088, initial_speed=7.88124571)
    vehicle1.accelerate(trigger_sequence=2, target_speed=54.53457645)
    vehicle3.changeLane(trigger_sequence=2, target_lane=3, target_speed=59.38312871)
    vehicle1.decelerate(trigger_sequence=3, target_speed=13.72830083)
    vehicle3.decelerate(trigger_sequence=4, target_speed=29.88248114)
    vehicle1.decelerate(trigger_sequence=5, target_speed=6.84733775)

2025-04-22 Tuesday 12:34:47  random_test.py : INFO  === Evaluation Finished === 
 Fitness: [4.727301935067491, -0.625886524822695], Collision: True
2025-04-22 Tuesday 12:34:47  random_test.py : INFO  === Find a coollision ===
2025-04-22 Tuesday 12:35:02  random_test.py : INFO  === Evaluate Testcase === 
 def testcase(self):
    vehicle1 = NPC(lane_id=5, offset=31.51497829, initial_speed=18.83749964)
    ego = NPC(lane_id=4, offset=20.20152735, initial_speed=19.44654926)
    vehicle3 = NPC(lane_id=1, offset=20.47727489, initial_speed=24.5027872)
    vehicle1.changeLane(trigger_sequence=1, target_lane=1, target_speed=41.80161452)
    vehicle1.changeLane(trigger_sequence=2, target_lane=3, target_speed=49.79085733)
    vehicle3.changeLane(trigger_sequence=2, target_lane=1, target_speed=19.36129317)
    vehicle1.decelerate(trigger_sequence=4, target_speed=16.89577407)
    vehicle3.decelerate(trigger_sequence=5, target_speed=7.80151101)

2025-04-22 Tuesday 12:35:02  random_test.py : INFO  === Evaluation Finished === 
 Fitness: [10.508859972016763, -0.6128472222222222], Collision: False
2025-04-22 Tuesday 12:35:18  random_test.py : INFO  === Evaluate Testcase === 
 def testcase(self):
    ego = NPC(lane_id=5, offset=48.25330776, initial_speed=15.05594886)
    vehicle2 = NPC(lane_id=5, offset=27.3865533, initial_speed=15.88633211)
    vehicle2.changeLane(trigger_sequence=2, target_lane=3, target_speed=10.99121549)
    vehicle2.changeLane(trigger_sequence=3, target_lane=3, target_speed=30.79257426)
    vehicle2.accelerate(trigger_sequence=4, target_speed=38.51558763)
    vehicle2.decelerate(trigger_sequence=5, target_speed=17.08966388)

2025-04-22 Tuesday 12:35:18  random_test.py : INFO  === Evaluation Finished === 
 Fitness: [16.69486353790452, -0.02348993288590604], Collision: False
2025-04-22 Tuesday 12:35:34  random_test.py : INFO  === Evaluate Testcase === 
 def testcase(self):
    vehicle1 = NPC(lane_id=1, offset=28.66244952, initial_speed=26.29529079)
    ego = NPC(lane_id=3, offset=48.75889283, initial_speed=3.03145476)
    vehicle3 = NPC(lane_id=2, offset=41.8750146, initial_speed=8.26362345)
    vehicle3.decelerate(trigger_sequence=3, target_speed=15.48470047)
    vehicle1.decelerate(trigger_sequence=4, target_speed=10.77884456)
    vehicle1.accelerate(trigger_sequence=5, target_speed=47.59122072)

2025-04-22 Tuesday 12:35:34  random_test.py : INFO  === Evaluation Finished === 
 Fitness: [3.4948115504044392, -0.5697478991596638], Collision: False
2025-04-22 Tuesday 12:35:49  random_test.py : INFO  === Evaluate Testcase === 
 def testcase(self):
    ego = NPC(lane_id=1, offset=11.41540896, initial_speed=0.80025918)
    vehicle2 = NPC(lane_id=1, offset=21.29653276, initial_speed=25.91915207)
    vehicle2.changeLane(trigger_sequence=1, target_lane=1, target_speed=36.55861875)
    vehicle2.accelerate(trigger_sequence=2, target_speed=35.12286996)
    vehicle2.decelerate(trigger_sequence=3, target_speed=5.50922009)

2025-04-22 Tuesday 12:35:49  random_test.py : INFO  === Evaluation Finished === 
 Fitness: [10.241075198437619, -0.654300168634064], Collision: False
2025-04-22 Tuesday 12:36:04  random_test.py : INFO  === Evaluate Testcase === 
 def testcase(self):
    ego = NPC(lane_id=1, offset=49.02782413, initial_speed=21.19188762)
    vehicle2 = NPC(lane_id=4, offset=41.05362223, initial_speed=7.00435282)
    vehicle2.accelerate(trigger_sequence=1, target_speed=45.77980352)
    vehicle2.decelerate(trigger_sequence=2, target_speed=20.91247176)
    vehicle2.decelerate(trigger_sequence=3, target_speed=19.81239842)
    vehicle2.decelerate(trigger_sequence=5, target_speed=20.663795)

2025-04-22 Tuesday 12:36:04  random_test.py : INFO  === Evaluation Finished === 
 Fitness: [12.50194588714704, -0.5714285714285714], Collision: False
2025-04-22 Tuesday 12:36:20  random_test.py : INFO  === Evaluate Testcase === 
 def testcase(self):
    ego = NPC(lane_id=1, offset=33.82314179, initial_speed=17.95203903)
    vehicle2 = NPC(lane_id=5, offset=18.88740936, initial_speed=20.48494255)
    vehicle3 = NPC(lane_id=2, offset=17.74970344, initial_speed=37.61660603)
    vehicle2.changeLane(trigger_sequence=1, target_lane=1, target_speed=2.66937901)
    vehicle3.changeLane(trigger_sequence=1, target_lane=3, target_speed=45.14798692)
    vehicle3.decelerate(trigger_sequence=2, target_speed=18.51391882)
    vehicle3.decelerate(trigger_sequence=4, target_speed=1.83730333)

2025-04-22 Tuesday 12:36:20  random_test.py : INFO  === Evaluation Finished === 
 Fitness: [3.5052302075239226, -0.01384083044982699], Collision: False
2025-04-22 Tuesday 12:36:35  random_test.py : INFO  === Evaluate Testcase === 
 def testcase(self):
    vehicle1 = NPC(lane_id=3, offset=4.82914595, initial_speed=36.07498632)
    ego = NPC(lane_id=2, offset=45.45546792, initial_speed=7.7786979)
    vehicle3 = NPC(lane_id=2, offset=18.53091192, initial_speed=38.49513897)
    vehicle3.changeLane(trigger_sequence=2, target_lane=3, target_speed=47.13433915)
    vehicle1.decelerate(trigger_sequence=3, target_speed=5.44480137)
    vehicle3.accelerate(trigger_sequence=3, target_speed=46.45352133)
    vehicle1.decelerate(trigger_sequence=4, target_speed=0.90828436)
    vehicle3.changeLane(trigger_sequence=4, target_lane=3, target_speed=28.91914404)
    vehicle1.accelerate(trigger_sequence=5, target_speed=49.28909715)
    vehicle3.decelerate(trigger_sequence=5, target_speed=2.27451327)

2025-04-22 Tuesday 12:36:35  random_test.py : INFO  === Evaluation Finished === 
 Fitness: [3.3094883773827886, -0.17166666666666666], Collision: True
2025-04-22 Tuesday 12:36:35  random_test.py : INFO  === Find a coollision ===
2025-04-22 Tuesday 12:36:51  random_test.py : INFO  === Evaluate Testcase === 
 def testcase(self):
    vehicle1 = NPC(lane_id=4, offset=42.37488226, initial_speed=13.54328847)
    ego = NPC(lane_id=3, offset=46.39349915, initial_speed=25.69610236)
    vehicle1.accelerate(trigger_sequence=2, target_speed=49.63507035)
    vehicle1.decelerate(trigger_sequence=3, target_speed=16.89800713)
    vehicle1.accelerate(trigger_sequence=4, target_speed=45.84775139)
    vehicle1.changeLane(trigger_sequence=5, target_lane=1, target_speed=2.93881738)

2025-04-22 Tuesday 12:36:51  random_test.py : INFO  === Evaluation Finished === 
 Fitness: [3.7491174091697994, -0.48849557522123893], Collision: False
2025-04-22 Tuesday 12:37:06  random_test.py : INFO  === Evaluate Testcase === 
 def testcase(self):
    vehicle1 = NPC(lane_id=1, offset=15.61759662, initial_speed=26.86862135)
    ego = NPC(lane_id=3, offset=7.95517953, initial_speed=7.65348845)
    vehicle3 = NPC(lane_id=4, offset=42.33117789, initial_speed=9.13854847)
    vehicle1.accelerate(trigger_sequence=2, target_speed=36.39890047)
    vehicle3.decelerate(trigger_sequence=5, target_speed=8.44351956)

2025-04-22 Tuesday 12:37:06  random_test.py : INFO  === Evaluation Finished === 
 Fitness: [10.935159271591832, -0.965], Collision: False
2025-04-22 Tuesday 12:37:22  random_test.py : INFO  === Evaluate Testcase === 
 def testcase(self):
    vehicle1 = NPC(lane_id=5, offset=37.43498953, initial_speed=37.21885953)
    vehicle2 = NPC(lane_id=3, offset=28.1142341, initial_speed=33.52616874)
    vehicle3 = NPC(lane_id=5, offset=11.07648774, initial_speed=31.89173641)
    ego = NPC(lane_id=1, offset=46.48147117, initial_speed=10.43645481)
    vehicle1.accelerate(trigger_sequence=1, target_speed=54.26122265)
    vehicle3.accelerate(trigger_sequence=1, target_speed=58.29358972)
    vehicle1.decelerate(trigger_sequence=2, target_speed=8.8489611)
    vehicle2.decelerate(trigger_sequence=2, target_speed=6.2939252)
    vehicle3.decelerate(trigger_sequence=2, target_speed=29.57614231)
    vehicle1.accelerate(trigger_sequence=3, target_speed=39.61658459)
    vehicle3.decelerate(trigger_sequence=3, target_speed=2.13394198)
    vehicle2.accelerate(trigger_sequence=5, target_speed=48.20083279)

2025-04-22 Tuesday 12:37:22  random_test.py : INFO  === Evaluation Finished === 
 Fitness: [7.004176413147235, -0.03333333333333333], Collision: False
2025-04-22 Tuesday 12:37:38  random_test.py : INFO  === Evaluate Testcase === 
 def testcase(self):
    vehicle1 = NPC(lane_id=3, offset=25.46350385, initial_speed=0.43840441)
    vehicle2 = NPC(lane_id=5, offset=35.69573876, initial_speed=32.51207106)
    ego = NPC(lane_id=5, offset=9.48105582, initial_speed=23.455853)
    vehicle1.decelerate(trigger_sequence=2, target_speed=24.12877555)
    vehicle2.decelerate(trigger_sequence=2, target_speed=25.77691104)
    vehicle1.changeLane(trigger_sequence=3, target_lane=1, target_speed=30.16644266)
    vehicle2.changeLane(trigger_sequence=3, target_lane=1, target_speed=54.5136492)
    vehicle2.changeLane(trigger_sequence=4, target_lane=1, target_speed=43.82935912)
    vehicle1.accelerate(trigger_sequence=5, target_speed=41.82366617)

2025-04-22 Tuesday 12:37:38  random_test.py : INFO  === Evaluation Finished === 
 Fitness: [6.999994327781719, -0.5404929577464789], Collision: False
2025-04-22 Tuesday 12:37:53  random_test.py : INFO  === Evaluate Testcase === 
 def testcase(self):
    vehicle1 = NPC(lane_id=5, offset=2.55253208, initial_speed=2.26803755)
    ego = NPC(lane_id=4, offset=33.94451484, initial_speed=8.81275365)
    vehicle1.accelerate(trigger_sequence=2, target_speed=56.59490928)
    vehicle1.accelerate(trigger_sequence=3, target_speed=51.25451517)
    vehicle1.changeLane(trigger_sequence=5, target_lane=3, target_speed=3.02158437)

2025-04-22 Tuesday 12:37:53  random_test.py : INFO  === Evaluation Finished === 
 Fitness: [3.4997610756735753, -0.03666666666666667], Collision: False
2025-04-22 Tuesday 12:38:09  random_test.py : INFO  === Evaluate Testcase === 
 def testcase(self):
    vehicle1 = NPC(lane_id=2, offset=16.12146854, initial_speed=26.57022828)
    vehicle2 = NPC(lane_id=2, offset=8.06942617, initial_speed=19.17827628)
    ego = NPC(lane_id=3, offset=34.25861992, initial_speed=4.03771933)
    vehicle2.changeLane(trigger_sequence=4, target_lane=3, target_speed=7.43900742)
    vehicle1.decelerate(trigger_sequence=5, target_speed=7.17058808)

2025-04-22 Tuesday 12:38:09  random_test.py : INFO  === Evaluation Finished === 
 Fitness: [3.496095080781662, -0.5008403361344538], Collision: False
2025-04-22 Tuesday 12:38:14  random_test.py : INFO  === Evaluate Testcase === 
 def testcase(self):
    vehicle1 = NPC(lane_id=2, offset=47.13183907, initial_speed=37.67454559)
    vehicle2 = NPC(lane_id=2, offset=49.98086182, initial_speed=16.12849582)
    ego = NPC(lane_id=4, offset=32.25807303, initial_speed=25.26107934)
    vehicle1.decelerate(trigger_sequence=1, target_speed=22.79552449)
    vehicle2.decelerate(trigger_sequence=1, target_speed=3.81026151)
    vehicle1.changeLane(trigger_sequence=2, target_lane=1, target_speed=9.60277263)
    vehicle2.decelerate(trigger_sequence=2, target_speed=10.88586721)
    vehicle1.accelerate(trigger_sequence=3, target_speed=51.61508212)
    vehicle2.changeLane(trigger_sequence=3, target_lane=3, target_speed=57.59334608)
    vehicle2.decelerate(trigger_sequence=5, target_speed=13.79118634)

2025-04-22 Tuesday 12:38:14  random_test.py : INFO  === Evaluation Finished === 
 Fitness: [inf, 0], Collision: False
2025-04-22 Tuesday 12:38:18  random_test.py : INFO  === Evaluate Testcase === 
 def testcase(self):
    ego = NPC(lane_id=3, offset=36.87998002, initial_speed=6.62167275)
    vehicle2 = NPC(lane_id=3, offset=35.34033474, initial_speed=31.31056844)
    vehicle2.accelerate(trigger_sequence=1, target_speed=35.46641557)
    vehicle2.changeLane(trigger_sequence=2, target_lane=3, target_speed=24.16074572)
    vehicle2.changeLane(trigger_sequence=3, target_lane=1, target_speed=16.08915171)

2025-04-22 Tuesday 12:38:18  random_test.py : INFO  === Evaluation Finished === 
 Fitness: [inf, 0], Collision: False
2025-04-22 Tuesday 12:38:34  random_test.py : INFO  === Evaluate Testcase === 
 def testcase(self):
    vehicle1 = NPC(lane_id=4, offset=4.95788013, initial_speed=3.61492366)
    ego = NPC(lane_id=2, offset=39.51042976, initial_speed=29.71350255)
    vehicle3 = NPC(lane_id=2, offset=10.42379411, initial_speed=5.81373776)
    vehicle1.decelerate(trigger_sequence=2, target_speed=10.88179444)
    vehicle1.decelerate(trigger_sequence=3, target_speed=11.83328656)
    vehicle3.decelerate(trigger_sequence=3, target_speed=26.00861029)
    vehicle1.accelerate(trigger_sequence=4, target_speed=47.22200093)

2025-04-22 Tuesday 12:38:34  random_test.py : INFO  === Evaluation Finished === 
 Fitness: [28.10980063018818, -0.3982142857142857], Collision: False
2025-04-22 Tuesday 12:38:50  random_test.py : INFO  === Evaluate Testcase === 
 def testcase(self):
    vehicle1 = NPC(lane_id=1, offset=31.03024013, initial_speed=31.65484963)
    vehicle2 = NPC(lane_id=2, offset=44.52998456, initial_speed=36.01205704)
    ego = NPC(lane_id=4, offset=42.1267506, initial_speed=15.49266773)
    vehicle1.accelerate(trigger_sequence=1, target_speed=47.38615065)
    vehicle2.changeLane(trigger_sequence=1, target_lane=3, target_speed=17.29144257)
    vehicle2.decelerate(trigger_sequence=2, target_speed=20.41385371)
    vehicle1.accelerate(trigger_sequence=3, target_speed=50.41097316)
    vehicle2.changeLane(trigger_sequence=4, target_lane=1, target_speed=53.05527606)
    vehicle1.decelerate(trigger_sequence=5, target_speed=11.5360898)

2025-04-22 Tuesday 12:38:50  random_test.py : INFO  === Evaluation Finished === 
 Fitness: [7.569724663813234, -0.020100502512562814], Collision: False
2025-04-22 Tuesday 12:39:05  random_test.py : INFO  === Evaluate Testcase === 
 def testcase(self):
    ego = NPC(lane_id=2, offset=8.71654186, initial_speed=39.2668961)
    vehicle2 = NPC(lane_id=2, offset=2.28729955, initial_speed=9.83261204)
    vehicle2.changeLane(trigger_sequence=4, target_lane=1, target_speed=12.49979384)

2025-04-22 Tuesday 12:39:05  random_test.py : INFO  === Evaluation Finished === 
 Fitness: [4.761821908558028, -0.23132969034608378], Collision: True
2025-04-22 Tuesday 12:39:05  random_test.py : INFO  === Find a coollision ===
2025-04-22 Tuesday 12:39:21  random_test.py : INFO  === Evaluate Testcase === 
 def testcase(self):
    vehicle1 = NPC(lane_id=5, offset=29.52258521, initial_speed=18.36477785)
    ego = NPC(lane_id=1, offset=21.93667304, initial_speed=0.92273793)
    vehicle1.decelerate(trigger_sequence=1, target_speed=12.59237054)
    vehicle1.changeLane(trigger_sequence=4, target_lane=3, target_speed=8.24213691)
    vehicle1.decelerate(trigger_sequence=5, target_speed=15.98901759)

2025-04-22 Tuesday 12:39:21  random_test.py : INFO  === Evaluation Finished === 
 Fitness: [16.05424925793062, -0.6728499156829679], Collision: False
2025-04-22 Tuesday 12:39:36  random_test.py : INFO  === Evaluate Testcase === 
 def testcase(self):
    vehicle1 = NPC(lane_id=2, offset=42.78174253, initial_speed=0.52586107)
    ego = NPC(lane_id=2, offset=8.77252913, initial_speed=8.92384434)
    vehicle3 = NPC(lane_id=3, offset=31.3534897, initial_speed=4.04998287)
    vehicle4 = NPC(lane_id=3, offset=42.26030668, initial_speed=19.64109011)
    vehicle1.decelerate(trigger_sequence=1, target_speed=22.28905296)
    vehicle3.decelerate(trigger_sequence=1, target_speed=21.25901554)
    vehicle4.decelerate(trigger_sequence=1, target_speed=5.94622223)
    vehicle1.changeLane(trigger_sequence=3, target_lane=1, target_speed=27.54697856)
    vehicle4.changeLane(trigger_sequence=3, target_lane=3, target_speed=14.78425769)
    vehicle1.accelerate(trigger_sequence=4, target_speed=59.17026276)

2025-04-22 Tuesday 12:39:36  random_test.py : INFO  === Evaluation Finished === 
 Fitness: [14.130401420191626, -0.021666666666666667], Collision: False
2025-04-22 Tuesday 12:39:52  random_test.py : INFO  === Evaluate Testcase === 
 def testcase(self):
    vehicle1 = NPC(lane_id=4, offset=47.81596417, initial_speed=31.5176866)
    vehicle2 = NPC(lane_id=4, offset=31.47191938, initial_speed=25.29166559)
    ego = NPC(lane_id=5, offset=27.0915559, initial_speed=2.02494846)
    vehicle4 = NPC(lane_id=2, offset=10.07568349, initial_speed=36.24321267)
    vehicle2.accelerate(trigger_sequence=1, target_speed=43.00149098)
    vehicle1.accelerate(trigger_sequence=2, target_speed=39.43748329)
    vehicle2.decelerate(trigger_sequence=2, target_speed=20.18052981)
    vehicle4.changeLane(trigger_sequence=2, target_lane=3, target_speed=53.6171996)
    vehicle2.changeLane(trigger_sequence=3, target_lane=3, target_speed=50.27958715)
    vehicle4.decelerate(trigger_sequence=3, target_speed=3.59333127)
    vehicle1.decelerate(trigger_sequence=4, target_speed=27.36861646)
    vehicle1.accelerate(trigger_sequence=5, target_speed=35.21860736)
    vehicle2.decelerate(trigger_sequence=5, target_speed=14.06288464)
    vehicle4.decelerate(trigger_sequence=5, target_speed=9.15718568)

2025-04-22 Tuesday 12:39:52  random_test.py : INFO  === Evaluation Finished === 
 Fitness: [6.166145310202658, -0.6308724832214765], Collision: False
2025-04-22 Tuesday 12:40:08  random_test.py : INFO  === Evaluate Testcase === 
 def testcase(self):
    ego = NPC(lane_id=2, offset=24.72996821, initial_speed=17.82546657)
    vehicle2 = NPC(lane_id=2, offset=33.89914533, initial_speed=19.30547687)
    vehicle2.decelerate(trigger_sequence=2, target_speed=15.65219107)
    vehicle2.accelerate(trigger_sequence=3, target_speed=31.36786016)
    vehicle2.accelerate(trigger_sequence=5, target_speed=51.91956427)

2025-04-22 Tuesday 12:40:08  random_test.py : INFO  === Evaluation Finished === 
 Fitness: [9.437280643109492, -0.027923211169284468], Collision: False
2025-04-22 Tuesday 12:40:23  random_test.py : INFO  === Evaluate Testcase === 
 def testcase(self):
    vehicle1 = NPC(lane_id=5, offset=38.94010748, initial_speed=16.7275922)
    ego = NPC(lane_id=4, offset=29.7592148, initial_speed=17.97784291)
    vehicle1.changeLane(trigger_sequence=2, target_lane=3, target_speed=48.30877688)
    vehicle1.accelerate(trigger_sequence=5, target_speed=52.07831642)

2025-04-22 Tuesday 12:40:23  random_test.py : INFO  === Evaluation Finished === 
 Fitness: [8.833926174345091, -0.02422145328719723], Collision: False
2025-04-22 Tuesday 12:40:40  random_test.py : INFO  === Evaluate Testcase === 
 def testcase(self):
    vehicle1 = NPC(lane_id=5, offset=37.83731749, initial_speed=27.52192786)
    vehicle2 = NPC(lane_id=4, offset=12.55383059, initial_speed=38.07799326)
    vehicle3 = NPC(lane_id=3, offset=21.65679597, initial_speed=24.86728983)
    ego = NPC(lane_id=2, offset=1.03417936, initial_speed=4.50531405)
    vehicle2.accelerate(trigger_sequence=1, target_speed=45.65112079)
    vehicle2.decelerate(trigger_sequence=2, target_speed=20.15151687)
    vehicle3.changeLane(trigger_sequence=2, target_lane=1, target_speed=33.99622815)
    vehicle1.changeLane(trigger_sequence=3, target_lane=3, target_speed=2.3933008)
    vehicle1.decelerate(trigger_sequence=4, target_speed=4.11469318)
    vehicle2.changeLane(trigger_sequence=4, target_lane=1, target_speed=54.80307664)
    vehicle3.changeLane(trigger_sequence=4, target_lane=3, target_speed=47.34462457)
    vehicle2.decelerate(trigger_sequence=5, target_speed=25.15423254)
    vehicle3.decelerate(trigger_sequence=5, target_speed=29.42290691)

2025-04-22 Tuesday 12:40:40  random_test.py : INFO  === Evaluation Finished === 
 Fitness: [14.398513631585772, -0.5167785234899329], Collision: False
2025-04-22 Tuesday 12:40:44  random_test.py : INFO  === Evaluate Testcase === 
 def testcase(self):
    ego = NPC(lane_id=3, offset=29.48828384, initial_speed=12.55472032)
    vehicle2 = NPC(lane_id=5, offset=49.11403851, initial_speed=8.6403606)
    vehicle3 = NPC(lane_id=3, offset=29.52446913, initial_speed=20.39105426)
    vehicle4 = NPC(lane_id=1, offset=47.35659376, initial_speed=34.56609632)
    vehicle3.changeLane(trigger_sequence=1, target_lane=1, target_speed=46.16072779)
    vehicle4.changeLane(trigger_sequence=1, target_lane=1, target_speed=50.33083764)
    vehicle4.accelerate(trigger_sequence=2, target_speed=40.38508679)
    vehicle4.decelerate(trigger_sequence=3, target_speed=12.50223382)
    vehicle2.changeLane(trigger_sequence=4, target_lane=1, target_speed=18.29771897)
    vehicle3.changeLane(trigger_sequence=4, target_lane=3, target_speed=31.99842312)
    vehicle2.decelerate(trigger_sequence=5, target_speed=6.76725049)

2025-04-22 Tuesday 12:40:44  random_test.py : INFO  === Evaluation Finished === 
 Fitness: [inf, 0], Collision: False
2025-04-22 Tuesday 12:41:00  random_test.py : INFO  === Evaluate Testcase === 
 def testcase(self):
    vehicle1 = NPC(lane_id=2, offset=47.27238241, initial_speed=27.36562926)
    ego = NPC(lane_id=2, offset=31.72434817, initial_speed=36.6145771)
    vehicle1.changeLane(trigger_sequence=3, target_lane=3, target_speed=45.25863907)
    vehicle1.decelerate(trigger_sequence=4, target_speed=11.40392918)
    vehicle1.decelerate(trigger_sequence=5, target_speed=19.2035212)

2025-04-22 Tuesday 12:41:00  random_test.py : INFO  === Evaluation Finished === 
 Fitness: [14.176377348734063, -0.37454545454545457], Collision: False
2025-04-22 Tuesday 12:41:15  random_test.py : INFO  === Evaluate Testcase === 
 def testcase(self):
    vehicle1 = NPC(lane_id=2, offset=22.6254044, initial_speed=12.51020048)
    ego = NPC(lane_id=5, offset=27.14917344, initial_speed=18.10387057)
    vehicle1.changeLane(trigger_sequence=1, target_lane=3, target_speed=14.01879564)
    vehicle1.accelerate(trigger_sequence=3, target_speed=30.51031249)
    vehicle1.decelerate(trigger_sequence=4, target_speed=16.07009517)
    vehicle1.accelerate(trigger_sequence=5, target_speed=54.64860348)

2025-04-22 Tuesday 12:41:15  random_test.py : INFO  === Evaluation Finished === 
 Fitness: [10.70088063872832, -0.010380622837370242], Collision: False
2025-04-22 Tuesday 12:41:20  random_test.py : INFO  === Evaluate Testcase === 
 def testcase(self):
    vehicle1 = NPC(lane_id=1, offset=6.50747566, initial_speed=31.55019049)
    ego = NPC(lane_id=4, offset=30.65454417, initial_speed=36.74343244)
    vehicle3 = NPC(lane_id=3, offset=6.89084754, initial_speed=7.24881329)
    vehicle4 = NPC(lane_id=4, offset=30.87575344, initial_speed=26.36677682)
    vehicle3.accelerate(trigger_sequence=1, target_speed=47.2173515)
    vehicle1.accelerate(trigger_sequence=2, target_speed=39.64269801)
    vehicle4.decelerate(trigger_sequence=2, target_speed=17.43394487)
    vehicle1.decelerate(trigger_sequence=3, target_speed=18.62746372)
    vehicle3.changeLane(trigger_sequence=3, target_lane=1, target_speed=57.82552198)
    vehicle3.decelerate(trigger_sequence=4, target_speed=19.39083113)
    vehicle1.accelerate(trigger_sequence=5, target_speed=53.40078019)
    vehicle4.accelerate(trigger_sequence=5, target_speed=31.11604107)

2025-04-22 Tuesday 12:41:20  random_test.py : INFO  === Evaluation Finished === 
 Fitness: [inf, 0], Collision: False
2025-04-22 Tuesday 12:41:25  random_test.py : INFO  === Evaluate Testcase === 
 def testcase(self):
    vehicle1 = NPC(lane_id=4, offset=1.85401421, initial_speed=37.82977403)
    ego = NPC(lane_id=4, offset=45.53581833, initial_speed=25.7052145)
    vehicle3 = NPC(lane_id=4, offset=44.75661138, initial_speed=11.98203981)
    vehicle3.changeLane(trigger_sequence=2, target_lane=1, target_speed=28.19446902)
    vehicle1.decelerate(trigger_sequence=3, target_speed=27.67804437)
    vehicle3.changeLane(trigger_sequence=3, target_lane=1, target_speed=21.15958767)
    vehicle1.changeLane(trigger_sequence=5, target_lane=3, target_speed=46.14082419)
    vehicle3.accelerate(trigger_sequence=5, target_speed=38.33595008)

2025-04-22 Tuesday 12:41:25  random_test.py : INFO  === Evaluation Finished === 
 Fitness: [inf, 0], Collision: False
2025-04-22 Tuesday 12:41:41  random_test.py : INFO  === Evaluate Testcase === 
 def testcase(self):
    vehicle1 = NPC(lane_id=2, offset=25.38452957, initial_speed=10.22887903)
    ego = NPC(lane_id=2, offset=12.8068579, initial_speed=21.6030713)
    vehicle3 = NPC(lane_id=4, offset=48.16133603, initial_speed=32.71951171)
    vehicle1.changeLane(trigger_sequence=3, target_lane=3, target_speed=12.25498031)
    vehicle1.decelerate(trigger_sequence=5, target_speed=23.96052513)
    vehicle3.decelerate(trigger_sequence=5, target_speed=1.1647151)

2025-04-22 Tuesday 12:41:41  random_test.py : INFO  === Evaluation Finished === 
 Fitness: [3.500440454069833, -0.36363636363636365], Collision: False
2025-04-22 Tuesday 12:41:56  random_test.py : INFO  === Evaluate Testcase === 
 def testcase(self):
    ego = NPC(lane_id=5, offset=18.81897428, initial_speed=8.23127792)
    vehicle2 = NPC(lane_id=1, offset=15.18958849, initial_speed=16.6417761)
    vehicle2.accelerate(trigger_sequence=1, target_speed=54.60421967)

2025-04-22 Tuesday 12:41:56  random_test.py : INFO  === Evaluation Finished === 
 Fitness: [13.991112463407468, -0.04], Collision: False
2025-04-22 Tuesday 12:42:12  random_test.py : INFO  === Evaluate Testcase === 
 def testcase(self):
    vehicle1 = NPC(lane_id=2, offset=8.61657057, initial_speed=18.62916445)
    ego = NPC(lane_id=1, offset=43.94235083, initial_speed=14.21827511)

2025-04-22 Tuesday 12:42:12  random_test.py : INFO  === Evaluation Finished === 
 Fitness: [7.841620582520539, -0.023450586264656615], Collision: False
2025-04-22 Tuesday 12:42:27  random_test.py : INFO  === Evaluate Testcase === 
 def testcase(self):
    vehicle1 = NPC(lane_id=5, offset=10.08979004, initial_speed=6.3525122)
    vehicle2 = NPC(lane_id=4, offset=11.98202863, initial_speed=8.95027336)
    ego = NPC(lane_id=1, offset=7.60879141, initial_speed=26.27444082)
    vehicle1.accelerate(trigger_sequence=2, target_speed=44.21684905)
    vehicle2.decelerate(trigger_sequence=3, target_speed=4.93310294)
    vehicle2.accelerate(trigger_sequence=4, target_speed=56.26748285)

2025-04-22 Tuesday 12:42:27  random_test.py : INFO  === Evaluation Finished === 
 Fitness: [10.501716474578965, -0.5141843971631206], Collision: False
2025-04-22 Tuesday 12:42:43  random_test.py : INFO  === Evaluate Testcase === 
 def testcase(self):
    vehicle1 = NPC(lane_id=4, offset=9.71046521, initial_speed=8.32585086)
    vehicle2 = NPC(lane_id=3, offset=8.61000323, initial_speed=31.92121644)
    ego = NPC(lane_id=5, offset=15.24976566, initial_speed=32.31951527)
    vehicle4 = NPC(lane_id=4, offset=47.509406, initial_speed=22.06274944)
    vehicle1.changeLane(trigger_sequence=2, target_lane=1, target_speed=20.1172721)
    vehicle2.accelerate(trigger_sequence=2, target_speed=57.01232051)
    vehicle1.changeLane(trigger_sequence=3, target_lane=1, target_speed=5.95352247)
    vehicle4.changeLane(trigger_sequence=3, target_lane=3, target_speed=4.2900516)
    vehicle1.decelerate(trigger_sequence=4, target_speed=22.52928566)
    vehicle4.decelerate(trigger_sequence=5, target_speed=6.53432635)

2025-04-22 Tuesday 12:42:43  random_test.py : INFO  === Evaluation Finished === 
 Fitness: [3.500781654907191, -0.3776978417266187], Collision: False
2025-04-22 Tuesday 12:42:58  random_test.py : INFO  === Evaluate Testcase === 
 def testcase(self):
    ego = NPC(lane_id=1, offset=48.50241375, initial_speed=20.39919505)
    vehicle2 = NPC(lane_id=2, offset=29.25800803, initial_speed=30.58473905)
    vehicle3 = NPC(lane_id=3, offset=29.42752182, initial_speed=27.95658627)
    vehicle2.accelerate(trigger_sequence=1, target_speed=54.2351924)
    vehicle3.decelerate(trigger_sequence=1, target_speed=9.67121179)
    vehicle2.decelerate(trigger_sequence=2, target_speed=8.37847978)
    vehicle2.accelerate(trigger_sequence=3, target_speed=46.69174708)
    vehicle2.changeLane(trigger_sequence=4, target_lane=1, target_speed=23.89453756)

2025-04-22 Tuesday 12:42:58  random_test.py : INFO  === Evaluation Finished === 
 Fitness: [3.5011011466683, -0.6121739130434782], Collision: False
2025-04-22 Tuesday 12:43:14  random_test.py : INFO  === Evaluate Testcase === 
 def testcase(self):
    vehicle1 = NPC(lane_id=1, offset=16.82773485, initial_speed=37.74485234)
    vehicle2 = NPC(lane_id=2, offset=44.44523381, initial_speed=18.55159409)
    ego = NPC(lane_id=4, offset=7.45937181, initial_speed=23.17766272)
    vehicle4 = NPC(lane_id=2, offset=30.23487522, initial_speed=33.75756817)
    vehicle1.changeLane(trigger_sequence=2, target_lane=1, target_speed=26.70545737)
    vehicle2.accelerate(trigger_sequence=2, target_speed=51.71163404)
    vehicle4.decelerate(trigger_sequence=2, target_speed=27.44709719)
    vehicle1.accelerate(trigger_sequence=3, target_speed=43.79219346)
    vehicle4.decelerate(trigger_sequence=3, target_speed=5.08560731)
    vehicle4.accelerate(trigger_sequence=4, target_speed=36.60035422)
    vehicle1.changeLane(trigger_sequence=5, target_lane=1, target_speed=37.20539092)
    vehicle2.decelerate(trigger_sequence=5, target_speed=25.85385601)

2025-04-22 Tuesday 12:43:14  random_test.py : INFO  === Evaluation Finished === 
 Fitness: [15.157821778471758, -0.5483304042179262], Collision: False
2025-04-22 Tuesday 12:43:30  random_test.py : INFO  === Evaluate Testcase === 
 def testcase(self):
    vehicle1 = NPC(lane_id=1, offset=12.18413441, initial_speed=16.13796737)
    vehicle2 = NPC(lane_id=4, offset=40.3414063, initial_speed=37.92083275)
    ego = NPC(lane_id=1, offset=17.45279494, initial_speed=7.60243697)
    vehicle2.changeLane(trigger_sequence=1, target_lane=1, target_speed=33.55585527)
    vehicle2.accelerate(trigger_sequence=2, target_speed=49.71206717)
    vehicle1.changeLane(trigger_sequence=3, target_lane=1, target_speed=56.26072901)
    vehicle1.accelerate(trigger_sequence=4, target_speed=44.26806637)
    vehicle1.accelerate(trigger_sequence=5, target_speed=41.99475595)
    vehicle2.decelerate(trigger_sequence=5, target_speed=0.16265377)

2025-04-22 Tuesday 12:43:30  random_test.py : INFO  === Evaluation Finished === 
 Fitness: [4.747290990012028, -0.055], Collision: True
2025-04-22 Tuesday 12:43:30  random_test.py : INFO  === Find a coollision ===
2025-04-22 Tuesday 12:43:46  random_test.py : INFO  === Evaluate Testcase === 
 def testcase(self):
    vehicle1 = NPC(lane_id=4, offset=36.82935689, initial_speed=29.21981172)
    ego = NPC(lane_id=4, offset=19.44014716, initial_speed=37.99890824)
    vehicle1.changeLane(trigger_sequence=2, target_lane=3, target_speed=33.80661593)
    vehicle1.accelerate(trigger_sequence=3, target_speed=40.28752909)

2025-04-22 Tuesday 12:43:46  random_test.py : INFO  === Evaluation Finished === 
 Fitness: [12.49329843679388, -0.2987249544626594], Collision: False
2025-04-22 Tuesday 12:43:51  random_test.py : INFO  === Evaluate Testcase === 
 def testcase(self):
    vehicle1 = NPC(lane_id=2, offset=23.52917382, initial_speed=2.25054299)
    vehicle2 = NPC(lane_id=4, offset=7.26479138, initial_speed=27.47516266)
    vehicle3 = NPC(lane_id=5, offset=32.80090245, initial_speed=18.44323995)
    ego = NPC(lane_id=4, offset=6.05612603, initial_speed=10.4251644)
    vehicle1.decelerate(trigger_sequence=1, target_speed=3.05085397)
    vehicle2.decelerate(trigger_sequence=2, target_speed=14.30978165)
    vehicle3.decelerate(trigger_sequence=2, target_speed=21.66108693)
    vehicle1.decelerate(trigger_sequence=3, target_speed=7.7618549)
    vehicle3.decelerate(trigger_sequence=3, target_speed=19.07505165)
    vehicle1.changeLane(trigger_sequence=4, target_lane=3, target_speed=19.34284828)
    vehicle3.decelerate(trigger_sequence=4, target_speed=5.22107323)
    vehicle3.accelerate(trigger_sequence=5, target_speed=48.11712361)

2025-04-22 Tuesday 12:43:51  random_test.py : INFO  === Evaluation Finished === 
 Fitness: [inf, 0], Collision: False
2025-04-22 Tuesday 12:44:06  random_test.py : INFO  === Evaluate Testcase === 
 def testcase(self):
    ego = NPC(lane_id=4, offset=3.13718455, initial_speed=39.95227068)
    vehicle2 = NPC(lane_id=4, offset=42.97083938, initial_speed=2.41779698)
    vehicle2.accelerate(trigger_sequence=2, target_speed=40.87748548)
    vehicle2.accelerate(trigger_sequence=4, target_speed=51.18448159)

2025-04-22 Tuesday 12:44:06  random_test.py : INFO  === Evaluation Finished === 
 Fitness: [7.884766454312142, -0.3626373626373626], Collision: False
2025-04-22 Tuesday 12:44:21  random_test.py : INFO  === Evaluate Testcase === 
 def testcase(self):
    ego = NPC(lane_id=5, offset=38.02821123, initial_speed=26.61131594)
    vehicle2 = NPC(lane_id=1, offset=25.34710854, initial_speed=11.03625825)
    vehicle2.decelerate(trigger_sequence=4, target_speed=2.91711847)

2025-04-22 Tuesday 12:44:21  random_test.py : INFO  === Evaluation Finished === 
 Fitness: [17.56809663352306, -0.4734042553191489], Collision: False
2025-04-22 Tuesday 12:44:37  random_test.py : INFO  === Evaluate Testcase === 
 def testcase(self):
    vehicle1 = NPC(lane_id=5, offset=7.21896905, initial_speed=15.71317145)
    vehicle2 = NPC(lane_id=2, offset=0.88305663, initial_speed=26.47147877)
    ego = NPC(lane_id=1, offset=12.43653533, initial_speed=10.67906697)
    vehicle1.accelerate(trigger_sequence=1, target_speed=37.74771093)
    vehicle1.decelerate(trigger_sequence=2, target_speed=27.74723504)
    vehicle1.changeLane(trigger_sequence=3, target_lane=1, target_speed=48.31721467)
    vehicle2.accelerate(trigger_sequence=3, target_speed=58.76796479)
    vehicle2.accelerate(trigger_sequence=4, target_speed=34.95854162)
    vehicle2.changeLane(trigger_sequence=5, target_lane=1, target_speed=36.04215054)

2025-04-22 Tuesday 12:44:37  random_test.py : INFO  === Evaluation Finished === 
 Fitness: [3.505018619907275, -0.03], Collision: False
2025-04-22 Tuesday 12:44:53  random_test.py : INFO  === Evaluate Testcase === 
 def testcase(self):
    vehicle1 = NPC(lane_id=4, offset=8.61679632, initial_speed=33.22460929)
    ego = NPC(lane_id=4, offset=32.65752074, initial_speed=22.86282107)
    vehicle3 = NPC(lane_id=2, offset=15.04297867, initial_speed=27.8233878)
    vehicle1.accelerate(trigger_sequence=1, target_speed=58.64408468)
    vehicle3.decelerate(trigger_sequence=2, target_speed=24.21318935)
    vehicle1.decelerate(trigger_sequence=3, target_speed=17.478113)
    vehicle3.accelerate(trigger_sequence=3, target_speed=39.85100184)
    vehicle1.decelerate(trigger_sequence=5, target_speed=22.40287257)
    vehicle3.accelerate(trigger_sequence=5, target_speed=44.47759232)

2025-04-22 Tuesday 12:44:53  random_test.py : INFO  === Evaluation Finished === 
 Fitness: [4.750940917146974, -0.3233743409490334], Collision: True
2025-04-22 Tuesday 12:44:53  random_test.py : INFO  === Find a coollision ===
2025-04-22 Tuesday 12:45:09  random_test.py : INFO  === Evaluate Testcase === 
 def testcase(self):
    vehicle1 = NPC(lane_id=3, offset=1.44822389, initial_speed=38.64160009)
    ego = NPC(lane_id=5, offset=20.05778554, initial_speed=36.56491134)
    vehicle3 = NPC(lane_id=2, offset=32.08757998, initial_speed=20.99477237)
    vehicle1.accelerate(trigger_sequence=1, target_speed=54.71209857)
    vehicle3.decelerate(trigger_sequence=1, target_speed=28.93434443)
    vehicle3.accelerate(trigger_sequence=2, target_speed=57.16170073)
    vehicle1.decelerate(trigger_sequence=5, target_speed=16.76193016)

2025-04-22 Tuesday 12:45:09  random_test.py : INFO  === Evaluation Finished === 
 Fitness: [6.999628803114154, -0.294010889292196], Collision: False
2025-04-22 Tuesday 12:45:25  random_test.py : INFO  === Evaluate Testcase === 
 def testcase(self):
    vehicle1 = NPC(lane_id=4, offset=47.60746089, initial_speed=37.16225253)
    vehicle2 = NPC(lane_id=5, offset=10.06600134, initial_speed=3.43809484)
    vehicle3 = NPC(lane_id=2, offset=24.61599089, initial_speed=22.3621535)
    ego = NPC(lane_id=2, offset=19.45733521, initial_speed=26.98929387)
    vehicle1.decelerate(trigger_sequence=1, target_speed=25.47556426)
    vehicle2.decelerate(trigger_sequence=1, target_speed=0.93308954)
    vehicle3.changeLane(trigger_sequence=1, target_lane=1, target_speed=1.09530839)
    vehicle1.accelerate(trigger_sequence=2, target_speed=53.36170331)
    vehicle2.changeLane(trigger_sequence=2, target_lane=1, target_speed=26.19857811)
    vehicle1.changeLane(trigger_sequence=3, target_lane=1, target_speed=56.4574534)
    vehicle3.decelerate(trigger_sequence=3, target_speed=24.27356527)
    vehicle1.decelerate(trigger_sequence=4, target_speed=8.53937061)
    vehicle3.accelerate(trigger_sequence=4, target_speed=41.41866231)
    vehicle2.changeLane(trigger_sequence=5, target_lane=1, target_speed=49.26452276)
    vehicle3.changeLane(trigger_sequence=5, target_lane=3, target_speed=22.30762961)

2025-04-22 Tuesday 12:45:25  random_test.py : INFO  === Evaluation Finished === 
 Fitness: [1.1168753241574954, -0.38362068965517243], Collision: True
2025-04-22 Tuesday 12:45:25  random_test.py : INFO  === Find a collision ===
2025-04-22 Tuesday 12:45:41  random_test.py : INFO  === Evaluate Testcase === 
 def testcase(self):
    vehicle1 = NPC(lane_id=3, offset=2.00059374, initial_speed=12.93909905)
    ego = NPC(lane_id=1, offset=19.88504341, initial_speed=14.42240663)
    vehicle1.decelerate(trigger_sequence=1, target_speed=14.96637969)
    vehicle1.decelerate(trigger_sequence=2, target_speed=20.06838489)
    vehicle1.accelerate(trigger_sequence=3, target_speed=45.83595429)
    vehicle1.decelerate(trigger_sequence=4, target_speed=14.427478)

2025-04-22 Tuesday 12:45:41  random_test.py : INFO  === Evaluation Finished === 
 Fitness: [7.000716829324135, -0.023450586264656615], Collision: False
