behavior agent random 第二次
2025-07-15 Tuesday 12:29:00  random_test.py : INFO  === Evaluate Testcase ===
 def testcase(self):
    ego = NPC(lane_id=2, offset=5.38995591, initial_speed=10.71006805)
    vehicle2 = NPC(lane_id=1, offset=9.64702755, initial_speed=13.43080175)
    vehicle3 = NPC(lane_id=2, offset=17.13552028, initial_speed=21.56471889)
    vehicle4 = NPC(lane_id=2, offset=16.85106826, initial_speed=6.49508755)
    vehicle3.changeLane(trigger_sequence=1, target_lane=1, target_speed=23.66927692)
    vehicle4.decelerate(trigger_sequence=1, target_speed=4.53168476)
    vehicle2.decelerate(trigger_sequence=2, target_speed=3.6868593)
    vehicle4.accelerate(trigger_sequence=2, target_speed=49.42228394)
    vehicle2.accelerate(trigger_sequence=4, target_speed=40.76308967)
    vehicle3.decelerate(trigger_sequence=4, target_speed=23.97205293)
    vehicle2.changeLane(trigger_sequence=5, target_lane=3, target_speed=51.49766555)
    vehicle4.changeLane(trigger_sequence=5, target_lane=3, target_speed=40.41742828)

2025-07-15 Tuesday 12:29:00  random_test.py : INFO  === Evaluation Finished === 
 Fitness: [inf, 0], Collision: False
2025-07-15 Tuesday 12:29:06  random_test.py : INFO  === Evaluate Testcase === 
 def testcase(self):
    vehicle1 = NPC(lane_id=2, offset=8.2871513, initial_speed=20.77392139)
    ego = NPC(lane_id=5, offset=18.16082473, initial_speed=27.2165635)
    vehicle3 = NPC(lane_id=4, offset=26.60550218, initial_speed=9.85902562)
    vehicle1.changeLane(trigger_sequence=1, target_lane=3, target_speed=16.5031659)
    vehicle3.decelerate(trigger_sequence=2, target_speed=25.75173539)
    vehicle1.decelerate(trigger_sequence=4, target_speed=23.3841439)
    vehicle3.changeLane(trigger_sequence=4, target_lane=1, target_speed=39.95242113)
    vehicle3.changeLane(trigger_sequence=5, target_lane=1, target_speed=2.39938069)

2025-07-15 Tuesday 12:29:06  random_test.py : INFO  === Evaluation Finished === 
 Fitness: [3.5038950668766367, -0.0], Collision: False
2025-07-15 Tuesday 12:29:12  random_test.py : INFO  === Evaluate Testcase === 
 def testcase(self):
    ego = NPC(lane_id=1, offset=49.05034513, initial_speed=11.63728125)
    vehicle2 = NPC(lane_id=4, offset=27.26249531, initial_speed=38.46913265)
    vehicle3 = NPC(lane_id=3, offset=42.45894519, initial_speed=23.27840552)
    vehicle2.decelerate(trigger_sequence=1, target_speed=3.12586134)
    vehicle3.changeLane(trigger_sequence=1, target_lane=3, target_speed=55.14679762)
    vehicle2.changeLane(trigger_sequence=2, target_lane=1, target_speed=34.06760433)
    vehicle3.decelerate(trigger_sequence=3, target_speed=15.83067692)
    vehicle2.accelerate(trigger_sequence=5, target_speed=44.11983346)

2025-07-15 Tuesday 12:29:12  random_test.py : INFO  === Evaluation Finished === 
 Fitness: [8.36464509685697, -0.0], Collision: False
2025-07-15 Tuesday 12:29:16  random_test.py : INFO  === Evaluate Testcase === 
 def testcase(self):
    ego = NPC(lane_id=2, offset=30.00717094, initial_speed=35.06777483)
    vehicle2 = NPC(lane_id=5, offset=18.55731068, initial_speed=19.77698035)
    vehicle3 = NPC(lane_id=2, offset=30.38524357, initial_speed=6.44095858)
    vehicle3.accelerate(trigger_sequence=1, target_speed=38.52132394)
    vehicle2.accelerate(trigger_sequence=2, target_speed=43.93653451)
    vehicle2.changeLane(trigger_sequence=3, target_lane=3, target_speed=19.0234206)
    vehicle3.accelerate(trigger_sequence=3, target_speed=31.95253031)
    vehicle2.accelerate(trigger_sequence=5, target_speed=43.86669321)
    vehicle3.decelerate(trigger_sequence=5, target_speed=16.68783974)

2025-07-15 Tuesday 12:29:16  random_test.py : INFO  === Evaluation Finished === 
 Fitness: [inf, 0], Collision: False
2025-07-15 Tuesday 12:29:21  random_test.py : INFO  === Evaluate Testcase === 
 def testcase(self):
    ego = NPC(lane_id=2, offset=18.09472622, initial_speed=23.66019507)
    vehicle2 = NPC(lane_id=3, offset=31.52685531, initial_speed=6.70360606)
    vehicle3 = NPC(lane_id=3, offset=48.03224631, initial_speed=19.3467057)
    vehicle2.decelerate(trigger_sequence=1, target_speed=15.13958263)
    vehicle3.accelerate(trigger_sequence=1, target_speed=56.79822258)
    vehicle2.decelerate(trigger_sequence=2, target_speed=19.86519455)
    vehicle3.accelerate(trigger_sequence=2, target_speed=38.06739646)
    vehicle2.decelerate(trigger_sequence=3, target_speed=12.97461519)

2025-07-15 Tuesday 12:29:21  random_test.py : INFO  === Evaluation Finished === 
 Fitness: [3.5005871302125833, -0.0], Collision: False
2025-07-15 Tuesday 12:29:26  random_test.py : INFO  === Evaluate Testcase === 
 def testcase(self):
    ego = NPC(lane_id=1, offset=4.45282258, initial_speed=19.63006825)
    vehicle2 = NPC(lane_id=3, offset=11.1028368, initial_speed=26.60987794)
    vehicle2.decelerate(trigger_sequence=2, target_speed=3.89575345)
    vehicle2.decelerate(trigger_sequence=3, target_speed=18.04552598)
    vehicle2.decelerate(trigger_sequence=4, target_speed=16.31835825)
    vehicle2.accelerate(trigger_sequence=5, target_speed=50.52303526)

2025-07-15 Tuesday 12:29:26  random_test.py : INFO  === Evaluation Finished === 
 Fitness: [7.00031085229181, -0.005797101449275362], Collision: False
2025-07-15 Tuesday 12:29:30  random_test.py : INFO  === Evaluate Testcase === 
 def testcase(self):
    vehicle1 = NPC(lane_id=4, offset=27.66147002, initial_speed=28.41696747)
    vehicle2 = NPC(lane_id=1, offset=33.50551477, initial_speed=27.50112017)
    ego = NPC(lane_id=1, offset=34.53830416, initial_speed=4.38580485)
    vehicle2.changeLane(trigger_sequence=1, target_lane=3, target_speed=15.0357679)
    vehicle1.accelerate(trigger_sequence=2, target_speed=59.93643838)
    vehicle2.decelerate(trigger_sequence=2, target_speed=28.47429134)
    vehicle1.accelerate(trigger_sequence=3, target_speed=33.76840908)
    vehicle2.decelerate(trigger_sequence=3, target_speed=29.98814225)
    vehicle1.accelerate(trigger_sequence=4, target_speed=31.94825341)
    vehicle2.decelerate(trigger_sequence=4, target_speed=11.73178009)
    vehicle1.accelerate(trigger_sequence=5, target_speed=34.2226231)
    vehicle2.decelerate(trigger_sequence=5, target_speed=22.42674828)

2025-07-15 Tuesday 12:29:30  random_test.py : INFO  === Evaluation Finished === 
 Fitness: [inf, 0], Collision: False
2025-07-15 Tuesday 12:29:36  random_test.py : INFO  === Evaluate Testcase === 
 def testcase(self):
    vehicle1 = NPC(lane_id=3, offset=26.70456626, initial_speed=25.06498144)
    ego = NPC(lane_id=2, offset=46.09850074, initial_speed=23.85210131)
    vehicle3 = NPC(lane_id=5, offset=0.55385948, initial_speed=15.06323534)
    vehicle1.accelerate(trigger_sequence=2, target_speed=49.47868659)
    vehicle3.decelerate(trigger_sequence=2, target_speed=20.64028793)
    vehicle3.changeLane(trigger_sequence=3, target_lane=3, target_speed=44.25890523)
    vehicle1.accelerate(trigger_sequence=5, target_speed=44.17623461)
    vehicle3.changeLane(trigger_sequence=5, target_lane=1, target_speed=26.57443307)

2025-07-15 Tuesday 12:29:36  random_test.py : INFO  === Evaluation Finished === 
 Fitness: [20.072337672150365, -0.0], Collision: False
2025-07-15 Tuesday 12:29:42  random_test.py : INFO  === Evaluate Testcase === 
 def testcase(self):
    ego = NPC(lane_id=5, offset=37.15144642, initial_speed=34.2397485)
    vehicle2 = NPC(lane_id=5, offset=26.34247794, initial_speed=27.67670896)
    vehicle3 = NPC(lane_id=2, offset=7.78327713, initial_speed=4.81091193)
    vehicle4 = NPC(lane_id=4, offset=15.64335359, initial_speed=12.56832234)
    vehicle2.changeLane(trigger_sequence=1, target_lane=1, target_speed=2.24757106)
    vehicle3.decelerate(trigger_sequence=1, target_speed=14.47004657)
    vehicle4.changeLane(trigger_sequence=1, target_lane=3, target_speed=11.10675524)
    vehicle2.changeLane(trigger_sequence=2, target_lane=1, target_speed=53.95878157)
    vehicle2.accelerate(trigger_sequence=3, target_speed=47.22207227)
    vehicle3.changeLane(trigger_sequence=3, target_lane=1, target_speed=23.99444869)
    vehicle2.changeLane(trigger_sequence=4, target_lane=3, target_speed=19.98607202)
    vehicle4.accelerate(trigger_sequence=4, target_speed=44.1850435)
    vehicle2.accelerate(trigger_sequence=5, target_speed=33.69096227)

2025-07-15 Tuesday 12:29:42  random_test.py : INFO  === Evaluation Finished === 
 Fitness: [12.03325539062352, -0.0], Collision: False
2025-07-15 Tuesday 12:29:46  random_test.py : INFO  === Evaluate Testcase === 
 def testcase(self):
    ego = NPC(lane_id=2, offset=34.86222646, initial_speed=5.23384772)
    vehicle2 = NPC(lane_id=4, offset=10.2379697, initial_speed=35.77723329)
    vehicle3 = NPC(lane_id=2, offset=31.09377464, initial_speed=8.03440361)
    vehicle4 = NPC(lane_id=5, offset=31.34001221, initial_speed=36.23595944)
    vehicle2.changeLane(trigger_sequence=1, target_lane=1, target_speed=20.53626299)
    vehicle4.changeLane(trigger_sequence=1, target_lane=3, target_speed=0.60514129)
    vehicle2.changeLane(trigger_sequence=2, target_lane=3, target_speed=56.36294905)
    vehicle4.accelerate(trigger_sequence=4, target_speed=43.99880442)
    vehicle2.changeLane(trigger_sequence=5, target_lane=3, target_speed=24.87017897)
    vehicle4.accelerate(trigger_sequence=5, target_speed=37.44906958)

2025-07-15 Tuesday 12:29:46  random_test.py : INFO  === Evaluation Finished === 
 Fitness: [inf, 0], Collision: False
2025-07-15 Tuesday 12:29:51  random_test.py : INFO  === Evaluate Testcase === 
 def testcase(self):
    ego = NPC(lane_id=1, offset=43.52695521, initial_speed=33.72519525)
    vehicle2 = NPC(lane_id=4, offset=22.70419966, initial_speed=14.0948859)
    vehicle2.changeLane(trigger_sequence=2, target_lane=1, target_speed=37.73603193)
    vehicle2.decelerate(trigger_sequence=4, target_speed=4.73194702)
    vehicle2.decelerate(trigger_sequence=5, target_speed=24.82033045)

2025-07-15 Tuesday 12:29:51  random_test.py : INFO  === Evaluation Finished === 
 Fitness: [24.40996013120365, -0.0], Collision: False
2025-07-15 Tuesday 12:29:56  random_test.py : INFO  === Evaluate Testcase === 
 def testcase(self):
    ego = NPC(lane_id=3, offset=20.72588979, initial_speed=10.93856026)
    vehicle2 = NPC(lane_id=1, offset=9.70954553, initial_speed=17.67844561)
    vehicle2.decelerate(trigger_sequence=1, target_speed=13.80165086)
    vehicle2.decelerate(trigger_sequence=5, target_speed=19.36806605)

2025-07-15 Tuesday 12:29:56  random_test.py : INFO  === Evaluation Finished === 
 Fitness: [12.303086842401102, -0.0], Collision: False
2025-07-15 Tuesday 12:30:02  random_test.py : INFO  === Evaluate Testcase === 
 def testcase(self):
    ego = NPC(lane_id=3, offset=47.20327418, initial_speed=32.94297278)
    vehicle2 = NPC(lane_id=3, offset=15.58817446, initial_speed=30.37637025)
    vehicle3 = NPC(lane_id=1, offset=12.83115377, initial_speed=13.195332)
    vehicle4 = NPC(lane_id=3, offset=25.27501434, initial_speed=19.79276406)
    vehicle3.changeLane(trigger_sequence=1, target_lane=3, target_speed=35.63843381)
    vehicle4.accelerate(trigger_sequence=1, target_speed=31.85958977)
    vehicle3.decelerate(trigger_sequence=3, target_speed=2.94997354)
    vehicle2.changeLane(trigger_sequence=4, target_lane=3, target_speed=18.67717694)
    vehicle4.decelerate(trigger_sequence=4, target_speed=1.30968178)
    vehicle2.decelerate(trigger_sequence=5, target_speed=24.71986495)
    vehicle3.changeLane(trigger_sequence=5, target_lane=1, target_speed=51.7861741)
    vehicle4.changeLane(trigger_sequence=5, target_lane=3, target_speed=16.04364426)

2025-07-15 Tuesday 12:30:02  random_test.py : INFO  === Evaluation Finished === 
 Fitness: [23.940717731230652, -0.0], Collision: False
2025-07-15 Tuesday 12:30:08  random_test.py : INFO  === Evaluate Testcase === 
 def testcase(self):
    vehicle1 = NPC(lane_id=3, offset=39.16645289, initial_speed=1.99254609)
    ego = NPC(lane_id=3, offset=2.3044359, initial_speed=36.68190149)
    vehicle3 = NPC(lane_id=5, offset=5.8513767, initial_speed=1.5470808)
    vehicle3.changeLane(trigger_sequence=1, target_lane=1, target_speed=3.70446758)
    vehicle1.accelerate(trigger_sequence=4, target_speed=33.98470089)
    vehicle3.accelerate(trigger_sequence=4, target_speed=38.00759923)
    vehicle3.changeLane(trigger_sequence=5, target_lane=3, target_speed=12.44003569)

2025-07-15 Tuesday 12:30:08  random_test.py : INFO  === Evaluation Finished === 
 Fitness: [7.0083127758387525, -0.008146639511201629], Collision: False
2025-07-15 Tuesday 12:30:13  random_test.py : INFO  === Evaluate Testcase === 
 def testcase(self):
    vehicle1 = NPC(lane_id=2, offset=16.66888456, initial_speed=29.09921592)
    vehicle2 = NPC(lane_id=3, offset=28.51163185, initial_speed=27.94041257)
    ego = NPC(lane_id=1, offset=47.64950055, initial_speed=31.29112137)
    vehicle4 = NPC(lane_id=4, offset=10.20775514, initial_speed=19.19013779)
    vehicle4.accelerate(trigger_sequence=1, target_speed=31.56830457)
    vehicle1.accelerate(trigger_sequence=2, target_speed=33.4501038)
    vehicle2.changeLane(trigger_sequence=2, target_lane=1, target_speed=28.29239936)
    vehicle1.decelerate(trigger_sequence=3, target_speed=16.28992454)
    vehicle2.changeLane(trigger_sequence=3, target_lane=3, target_speed=19.50727284)
    vehicle4.accelerate(trigger_sequence=3, target_speed=55.10093972)
    vehicle2.decelerate(trigger_sequence=4, target_speed=8.92817804)
    vehicle1.accelerate(trigger_sequence=5, target_speed=51.26239149)
    vehicle2.decelerate(trigger_sequence=5, target_speed=14.33762542)

2025-07-15 Tuesday 12:30:13  random_test.py : INFO  === Evaluation Finished === 
 Fitness: [21.697518021076988, -0.0], Collision: False
2025-07-15 Tuesday 12:30:19  random_test.py : INFO  === Evaluate Testcase === 
 def testcase(self):
    ego = NPC(lane_id=3, offset=6.55677403, initial_speed=19.16841343)
    vehicle2 = NPC(lane_id=3, offset=37.97725311, initial_speed=16.00783385)
    vehicle2.changeLane(trigger_sequence=3, target_lane=3, target_speed=55.94972906)
    vehicle2.decelerate(trigger_sequence=4, target_speed=9.2757787)
    vehicle2.decelerate(trigger_sequence=5, target_speed=15.1706182)

2025-07-15 Tuesday 12:30:19  random_test.py : INFO  === Evaluation Finished === 
 Fitness: [10.311646034544447, -0.01], Collision: False
2025-07-15 Tuesday 12:30:26  random_test.py : INFO  === Evaluate Testcase === 
 def testcase(self):
    vehicle1 = NPC(lane_id=5, offset=35.56273127, initial_speed=9.03849483)
    vehicle2 = NPC(lane_id=3, offset=40.5093705, initial_speed=3.03489115)
    ego = NPC(lane_id=5, offset=28.30200371, initial_speed=21.45020902)
    vehicle4 = NPC(lane_id=3, offset=48.67015966, initial_speed=26.02802282)
    vehicle1.accelerate(trigger_sequence=2, target_speed=43.34572926)
    vehicle2.changeLane(trigger_sequence=2, target_lane=1, target_speed=45.01415671)
    vehicle4.accelerate(trigger_sequence=2, target_speed=32.46092071)
    vehicle4.decelerate(trigger_sequence=3, target_speed=9.06716936)
    vehicle2.changeLane(trigger_sequence=4, target_lane=3, target_speed=38.46243099)
    vehicle4.changeLane(trigger_sequence=4, target_lane=1, target_speed=17.39063856)
    vehicle4.decelerate(trigger_sequence=5, target_speed=15.95858306)

2025-07-15 Tuesday 12:30:26  random_test.py : INFO  === Evaluation Finished === 
 Fitness: [5.414920766572818, -0.008565310492505354], Collision: False
2025-07-15 Tuesday 12:30:31  random_test.py : INFO  === Evaluate Testcase === 
 def testcase(self):
    ego = NPC(lane_id=1, offset=37.03974009, initial_speed=19.18083942)
    vehicle2 = NPC(lane_id=1, offset=9.33893471, initial_speed=37.82267079)
    vehicle2.decelerate(trigger_sequence=4, target_speed=5.22445207)

2025-07-15 Tuesday 12:30:31  random_test.py : INFO  === Evaluation Finished === 
 Fitness: [20.02835206536205, -0.0], Collision: False
2025-07-15 Tuesday 12:30:36  random_test.py : INFO  === Evaluate Testcase === 
 def testcase(self):
    vehicle1 = NPC(lane_id=3, offset=5.98422778, initial_speed=36.60039761)
    ego = NPC(lane_id=5, offset=44.52615601, initial_speed=12.21942424)
    vehicle1.decelerate(trigger_sequence=1, target_speed=29.98859222)

2025-07-15 Tuesday 12:30:36  random_test.py : INFO  === Evaluation Finished === 
 Fitness: [31.5059723498877, -0.0], Collision: False
2025-07-15 Tuesday 12:30:42  random_test.py : INFO  === Evaluate Testcase === 
 def testcase(self):
    ego = NPC(lane_id=5, offset=31.61739817, initial_speed=6.90306937)
    vehicle2 = NPC(lane_id=2, offset=28.80398639, initial_speed=7.506285)
    vehicle3 = NPC(lane_id=5, offset=43.67384007, initial_speed=24.42045557)
    vehicle3.changeLane(trigger_sequence=3, target_lane=1, target_speed=15.85163219)
    vehicle2.accelerate(trigger_sequence=4, target_speed=44.17578218)
    vehicle3.decelerate(trigger_sequence=4, target_speed=25.57605106)
    vehicle3.decelerate(trigger_sequence=5, target_speed=15.54498807)

2025-07-15 Tuesday 12:30:42  random_test.py : INFO  === Evaluation Finished === 
 Fitness: [4.033372468198839, -0.005115089514066497], Collision: False
2025-07-15 Tuesday 12:30:47  random_test.py : INFO  === Evaluate Testcase === 
 def testcase(self):
    vehicle1 = NPC(lane_id=3, offset=39.1287136, initial_speed=27.34618405)
    ego = NPC(lane_id=2, offset=3.4184277, initial_speed=1.87154628)
    vehicle1.accelerate(trigger_sequence=2, target_speed=39.64889258)
    vehicle1.accelerate(trigger_sequence=3, target_speed=48.28086208)
    vehicle1.changeLane(trigger_sequence=4, target_lane=3, target_speed=15.29226595)
    vehicle1.accelerate(trigger_sequence=5, target_speed=34.39894793)

2025-07-15 Tuesday 12:30:47  random_test.py : INFO  === Evaluation Finished === 
 Fitness: [30.56157929706314, -0.0], Collision: False
2025-07-15 Tuesday 12:30:52  random_test.py : INFO  === Evaluate Testcase === 
 def testcase(self):
    ego = NPC(lane_id=4, offset=34.22667324, initial_speed=32.20697349)
    vehicle2 = NPC(lane_id=4, offset=40.74356611, initial_speed=17.92688284)
    vehicle3 = NPC(lane_id=5, offset=6.95304593, initial_speed=36.88558899)
    vehicle2.accelerate(trigger_sequence=1, target_speed=50.35941572)
    vehicle3.accelerate(trigger_sequence=2, target_speed=48.96154846)
    vehicle2.decelerate(trigger_sequence=3, target_speed=2.56952953)
    vehicle2.changeLane(trigger_sequence=4, target_lane=1, target_speed=44.36053685)
    vehicle3.accelerate(trigger_sequence=4, target_speed=45.99763929)
    vehicle3.decelerate(trigger_sequence=5, target_speed=21.05361882)

2025-07-15 Tuesday 12:30:52  random_test.py : INFO  === Evaluation Finished === 
 Fitness: [3.500271342720537, -0.010498687664041995], Collision: True
2025-07-15 Tuesday 12:30:52  random_test.py : INFO  === Find a coollision ===
2025-07-15 Tuesday 12:30:57  random_test.py : INFO  === Evaluate Testcase === 
 def testcase(self):
    ego = NPC(lane_id=3, offset=19.6729972, initial_speed=39.76986303)
    vehicle2 = NPC(lane_id=2, offset=43.40180928, initial_speed=30.18172138)
    vehicle2.decelerate(trigger_sequence=1, target_speed=11.94979006)
    vehicle2.changeLane(trigger_sequence=3, target_lane=1, target_speed=40.75430156)

2025-07-15 Tuesday 12:30:57  random_test.py : INFO  === Evaluation Finished === 
 Fitness: [10.723369864501226, -0.0], Collision: False
2025-07-15 Tuesday 12:31:02  random_test.py : INFO  === Evaluate Testcase === 
 def testcase(self):
    vehicle1 = NPC(lane_id=3, offset=37.41156598, initial_speed=20.01366124)
    ego = NPC(lane_id=2, offset=39.213679, initial_speed=1.20571077)
    vehicle1.decelerate(trigger_sequence=1, target_speed=27.19589294)
    vehicle1.accelerate(trigger_sequence=2, target_speed=50.36466736)

2025-07-15 Tuesday 12:31:02  random_test.py : INFO  === Evaluation Finished === 
 Fitness: [3.499450879776037, -0.0], Collision: False
2025-07-15 Tuesday 12:31:08  random_test.py : INFO  === Evaluate Testcase === 
 def testcase(self):
    vehicle1 = NPC(lane_id=5, offset=24.14207376, initial_speed=4.79825503)
    ego = NPC(lane_id=1, offset=19.0075133, initial_speed=36.84976073)
    vehicle3 = NPC(lane_id=3, offset=39.35865443, initial_speed=25.6369839)
    vehicle3.changeLane(trigger_sequence=1, target_lane=3, target_speed=47.00260839)
    vehicle1.accelerate(trigger_sequence=2, target_speed=35.03358524)
    vehicle3.accelerate(trigger_sequence=4, target_speed=31.56028852)
    vehicle1.changeLane(trigger_sequence=5, target_lane=1, target_speed=48.00197459)
    vehicle3.accelerate(trigger_sequence=5, target_speed=45.85786713)

2025-07-15 Tuesday 12:31:08  random_test.py : INFO  === Evaluation Finished === 
 Fitness: [7.000668141270319, -0.0], Collision: False
2025-07-15 Tuesday 12:31:13  random_test.py : INFO  === Evaluate Testcase === 
 def testcase(self):
    ego = NPC(lane_id=3, offset=26.45862481, initial_speed=24.63352305)
    vehicle2 = NPC(lane_id=1, offset=47.98498469, initial_speed=8.5584583)
    vehicle2.changeLane(trigger_sequence=3, target_lane=1, target_speed=53.60482152)
    vehicle2.changeLane(trigger_sequence=4, target_lane=3, target_speed=42.18016085)
    vehicle2.changeLane(trigger_sequence=5, target_lane=3, target_speed=11.51784874)

2025-07-15 Tuesday 12:31:13  random_test.py : INFO  === Evaluation Finished === 
 Fitness: [7.002281283509008, -0.0], Collision: False
2025-07-15 Tuesday 12:31:17  random_test.py : INFO  === Evaluate Testcase === 
 def testcase(self):
    vehicle1 = NPC(lane_id=5, offset=47.85704744, initial_speed=30.85271356)
    vehicle2 = NPC(lane_id=4, offset=18.36788754, initial_speed=19.02587971)
    ego = NPC(lane_id=5, offset=44.29650663, initial_speed=37.72480219)
    vehicle2.decelerate(trigger_sequence=1, target_speed=2.17183876)
    vehicle1.accelerate(trigger_sequence=2, target_speed=42.78086035)
    vehicle2.decelerate(trigger_sequence=4, target_speed=10.7798712)
    vehicle1.decelerate(trigger_sequence=5, target_speed=4.73505098)

2025-07-15 Tuesday 12:31:17  random_test.py : INFO  === Evaluation Finished === 
 Fitness: [inf, 0], Collision: False
2025-07-15 Tuesday 12:31:21  simulate.py : INFO  Rear-end collision with vehicle 2876 ignored
2025-07-15 Tuesday 12:31:22  random_test.py : INFO  === Evaluate Testcase === 
 def testcase(self):
    vehicle1 = NPC(lane_id=1, offset=0.38259527, initial_speed=21.92510573)
    vehicle2 = NPC(lane_id=5, offset=15.22587383, initial_speed=35.47685614)
    vehicle3 = NPC(lane_id=5, offset=46.36235594, initial_speed=26.18249881)
    ego = NPC(lane_id=3, offset=3.04050955, initial_speed=36.91437617)
    vehicle1.changeLane(trigger_sequence=1, target_lane=1, target_speed=29.70819055)
    vehicle3.changeLane(trigger_sequence=1, target_lane=3, target_speed=12.82698074)
    vehicle3.accelerate(trigger_sequence=2, target_speed=48.97497565)
    vehicle1.decelerate(trigger_sequence=3, target_speed=0.42382188)
    vehicle3.changeLane(trigger_sequence=5, target_lane=3, target_speed=51.87722994)

2025-07-15 Tuesday 12:31:22  random_test.py : INFO  === Evaluation Finished === 
 Fitness: [3.503634844855902, -0.0], Collision: False
2025-07-15 Tuesday 12:31:26  simulate.py : INFO  Rear-end collision with vehicle 2881 ignored
2025-07-15 Tuesday 12:31:28  random_test.py : INFO  === Evaluate Testcase === 
 def testcase(self):
    vehicle1 = NPC(lane_id=1, offset=45.92148786, initial_speed=29.99516651)
    ego = NPC(lane_id=5, offset=33.36280266, initial_speed=12.38137892)
    vehicle3 = NPC(lane_id=2, offset=26.9045089, initial_speed=23.00149787)
    vehicle4 = NPC(lane_id=5, offset=25.43620613, initial_speed=38.86082418)
    vehicle1.changeLane(trigger_sequence=1, target_lane=3, target_speed=18.96913418)
    vehicle4.decelerate(trigger_sequence=1, target_speed=10.05878853)
    vehicle4.accelerate(trigger_sequence=2, target_speed=40.71898136)
    vehicle3.changeLane(trigger_sequence=3, target_lane=3, target_speed=21.42697852)
    vehicle1.changeLane(trigger_sequence=4, target_lane=3, target_speed=24.0149988)
    vehicle3.accelerate(trigger_sequence=4, target_speed=48.88759952)
    vehicle4.decelerate(trigger_sequence=4, target_speed=4.77364232)
    vehicle1.decelerate(trigger_sequence=5, target_speed=12.12791322)
    vehicle4.decelerate(trigger_sequence=5, target_speed=16.3736594)

2025-07-15 Tuesday 12:31:28  random_test.py : INFO  === Evaluation Finished === 
 Fitness: [4.748431073601185, -0.0], Collision: False
2025-07-15 Tuesday 12:31:33  random_test.py : INFO  === Evaluate Testcase === 
 def testcase(self):
    vehicle1 = NPC(lane_id=4, offset=49.39723359, initial_speed=11.03644683)
    ego = NPC(lane_id=2, offset=0.77295176, initial_speed=22.75336773)
    vehicle1.decelerate(trigger_sequence=1, target_speed=17.37368968)
    vehicle1.changeLane(trigger_sequence=2, target_lane=3, target_speed=18.90465295)

2025-07-15 Tuesday 12:31:33  random_test.py : INFO  === Evaluation Finished === 
 Fitness: [7.001489402283777, -0.0], Collision: False
2025-07-15 Tuesday 12:31:38  random_test.py : INFO  === Evaluate Testcase === 
 def testcase(self):
    vehicle1 = NPC(lane_id=5, offset=1.52944716, initial_speed=10.37690129)
    ego = NPC(lane_id=2, offset=38.67428784, initial_speed=12.14190311)
    vehicle1.accelerate(trigger_sequence=1, target_speed=47.25018915)
    vehicle1.accelerate(trigger_sequence=2, target_speed=42.56832188)
    vehicle1.changeLane(trigger_sequence=3, target_lane=3, target_speed=5.16686072)
    vehicle1.decelerate(trigger_sequence=4, target_speed=4.94327793)
    vehicle1.changeLane(trigger_sequence=5, target_lane=1, target_speed=0.86501931)

2025-07-15 Tuesday 12:31:38  random_test.py : INFO  === Evaluation Finished === 
 Fitness: [38.95112577071871, -0.0], Collision: False
2025-07-15 Tuesday 12:31:44  random_test.py : INFO  === Evaluate Testcase === 
 def testcase(self):
    ego = NPC(lane_id=4, offset=20.20134186, initial_speed=15.70020291)
    vehicle2 = NPC(lane_id=2, offset=22.48600158, initial_speed=15.91749775)
    vehicle3 = NPC(lane_id=3, offset=42.48761076, initial_speed=27.06374619)
    vehicle2.changeLane(trigger_sequence=1, target_lane=3, target_speed=31.94680962)
    vehicle3.decelerate(trigger_sequence=2, target_speed=10.01866366)
    vehicle2.changeLane(trigger_sequence=3, target_lane=3, target_speed=27.29234905)
    vehicle3.decelerate(trigger_sequence=3, target_speed=29.20882095)
    vehicle3.changeLane(trigger_sequence=4, target_lane=3, target_speed=30.52254637)

2025-07-15 Tuesday 12:31:44  random_test.py : INFO  === Evaluation Finished === 
 Fitness: [3.5006454790719834, -0.0], Collision: False
2025-07-15 Tuesday 12:31:49  random_test.py : INFO  === Evaluate Testcase === 
 def testcase(self):
    ego = NPC(lane_id=4, offset=39.68036407, initial_speed=2.84257034)
    vehicle2 = NPC(lane_id=4, offset=22.47833164, initial_speed=15.84455339)
    vehicle2.accelerate(trigger_sequence=2, target_speed=42.49414688)
    vehicle2.decelerate(trigger_sequence=4, target_speed=5.09237811)

2025-07-15 Tuesday 12:31:49  random_test.py : INFO  === Evaluation Finished === 
 Fitness: [14.742902421191937, -0.0], Collision: False
2025-07-15 Tuesday 12:31:54  random_test.py : INFO  === Evaluate Testcase === 
 def testcase(self):
    ego = NPC(lane_id=1, offset=10.7580349, initial_speed=13.61770354)
    vehicle2 = NPC(lane_id=4, offset=31.05505104, initial_speed=7.6661795)
    vehicle3 = NPC(lane_id=3, offset=39.36347344, initial_speed=35.12922933)
    vehicle3.accelerate(trigger_sequence=1, target_speed=38.81594809)
    vehicle3.decelerate(trigger_sequence=3, target_speed=5.10015513)

2025-07-15 Tuesday 12:31:54  random_test.py : INFO  === Evaluation Finished === 
 Fitness: [7.00031025267972, -0.0], Collision: False
2025-07-15 Tuesday 12:31:59  random_test.py : INFO  === Evaluate Testcase === 
 def testcase(self):
    vehicle1 = NPC(lane_id=2, offset=34.75712752, initial_speed=31.08138072)
    ego = NPC(lane_id=3, offset=3.97823174, initial_speed=4.69742218)
    vehicle1.decelerate(trigger_sequence=2, target_speed=23.01084578)
    vehicle1.accelerate(trigger_sequence=4, target_speed=54.6609694)
    vehicle1.changeLane(trigger_sequence=5, target_lane=1, target_speed=46.07718558)

2025-07-15 Tuesday 12:31:59  random_test.py : INFO  === Evaluation Finished === 
 Fitness: [31.21072420185754, -0.005649717514124294], Collision: False
2025-07-15 Tuesday 12:32:05  random_test.py : INFO  === Evaluate Testcase === 
 def testcase(self):
    vehicle1 = NPC(lane_id=1, offset=41.72067407, initial_speed=23.07697702)
    ego = NPC(lane_id=5, offset=27.33131406, initial_speed=5.57074634)
    vehicle3 = NPC(lane_id=3, offset=14.72038295, initial_speed=21.38139663)
    vehicle4 = NPC(lane_id=5, offset=12.73546393, initial_speed=9.93171992)
    vehicle3.accelerate(trigger_sequence=1, target_speed=30.08596984)
    vehicle4.accelerate(trigger_sequence=2, target_speed=52.70380784)
    vehicle1.changeLane(trigger_sequence=3, target_lane=1, target_speed=49.80562537)
    vehicle4.accelerate(trigger_sequence=3, target_speed=30.63623994)
    vehicle3.changeLane(trigger_sequence=4, target_lane=3, target_speed=14.65189392)
    vehicle3.decelerate(trigger_sequence=5, target_speed=7.76597542)
    vehicle4.decelerate(trigger_sequence=5, target_speed=2.25282946)

2025-07-15 Tuesday 12:32:05  random_test.py : INFO  === Evaluation Finished === 
 Fitness: [11.518999797563811, -0.0], Collision: False
2025-07-15 Tuesday 12:32:10  random_test.py : INFO  === Evaluate Testcase === 
 def testcase(self):
    vehicle1 = NPC(lane_id=3, offset=21.47330964, initial_speed=28.68220975)
    ego = NPC(lane_id=1, offset=49.40384137, initial_speed=24.69123862)
    vehicle1.accelerate(trigger_sequence=2, target_speed=57.93767458)
    vehicle1.accelerate(trigger_sequence=3, target_speed=34.55037489)
    vehicle1.changeLane(trigger_sequence=4, target_lane=1, target_speed=2.81458057)
    vehicle1.changeLane(trigger_sequence=5, target_lane=3, target_speed=37.40061214)

2025-07-15 Tuesday 12:32:10  random_test.py : INFO  === Evaluation Finished === 
 Fitness: [15.613204177857574, -0.0], Collision: False
2025-07-15 Tuesday 12:32:15  random_test.py : INFO  === Evaluate Testcase === 
 def testcase(self):
    ego = NPC(lane_id=1, offset=5.015445, initial_speed=37.84443769)
    vehicle2 = NPC(lane_id=5, offset=33.50472432, initial_speed=33.59392607)
    vehicle2.decelerate(trigger_sequence=1, target_speed=7.34303485)
    vehicle2.decelerate(trigger_sequence=2, target_speed=19.42587683)

2025-07-15 Tuesday 12:32:15  random_test.py : INFO  === Evaluation Finished === 
 Fitness: [14.000367658149903, -0.0], Collision: False
2025-07-15 Tuesday 12:32:21  random_test.py : INFO  === Evaluate Testcase === 
 def testcase(self):
    ego = NPC(lane_id=2, offset=27.85974661, initial_speed=38.41174781)
    vehicle2 = NPC(lane_id=5, offset=3.81922677, initial_speed=14.92087368)
    vehicle3 = NPC(lane_id=1, offset=30.66552096, initial_speed=25.59843627)
    vehicle2.decelerate(trigger_sequence=1, target_speed=29.16915254)
    vehicle3.decelerate(trigger_sequence=1, target_speed=24.30992184)
    vehicle2.changeLane(trigger_sequence=2, target_lane=1, target_speed=42.97428773)
    vehicle3.changeLane(trigger_sequence=3, target_lane=3, target_speed=57.10613683)
    vehicle3.accelerate(trigger_sequence=4, target_speed=55.39261732)
    vehicle2.accelerate(trigger_sequence=5, target_speed=50.46001375)
    vehicle3.decelerate(trigger_sequence=5, target_speed=16.11539059)

2025-07-15 Tuesday 12:32:21  random_test.py : INFO  === Evaluation Finished === 
 Fitness: [3.4926999838433916, -0.0], Collision: False
2025-07-15 Tuesday 12:32:26  random_test.py : INFO  === Evaluate Testcase === 
 def testcase(self):
    vehicle1 = NPC(lane_id=4, offset=18.90495545, initial_speed=14.72506241)
    ego = NPC(lane_id=2, offset=35.99515341, initial_speed=24.72499593)
    vehicle3 = NPC(lane_id=1, offset=15.1267237, initial_speed=15.1850037)
    vehicle1.decelerate(trigger_sequence=1, target_speed=17.68375688)
    vehicle3.changeLane(trigger_sequence=1, target_lane=3, target_speed=36.8778902)
    vehicle1.changeLane(trigger_sequence=2, target_lane=3, target_speed=6.20446191)
    vehicle3.decelerate(trigger_sequence=2, target_speed=12.52333398)
    vehicle1.decelerate(trigger_sequence=3, target_speed=2.43776057)
    vehicle3.changeLane(trigger_sequence=4, target_lane=1, target_speed=19.57781178)
    vehicle3.decelerate(trigger_sequence=5, target_speed=3.87573263)

2025-07-15 Tuesday 12:32:26  random_test.py : INFO  === Evaluation Finished === 
 Fitness: [19.36737816351393, -0.0], Collision: False
2025-07-15 Tuesday 12:32:31  random_test.py : INFO  === Evaluate Testcase === 
 def testcase(self):
    ego = NPC(lane_id=1, offset=29.53795256, initial_speed=8.19063661)
    vehicle2 = NPC(lane_id=2, offset=17.09256641, initial_speed=4.7740945)
    vehicle2.decelerate(trigger_sequence=4, target_speed=21.65414872)
    vehicle2.decelerate(trigger_sequence=5, target_speed=15.03047621)

2025-07-15 Tuesday 12:32:31  random_test.py : INFO  === Evaluation Finished === 
 Fitness: [13.19553077450629, -0.002849002849002849], Collision: False
2025-07-15 Tuesday 12:32:37  random_test.py : INFO  === Evaluate Testcase === 
 def testcase(self):
    ego = NPC(lane_id=2, offset=48.65370351, initial_speed=13.41748426)
    vehicle2 = NPC(lane_id=5, offset=28.03025064, initial_speed=26.97516657)
    vehicle2.accelerate(trigger_sequence=2, target_speed=41.00711365)
    vehicle2.changeLane(trigger_sequence=5, target_lane=1, target_speed=35.07301661)

2025-07-15 Tuesday 12:32:37  random_test.py : INFO  === Evaluation Finished === 
 Fitness: [20.56716461448329, -0.0], Collision: False
2025-07-15 Tuesday 12:32:42  random_test.py : INFO  === Evaluate Testcase === 
 def testcase(self):
    ego = NPC(lane_id=5, offset=8.80063459, initial_speed=29.03340441)
    vehicle2 = NPC(lane_id=4, offset=16.35685172, initial_speed=13.40128538)
    vehicle2.accelerate(trigger_sequence=2, target_speed=33.40150803)
    vehicle2.changeLane(trigger_sequence=3, target_lane=1, target_speed=10.4653041)

2025-07-15 Tuesday 12:32:42  random_test.py : INFO  === Evaluation Finished === 
 Fitness: [3.5006550470745186, -0.0], Collision: False
2025-07-15 Tuesday 12:32:47  random_test.py : INFO  === Evaluate Testcase === 
 def testcase(self):
    vehicle1 = NPC(lane_id=1, offset=3.01375984, initial_speed=31.2309775)
    ego = NPC(lane_id=1, offset=42.43631605, initial_speed=33.7191252)
    vehicle1.changeLane(trigger_sequence=3, target_lane=3, target_speed=9.77079446)
    vehicle1.changeLane(trigger_sequence=4, target_lane=1, target_speed=54.79780246)

2025-07-15 Tuesday 12:32:47  random_test.py : INFO  === Evaluation Finished === 
 Fitness: [40.39364488103668, -0.0], Collision: False
2025-07-15 Tuesday 12:32:53  random_test.py : INFO  === Evaluate Testcase === 
 def testcase(self):
    vehicle1 = NPC(lane_id=5, offset=41.25922675, initial_speed=4.95011262)
    vehicle2 = NPC(lane_id=1, offset=49.95552114, initial_speed=34.1010303)
    ego = NPC(lane_id=5, offset=33.83182467, initial_speed=8.97828426)
    vehicle1.decelerate(trigger_sequence=1, target_speed=12.19334948)
    vehicle2.decelerate(trigger_sequence=1, target_speed=25.47391312)
    vehicle1.decelerate(trigger_sequence=4, target_speed=17.30761776)
    vehicle2.changeLane(trigger_sequence=4, target_lane=1, target_speed=32.74292361)
    vehicle1.accelerate(trigger_sequence=5, target_speed=55.81199534)

2025-07-15 Tuesday 12:32:53  random_test.py : INFO  === Evaluation Finished === 
 Fitness: [6.804530402091616, -0.00927643784786642], Collision: False
2025-07-15 Tuesday 12:32:58  random_test.py : INFO  === Evaluate Testcase === 
 def testcase(self):
    ego = NPC(lane_id=3, offset=49.62441042, initial_speed=16.08281744)
    vehicle2 = NPC(lane_id=5, offset=5.27595591, initial_speed=6.39766873)
    vehicle2.accelerate(trigger_sequence=1, target_speed=33.84860846)
    vehicle2.accelerate(trigger_sequence=5, target_speed=47.38505067)

2025-07-15 Tuesday 12:32:58  random_test.py : INFO  === Evaluation Finished === 
 Fitness: [45.473073247045164, -0.0], Collision: False
2025-07-15 Tuesday 12:33:04  random_test.py : INFO  === Evaluate Testcase === 
 def testcase(self):
    ego = NPC(lane_id=4, offset=12.45646315, initial_speed=32.46934125)
    vehicle2 = NPC(lane_id=4, offset=39.66979651, initial_speed=11.54012706)
    vehicle3 = NPC(lane_id=5, offset=38.74739716, initial_speed=35.72416331)
    vehicle4 = NPC(lane_id=1, offset=22.2114532, initial_speed=20.78520151)
    vehicle2.accelerate(trigger_sequence=1, target_speed=55.48991676)
    vehicle2.decelerate(trigger_sequence=2, target_speed=21.63693533)
    vehicle4.accelerate(trigger_sequence=2, target_speed=48.9132587)
    vehicle2.decelerate(trigger_sequence=3, target_speed=25.84924865)
    vehicle3.changeLane(trigger_sequence=3, target_lane=3, target_speed=30.5376412)
    vehicle4.changeLane(trigger_sequence=4, target_lane=3, target_speed=37.38644407)
    vehicle2.changeLane(trigger_sequence=5, target_lane=1, target_speed=4.55980543)

2025-07-15 Tuesday 12:33:04  random_test.py : INFO  === Evaluation Finished === 
 Fitness: [10.500204643779332, -0.006772009029345372], Collision: False
2025-07-15 Tuesday 12:33:09  random_test.py : INFO  === Evaluate Testcase === 
 def testcase(self):
    vehicle1 = NPC(lane_id=2, offset=32.72299683, initial_speed=9.58044016)
    ego = NPC(lane_id=5, offset=48.84347669, initial_speed=27.11794078)
    vehicle1.accelerate(trigger_sequence=2, target_speed=35.06103287)

2025-07-15 Tuesday 12:33:09  random_test.py : INFO  === Evaluation Finished === 
 Fitness: [20.076471895628348, -0.0], Collision: False
2025-07-15 Tuesday 12:33:14  random_test.py : INFO  === Evaluate Testcase === 
 def testcase(self):
    vehicle1 = NPC(lane_id=1, offset=7.85041348, initial_speed=31.88136988)
    ego = NPC(lane_id=2, offset=5.98615354, initial_speed=18.82911248)
    vehicle1.decelerate(trigger_sequence=1, target_speed=9.68187496)
    vehicle1.changeLane(trigger_sequence=2, target_lane=1, target_speed=27.48546441)
    vehicle1.accelerate(trigger_sequence=3, target_speed=33.37038944)
    vehicle1.changeLane(trigger_sequence=4, target_lane=3, target_speed=31.74141913)
    vehicle1.accelerate(trigger_sequence=5, target_speed=56.27484756)

2025-07-15 Tuesday 12:33:14  random_test.py : INFO  === Evaluation Finished === 
 Fitness: [3.500090497839425, -0.0], Collision: False
2025-07-15 Tuesday 12:33:20  random_test.py : INFO  === Evaluate Testcase === 
 def testcase(self):
    vehicle1 = NPC(lane_id=5, offset=12.10766203, initial_speed=0.79990917)
    vehicle2 = NPC(lane_id=3, offset=40.72627386, initial_speed=0.87523793)
    ego = NPC(lane_id=1, offset=1.86211536, initial_speed=4.7833685)
    vehicle1.decelerate(trigger_sequence=1, target_speed=4.97678302)
    vehicle2.decelerate(trigger_sequence=2, target_speed=29.80949189)
    vehicle2.accelerate(trigger_sequence=4, target_speed=48.0074326)

2025-07-15 Tuesday 12:33:20  random_test.py : INFO  === Evaluation Finished === 
 Fitness: [7.00099062046875, -0.0], Collision: False
2025-07-15 Tuesday 12:33:24  simulate.py : INFO  Rear-end collision with vehicle 2959 ignored
2025-07-15 Tuesday 12:33:26  random_test.py : INFO  === Evaluate Testcase === 
 def testcase(self):
    vehicle1 = NPC(lane_id=2, offset=46.73365325, initial_speed=11.91305861)
    vehicle2 = NPC(lane_id=3, offset=48.26270049, initial_speed=28.52802289)
    ego = NPC(lane_id=2, offset=16.95825142, initial_speed=24.13989401)
    vehicle4 = NPC(lane_id=2, offset=9.41386241, initial_speed=17.94505813)
    vehicle2.changeLane(trigger_sequence=2, target_lane=1, target_speed=26.81778739)
    vehicle2.decelerate(trigger_sequence=3, target_speed=22.56336721)
    vehicle1.decelerate(trigger_sequence=4, target_speed=26.19066629)
    vehicle4.changeLane(trigger_sequence=4, target_lane=3, target_speed=1.96297809)
    vehicle2.changeLane(trigger_sequence=5, target_lane=1, target_speed=18.59738041)
    vehicle4.changeLane(trigger_sequence=5, target_lane=3, target_speed=2.86305237)

2025-07-15 Tuesday 12:33:26  random_test.py : INFO  === Evaluation Finished === 
 Fitness: [4.751863215675209, -0.01], Collision: False
2025-07-15 Tuesday 12:33:30  random_test.py : INFO  === Evaluate Testcase === 
 def testcase(self):
    vehicle1 = NPC(lane_id=5, offset=35.85658179, initial_speed=27.07319942)
    vehicle2 = NPC(lane_id=5, offset=46.66119672, initial_speed=1.97721444)
    ego = NPC(lane_id=1, offset=6.70679376, initial_speed=12.56286397)
    vehicle4 = NPC(lane_id=1, offset=10.70199739, initial_speed=19.32084702)
    vehicle2.accelerate(trigger_sequence=1, target_speed=39.57722851)
    vehicle4.accelerate(trigger_sequence=2, target_speed=54.41450579)
    vehicle1.changeLane(trigger_sequence=3, target_lane=3, target_speed=22.19102914)
    vehicle2.accelerate(trigger_sequence=3, target_speed=49.75015525)
    vehicle1.decelerate(trigger_sequence=4, target_speed=7.83367601)
    vehicle2.accelerate(trigger_sequence=4, target_speed=43.23468647)
    vehicle1.accelerate(trigger_sequence=5, target_speed=57.30440395)

2025-07-15 Tuesday 12:33:30  random_test.py : INFO  === Evaluation Finished === 
 Fitness: [inf, 0], Collision: False
2025-07-15 Tuesday 12:33:36  random_test.py : INFO  === Evaluate Testcase === 
 def testcase(self):
    vehicle1 = NPC(lane_id=1, offset=31.47100253, initial_speed=9.01963514)
    ego = NPC(lane_id=3, offset=41.64073746, initial_speed=29.53624636)
    vehicle1.changeLane(trigger_sequence=1, target_lane=3, target_speed=8.94560466)
    vehicle1.changeLane(trigger_sequence=2, target_lane=1, target_speed=40.41507058)
    vehicle1.decelerate(trigger_sequence=3, target_speed=7.45061512)
    vehicle1.changeLane(trigger_sequence=4, target_lane=3, target_speed=19.47961922)
    vehicle1.accelerate(trigger_sequence=5, target_speed=32.67550053)

2025-07-15 Tuesday 12:33:36  random_test.py : INFO  === Evaluation Finished === 
 Fitness: [13.266610959507858, -0.0], Collision: False
2025-07-15 Tuesday 12:33:41  random_test.py : INFO  === Evaluate Testcase === 
 def testcase(self):
    vehicle1 = NPC(lane_id=3, offset=10.34810611, initial_speed=7.97003836)
    ego = NPC(lane_id=2, offset=6.90044504, initial_speed=30.3261558)
    vehicle1.changeLane(trigger_sequence=3, target_lane=1, target_speed=45.07366591)
    vehicle1.accelerate(trigger_sequence=4, target_speed=50.63614088)

2025-07-15 Tuesday 12:33:41  random_test.py : INFO  === Evaluation Finished === 
 Fitness: [3.510542185828763, -0.0], Collision: False
2025-07-15 Tuesday 12:33:46  random_test.py : INFO  === Evaluate Testcase === 
 def testcase(self):
    vehicle1 = NPC(lane_id=3, offset=20.48801123, initial_speed=15.12985536)
    ego = NPC(lane_id=5, offset=42.61417508, initial_speed=28.57526879)
    vehicle1.accelerate(trigger_sequence=3, target_speed=50.29901774)
    vehicle1.accelerate(trigger_sequence=5, target_speed=54.12265024)

2025-07-15 Tuesday 12:33:46  random_test.py : INFO  === Evaluation Finished === 
 Fitness: [24.141049158092322, -0.0], Collision: False
2025-07-15 Tuesday 12:33:51  random_test.py : INFO  === Evaluate Testcase === 
 def testcase(self):
    vehicle1 = NPC(lane_id=3, offset=28.24372576, initial_speed=6.00802865)
    ego = NPC(lane_id=1, offset=16.75464429, initial_speed=15.91216412)
    vehicle3 = NPC(lane_id=2, offset=43.12870657, initial_speed=21.93362939)
    vehicle3.accelerate(trigger_sequence=1, target_speed=57.83968837)
    vehicle3.accelerate(trigger_sequence=2, target_speed=45.74122935)
    vehicle1.accelerate(trigger_sequence=3, target_speed=44.40429403)
    vehicle3.decelerate(trigger_sequence=3, target_speed=1.98882912)
    vehicle3.decelerate(trigger_sequence=4, target_speed=20.88370116)
    vehicle1.changeLane(trigger_sequence=5, target_lane=3, target_speed=10.10490571)

2025-07-15 Tuesday 12:33:51  random_test.py : INFO  === Evaluation Finished === 
 Fitness: [6.465392086956391, -0.0], Collision: False
2025-07-15 Tuesday 12:33:55  random_test.py : INFO  === Evaluate Testcase === 
 def testcase(self):
    vehicle1 = NPC(lane_id=5, offset=3.17044543, initial_speed=4.0136541)
    vehicle2 = NPC(lane_id=1, offset=42.87418135, initial_speed=31.47459516)
    ego = NPC(lane_id=5, offset=2.830586, initial_speed=5.81260138)
    vehicle4 = NPC(lane_id=3, offset=24.37773076, initial_speed=33.65463721)
    vehicle1.changeLane(trigger_sequence=1, target_lane=1, target_speed=29.83877748)
    vehicle2.decelerate(trigger_sequence=1, target_speed=18.04949342)
    vehicle4.changeLane(trigger_sequence=1, target_lane=3, target_speed=39.61637844)
    vehicle2.decelerate(trigger_sequence=2, target_speed=13.33727784)
    vehicle4.changeLane(trigger_sequence=2, target_lane=1, target_speed=6.91772625)
    vehicle2.accelerate(trigger_sequence=3, target_speed=53.64993021)
    vehicle2.accelerate(trigger_sequence=5, target_speed=44.90491098)
    vehicle4.changeLane(trigger_sequence=5, target_lane=3, target_speed=4.39227264)

2025-07-15 Tuesday 12:33:55  random_test.py : INFO  === Evaluation Finished === 
 Fitness: [inf, 0], Collision: False
2025-07-15 Tuesday 12:33:59  random_test.py : INFO  === Evaluate Testcase === 
 def testcase(self):
    vehicle1 = NPC(lane_id=5, offset=23.32102026, initial_speed=17.83290336)
    ego = NPC(lane_id=5, offset=18.48620015, initial_speed=13.02870173)
    vehicle3 = NPC(lane_id=4, offset=37.71417414, initial_speed=33.81488925)
    vehicle1.decelerate(trigger_sequence=1, target_speed=27.09247635)
    vehicle3.accelerate(trigger_sequence=4, target_speed=31.83030034)
    vehicle1.changeLane(trigger_sequence=5, target_lane=3, target_speed=6.06386808)
    vehicle3.decelerate(trigger_sequence=5, target_speed=1.63894377)

2025-07-15 Tuesday 12:33:59  random_test.py : INFO  === Evaluation Finished === 
 Fitness: [inf, 0], Collision: False
2025-07-15 Tuesday 12:34:05  random_test.py : INFO  === Evaluate Testcase === 
 def testcase(self):
    vehicle1 = NPC(lane_id=2, offset=26.46893097, initial_speed=9.90171173)
    vehicle2 = NPC(lane_id=3, offset=32.24110108, initial_speed=26.32559912)
    ego = NPC(lane_id=4, offset=48.10344125, initial_speed=1.17262101)
    vehicle4 = NPC(lane_id=1, offset=27.60137365, initial_speed=0.23025995)
    vehicle2.decelerate(trigger_sequence=2, target_speed=10.96875266)
    vehicle1.changeLane(trigger_sequence=3, target_lane=3, target_speed=28.05386584)
    vehicle2.changeLane(trigger_sequence=3, target_lane=3, target_speed=18.31692228)
    vehicle4.accelerate(trigger_sequence=3, target_speed=32.68884456)
    vehicle1.changeLane(trigger_sequence=4, target_lane=3, target_speed=55.76157661)
    vehicle4.changeLane(trigger_sequence=4, target_lane=1, target_speed=20.1553277)
    vehicle1.accelerate(trigger_sequence=5, target_speed=39.58651357)
    vehicle2.decelerate(trigger_sequence=5, target_speed=29.7336947)

2025-07-15 Tuesday 12:34:05  random_test.py : INFO  === Evaluation Finished === 
 Fitness: [9.160274024732521, -0.0], Collision: False
2025-07-15 Tuesday 12:34:10  random_test.py : INFO  === Evaluate Testcase === 
 def testcase(self):
    vehicle1 = NPC(lane_id=1, offset=12.33655063, initial_speed=22.71706905)
    ego = NPC(lane_id=2, offset=27.96837236, initial_speed=30.41153857)
    vehicle3 = NPC(lane_id=1, offset=18.93953679, initial_speed=38.25623064)
    vehicle3.decelerate(trigger_sequence=1, target_speed=19.3849432)
    vehicle1.changeLane(trigger_sequence=4, target_lane=1, target_speed=37.52097625)
    vehicle3.decelerate(trigger_sequence=4, target_speed=24.85062345)

2025-07-15 Tuesday 12:34:10  random_test.py : INFO  === Evaluation Finished === 
 Fitness: [7.07857053091159, -0.0], Collision: False
2025-07-15 Tuesday 12:34:16  random_test.py : INFO  === Evaluate Testcase === 
 def testcase(self):
    vehicle1 = NPC(lane_id=5, offset=30.60081982, initial_speed=32.31228677)
    vehicle2 = NPC(lane_id=4, offset=22.8660948, initial_speed=38.92585782)
    vehicle3 = NPC(lane_id=4, offset=41.88678968, initial_speed=13.46492815)
    ego = NPC(lane_id=2, offset=10.18851978, initial_speed=30.24476999)
    vehicle1.decelerate(trigger_sequence=1, target_speed=0.48614568)
    vehicle2.changeLane(trigger_sequence=1, target_lane=3, target_speed=8.78794831)
    vehicle1.changeLane(trigger_sequence=2, target_lane=3, target_speed=13.94419331)
    vehicle3.accelerate(trigger_sequence=3, target_speed=50.32524962)
    vehicle1.changeLane(trigger_sequence=4, target_lane=1, target_speed=19.08305142)
    vehicle2.changeLane(trigger_sequence=4, target_lane=3, target_speed=16.84858935)
    vehicle1.changeLane(trigger_sequence=5, target_lane=1, target_speed=51.62149423)

2025-07-15 Tuesday 12:34:16  random_test.py : INFO  === Evaluation Finished === 
 Fitness: [7.0001240783583425, -0.0], Collision: False
2025-07-15 Tuesday 12:34:21  random_test.py : INFO  === Evaluate Testcase === 
 def testcase(self):
    vehicle1 = NPC(lane_id=3, offset=14.50649, initial_speed=38.65468345)
    vehicle2 = NPC(lane_id=4, offset=7.00662687, initial_speed=10.31002933)
    ego = NPC(lane_id=5, offset=5.67300019, initial_speed=26.94984966)
    vehicle1.accelerate(trigger_sequence=1, target_speed=30.52523808)
    vehicle1.changeLane(trigger_sequence=2, target_lane=1, target_speed=45.62979056)
    vehicle2.accelerate(trigger_sequence=2, target_speed=56.3602181)
    vehicle1.accelerate(trigger_sequence=3, target_speed=43.75943784)
    vehicle1.changeLane(trigger_sequence=4, target_lane=1, target_speed=16.53517842)
    vehicle2.changeLane(trigger_sequence=4, target_lane=3, target_speed=48.99218088)
    vehicle2.accelerate(trigger_sequence=5, target_speed=56.98681325)

2025-07-15 Tuesday 12:34:21  random_test.py : INFO  === Evaluation Finished === 
 Fitness: [3.4913680782249252, -0.0], Collision: False
2025-07-15 Tuesday 12:34:26  random_test.py : INFO  === Evaluate Testcase === 
 def testcase(self):
    ego = NPC(lane_id=5, offset=7.00448131, initial_speed=15.33964103)
    vehicle2 = NPC(lane_id=4, offset=48.10111886, initial_speed=19.22268177)
    vehicle2.accelerate(trigger_sequence=1, target_speed=59.90031692)
    vehicle2.changeLane(trigger_sequence=5, target_lane=1, target_speed=5.26037634)

2025-07-15 Tuesday 12:34:26  random_test.py : INFO  === Evaluation Finished === 
 Fitness: [3.5021392118403094, -0.0], Collision: False
2025-07-15 Tuesday 12:34:31  random_test.py : INFO  === Evaluate Testcase === 
 def testcase(self):
    ego = NPC(lane_id=4, offset=0.34706329, initial_speed=22.54496397)
    vehicle2 = NPC(lane_id=2, offset=24.20030121, initial_speed=24.03360938)
    vehicle2.changeLane(trigger_sequence=1, target_lane=3, target_speed=28.3724836)
    vehicle2.decelerate(trigger_sequence=2, target_speed=17.19965586)
    vehicle2.decelerate(trigger_sequence=3, target_speed=24.44227891)
    vehicle2.changeLane(trigger_sequence=4, target_lane=3, target_speed=7.04037366)

2025-07-15 Tuesday 12:34:31  random_test.py : INFO  === Evaluation Finished === 
 Fitness: [3.50013922626374, -0.0], Collision: False
2025-07-15 Tuesday 12:34:37  random_test.py : INFO  === Evaluate Testcase === 
 def testcase(self):
    vehicle1 = NPC(lane_id=4, offset=7.72939095, initial_speed=20.7681742)
    vehicle2 = NPC(lane_id=3, offset=38.01156806, initial_speed=8.67572302)
    vehicle3 = NPC(lane_id=2, offset=24.67265715, initial_speed=35.87092742)
    ego = NPC(lane_id=5, offset=38.28489747, initial_speed=31.40887408)
    vehicle2.decelerate(trigger_sequence=1, target_speed=0.22065744)
    vehicle3.decelerate(trigger_sequence=1, target_speed=29.74456629)
    vehicle1.decelerate(trigger_sequence=2, target_speed=0.79035335)
    vehicle1.decelerate(trigger_sequence=3, target_speed=4.33509263)
    vehicle1.decelerate(trigger_sequence=4, target_speed=23.48839952)
    vehicle3.accelerate(trigger_sequence=4, target_speed=32.3518188)
    vehicle1.decelerate(trigger_sequence=5, target_speed=0.47865404)
    vehicle2.decelerate(trigger_sequence=5, target_speed=4.6085867)
    vehicle3.decelerate(trigger_sequence=5, target_speed=4.38731206)

2025-07-15 Tuesday 12:34:37  random_test.py : INFO  === Evaluation Finished === 
 Fitness: [7.333466640880516, -0.0], Collision: False
2025-07-15 Tuesday 12:34:42  random_test.py : INFO  === Evaluate Testcase === 
 def testcase(self):
    vehicle1 = NPC(lane_id=3, offset=48.56913985, initial_speed=16.10190502)
    ego = NPC(lane_id=5, offset=8.17670049, initial_speed=33.6151642)
    vehicle3 = NPC(lane_id=2, offset=33.78784327, initial_speed=10.51560689)
    vehicle1.changeLane(trigger_sequence=1, target_lane=3, target_speed=5.82928054)
    vehicle3.decelerate(trigger_sequence=1, target_speed=10.32855132)
    vehicle3.decelerate(trigger_sequence=2, target_speed=5.67752265)
    vehicle1.accelerate(trigger_sequence=3, target_speed=51.6370521)
    vehicle3.decelerate(trigger_sequence=3, target_speed=26.51752777)
    vehicle1.decelerate(trigger_sequence=4, target_speed=29.06394884)
    vehicle3.changeLane(trigger_sequence=4, target_lane=3, target_speed=8.48885807)
    vehicle1.accelerate(trigger_sequence=5, target_speed=49.95130177)

2025-07-15 Tuesday 12:34:42  random_test.py : INFO  === Evaluation Finished === 
 Fitness: [7.000145140877705, -0.0], Collision: False
2025-07-15 Tuesday 12:34:48  random_test.py : INFO  === Evaluate Testcase === 
 def testcase(self):
    vehicle1 = NPC(lane_id=3, offset=35.62341643, initial_speed=26.95578578)
    ego = NPC(lane_id=5, offset=45.64748597, initial_speed=27.73410999)
    vehicle3 = NPC(lane_id=2, offset=38.58488683, initial_speed=3.53901418)
    vehicle4 = NPC(lane_id=3, offset=22.40642071, initial_speed=2.51512491)
    vehicle3.accelerate(trigger_sequence=1, target_speed=43.85719933)
    vehicle1.changeLane(trigger_sequence=2, target_lane=1, target_speed=30.74284009)
    vehicle1.decelerate(trigger_sequence=4, target_speed=13.6152914)

2025-07-15 Tuesday 12:34:48  random_test.py : INFO  === Evaluation Finished === 
 Fitness: [12.887924394685642, -0.0], Collision: False
2025-07-15 Tuesday 12:34:53  random_test.py : INFO  === Evaluate Testcase === 
 def testcase(self):
    ego = NPC(lane_id=3, offset=28.28394128, initial_speed=15.29677825)
    vehicle2 = NPC(lane_id=4, offset=5.55231555, initial_speed=28.61577061)
    vehicle3 = NPC(lane_id=3, offset=47.88685392, initial_speed=26.09439519)
    vehicle3.changeLane(trigger_sequence=2, target_lane=3, target_speed=31.62676566)
    vehicle2.changeLane(trigger_sequence=3, target_lane=1, target_speed=3.69462764)
    vehicle2.accelerate(trigger_sequence=4, target_speed=52.26046364)
    vehicle3.accelerate(trigger_sequence=4, target_speed=46.60941913)
    vehicle2.changeLane(trigger_sequence=5, target_lane=1, target_speed=44.3169209)

2025-07-15 Tuesday 12:34:53  random_test.py : INFO  === Evaluation Finished === 
 Fitness: [10.551132930896328, -0.009280742459396751], Collision: False
2025-07-15 Tuesday 12:34:59  random_test.py : INFO  === Evaluate Testcase === 
 def testcase(self):
    ego = NPC(lane_id=5, offset=5.17142107, initial_speed=39.24343437)
    vehicle2 = NPC(lane_id=2, offset=29.1610982, initial_speed=31.79453603)
    vehicle3 = NPC(lane_id=4, offset=12.2099676, initial_speed=3.99752006)
    vehicle4 = NPC(lane_id=4, offset=30.68039773, initial_speed=29.55945428)
    vehicle3.changeLane(trigger_sequence=1, target_lane=1, target_speed=15.73905336)
    vehicle4.decelerate(trigger_sequence=1, target_speed=19.18423383)
    vehicle3.changeLane(trigger_sequence=2, target_lane=3, target_speed=51.97170993)
    vehicle2.changeLane(trigger_sequence=3, target_lane=3, target_speed=11.83653927)
    vehicle3.decelerate(trigger_sequence=3, target_speed=2.56649759)
    vehicle4.decelerate(trigger_sequence=3, target_speed=1.22396323)
    vehicle3.changeLane(trigger_sequence=4, target_lane=1, target_speed=58.87575219)
    vehicle2.decelerate(trigger_sequence=5, target_speed=15.76430874)
    vehicle3.accelerate(trigger_sequence=5, target_speed=43.08510027)

2025-07-15 Tuesday 12:34:59  random_test.py : INFO  === Evaluation Finished === 
 Fitness: [3.4993159119806982, -0.0], Collision: False
2025-07-15 Tuesday 12:35:04  random_test.py : INFO  === Evaluate Testcase === 
 def testcase(self):
    vehicle1 = NPC(lane_id=2, offset=39.81532344, initial_speed=37.79094229)
    ego = NPC(lane_id=4, offset=36.14205113, initial_speed=18.74834724)
    vehicle1.accelerate(trigger_sequence=3, target_speed=39.66133586)
    vehicle1.decelerate(trigger_sequence=5, target_speed=13.65883314)

2025-07-15 Tuesday 12:35:04  random_test.py : INFO  === Evaluation Finished === 
 Fitness: [7.000289588664678, -0.0], Collision: False
2025-07-15 Tuesday 12:35:09  random_test.py : INFO  === Evaluate Testcase === 
 def testcase(self):
    ego = NPC(lane_id=5, offset=23.84163358, initial_speed=4.02205339)
    vehicle2 = NPC(lane_id=1, offset=30.0082916, initial_speed=14.43990984)
    vehicle3 = NPC(lane_id=3, offset=49.38705202, initial_speed=29.73082492)
    vehicle2.decelerate(trigger_sequence=1, target_speed=7.35592006)
    vehicle3.decelerate(trigger_sequence=1, target_speed=17.9991393)
    vehicle3.decelerate(trigger_sequence=2, target_speed=11.9118879)
    vehicle3.accelerate(trigger_sequence=3, target_speed=41.96999671)
    vehicle2.accelerate(trigger_sequence=4, target_speed=50.42970543)
    vehicle2.accelerate(trigger_sequence=5, target_speed=36.0044076)
    vehicle3.changeLane(trigger_sequence=5, target_lane=3, target_speed=14.90952155)

2025-07-15 Tuesday 12:35:09  random_test.py : INFO  === Evaluation Finished === 
 Fitness: [6.999837877629866, -0.0], Collision: False
2025-07-15 Tuesday 12:35:15  random_test.py : INFO  === Evaluate Testcase === 
 def testcase(self):
    ego = NPC(lane_id=5, offset=43.80721521, initial_speed=35.94969205)
    vehicle2 = NPC(lane_id=4, offset=25.99339118, initial_speed=28.74991838)
    vehicle3 = NPC(lane_id=3, offset=16.39257875, initial_speed=28.39003098)
    vehicle3.accelerate(trigger_sequence=2, target_speed=42.77473794)
    vehicle3.accelerate(trigger_sequence=4, target_speed=35.4272509)
    vehicle2.changeLane(trigger_sequence=5, target_lane=3, target_speed=59.88178435)
    vehicle3.accelerate(trigger_sequence=5, target_speed=49.8207907)

2025-07-15 Tuesday 12:35:15  random_test.py : INFO  === Evaluation Finished === 
 Fitness: [19.330112160553174, -0.0], Collision: False
2025-07-15 Tuesday 12:35:20  random_test.py : INFO  === Evaluate Testcase === 
 def testcase(self):
    vehicle1 = NPC(lane_id=5, offset=8.28853909, initial_speed=32.71267792)
    ego = NPC(lane_id=3, offset=12.53834951, initial_speed=6.62320046)
    vehicle1.decelerate(trigger_sequence=1, target_speed=6.90900921)
    vehicle1.accelerate(trigger_sequence=3, target_speed=45.82773046)
    vehicle1.changeLane(trigger_sequence=4, target_lane=3, target_speed=20.68079391)
    vehicle1.changeLane(trigger_sequence=5, target_lane=3, target_speed=22.43224742)

2025-07-15 Tuesday 12:35:20  random_test.py : INFO  === Evaluation Finished === 
 Fitness: [3.5001928759812744, -0.002840909090909091], Collision: False
2025-07-15 Tuesday 12:35:26  random_test.py : INFO  === Evaluate Testcase === 
 def testcase(self):
    ego = NPC(lane_id=3, offset=19.25717186, initial_speed=5.06621834)
    vehicle2 = NPC(lane_id=2, offset=47.72973656, initial_speed=0.94478542)
    vehicle3 = NPC(lane_id=5, offset=4.33775362, initial_speed=24.76967755)
    vehicle2.changeLane(trigger_sequence=1, target_lane=1, target_speed=13.66542702)
    vehicle3.decelerate(trigger_sequence=1, target_speed=25.14259079)
    vehicle2.changeLane(trigger_sequence=2, target_lane=3, target_speed=12.24078355)
    vehicle3.decelerate(trigger_sequence=2, target_speed=14.46593022)
    vehicle3.changeLane(trigger_sequence=3, target_lane=3, target_speed=31.90900868)
    vehicle3.changeLane(trigger_sequence=4, target_lane=3, target_speed=26.80697614)
    vehicle2.accelerate(trigger_sequence=5, target_speed=32.74553951)

2025-07-15 Tuesday 12:35:26  random_test.py : INFO  === Evaluation Finished === 
 Fitness: [3.5081536631839976, -0.0], Collision: False
2025-07-15 Tuesday 12:35:31  random_test.py : INFO  === Evaluate Testcase === 
 def testcase(self):
    vehicle1 = NPC(lane_id=3, offset=15.59930213, initial_speed=7.68115395)
    ego = NPC(lane_id=3, offset=26.19331111, initial_speed=8.10229094)
    vehicle3 = NPC(lane_id=2, offset=18.68806896, initial_speed=3.52745288)
    vehicle1.accelerate(trigger_sequence=1, target_speed=58.52861031)
    vehicle3.changeLane(trigger_sequence=2, target_lane=1, target_speed=57.16417987)
    vehicle1.accelerate(trigger_sequence=3, target_speed=41.6993025)
    vehicle3.decelerate(trigger_sequence=3, target_speed=21.3302948)
    vehicle1.decelerate(trigger_sequence=4, target_speed=22.43572831)
    vehicle3.changeLane(trigger_sequence=4, target_lane=3, target_speed=51.79143361)

2025-07-15 Tuesday 12:35:31  random_test.py : INFO  === Evaluation Finished === 
 Fitness: [8.642844512522815, -0.0], Collision: False
2025-07-15 Tuesday 12:35:37  random_test.py : INFO  === Evaluate Testcase === 
 def testcase(self):
    vehicle1 = NPC(lane_id=2, offset=3.80492362, initial_speed=6.02317013)
    ego = NPC(lane_id=1, offset=21.24292996, initial_speed=39.97125878)
    vehicle3 = NPC(lane_id=3, offset=40.14728411, initial_speed=32.4671359)
    vehicle4 = NPC(lane_id=3, offset=48.66053468, initial_speed=24.42069027)
    vehicle4.accelerate(trigger_sequence=1, target_speed=57.24953993)
    vehicle3.changeLane(trigger_sequence=2, target_lane=3, target_speed=55.81678282)
    vehicle4.accelerate(trigger_sequence=2, target_speed=40.30366984)
    vehicle4.accelerate(trigger_sequence=3, target_speed=35.27449329)
    vehicle4.accelerate(trigger_sequence=4, target_speed=40.75510019)
    vehicle3.accelerate(trigger_sequence=5, target_speed=47.16201405)
    vehicle4.decelerate(trigger_sequence=5, target_speed=7.99509093)

2025-07-15 Tuesday 12:35:37  random_test.py : INFO  === Evaluation Finished === 
 Fitness: [7.000363841194368, -0.0], Collision: False
2025-07-15 Tuesday 12:35:41  random_test.py : INFO  === Evaluate Testcase === 
 def testcase(self):
    vehicle1 = NPC(lane_id=3, offset=41.09678073, initial_speed=6.55958127)
    ego = NPC(lane_id=3, offset=44.04510149, initial_speed=24.23190743)
    vehicle3 = NPC(lane_id=3, offset=9.81062726, initial_speed=28.18102217)
    vehicle1.changeLane(trigger_sequence=1, target_lane=3, target_speed=58.04858465)
    vehicle3.changeLane(trigger_sequence=1, target_lane=1, target_speed=14.17487286)
    vehicle1.decelerate(trigger_sequence=2, target_speed=12.69563038)
    vehicle3.accelerate(trigger_sequence=2, target_speed=57.28850845)
    vehicle1.decelerate(trigger_sequence=3, target_speed=0.62758567)
    vehicle3.accelerate(trigger_sequence=3, target_speed=56.59913886)
    vehicle3.changeLane(trigger_sequence=5, target_lane=3, target_speed=37.88826188)

2025-07-15 Tuesday 12:35:41  random_test.py : INFO  === Evaluation Finished === 
 Fitness: [inf, 0], Collision: False
2025-07-15 Tuesday 12:35:46  random_test.py : INFO  === Evaluate Testcase === 
 def testcase(self):
    vehicle1 = NPC(lane_id=2, offset=40.11485318, initial_speed=1.63725533)
    ego = NPC(lane_id=3, offset=16.66426459, initial_speed=39.49695589)
    vehicle1.accelerate(trigger_sequence=2, target_speed=39.0096534)
    vehicle1.accelerate(trigger_sequence=5, target_speed=35.45682477)

2025-07-15 Tuesday 12:35:46  random_test.py : INFO  === Evaluation Finished === 
 Fitness: [3.50114053095491, -0.0], Collision: False
2025-07-15 Tuesday 12:35:51  random_test.py : INFO  === Evaluate Testcase === 
 def testcase(self):
    ego = NPC(lane_id=4, offset=18.77642202, initial_speed=22.68412583)
    vehicle2 = NPC(lane_id=1, offset=27.78958944, initial_speed=12.77846731)
    vehicle3 = NPC(lane_id=2, offset=37.79694937, initial_speed=2.07046975)
    vehicle4 = NPC(lane_id=2, offset=12.50029079, initial_speed=20.72206348)
    vehicle3.accelerate(trigger_sequence=1, target_speed=31.96480978)
    vehicle4.decelerate(trigger_sequence=1, target_speed=10.45439543)
    vehicle3.decelerate(trigger_sequence=2, target_speed=10.86458735)
    vehicle4.changeLane(trigger_sequence=2, target_lane=1, target_speed=27.32561727)
    vehicle4.changeLane(trigger_sequence=3, target_lane=3, target_speed=10.40230443)
    vehicle4.decelerate(trigger_sequence=4, target_speed=2.03067642)
    vehicle4.accelerate(trigger_sequence=5, target_speed=38.7859465)

2025-07-15 Tuesday 12:35:51  random_test.py : INFO  === Evaluation Finished === 
 Fitness: [7.001126743941502, -0.0], Collision: False
2025-07-15 Tuesday 12:35:56  random_test.py : INFO  === Evaluate Testcase === 
 def testcase(self):
    ego = NPC(lane_id=5, offset=42.99311177, initial_speed=39.00168967)
    vehicle2 = NPC(lane_id=2, offset=11.05863184, initial_speed=2.29351299)
    vehicle2.changeLane(trigger_sequence=2, target_lane=3, target_speed=25.18436146)
    vehicle2.decelerate(trigger_sequence=4, target_speed=23.51225457)
    vehicle2.changeLane(trigger_sequence=5, target_lane=3, target_speed=48.07790662)

2025-07-15 Tuesday 12:35:56  random_test.py : INFO  === Evaluation Finished === 
 Fitness: [35.13063992992164, -0.0], Collision: False
2025-07-15 Tuesday 12:36:02  random_test.py : INFO  === Evaluate Testcase === 
 def testcase(self):
    ego = NPC(lane_id=4, offset=42.66834192, initial_speed=19.44595094)
    vehicle2 = NPC(lane_id=1, offset=12.96711991, initial_speed=35.94922501)
    vehicle3 = NPC(lane_id=3, offset=47.78204039, initial_speed=23.44392884)
    vehicle2.decelerate(trigger_sequence=2, target_speed=10.56852507)
    vehicle3.changeLane(trigger_sequence=2, target_lane=1, target_speed=5.8401007)
    vehicle3.accelerate(trigger_sequence=3, target_speed=58.79076695)
    vehicle3.decelerate(trigger_sequence=4, target_speed=6.44461976)

2025-07-15 Tuesday 12:36:02  random_test.py : INFO  === Evaluation Finished === 
 Fitness: [3.501799629744416, -0.005813953488372093], Collision: False
2025-07-15 Tuesday 12:36:07  random_test.py : INFO  === Evaluate Testcase === 
 def testcase(self):
    vehicle1 = NPC(lane_id=5, offset=34.14041402, initial_speed=26.71715792)
    ego = NPC(lane_id=5, offset=6.6070078, initial_speed=34.74663291)
    vehicle1.decelerate(trigger_sequence=1, target_speed=11.08682484)
    vehicle1.decelerate(trigger_sequence=2, target_speed=29.07003389)
    vehicle1.changeLane(trigger_sequence=4, target_lane=1, target_speed=1.84964693)

2025-07-15 Tuesday 12:36:07  random_test.py : INFO  === Evaluation Finished === 
 Fitness: [3.5001446161078498, -0.0], Collision: False
2025-07-15 Tuesday 12:36:13  random_test.py : INFO  === Evaluate Testcase === 
 def testcase(self):
    vehicle1 = NPC(lane_id=4, offset=36.26996413, initial_speed=4.38890833)
    vehicle2 = NPC(lane_id=5, offset=48.59232567, initial_speed=13.85385549)
    ego = NPC(lane_id=3, offset=24.31143693, initial_speed=24.42336)
    vehicle4 = NPC(lane_id=5, offset=18.08338503, initial_speed=8.79445811)
    vehicle2.accelerate(trigger_sequence=1, target_speed=46.56349417)
    vehicle1.accelerate(trigger_sequence=2, target_speed=58.49180839)
    vehicle2.decelerate(trigger_sequence=2, target_speed=29.80670397)
    vehicle4.changeLane(trigger_sequence=2, target_lane=3, target_speed=44.79828522)
    vehicle1.decelerate(trigger_sequence=3, target_speed=17.82948489)
    vehicle2.changeLane(trigger_sequence=3, target_lane=3, target_speed=5.29235998)
    vehicle1.accelerate(trigger_sequence=4, target_speed=47.28660245)
    vehicle2.changeLane(trigger_sequence=4, target_lane=3, target_speed=51.73641122)
    vehicle4.changeLane(trigger_sequence=4, target_lane=1, target_speed=29.56847814)
    vehicle1.changeLane(trigger_sequence=5, target_lane=3, target_speed=41.11752258)
    vehicle2.accelerate(trigger_sequence=5, target_speed=30.34916347)

2025-07-15 Tuesday 12:36:13  random_test.py : INFO  === Evaluation Finished === 
 Fitness: [3.4994400899834357, -0.0], Collision: False
2025-07-15 Tuesday 12:36:18  random_test.py : INFO  === Evaluate Testcase === 
 def testcase(self):
    vehicle1 = NPC(lane_id=2, offset=3.3401543, initial_speed=24.32541065)
    ego = NPC(lane_id=4, offset=37.42093436, initial_speed=11.7836979)
    vehicle1.accelerate(trigger_sequence=4, target_speed=34.57049294)
    vehicle1.changeLane(trigger_sequence=5, target_lane=3, target_speed=53.00427705)

2025-07-15 Tuesday 12:36:18  random_test.py : INFO  === Evaluation Finished === 
 Fitness: [26.231626820341933, -0.0], Collision: False
2025-07-15 Tuesday 12:36:23  random_test.py : INFO  === Evaluate Testcase === 
 def testcase(self):
    ego = NPC(lane_id=1, offset=46.57134018, initial_speed=10.32753311)
    vehicle2 = NPC(lane_id=4, offset=15.29519113, initial_speed=22.08593969)
    vehicle2.decelerate(trigger_sequence=4, target_speed=5.10881256)

2025-07-15 Tuesday 12:36:23  random_test.py : INFO  === Evaluation Finished === 
 Fitness: [30.946667707353015, -0.0028735632183908046], Collision: False
2025-07-15 Tuesday 12:36:27  random_test.py : INFO  === Evaluate Testcase === 
 def testcase(self):
    vehicle1 = NPC(lane_id=4, offset=18.5436024, initial_speed=30.01665195)
    ego = NPC(lane_id=3, offset=41.89156546, initial_speed=9.11765674)
    vehicle3 = NPC(lane_id=3, offset=46.38456111, initial_speed=16.16463535)
    vehicle4 = NPC(lane_id=2, offset=39.99280032, initial_speed=30.06440782)
    vehicle4.accelerate(trigger_sequence=1, target_speed=41.55035626)
    vehicle3.changeLane(trigger_sequence=2, target_lane=1, target_speed=38.08167729)
    vehicle4.changeLane(trigger_sequence=2, target_lane=3, target_speed=40.85479445)
    vehicle3.accelerate(trigger_sequence=3, target_speed=36.12001627)
    vehicle1.accelerate(trigger_sequence=4, target_speed=58.18548321)
    vehicle4.changeLane(trigger_sequence=5, target_lane=1, target_speed=39.07356313)

2025-07-15 Tuesday 12:36:27  random_test.py : INFO  === Evaluation Finished === 
 Fitness: [inf, 0], Collision: False
2025-07-15 Tuesday 12:36:33  random_test.py : INFO  === Evaluate Testcase === 
 def testcase(self):
    vehicle1 = NPC(lane_id=2, offset=1.53380838, initial_speed=33.39917586)
    vehicle2 = NPC(lane_id=4, offset=31.98070136, initial_speed=12.88849111)
    ego = NPC(lane_id=2, offset=13.57897925, initial_speed=18.16295115)
    vehicle4 = NPC(lane_id=3, offset=35.82321921, initial_speed=19.08264504)
    vehicle2.decelerate(trigger_sequence=1, target_speed=20.16615942)
    vehicle4.accelerate(trigger_sequence=3, target_speed=38.02030795)
    vehicle2.decelerate(trigger_sequence=4, target_speed=12.09804973)
    vehicle4.changeLane(trigger_sequence=4, target_lane=1, target_speed=26.7627901)
    vehicle1.decelerate(trigger_sequence=5, target_speed=2.53670445)

2025-07-15 Tuesday 12:36:33  random_test.py : INFO  === Evaluation Finished === 
 Fitness: [3.5004254542478197, -0.0], Collision: False
2025-07-15 Tuesday 12:36:38  random_test.py : INFO  === Evaluate Testcase === 
 def testcase(self):
    vehicle1 = NPC(lane_id=5, offset=46.78864819, initial_speed=16.91187086)
    vehicle2 = NPC(lane_id=3, offset=27.60941394, initial_speed=24.86169668)
    vehicle3 = NPC(lane_id=1, offset=19.86380708, initial_speed=25.48654522)
    ego = NPC(lane_id=2, offset=11.57120235, initial_speed=39.18491349)
    vehicle2.changeLane(trigger_sequence=1, target_lane=1, target_speed=30.02530051)
    vehicle1.accelerate(trigger_sequence=2, target_speed=38.86658204)
    vehicle3.changeLane(trigger_sequence=2, target_lane=3, target_speed=43.18311639)
    vehicle1.accelerate(trigger_sequence=3, target_speed=56.35697996)
    vehicle3.changeLane(trigger_sequence=3, target_lane=3, target_speed=11.7296229)
    vehicle1.changeLane(trigger_sequence=4, target_lane=1, target_speed=15.59944572)
    vehicle3.changeLane(trigger_sequence=4, target_lane=3, target_speed=56.89019043)

2025-07-15 Tuesday 12:36:38  random_test.py : INFO  === Evaluation Finished === 
 Fitness: [3.500218176268166, -0.0], Collision: False
2025-07-15 Tuesday 12:36:44  random_test.py : INFO  === Evaluate Testcase === 
 def testcase(self):
    ego = NPC(lane_id=3, offset=49.17617497, initial_speed=23.97530652)
    vehicle2 = NPC(lane_id=3, offset=14.09401006, initial_speed=3.96253184)
    vehicle3 = NPC(lane_id=2, offset=21.15988461, initial_speed=36.83130591)
    vehicle4 = NPC(lane_id=2, offset=48.97719342, initial_speed=24.35747601)
    vehicle2.accelerate(trigger_sequence=1, target_speed=49.54040669)
    vehicle3.accelerate(trigger_sequence=2, target_speed=52.49443604)
    vehicle4.changeLane(trigger_sequence=2, target_lane=1, target_speed=38.21216066)
    vehicle2.accelerate(trigger_sequence=3, target_speed=56.97108064)
    vehicle2.changeLane(trigger_sequence=4, target_lane=3, target_speed=3.65991968)
    vehicle3.changeLane(trigger_sequence=4, target_lane=1, target_speed=6.89674737)
    vehicle4.changeLane(trigger_sequence=4, target_lane=3, target_speed=47.76873451)
    vehicle4.decelerate(trigger_sequence=5, target_speed=11.27450752)

2025-07-15 Tuesday 12:36:44  random_test.py : INFO  === Evaluation Finished === 
 Fitness: [3.771252797949746, -0.0], Collision: False
2025-07-15 Tuesday 12:36:50  random_test.py : INFO  === Evaluate Testcase === 
 def testcase(self):
    vehicle1 = NPC(lane_id=5, offset=26.18406334, initial_speed=16.38316841)
    ego = NPC(lane_id=4, offset=2.35132712, initial_speed=22.33907239)
    vehicle3 = NPC(lane_id=4, offset=20.01750815, initial_speed=14.08994586)
    vehicle1.decelerate(trigger_sequence=1, target_speed=16.42289984)
    vehicle3.accelerate(trigger_sequence=2, target_speed=54.94602135)
    vehicle3.decelerate(trigger_sequence=3, target_speed=3.67844794)
    vehicle1.decelerate(trigger_sequence=4, target_speed=11.59036172)
    vehicle3.accelerate(trigger_sequence=4, target_speed=54.83080357)
    vehicle3.accelerate(trigger_sequence=5, target_speed=48.13112377)

2025-07-15 Tuesday 12:36:50  random_test.py : INFO  === Evaluation Finished === 
 Fitness: [3.502320409506506, -0.001937984496124031], Collision: False
2025-07-15 Tuesday 12:36:55  random_test.py : INFO  === Evaluate Testcase === 
 def testcase(self):
    vehicle1 = NPC(lane_id=4, offset=14.0542483, initial_speed=24.45686594)
    vehicle2 = NPC(lane_id=2, offset=11.78310383, initial_speed=18.6048803)
    ego = NPC(lane_id=1, offset=29.22656053, initial_speed=15.40008695)
    vehicle1.changeLane(trigger_sequence=1, target_lane=1, target_speed=40.58252787)
    vehicle2.decelerate(trigger_sequence=1, target_speed=20.98850244)
    vehicle1.changeLane(trigger_sequence=2, target_lane=1, target_speed=48.08312109)
    vehicle1.changeLane(trigger_sequence=5, target_lane=3, target_speed=23.66229943)
    vehicle2.decelerate(trigger_sequence=5, target_speed=25.15433076)

2025-07-15 Tuesday 12:36:55  random_test.py : INFO  === Evaluation Finished === 
 Fitness: [17.099408893831818, -0.0], Collision: False
2025-07-15 Tuesday 12:37:01  random_test.py : INFO  === Evaluate Testcase === 
 def testcase(self):
    vehicle1 = NPC(lane_id=2, offset=13.78893428, initial_speed=13.9407004)
    ego = NPC(lane_id=4, offset=10.27256332, initial_speed=4.95625995)
    vehicle1.decelerate(trigger_sequence=2, target_speed=23.50008183)
    vehicle1.changeLane(trigger_sequence=3, target_lane=3, target_speed=24.6088235)
    vehicle1.accelerate(trigger_sequence=5, target_speed=59.83774893)

2025-07-15 Tuesday 12:37:01  random_test.py : INFO  === Evaluation Finished === 
 Fitness: [7.000808459486753, -0.005649717514124294], Collision: False
2025-07-15 Tuesday 12:37:06  random_test.py : INFO  === Evaluate Testcase === 
 def testcase(self):
    vehicle1 = NPC(lane_id=3, offset=20.64577326, initial_speed=21.82233606)
    ego = NPC(lane_id=2, offset=42.68179224, initial_speed=11.73030304)
    vehicle1.accelerate(trigger_sequence=1, target_speed=44.44330003)
    vehicle1.decelerate(trigger_sequence=4, target_speed=12.63663701)
    vehicle1.accelerate(trigger_sequence=5, target_speed=37.17802496)

2025-07-15 Tuesday 12:37:06  random_test.py : INFO  === Evaluation Finished === 
 Fitness: [20.639441521455495, -0.0], Collision: False
2025-07-15 Tuesday 12:37:11  random_test.py : INFO  === Evaluate Testcase === 
 def testcase(self):
    vehicle1 = NPC(lane_id=3, offset=33.79802032, initial_speed=22.43761388)
    ego = NPC(lane_id=4, offset=17.43961647, initial_speed=33.52094573)
    vehicle3 = NPC(lane_id=4, offset=3.29691395, initial_speed=8.42277237)
    vehicle1.accelerate(trigger_sequence=1, target_speed=47.67138983)
    vehicle3.accelerate(trigger_sequence=1, target_speed=58.92983883)
    vehicle1.decelerate(trigger_sequence=2, target_speed=16.67369839)
    vehicle1.accelerate(trigger_sequence=3, target_speed=36.33312313)
    vehicle3.changeLane(trigger_sequence=4, target_lane=1, target_speed=20.27584151)

2025-07-15 Tuesday 12:37:11  random_test.py : INFO  === Evaluation Finished === 
 Fitness: [3.499753217193862, -0.0], Collision: False
2025-07-15 Tuesday 12:37:16  random_test.py : INFO  === Evaluate Testcase === 
 def testcase(self):
    vehicle1 = NPC(lane_id=4, offset=2.8759852, initial_speed=18.81254377)
    ego = NPC(lane_id=5, offset=32.66348598, initial_speed=15.812291)
    vehicle1.decelerate(trigger_sequence=1, target_speed=0.79430802)
    vehicle1.accelerate(trigger_sequence=3, target_speed=53.8625328)
    vehicle1.decelerate(trigger_sequence=5, target_speed=15.84293545)

2025-07-15 Tuesday 12:37:16  random_test.py : INFO  === Evaluation Finished === 
 Fitness: [29.899135014184424, -0.0], Collision: False
2025-07-15 Tuesday 12:37:21  random_test.py : INFO  === Evaluate Testcase === 
 def testcase(self):
    vehicle1 = NPC(lane_id=4, offset=41.73942526, initial_speed=3.61306511)
    ego = NPC(lane_id=5, offset=37.10069334, initial_speed=20.84604118)
    vehicle3 = NPC(lane_id=2, offset=0.03144441, initial_speed=24.28838113)
    vehicle3.changeLane(trigger_sequence=1, target_lane=3, target_speed=21.44251547)
    vehicle1.accelerate(trigger_sequence=2, target_speed=43.79353309)
    vehicle3.accelerate(trigger_sequence=2, target_speed=33.79649139)
    vehicle1.accelerate(trigger_sequence=3, target_speed=59.97521691)
    vehicle3.changeLane(trigger_sequence=3, target_lane=3, target_speed=7.11758827)
    vehicle3.changeLane(trigger_sequence=4, target_lane=1, target_speed=0.23655812)
    vehicle1.decelerate(trigger_sequence=5, target_speed=7.46324473)

2025-07-15 Tuesday 12:37:21  random_test.py : INFO  === Evaluation Finished === 
 Fitness: [3.494822499147497, -0.0], Collision: False
2025-07-15 Tuesday 12:37:27  random_test.py : INFO  === Evaluate Testcase === 
 def testcase(self):
    ego = NPC(lane_id=5, offset=11.06787031, initial_speed=7.60455764)
    vehicle2 = NPC(lane_id=3, offset=25.49722096, initial_speed=10.6603976)
    vehicle2.changeLane(trigger_sequence=4, target_lane=1, target_speed=28.30934078)

2025-07-15 Tuesday 12:37:27  random_test.py : INFO  === Evaluation Finished === 
 Fitness: [7.000201477314178, -0.002849002849002849], Collision: False
2025-07-15 Tuesday 12:37:31  random_test.py : INFO  === Evaluate Testcase === 
 def testcase(self):
    vehicle1 = NPC(lane_id=1, offset=26.58612118, initial_speed=17.92575048)
    vehicle2 = NPC(lane_id=1, offset=21.01423522, initial_speed=16.01740828)
    vehicle3 = NPC(lane_id=5, offset=4.68784934, initial_speed=34.62936374)
    ego = NPC(lane_id=5, offset=0.45099708, initial_speed=1.45107792)
    vehicle1.accelerate(trigger_sequence=1, target_speed=55.27645854)
    vehicle2.decelerate(trigger_sequence=2, target_speed=2.71578891)
    vehicle1.accelerate(trigger_sequence=3, target_speed=45.01802621)
    vehicle1.accelerate(trigger_sequence=4, target_speed=59.2129131)
    vehicle1.decelerate(trigger_sequence=5, target_speed=25.82154585)

2025-07-15 Tuesday 12:37:31  random_test.py : INFO  === Evaluation Finished === 
 Fitness: [inf, 0], Collision: False
2025-07-15 Tuesday 12:37:37  random_test.py : INFO  === Evaluate Testcase === 
 def testcase(self):
    vehicle1 = NPC(lane_id=2, offset=33.55446051, initial_speed=3.61123856)
    ego = NPC(lane_id=5, offset=4.57617433, initial_speed=7.37340531)
    vehicle3 = NPC(lane_id=4, offset=6.52465395, initial_speed=32.35714387)
    vehicle4 = NPC(lane_id=1, offset=31.22476122, initial_speed=17.85432887)
    vehicle3.accelerate(trigger_sequence=1, target_speed=55.56810682)
    vehicle4.accelerate(trigger_sequence=1, target_speed=40.46617537)
    vehicle1.changeLane(trigger_sequence=3, target_lane=1, target_speed=43.81467065)
    vehicle1.changeLane(trigger_sequence=4, target_lane=3, target_speed=53.07231053)
    vehicle3.decelerate(trigger_sequence=4, target_speed=27.8080231)
    vehicle1.decelerate(trigger_sequence=5, target_speed=0.22445777)

2025-07-15 Tuesday 12:37:37  random_test.py : INFO  === Evaluation Finished === 
 Fitness: [4.200035726894299, -0.0], Collision: False
2025-07-15 Tuesday 12:37:42  random_test.py : INFO  === Evaluate Testcase === 
 def testcase(self):
    vehicle1 = NPC(lane_id=1, offset=10.8092978, initial_speed=21.52677297)
    ego = NPC(lane_id=4, offset=29.75145094, initial_speed=32.04363193)
    vehicle1.changeLane(trigger_sequence=4, target_lane=3, target_speed=5.07080516)

2025-07-15 Tuesday 12:37:42  random_test.py : INFO  === Evaluation Finished === 
 Fitness: [22.565342147720298, -0.0], Collision: False
2025-07-15 Tuesday 12:37:47  random_test.py : INFO  === Evaluate Testcase === 
 def testcase(self):
    ego = NPC(lane_id=5, offset=26.53138645, initial_speed=5.69815479)
    vehicle2 = NPC(lane_id=2, offset=44.92014826, initial_speed=19.21616309)
    vehicle2.accelerate(trigger_sequence=1, target_speed=36.13059944)
    vehicle2.changeLane(trigger_sequence=3, target_lane=1, target_speed=33.70257123)
    vehicle2.decelerate(trigger_sequence=4, target_speed=2.95792446)
    vehicle2.changeLane(trigger_sequence=5, target_lane=1, target_speed=30.55314427)

2025-07-15 Tuesday 12:37:47  random_test.py : INFO  === Evaluation Finished === 
 Fitness: [10.499729519075542, -0.0056657223796034], Collision: False
2025-07-15 Tuesday 12:37:52  random_test.py : INFO  === Evaluate Testcase === 
 def testcase(self):
    ego = NPC(lane_id=5, offset=22.78316606, initial_speed=21.06636051)
    vehicle2 = NPC(lane_id=1, offset=43.95888703, initial_speed=29.46202781)
    vehicle3 = NPC(lane_id=5, offset=9.84644177, initial_speed=28.36341858)
    vehicle3.decelerate(trigger_sequence=3, target_speed=16.57065907)
    vehicle3.changeLane(trigger_sequence=4, target_lane=1, target_speed=22.14823484)

2025-07-15 Tuesday 12:37:52  random_test.py : INFO  === Evaluation Finished === 
 Fitness: [11.77749827772469, -0.0], Collision: False
2025-07-15 Tuesday 12:37:58  random_test.py : INFO  === Evaluate Testcase === 
 def testcase(self):
    vehicle1 = NPC(lane_id=1, offset=25.91554579, initial_speed=5.15639845)
    ego = NPC(lane_id=3, offset=30.9834551, initial_speed=11.2539229)
    vehicle3 = NPC(lane_id=5, offset=18.26756433, initial_speed=0.9414817)
    vehicle1.decelerate(trigger_sequence=1, target_speed=17.06308683)
    vehicle3.accelerate(trigger_sequence=2, target_speed=50.74372075)
    vehicle1.decelerate(trigger_sequence=4, target_speed=26.0787009)
    vehicle3.decelerate(trigger_sequence=4, target_speed=29.09974336)

2025-07-15 Tuesday 12:37:58  random_test.py : INFO  === Evaluation Finished === 
 Fitness: [8.926072729094928, -0.0], Collision: False
2025-07-15 Tuesday 12:38:03  random_test.py : INFO  === Evaluate Testcase === 
 def testcase(self):
    ego = NPC(lane_id=5, offset=41.09266666, initial_speed=11.4802116)
    vehicle2 = NPC(lane_id=4, offset=10.42123284, initial_speed=3.98372156)
    vehicle3 = NPC(lane_id=1, offset=27.66349906, initial_speed=20.13095367)
    vehicle3.changeLane(trigger_sequence=1, target_lane=3, target_speed=57.22223015)
    vehicle2.changeLane(trigger_sequence=2, target_lane=1, target_speed=53.5628027)
    vehicle2.decelerate(trigger_sequence=3, target_speed=4.55944567)
    vehicle3.changeLane(trigger_sequence=3, target_lane=3, target_speed=6.44095835)
    vehicle3.accelerate(trigger_sequence=4, target_speed=56.41630214)
    vehicle2.decelerate(trigger_sequence=5, target_speed=24.11283312)

2025-07-15 Tuesday 12:38:03  random_test.py : INFO  === Evaluation Finished === 
 Fitness: [6.037193500922433, -0.0], Collision: False
2025-07-15 Tuesday 12:38:08  random_test.py : INFO  === Evaluate Testcase === 
 def testcase(self):
    vehicle1 = NPC(lane_id=5, offset=47.55577635, initial_speed=9.71790728)
    ego = NPC(lane_id=4, offset=4.60185397, initial_speed=11.07568253)
    vehicle1.decelerate(trigger_sequence=1, target_speed=19.9426648)
    vehicle1.accelerate(trigger_sequence=5, target_speed=38.034657)

2025-07-15 Tuesday 12:38:08  random_test.py : INFO  === Evaluation Finished === 
 Fitness: [3.5011281226749538, -0.0], Collision: False
2025-07-15 Tuesday 12:38:14  random_test.py : INFO  === Evaluate Testcase === 
 def testcase(self):
    ego = NPC(lane_id=5, offset=4.53974176, initial_speed=22.85828141)
    vehicle2 = NPC(lane_id=5, offset=34.92366832, initial_speed=38.69014696)
    vehicle2.decelerate(trigger_sequence=2, target_speed=25.45757152)
    vehicle2.changeLane(trigger_sequence=4, target_lane=3, target_speed=42.56306886)

2025-07-15 Tuesday 12:38:14  random_test.py : INFO  === Evaluation Finished === 
 Fitness: [29.96891787676153, -0.0], Collision: False
2025-07-15 Tuesday 12:38:19  random_test.py : INFO  === Evaluate Testcase === 
 def testcase(self):
    ego = NPC(lane_id=2, offset=1.09387409, initial_speed=32.04099595)
    vehicle2 = NPC(lane_id=1, offset=30.11182711, initial_speed=18.08412765)
    vehicle3 = NPC(lane_id=2, offset=49.73473731, initial_speed=28.84957047)
    vehicle4 = NPC(lane_id=1, offset=48.37471969, initial_speed=7.18946909)
    vehicle2.changeLane(trigger_sequence=1, target_lane=3, target_speed=7.34198608)
    vehicle3.accelerate(trigger_sequence=1, target_speed=37.49457443)
    vehicle4.decelerate(trigger_sequence=1, target_speed=27.70214346)
    vehicle2.decelerate(trigger_sequence=2, target_speed=27.85215621)
    vehicle4.accelerate(trigger_sequence=2, target_speed=44.90023764)
    vehicle4.accelerate(trigger_sequence=3, target_speed=54.50798539)
    vehicle3.changeLane(trigger_sequence=4, target_lane=1, target_speed=4.12853435)
    vehicle4.decelerate(trigger_sequence=4, target_speed=0.66344803)
    vehicle3.accelerate(trigger_sequence=5, target_speed=30.90868548)
    vehicle4.changeLane(trigger_sequence=5, target_lane=3, target_speed=8.2920488)

2025-07-15 Tuesday 12:38:19  random_test.py : INFO  === Evaluation Finished === 
 Fitness: [3.4997686872523297, -0.0], Collision: False
2025-07-15 Tuesday 12:38:25  random_test.py : INFO  === Evaluate Testcase === 
 def testcase(self):
    vehicle1 = NPC(lane_id=3, offset=27.31496101, initial_speed=21.94361128)
    vehicle2 = NPC(lane_id=5, offset=3.58159752, initial_speed=9.31596437)
    ego = NPC(lane_id=5, offset=28.24010677, initial_speed=9.97277097)
    vehicle1.accelerate(trigger_sequence=1, target_speed=58.60554152)
    vehicle2.decelerate(trigger_sequence=1, target_speed=16.77239206)
    vehicle2.changeLane(trigger_sequence=2, target_lane=3, target_speed=6.1713375)
    vehicle1.changeLane(trigger_sequence=4, target_lane=3, target_speed=46.51456293)
    vehicle1.accelerate(trigger_sequence=5, target_speed=48.0778737)

2025-07-15 Tuesday 12:38:25  random_test.py : INFO  === Evaluation Finished === 
 Fitness: [6.991332149921014, -0.0], Collision: False
2025-07-15 Tuesday 12:38:30  random_test.py : INFO  === Evaluate Testcase === 
 def testcase(self):
    ego = NPC(lane_id=1, offset=42.49023934, initial_speed=18.24219374)
    vehicle2 = NPC(lane_id=5, offset=17.91428622, initial_speed=5.39606761)
    vehicle2.changeLane(trigger_sequence=3, target_lane=3, target_speed=36.48900687)
    vehicle2.decelerate(trigger_sequence=4, target_speed=2.24893451)
    vehicle2.decelerate(trigger_sequence=5, target_speed=11.88657984)

2025-07-15 Tuesday 12:38:30  random_test.py : INFO  === Evaluation Finished === 
 Fitness: [28.885506192127277, -0.0], Collision: False
2025-07-15 Tuesday 12:38:35  random_test.py : INFO  === Evaluate Testcase === 
 def testcase(self):
    ego = NPC(lane_id=4, offset=48.00102778, initial_speed=13.71949911)
    vehicle2 = NPC(lane_id=4, offset=37.03512773, initial_speed=34.4446)
    vehicle2.accelerate(trigger_sequence=1, target_speed=42.4177325)
    vehicle2.decelerate(trigger_sequence=2, target_speed=4.4199781)
    vehicle2.accelerate(trigger_sequence=3, target_speed=52.26240075)
    vehicle2.changeLane(trigger_sequence=5, target_lane=1, target_speed=6.22729125)

2025-07-15 Tuesday 12:38:35  random_test.py : INFO  === Evaluation Finished === 
 Fitness: [4.895485417421385, -0.0], Collision: False
2025-07-15 Tuesday 12:38:40  random_test.py : INFO  === Evaluate Testcase === 
 def testcase(self):
    vehicle1 = NPC(lane_id=4, offset=31.23581632, initial_speed=30.17204477)
    ego = NPC(lane_id=4, offset=43.41903156, initial_speed=18.79984277)
    vehicle1.changeLane(trigger_sequence=1, target_lane=3, target_speed=10.74671871)

2025-07-15 Tuesday 12:38:40  random_test.py : INFO  === Evaluation Finished === 
 Fitness: [9.231553564707605, -0.0], Collision: False
2025-07-15 Tuesday 12:38:46  random_test.py : INFO  === Evaluate Testcase === 
 def testcase(self):
    ego = NPC(lane_id=5, offset=48.26952309, initial_speed=33.19538265)
    vehicle2 = NPC(lane_id=5, offset=25.95608426, initial_speed=4.03615033)
    vehicle3 = NPC(lane_id=3, offset=6.25976071, initial_speed=15.72163933)
    vehicle3.changeLane(trigger_sequence=1, target_lane=1, target_speed=41.11924291)
    vehicle2.decelerate(trigger_sequence=2, target_speed=1.71594875)
    vehicle3.decelerate(trigger_sequence=2, target_speed=17.56980568)
    vehicle2.accelerate(trigger_sequence=3, target_speed=54.71653308)
    vehicle3.accelerate(trigger_sequence=3, target_speed=49.43838899)

2025-07-15 Tuesday 12:38:46  random_test.py : INFO  === Evaluation Finished === 
 Fitness: [24.045286314762112, -0.0], Collision: False
2025-07-15 Tuesday 12:38:51  random_test.py : INFO  === Evaluate Testcase === 
 def testcase(self):
    vehicle1 = NPC(lane_id=4, offset=42.73009228, initial_speed=26.02292955)
    vehicle2 = NPC(lane_id=1, offset=15.56227111, initial_speed=24.77169501)
    ego = NPC(lane_id=5, offset=2.9536267, initial_speed=13.34693801)
    vehicle2.decelerate(trigger_sequence=1, target_speed=21.12151984)
    vehicle1.decelerate(trigger_sequence=2, target_speed=6.18127252)
    vehicle1.changeLane(trigger_sequence=5, target_lane=3, target_speed=35.5231391)

2025-07-15 Tuesday 12:38:51  random_test.py : INFO  === Evaluation Finished === 
 Fitness: [13.999951476155442, -0.0], Collision: False
2025-07-15 Tuesday 12:38:56  random_test.py : INFO  === Evaluate Testcase === 
 def testcase(self):
    ego = NPC(lane_id=4, offset=4.55064485, initial_speed=4.87607865)
    vehicle2 = NPC(lane_id=4, offset=17.27085668, initial_speed=29.9028026)
    vehicle2.decelerate(trigger_sequence=1, target_speed=21.09292282)
    vehicle2.accelerate(trigger_sequence=2, target_speed=47.86167541)
    vehicle2.decelerate(trigger_sequence=3, target_speed=4.54698284)
    vehicle2.decelerate(trigger_sequence=4, target_speed=9.71222053)

2025-07-15 Tuesday 12:38:56  random_test.py : INFO  === Evaluation Finished === 
 Fitness: [10.475586700341632, -0.00997506234413965], Collision: False
2025-07-15 Tuesday 12:39:01  random_test.py : INFO  === Evaluate Testcase === 
 def testcase(self):
    ego = NPC(lane_id=4, offset=28.98264795, initial_speed=33.17768354)
    vehicle2 = NPC(lane_id=4, offset=5.4150924, initial_speed=38.36991842)
    vehicle2.changeLane(trigger_sequence=2, target_lane=3, target_speed=10.70949768)
    vehicle2.accelerate(trigger_sequence=3, target_speed=35.01495517)
    vehicle2.accelerate(trigger_sequence=4, target_speed=36.31326164)

2025-07-15 Tuesday 12:39:01  random_test.py : INFO  === Evaluation Finished === 
 Fitness: [23.075509643780148, -0.0], Collision: False
2025-07-15 Tuesday 12:39:07  random_test.py : INFO  === Evaluate Testcase === 
 def testcase(self):
    vehicle1 = NPC(lane_id=3, offset=4.83704208, initial_speed=25.82465701)
    vehicle2 = NPC(lane_id=4, offset=46.62604248, initial_speed=2.95796209)
    ego = NPC(lane_id=1, offset=12.89402875, initial_speed=39.39229299)
    vehicle4 = NPC(lane_id=5, offset=23.21924301, initial_speed=36.53280996)
    vehicle2.accelerate(trigger_sequence=1, target_speed=58.86553418)
    vehicle4.changeLane(trigger_sequence=1, target_lane=1, target_speed=3.44763546)
    vehicle1.changeLane(trigger_sequence=2, target_lane=3, target_speed=49.50407315)
    vehicle4.accelerate(trigger_sequence=2, target_speed=51.41518403)
    vehicle1.decelerate(trigger_sequence=4, target_speed=24.17125939)
    vehicle2.decelerate(trigger_sequence=4, target_speed=12.60923265)
    vehicle4.changeLane(trigger_sequence=4, target_lane=3, target_speed=1.58242439)
    vehicle1.changeLane(trigger_sequence=5, target_lane=3, target_speed=6.37185244)
    vehicle4.accelerate(trigger_sequence=5, target_speed=36.5216712)

2025-07-15 Tuesday 12:39:07  random_test.py : INFO  === Evaluation Finished === 
 Fitness: [7.000228903388698, -0.0], Collision: False
2025-07-15 Tuesday 12:39:12  random_test.py : INFO  === Evaluate Testcase === 
 def testcase(self):
    ego = NPC(lane_id=4, offset=31.08666466, initial_speed=21.438334)
    vehicle2 = NPC(lane_id=5, offset=34.79693003, initial_speed=37.27611725)
    vehicle2.accelerate(trigger_sequence=4, target_speed=55.66739522)

2025-07-15 Tuesday 12:39:12  random_test.py : INFO  === Evaluation Finished === 
 Fitness: [4.840759991339869, -0.0], Collision: False
2025-07-15 Tuesday 12:39:18  random_test.py : INFO  === Evaluate Testcase === 
 def testcase(self):
    ego = NPC(lane_id=2, offset=37.21614279, initial_speed=32.05173975)
    vehicle2 = NPC(lane_id=5, offset=34.45918503, initial_speed=27.81858651)
    vehicle2.changeLane(trigger_sequence=1, target_lane=1, target_speed=48.82068818)
    vehicle2.accelerate(trigger_sequence=2, target_speed=37.9071738)
    vehicle2.accelerate(trigger_sequence=5, target_speed=47.14924541)

2025-07-15 Tuesday 12:39:18  random_test.py : INFO  === Evaluation Finished === 
 Fitness: [3.5001117859943642, -0.004672897196261682], Collision: False
2025-07-15 Tuesday 12:39:23  random_test.py : INFO  === Evaluate Testcase === 
 def testcase(self):
    vehicle1 = NPC(lane_id=5, offset=7.76469338, initial_speed=7.28019273)
    vehicle2 = NPC(lane_id=4, offset=10.75652923, initial_speed=15.77092104)
    ego = NPC(lane_id=3, offset=15.06672957, initial_speed=22.30017036)
    vehicle2.changeLane(trigger_sequence=1, target_lane=1, target_speed=3.2840349)
    vehicle2.decelerate(trigger_sequence=4, target_speed=5.20981233)
    vehicle1.changeLane(trigger_sequence=5, target_lane=1, target_speed=38.9153869)

2025-07-15 Tuesday 12:39:23  random_test.py : INFO  === Evaluation Finished === 
 Fitness: [6.381216932461461, -0.0], Collision: False
2025-07-15 Tuesday 12:39:29  random_test.py : INFO  === Evaluate Testcase === 
 def testcase(self):
    vehicle1 = NPC(lane_id=1, offset=40.59250446, initial_speed=25.39601981)
    ego = NPC(lane_id=1, offset=31.60365595, initial_speed=27.67128183)
    vehicle1.decelerate(trigger_sequence=2, target_speed=21.10123719)
    vehicle1.decelerate(trigger_sequence=3, target_speed=21.15688712)
    vehicle1.changeLane(trigger_sequence=4, target_lane=3, target_speed=12.22539829)
    vehicle1.changeLane(trigger_sequence=5, target_lane=1, target_speed=46.58329309)

2025-07-15 Tuesday 12:39:29  random_test.py : INFO  === Evaluation Finished === 
 Fitness: [3.503389819693376, -0.016563146997929608], Collision: False
2025-07-15 Tuesday 12:39:35  random_test.py : INFO  === Evaluate Testcase === 
 def testcase(self):
    vehicle1 = NPC(lane_id=2, offset=6.71204992, initial_speed=17.90786766)
    ego = NPC(lane_id=2, offset=30.74307478, initial_speed=39.59715406)
    vehicle3 = NPC(lane_id=1, offset=26.01672588, initial_speed=9.63332326)
    vehicle4 = NPC(lane_id=3, offset=9.24514321, initial_speed=8.91225906)
    vehicle3.changeLane(trigger_sequence=1, target_lane=1, target_speed=51.25871853)
    vehicle4.changeLane(trigger_sequence=1, target_lane=3, target_speed=17.41194508)
    vehicle1.accelerate(trigger_sequence=2, target_speed=47.55582448)
    vehicle3.changeLane(trigger_sequence=2, target_lane=3, target_speed=30.8107254)
    vehicle1.changeLane(trigger_sequence=3, target_lane=3, target_speed=15.89276997)
    vehicle3.accelerate(trigger_sequence=3, target_speed=31.42698969)
    vehicle3.changeLane(trigger_sequence=4, target_lane=3, target_speed=53.81613168)
    vehicle3.changeLane(trigger_sequence=5, target_lane=3, target_speed=29.4777715)
    vehicle4.decelerate(trigger_sequence=5, target_speed=20.28134039)

2025-07-15 Tuesday 12:39:35  random_test.py : INFO  === Evaluation Finished === 
 Fitness: [8.009286009576787, -0.0], Collision: False
2025-07-15 Tuesday 12:39:39  random_test.py : INFO  === Evaluate Testcase === 
 def testcase(self):
    vehicle1 = NPC(lane_id=5, offset=40.5519108, initial_speed=36.61710843)
    vehicle2 = NPC(lane_id=3, offset=1.28832811, initial_speed=14.04531643)
    ego = NPC(lane_id=5, offset=38.21394204, initial_speed=7.36407221)
    vehicle2.accelerate(trigger_sequence=1, target_speed=53.37834863)
    vehicle2.changeLane(trigger_sequence=2, target_lane=1, target_speed=0.687851)
    vehicle1.changeLane(trigger_sequence=3, target_lane=3, target_speed=9.80865055)
    vehicle2.changeLane(trigger_sequence=3, target_lane=1, target_speed=27.89338002)
    vehicle2.decelerate(trigger_sequence=4, target_speed=29.16094884)
    vehicle1.accelerate(trigger_sequence=5, target_speed=36.51536283)

2025-07-15 Tuesday 12:39:39  random_test.py : INFO  === Evaluation Finished === 
 Fitness: [inf, 0], Collision: False
2025-07-15 Tuesday 12:39:44  random_test.py : INFO  === Evaluate Testcase === 
 def testcase(self):
    ego = NPC(lane_id=1, offset=11.17704024, initial_speed=22.88961575)
    vehicle2 = NPC(lane_id=2, offset=19.83676626, initial_speed=4.54101163)
    vehicle2.changeLane(trigger_sequence=2, target_lane=3, target_speed=29.7039509)
    vehicle2.accelerate(trigger_sequence=3, target_speed=34.75344658)
    vehicle2.changeLane(trigger_sequence=4, target_lane=1, target_speed=1.07733662)

2025-07-15 Tuesday 12:39:44  random_test.py : INFO  === Evaluation Finished === 
 Fitness: [3.5026096705244045, -0.0], Collision: False
2025-07-15 Tuesday 12:39:49  random_test.py : INFO  === Evaluate Testcase === 
 def testcase(self):
    ego = NPC(lane_id=3, offset=29.89507457, initial_speed=20.21089331)
    vehicle2 = NPC(lane_id=1, offset=14.37877789, initial_speed=7.76582883)
    vehicle3 = NPC(lane_id=4, offset=49.44199628, initial_speed=0.51867735)
    vehicle3.changeLane(trigger_sequence=1, target_lane=3, target_speed=4.5401678)
    vehicle3.decelerate(trigger_sequence=4, target_speed=21.19806582)
    vehicle3.accelerate(trigger_sequence=5, target_speed=38.94606375)

2025-07-15 Tuesday 12:39:49  random_test.py : INFO  === Evaluation Finished === 
 Fitness: [3.5052585637213345, -0.0], Collision: False
2025-07-15 Tuesday 12:39:55  random_test.py : INFO  === Evaluate Testcase === 
 def testcase(self):
    vehicle1 = NPC(lane_id=2, offset=15.90076225, initial_speed=29.7650701)
    vehicle2 = NPC(lane_id=1, offset=29.92304392, initial_speed=19.42262151)
    ego = NPC(lane_id=3, offset=44.83829697, initial_speed=6.71874173)
    vehicle4 = NPC(lane_id=5, offset=5.26710338, initial_speed=4.5983275)
    vehicle4.decelerate(trigger_sequence=1, target_speed=19.10321106)
    vehicle1.decelerate(trigger_sequence=3, target_speed=28.38177301)
    vehicle4.decelerate(trigger_sequence=3, target_speed=22.25238956)
    vehicle4.decelerate(trigger_sequence=4, target_speed=7.75422588)
    vehicle2.changeLane(trigger_sequence=5, target_lane=1, target_speed=45.3288695)
    vehicle4.changeLane(trigger_sequence=5, target_lane=3, target_speed=55.05204511)

2025-07-15 Tuesday 12:39:55  random_test.py : INFO  === Evaluation Finished === 
 Fitness: [14.317661908764675, -0.0], Collision: False
2025-07-15 Tuesday 12:40:00  random_test.py : INFO  === Evaluate Testcase === 
 def testcase(self):
    vehicle1 = NPC(lane_id=1, offset=14.37101309, initial_speed=24.8427571)
    ego = NPC(lane_id=1, offset=37.638374, initial_speed=15.64775227)
    vehicle3 = NPC(lane_id=2, offset=33.73020814, initial_speed=37.57994822)
    vehicle3.accelerate(trigger_sequence=1, target_speed=50.09473732)
    vehicle1.accelerate(trigger_sequence=2, target_speed=52.54405895)
    vehicle1.changeLane(trigger_sequence=3, target_lane=3, target_speed=39.15450477)
    vehicle1.changeLane(trigger_sequence=4, target_lane=3, target_speed=30.51613763)
    vehicle3.decelerate(trigger_sequence=5, target_speed=2.8913232)

2025-07-15 Tuesday 12:40:00  random_test.py : INFO  === Evaluation Finished === 
 Fitness: [3.5080230157286554, -0.0], Collision: False
2025-07-15 Tuesday 12:40:05  random_test.py : INFO  === Evaluate Testcase === 
 def testcase(self):
    ego = NPC(lane_id=2, offset=18.13630459, initial_speed=35.22571979)
    vehicle2 = NPC(lane_id=2, offset=37.25142278, initial_speed=23.03033715)
    vehicle2.accelerate(trigger_sequence=1, target_speed=42.4444877)
    vehicle2.decelerate(trigger_sequence=2, target_speed=28.63723376)
    vehicle2.changeLane(trigger_sequence=4, target_lane=1, target_speed=35.34196714)
    vehicle2.accelerate(trigger_sequence=5, target_speed=59.37387993)

2025-07-15 Tuesday 12:40:05  random_test.py : INFO  === Evaluation Finished === 
 Fitness: [10.389545033285705, -0.002717391304347826], Collision: False
2025-07-15 Tuesday 12:40:11  random_test.py : INFO  === Evaluate Testcase === 
 def testcase(self):
    vehicle1 = NPC(lane_id=5, offset=28.41462246, initial_speed=10.47876553)
    vehicle2 = NPC(lane_id=2, offset=19.80654404, initial_speed=24.76889663)
    ego = NPC(lane_id=2, offset=2.78362995, initial_speed=19.88782322)
    vehicle1.decelerate(trigger_sequence=1, target_speed=6.94413755)
    vehicle1.changeLane(trigger_sequence=2, target_lane=1, target_speed=59.0601271)
    vehicle2.accelerate(trigger_sequence=2, target_speed=42.08518114)
    vehicle1.accelerate(trigger_sequence=4, target_speed=57.0492811)
    vehicle2.changeLane(trigger_sequence=4, target_lane=1, target_speed=20.53455769)
    vehicle1.changeLane(trigger_sequence=5, target_lane=1, target_speed=29.75344908)
    vehicle2.accelerate(trigger_sequence=5, target_speed=43.95516899)

2025-07-15 Tuesday 12:40:11  random_test.py : INFO  === Evaluation Finished === 
 Fitness: [3.5018322211905333, -0.010256410256410256], Collision: False
2025-07-15 Tuesday 12:40:16  random_test.py : INFO  === Evaluate Testcase === 
 def testcase(self):
    ego = NPC(lane_id=2, offset=23.05244928, initial_speed=15.1963381)
    vehicle2 = NPC(lane_id=5, offset=29.10088885, initial_speed=31.09151976)

2025-07-15 Tuesday 12:40:16  random_test.py : INFO  === Evaluation Finished === 
 Fitness: [10.500297456159085, -0.9447674418604651], Collision: False
2025-07-15 Tuesday 12:40:21  random_test.py : INFO  === Evaluate Testcase === 
 def testcase(self):
    ego = NPC(lane_id=5, offset=28.30595779, initial_speed=28.46089217)
    vehicle2 = NPC(lane_id=5, offset=17.73872051, initial_speed=34.18442293)
    vehicle2.accelerate(trigger_sequence=1, target_speed=51.83140884)
    vehicle2.changeLane(trigger_sequence=3, target_lane=3, target_speed=53.28047621)
    vehicle2.decelerate(trigger_sequence=4, target_speed=29.83616263)

2025-07-15 Tuesday 12:40:21  random_test.py : INFO  === Evaluation Finished === 
 Fitness: [3.5015552299227006, -0.0], Collision: False
2025-07-15 Tuesday 12:40:27  random_test.py : INFO  === Evaluate Testcase === 
 def testcase(self):
    ego = NPC(lane_id=5, offset=6.8838361, initial_speed=30.70331946)
    vehicle2 = NPC(lane_id=3, offset=20.84702753, initial_speed=10.32518032)
    vehicle3 = NPC(lane_id=4, offset=32.85263895, initial_speed=3.69270886)
    vehicle4 = NPC(lane_id=3, offset=4.00468658, initial_speed=20.62397579)
    vehicle3.changeLane(trigger_sequence=1, target_lane=3, target_speed=3.23189452)
    vehicle4.accelerate(trigger_sequence=1, target_speed=38.09687246)
    vehicle3.accelerate(trigger_sequence=2, target_speed=59.97163996)
    vehicle2.accelerate(trigger_sequence=3, target_speed=31.5176348)

2025-07-15 Tuesday 12:40:27  random_test.py : INFO  === Evaluation Finished === 
 Fitness: [3.5008285313598098, -0.0], Collision: False
2025-07-15 Tuesday 12:40:31  random_test.py : INFO  === Evaluate Testcase === 
 def testcase(self):
    ego = NPC(lane_id=2, offset=21.57879012, initial_speed=33.48109127)
    vehicle2 = NPC(lane_id=4, offset=38.10188935, initial_speed=17.68972927)
    vehicle3 = NPC(lane_id=4, offset=16.48418878, initial_speed=16.27939863)
    vehicle4 = NPC(lane_id=4, offset=34.56140166, initial_speed=35.84367369)
    vehicle2.accelerate(trigger_sequence=2, target_speed=53.94414478)
    vehicle4.accelerate(trigger_sequence=2, target_speed=56.77183728)
    vehicle4.decelerate(trigger_sequence=3, target_speed=13.62591973)
    vehicle2.accelerate(trigger_sequence=4, target_speed=44.86645074)
    vehicle4.accelerate(trigger_sequence=4, target_speed=32.9674109)
    vehicle2.changeLane(trigger_sequence=5, target_lane=1, target_speed=37.76897255)

2025-07-15 Tuesday 12:40:31  random_test.py : INFO  === Evaluation Finished === 
 Fitness: [inf, 0], Collision: False
2025-07-15 Tuesday 12:40:37  random_test.py : INFO  === Evaluate Testcase === 
 def testcase(self):
    vehicle1 = NPC(lane_id=3, offset=37.21242264, initial_speed=3.8088783)
    vehicle2 = NPC(lane_id=1, offset=33.97837979, initial_speed=17.17128141)
    vehicle3 = NPC(lane_id=2, offset=17.83211675, initial_speed=8.24732409)
    ego = NPC(lane_id=5, offset=22.04363768, initial_speed=34.62174403)
    vehicle1.accelerate(trigger_sequence=1, target_speed=44.20744477)
    vehicle3.accelerate(trigger_sequence=1, target_speed=31.75784796)
    vehicle1.changeLane(trigger_sequence=2, target_lane=1, target_speed=32.04990153)
    vehicle2.accelerate(trigger_sequence=2, target_speed=38.95220473)
    vehicle3.accelerate(trigger_sequence=2, target_speed=40.78389429)
    vehicle1.decelerate(trigger_sequence=3, target_speed=1.8499219)
    vehicle2.accelerate(trigger_sequence=3, target_speed=32.13967664)
    vehicle3.accelerate(trigger_sequence=3, target_speed=49.36251104)
    vehicle2.changeLane(trigger_sequence=5, target_lane=1, target_speed=34.50762884)

2025-07-15 Tuesday 12:40:37  random_test.py : INFO  === Evaluation Finished === 
 Fitness: [7.002924203787415, -0.0], Collision: False
2025-07-15 Tuesday 12:40:41  random_test.py : INFO  === Evaluate Testcase === 
 def testcase(self):
    vehicle1 = NPC(lane_id=4, offset=26.26786614, initial_speed=17.0095428)
    vehicle2 = NPC(lane_id=4, offset=26.74895558, initial_speed=31.83880915)
    ego = NPC(lane_id=4, offset=23.87949522, initial_speed=18.61098116)
    vehicle2.changeLane(trigger_sequence=1, target_lane=1, target_speed=23.30471352)
    vehicle1.changeLane(trigger_sequence=2, target_lane=3, target_speed=58.20051708)
    vehicle2.changeLane(trigger_sequence=2, target_lane=3, target_speed=48.46914806)
    vehicle1.decelerate(trigger_sequence=3, target_speed=14.64807951)
    vehicle1.decelerate(trigger_sequence=4, target_speed=0.70093086)
    vehicle2.decelerate(trigger_sequence=5, target_speed=9.47098424)

2025-07-15 Tuesday 12:40:41  random_test.py : INFO  === Evaluation Finished === 
 Fitness: [inf, 0], Collision: False
2025-07-15 Tuesday 12:40:46  random_test.py : INFO  === Evaluate Testcase === 
 def testcase(self):
    ego = NPC(lane_id=5, offset=35.31916109, initial_speed=26.61466696)
    vehicle2 = NPC(lane_id=3, offset=11.6082772, initial_speed=11.4321508)
    vehicle3 = NPC(lane_id=3, offset=4.15446112, initial_speed=9.68517291)
    vehicle3.accelerate(trigger_sequence=2, target_speed=47.3566124)
    vehicle3.accelerate(trigger_sequence=3, target_speed=49.37094314)
    vehicle2.changeLane(trigger_sequence=5, target_lane=1, target_speed=25.98845085)
    vehicle3.decelerate(trigger_sequence=5, target_speed=2.94306086)

2025-07-15 Tuesday 12:40:46  random_test.py : INFO  === Evaluation Finished === 
 Fitness: [25.835697202568973, -0.0], Collision: False
2025-07-15 Tuesday 12:40:52  random_test.py : INFO  === Evaluate Testcase === 
 def testcase(self):
    vehicle1 = NPC(lane_id=2, offset=32.58017054, initial_speed=5.80330626)
    vehicle2 = NPC(lane_id=5, offset=39.30725616, initial_speed=25.58229148)
    ego = NPC(lane_id=4, offset=27.34630418, initial_speed=33.70756745)
    vehicle4 = NPC(lane_id=3, offset=37.33979658, initial_speed=3.12926125)
    vehicle1.accelerate(trigger_sequence=1, target_speed=46.33065538)
    vehicle2.decelerate(trigger_sequence=1, target_speed=1.91839361)
    vehicle1.accelerate(trigger_sequence=2, target_speed=50.304975)
    vehicle4.decelerate(trigger_sequence=2, target_speed=13.83531989)
    vehicle2.changeLane(trigger_sequence=3, target_lane=3, target_speed=24.44386084)
    vehicle4.accelerate(trigger_sequence=3, target_speed=51.19397941)
    vehicle1.decelerate(trigger_sequence=4, target_speed=3.54099785)
    vehicle2.decelerate(trigger_sequence=4, target_speed=26.98920566)
    vehicle4.decelerate(trigger_sequence=4, target_speed=24.1909258)
    vehicle1.decelerate(trigger_sequence=5, target_speed=6.99145689)
    vehicle4.accelerate(trigger_sequence=5, target_speed=51.89020885)

2025-07-15 Tuesday 12:40:52  random_test.py : INFO  === Evaluation Finished === 
 Fitness: [3.4997008512609344, -0.0], Collision: False
2025-07-15 Tuesday 12:40:57  random_test.py : INFO  === Evaluate Testcase === 
 def testcase(self):
    ego = NPC(lane_id=2, offset=2.34154659, initial_speed=4.10968732)
    vehicle2 = NPC(lane_id=4, offset=49.35451826, initial_speed=26.76372145)
    vehicle2.changeLane(trigger_sequence=2, target_lane=1, target_speed=36.06102176)
    vehicle2.decelerate(trigger_sequence=4, target_speed=24.83786508)

2025-07-15 Tuesday 12:40:57  random_test.py : INFO  === Evaluation Finished === 
 Fitness: [32.08009473392341, -0.0], Collision: False
2025-07-15 Tuesday 12:41:03  random_test.py : INFO  === Evaluate Testcase === 
 def testcase(self):
    vehicle1 = NPC(lane_id=5, offset=35.09926418, initial_speed=37.67102539)
    ego = NPC(lane_id=4, offset=35.46193534, initial_speed=16.33757589)
    vehicle3 = NPC(lane_id=4, offset=18.95518775, initial_speed=2.30336643)
    vehicle4 = NPC(lane_id=3, offset=21.03012855, initial_speed=11.59003895)
    vehicle4.decelerate(trigger_sequence=1, target_speed=7.65046004)
    vehicle1.accelerate(trigger_sequence=2, target_speed=43.36322262)
    vehicle1.changeLane(trigger_sequence=3, target_lane=1, target_speed=10.78495284)
    vehicle3.changeLane(trigger_sequence=3, target_lane=3, target_speed=32.94321294)
    vehicle4.accelerate(trigger_sequence=4, target_speed=31.70372166)

2025-07-15 Tuesday 12:41:03  random_test.py : INFO  === Evaluation Finished === 
 Fitness: [3.509558348893312, -0.005], Collision: False
2025-07-15 Tuesday 12:41:08  random_test.py : INFO  === Evaluate Testcase === 
 def testcase(self):
    vehicle1 = NPC(lane_id=3, offset=32.01118836, initial_speed=7.57403655)
    ego = NPC(lane_id=4, offset=39.60141526, initial_speed=14.89783078)
    vehicle1.accelerate(trigger_sequence=1, target_speed=45.88351825)
    vehicle1.accelerate(trigger_sequence=4, target_speed=56.17648492)

2025-07-15 Tuesday 12:41:08  random_test.py : INFO  === Evaluation Finished === 
 Fitness: [8.825540154176549, -0.0], Collision: False
2025-07-15 Tuesday 12:41:14  random_test.py : INFO  === Evaluate Testcase === 
 def testcase(self):
    vehicle1 = NPC(lane_id=5, offset=36.21764995, initial_speed=13.28178137)
    vehicle2 = NPC(lane_id=2, offset=34.24441919, initial_speed=17.45410569)
    vehicle3 = NPC(lane_id=1, offset=43.64262969, initial_speed=25.54547326)
    ego = NPC(lane_id=3, offset=18.51471359, initial_speed=6.49069793)
    vehicle1.decelerate(trigger_sequence=1, target_speed=29.25352801)
    vehicle3.accelerate(trigger_sequence=1, target_speed=51.64642269)
    vehicle1.changeLane(trigger_sequence=2, target_lane=3, target_speed=2.94844846)
    vehicle3.accelerate(trigger_sequence=2, target_speed=35.27813819)
    vehicle2.decelerate(trigger_sequence=3, target_speed=5.0679337)
    vehicle3.changeLane(trigger_sequence=3, target_lane=3, target_speed=55.69294672)
    vehicle1.changeLane(trigger_sequence=4, target_lane=1, target_speed=20.01580228)
    vehicle3.decelerate(trigger_sequence=4, target_speed=15.51464097)
    vehicle2.accelerate(trigger_sequence=5, target_speed=38.91676944)

2025-07-15 Tuesday 12:41:14  random_test.py : INFO  === Evaluation Finished === 
 Fitness: [3.50007184976804, -0.0], Collision: False
2025-07-15 Tuesday 12:41:19  random_test.py : INFO  === Evaluate Testcase === 
 def testcase(self):
    ego = NPC(lane_id=4, offset=3.09903969, initial_speed=37.2125109)
    vehicle2 = NPC(lane_id=1, offset=38.7105999, initial_speed=17.04709959)
    vehicle3 = NPC(lane_id=5, offset=23.05019666, initial_speed=10.50905646)
    vehicle2.accelerate(trigger_sequence=1, target_speed=47.00874301)
    vehicle3.accelerate(trigger_sequence=1, target_speed=46.56685863)
    vehicle3.accelerate(trigger_sequence=2, target_speed=31.45401588)
    vehicle2.changeLane(trigger_sequence=3, target_lane=1, target_speed=8.95478231)
    vehicle2.accelerate(trigger_sequence=4, target_speed=52.36604497)
    vehicle3.changeLane(trigger_sequence=4, target_lane=3, target_speed=34.16312081)
    vehicle2.changeLane(trigger_sequence=5, target_lane=1, target_speed=39.30209976)

2025-07-15 Tuesday 12:41:19  random_test.py : INFO  === Evaluation Finished === 
 Fitness: [3.500008881147327, -0.0], Collision: False
2025-07-15 Tuesday 12:41:25  random_test.py : INFO  === Evaluate Testcase === 
 def testcase(self):
    vehicle1 = NPC(lane_id=5, offset=41.85054497, initial_speed=1.15634371)
    ego = NPC(lane_id=5, offset=45.99416285, initial_speed=36.63691543)
    vehicle3 = NPC(lane_id=2, offset=33.31582983, initial_speed=20.39482543)
    vehicle1.changeLane(trigger_sequence=2, target_lane=3, target_speed=12.4378961)
    vehicle3.decelerate(trigger_sequence=3, target_speed=14.91217433)
    vehicle1.changeLane(trigger_sequence=5, target_lane=1, target_speed=9.15753703)

2025-07-15 Tuesday 12:41:25  random_test.py : INFO  === Evaluation Finished === 
 Fitness: [6.146585076156137, -0.0], Collision: False
2025-07-15 Tuesday 12:41:29  random_test.py : INFO  === Evaluate Testcase === 
 def testcase(self):
    ego = NPC(lane_id=2, offset=42.18423973, initial_speed=13.3817631)
    vehicle2 = NPC(lane_id=2, offset=45.30117856, initial_speed=1.67492668)
    vehicle2.accelerate(trigger_sequence=1, target_speed=51.87921744)
    vehicle2.decelerate(trigger_sequence=3, target_speed=2.53785226)

2025-07-15 Tuesday 12:41:29  random_test.py : INFO  === Evaluation Finished === 
 Fitness: [inf, 0], Collision: False
2025-07-15 Tuesday 12:41:33  random_test.py : INFO  === Evaluate Testcase === 
 def testcase(self):
    vehicle1 = NPC(lane_id=5, offset=7.24738468, initial_speed=14.73083764)
    ego = NPC(lane_id=3, offset=2.07246227, initial_speed=15.23378661)
    vehicle3 = NPC(lane_id=3, offset=5.80950434, initial_speed=17.29007808)
    vehicle4 = NPC(lane_id=2, offset=9.52882506, initial_speed=14.90763292)
    vehicle3.accelerate(trigger_sequence=1, target_speed=34.50401632)
    vehicle4.decelerate(trigger_sequence=1, target_speed=0.24331268)
    vehicle4.decelerate(trigger_sequence=2, target_speed=0.15885777)
    vehicle3.changeLane(trigger_sequence=3, target_lane=1, target_speed=42.21229034)
    vehicle3.decelerate(trigger_sequence=4, target_speed=23.58669358)
    vehicle4.accelerate(trigger_sequence=4, target_speed=51.3610291)
    vehicle3.decelerate(trigger_sequence=5, target_speed=0.2242725)

2025-07-15 Tuesday 12:41:33  random_test.py : INFO  === Evaluation Finished === 
 Fitness: [inf, 0], Collision: False
2025-07-15 Tuesday 12:41:37  random_test.py : INFO  === Evaluate Testcase === 
 def testcase(self):
    vehicle1 = NPC(lane_id=5, offset=1.76672114, initial_speed=29.11302108)
    ego = NPC(lane_id=5, offset=4.89312882, initial_speed=3.30098604)
    vehicle3 = NPC(lane_id=5, offset=14.54503275, initial_speed=4.00836598)
    vehicle1.accelerate(trigger_sequence=2, target_speed=36.18753084)
    vehicle3.changeLane(trigger_sequence=2, target_lane=3, target_speed=18.31083333)
    vehicle3.changeLane(trigger_sequence=4, target_lane=1, target_speed=35.54201454)
    vehicle1.decelerate(trigger_sequence=5, target_speed=22.43212711)
    vehicle3.decelerate(trigger_sequence=5, target_speed=16.44078376)

2025-07-15 Tuesday 12:41:37  random_test.py : INFO  === Evaluation Finished === 
 Fitness: [inf, 0], Collision: False
2025-07-15 Tuesday 12:41:40  random_test.py : INFO  === Evaluate Testcase === 
 def testcase(self):
    ego = NPC(lane_id=2, offset=1.8487906, initial_speed=22.81158414)
    vehicle2 = NPC(lane_id=2, offset=6.14263562, initial_speed=4.73908227)
    vehicle2.changeLane(trigger_sequence=1, target_lane=1, target_speed=55.28425019)
    vehicle2.decelerate(trigger_sequence=3, target_speed=29.12169237)
    vehicle2.decelerate(trigger_sequence=4, target_speed=29.94082484)
    vehicle2.changeLane(trigger_sequence=5, target_lane=3, target_speed=49.15827438)

2025-07-15 Tuesday 12:41:40  random_test.py : INFO  === Evaluation Finished === 
 Fitness: [inf, 0], Collision: False
2025-07-15 Tuesday 12:41:44  random_test.py : INFO  === Evaluate Testcase === 
 def testcase(self):
    vehicle1 = NPC(lane_id=1, offset=22.08518285, initial_speed=18.70323776)
    vehicle2 = NPC(lane_id=4, offset=6.66991824, initial_speed=23.97799688)
    ego = NPC(lane_id=1, offset=21.69318969, initial_speed=4.02289534)
    vehicle1.accelerate(trigger_sequence=5, target_speed=41.52331976)

2025-07-15 Tuesday 12:41:44  random_test.py : INFO  === Evaluation Finished === 
 Fitness: [inf, 0], Collision: False
2025-07-15 Tuesday 12:41:50  random_test.py : INFO  === Evaluate Testcase === 
 def testcase(self):
    vehicle1 = NPC(lane_id=3, offset=29.49879925, initial_speed=22.93556663)
    vehicle2 = NPC(lane_id=5, offset=11.60366548, initial_speed=33.11758805)
    ego = NPC(lane_id=2, offset=9.02687325, initial_speed=0.49335282)
    vehicle2.changeLane(trigger_sequence=3, target_lane=3, target_speed=35.06181717)
    vehicle1.changeLane(trigger_sequence=4, target_lane=1, target_speed=42.39223035)
    vehicle2.decelerate(trigger_sequence=4, target_speed=20.87185194)
    vehicle1.decelerate(trigger_sequence=5, target_speed=22.95551613)

2025-07-15 Tuesday 12:41:50  random_test.py : INFO  === Evaluation Finished === 
 Fitness: [3.5002547577771916, -0.0], Collision: False
2025-07-15 Tuesday 12:41:56  random_test.py : INFO  === Evaluate Testcase === 
 def testcase(self):
    ego = NPC(lane_id=2, offset=0.26842307, initial_speed=3.04902161)
    vehicle2 = NPC(lane_id=2, offset=47.69912886, initial_speed=30.04304467)
    vehicle3 = NPC(lane_id=3, offset=40.48866465, initial_speed=13.14676592)
    vehicle2.decelerate(trigger_sequence=3, target_speed=2.22401476)
    vehicle3.decelerate(trigger_sequence=3, target_speed=21.68285261)
    vehicle3.accelerate(trigger_sequence=5, target_speed=50.70277453)

2025-07-15 Tuesday 12:41:56  random_test.py : INFO  === Evaluation Finished === 
 Fitness: [6.8804568183410675, -0.003367003367003367], Collision: False
2025-07-15 Tuesday 12:42:01  random_test.py : INFO  === Evaluate Testcase === 
 def testcase(self):
    vehicle1 = NPC(lane_id=2, offset=20.79428869, initial_speed=3.16199345)
    ego = NPC(lane_id=2, offset=26.97904755, initial_speed=6.35242613)
    vehicle3 = NPC(lane_id=3, offset=28.6654408, initial_speed=17.89742537)
    vehicle3.accelerate(trigger_sequence=1, target_speed=42.21609451)
    vehicle1.decelerate(trigger_sequence=2, target_speed=27.97255691)
    vehicle3.accelerate(trigger_sequence=2, target_speed=39.45644871)
    vehicle1.decelerate(trigger_sequence=3, target_speed=8.15908128)
    vehicle1.decelerate(trigger_sequence=5, target_speed=11.40244445)

2025-07-15 Tuesday 12:42:01  random_test.py : INFO  === Evaluation Finished === 
 Fitness: [3.4990936709958826, -0.0], Collision: False
2025-07-15 Tuesday 12:42:07  random_test.py : INFO  === Evaluate Testcase === 
 def testcase(self):
    vehicle1 = NPC(lane_id=3, offset=17.31977461, initial_speed=26.85504147)
    ego = NPC(lane_id=2, offset=33.97129256, initial_speed=10.41315776)
    vehicle1.decelerate(trigger_sequence=1, target_speed=29.20684099)
    vehicle1.changeLane(trigger_sequence=2, target_lane=1, target_speed=41.36070402)
    vehicle1.decelerate(trigger_sequence=4, target_speed=1.67230228)
    vehicle1.changeLane(trigger_sequence=5, target_lane=1, target_speed=32.37008779)

2025-07-15 Tuesday 12:42:07  random_test.py : INFO  === Evaluation Finished === 
 Fitness: [13.25065788407976, -0.0028735632183908046], Collision: False
2025-07-15 Tuesday 12:42:12  random_test.py : INFO  === Evaluate Testcase === 
 def testcase(self):
    vehicle1 = NPC(lane_id=1, offset=3.35500472, initial_speed=8.04339331)
    ego = NPC(lane_id=5, offset=32.87987499, initial_speed=38.2650363)
    vehicle1.changeLane(trigger_sequence=1, target_lane=1, target_speed=39.1642781)
    vehicle1.accelerate(trigger_sequence=2, target_speed=36.14550583)
    vehicle1.accelerate(trigger_sequence=4, target_speed=57.91050183)

2025-07-15 Tuesday 12:42:12  random_test.py : INFO  === Evaluation Finished === 
 Fitness: [34.01784628356644, -0.0], Collision: False
2025-07-15 Tuesday 12:42:17  random_test.py : INFO  === Evaluate Testcase === 
 def testcase(self):
    vehicle1 = NPC(lane_id=5, offset=32.9034107, initial_speed=21.69617369)
    ego = NPC(lane_id=2, offset=41.93702801, initial_speed=35.72818427)
    vehicle1.changeLane(trigger_sequence=1, target_lane=1, target_speed=11.1113651)
    vehicle1.decelerate(trigger_sequence=2, target_speed=24.57938641)

2025-07-15 Tuesday 12:42:17  random_test.py : INFO  === Evaluation Finished === 
 Fitness: [14.659410367050315, -0.0], Collision: False
2025-07-15 Tuesday 12:42:22  random_test.py : INFO  === Evaluate Testcase === 
 def testcase(self):
    ego = NPC(lane_id=1, offset=42.47170746, initial_speed=7.62057949)
    vehicle2 = NPC(lane_id=1, offset=16.81625926, initial_speed=23.58563655)
    vehicle3 = NPC(lane_id=3, offset=24.25182114, initial_speed=16.92372884)
    vehicle4 = NPC(lane_id=5, offset=38.77562374, initial_speed=1.91270406)
    vehicle2.decelerate(trigger_sequence=1, target_speed=0.90283967)
    vehicle4.decelerate(trigger_sequence=1, target_speed=7.97430362)
    vehicle3.accelerate(trigger_sequence=2, target_speed=47.11487849)
    vehicle3.changeLane(trigger_sequence=3, target_lane=3, target_speed=9.03169628)
    vehicle4.decelerate(trigger_sequence=3, target_speed=8.35056374)
    vehicle2.decelerate(trigger_sequence=4, target_speed=28.80936283)
    vehicle4.decelerate(trigger_sequence=4, target_speed=28.19465557)
    vehicle3.changeLane(trigger_sequence=5, target_lane=1, target_speed=33.1922265)

2025-07-15 Tuesday 12:42:22  random_test.py : INFO  === Evaluation Finished === 
 Fitness: [14.624723548258684, -0.0], Collision: False
2025-07-15 Tuesday 12:42:28  random_test.py : INFO  === Evaluate Testcase === 
 def testcase(self):
    ego = NPC(lane_id=4, offset=5.01914565, initial_speed=8.6061706)
    vehicle2 = NPC(lane_id=1, offset=14.43086868, initial_speed=36.00376346)
    vehicle3 = NPC(lane_id=3, offset=32.58177005, initial_speed=26.90278456)
    vehicle2.decelerate(trigger_sequence=1, target_speed=15.63703228)
    vehicle2.accelerate(trigger_sequence=2, target_speed=39.33237653)
    vehicle3.accelerate(trigger_sequence=2, target_speed=55.35016946)
    vehicle2.decelerate(trigger_sequence=3, target_speed=27.03675731)
    vehicle3.changeLane(trigger_sequence=3, target_lane=1, target_speed=56.74772365)
    vehicle3.accelerate(trigger_sequence=4, target_speed=35.26707208)
    vehicle3.decelerate(trigger_sequence=5, target_speed=4.63072776)

2025-07-15 Tuesday 12:42:28  random_test.py : INFO  === Evaluation Finished === 
 Fitness: [4.0754564989679904, -0.0], Collision: False
2025-07-15 Tuesday 12:42:33  random_test.py : INFO  === Evaluate Testcase === 
 def testcase(self):
    vehicle1 = NPC(lane_id=1, offset=35.82342875, initial_speed=20.16615523)
    ego = NPC(lane_id=4, offset=9.25472087, initial_speed=23.52912244)

2025-07-15 Tuesday 12:42:33  random_test.py : INFO  === Evaluation Finished === 
 Fitness: [10.499993512316243, -0.9646017699115044], Collision: False
2025-07-15 Tuesday 12:42:38  random_test.py : INFO  === Evaluate Testcase === 
 def testcase(self):
    ego = NPC(lane_id=4, offset=40.03253493, initial_speed=17.58598686)
    vehicle2 = NPC(lane_id=3, offset=16.65065047, initial_speed=3.8425809)
    vehicle2.changeLane(trigger_sequence=1, target_lane=3, target_speed=56.56662884)
    vehicle2.accelerate(trigger_sequence=3, target_speed=41.26371584)
    vehicle2.changeLane(trigger_sequence=4, target_lane=3, target_speed=14.59033653)
    vehicle2.decelerate(trigger_sequence=5, target_speed=27.45551996)

2025-07-15 Tuesday 12:42:38  random_test.py : INFO  === Evaluation Finished === 
 Fitness: [24.313165140695467, -0.0], Collision: False
2025-07-15 Tuesday 12:42:43  random_test.py : INFO  === Evaluate Testcase === 
 def testcase(self):
    vehicle1 = NPC(lane_id=1, offset=33.32951424, initial_speed=11.37034377)
    vehicle2 = NPC(lane_id=5, offset=27.15795147, initial_speed=15.54851275)
    ego = NPC(lane_id=1, offset=45.23757548, initial_speed=19.28079024)
    vehicle2.accelerate(trigger_sequence=2, target_speed=34.38051863)
    vehicle1.changeLane(trigger_sequence=3, target_lane=1, target_speed=11.40885529)
    vehicle1.decelerate(trigger_sequence=4, target_speed=27.70289041)
    vehicle2.decelerate(trigger_sequence=4, target_speed=27.0485618)
    vehicle1.accelerate(trigger_sequence=5, target_speed=31.86206252)
    vehicle2.changeLane(trigger_sequence=5, target_lane=3, target_speed=28.30076025)

2025-07-15 Tuesday 12:42:43  random_test.py : INFO  === Evaluation Finished === 
 Fitness: [12.663336924862694, -0.0], Collision: False
2025-07-15 Tuesday 12:42:48  random_test.py : INFO  === Evaluate Testcase === 
 def testcase(self):
    vehicle1 = NPC(lane_id=5, offset=14.34361564, initial_speed=33.27367196)
    ego = NPC(lane_id=2, offset=30.39758296, initial_speed=22.36511453)
    vehicle3 = NPC(lane_id=4, offset=1.24063347, initial_speed=1.47808686)
    vehicle1.decelerate(trigger_sequence=3, target_speed=2.89568063)
    vehicle3.accelerate(trigger_sequence=3, target_speed=49.05322432)
    vehicle1.changeLane(trigger_sequence=4, target_lane=3, target_speed=33.46045865)
    vehicle3.decelerate(trigger_sequence=4, target_speed=10.04217872)
    vehicle1.decelerate(trigger_sequence=5, target_speed=20.28565211)
    vehicle3.accelerate(trigger_sequence=5, target_speed=38.6216993)

2025-07-15 Tuesday 12:42:48  random_test.py : INFO  === Evaluation Finished === 
 Fitness: [16.77441139382908, -0.0], Collision: False
2025-07-15 Tuesday 12:42:53  random_test.py : INFO  === Evaluate Testcase === 
 def testcase(self):
    ego = NPC(lane_id=3, offset=4.19450591, initial_speed=4.10311421)
    vehicle2 = NPC(lane_id=2, offset=32.49769272, initial_speed=26.53496911)
    vehicle2.decelerate(trigger_sequence=3, target_speed=22.05123996)

2025-07-15 Tuesday 12:42:53  random_test.py : INFO  === Evaluation Finished === 
 Fitness: [3.4997738782181327, -0.0], Collision: False
2025-07-15 Tuesday 12:42:59  random_test.py : INFO  === Evaluate Testcase === 
 def testcase(self):
    vehicle1 = NPC(lane_id=4, offset=39.69286614, initial_speed=10.73547243)
    vehicle2 = NPC(lane_id=4, offset=25.39684222, initial_speed=33.80201821)
    ego = NPC(lane_id=3, offset=37.37157438, initial_speed=27.53276762)
    vehicle2.decelerate(trigger_sequence=2, target_speed=5.1083515)
    vehicle1.decelerate(trigger_sequence=3, target_speed=14.84161741)
    vehicle2.changeLane(trigger_sequence=3, target_lane=3, target_speed=15.2534237)
    vehicle1.decelerate(trigger_sequence=4, target_speed=3.94148127)
    vehicle2.decelerate(trigger_sequence=4, target_speed=21.23803297)
    vehicle2.decelerate(trigger_sequence=5, target_speed=9.63160025)

2025-07-15 Tuesday 12:42:59  random_test.py : INFO  === Evaluation Finished === 
 Fitness: [3.5087293219215163, -0.0], Collision: False
2025-07-15 Tuesday 12:43:04  random_test.py : INFO  === Evaluate Testcase === 
 def testcase(self):
    ego = NPC(lane_id=3, offset=33.66729249, initial_speed=14.39037679)
    vehicle2 = NPC(lane_id=4, offset=42.71904898, initial_speed=19.65125759)
    vehicle2.decelerate(trigger_sequence=3, target_speed=12.58532512)
    vehicle2.changeLane(trigger_sequence=5, target_lane=3, target_speed=19.92174627)

2025-07-15 Tuesday 12:43:04  random_test.py : INFO  === Evaluation Finished === 
 Fitness: [3.4999634089181013, -0.0], Collision: False
2025-07-15 Tuesday 12:43:09  random_test.py : INFO  === Evaluate Testcase === 
 def testcase(self):
    ego = NPC(lane_id=5, offset=33.5917031, initial_speed=17.63931042)
    vehicle2 = NPC(lane_id=3, offset=30.3939405, initial_speed=30.22166279)
    vehicle2.accelerate(trigger_sequence=1, target_speed=39.28781695)
    vehicle2.changeLane(trigger_sequence=2, target_lane=1, target_speed=46.02487231)
    vehicle2.accelerate(trigger_sequence=3, target_speed=59.51216493)
    vehicle2.changeLane(trigger_sequence=4, target_lane=3, target_speed=1.91065163)

2025-07-15 Tuesday 12:43:09  random_test.py : INFO  === Evaluation Finished === 
 Fitness: [6.998133468867383, -0.0], Collision: False
2025-07-15 Tuesday 12:43:14  random_test.py : INFO  === Evaluate Testcase === 
 def testcase(self):
    ego = NPC(lane_id=2, offset=45.92630955, initial_speed=21.09054021)
    vehicle2 = NPC(lane_id=4, offset=49.3644584, initial_speed=35.88851661)
    vehicle2.accelerate(trigger_sequence=1, target_speed=44.2263113)
    vehicle2.changeLane(trigger_sequence=4, target_lane=3, target_speed=24.10989568)

2025-07-15 Tuesday 12:43:14  random_test.py : INFO  === Evaluation Finished === 
 Fitness: [3.5007418317061103, -0.0], Collision: False
2025-07-15 Tuesday 12:43:20  random_test.py : INFO  === Evaluate Testcase === 
 def testcase(self):
    vehicle1 = NPC(lane_id=5, offset=20.32260425, initial_speed=28.94567583)
    vehicle2 = NPC(lane_id=3, offset=20.91564031, initial_speed=3.66974527)
    ego = NPC(lane_id=5, offset=29.37317206, initial_speed=14.24739681)
    vehicle1.changeLane(trigger_sequence=1, target_lane=3, target_speed=30.10936631)
    vehicle2.changeLane(trigger_sequence=1, target_lane=1, target_speed=28.06348177)
    vehicle2.changeLane(trigger_sequence=2, target_lane=3, target_speed=18.99117621)
    vehicle1.changeLane(trigger_sequence=3, target_lane=3, target_speed=9.75813406)
    vehicle2.accelerate(trigger_sequence=3, target_speed=59.52550761)
    vehicle2.decelerate(trigger_sequence=4, target_speed=5.13407529)
    vehicle2.accelerate(trigger_sequence=5, target_speed=31.06721238)

2025-07-15 Tuesday 12:43:20  random_test.py : INFO  === Evaluation Finished === 
 Fitness: [5.412958046513841, -0.0], Collision: False
2025-07-15 Tuesday 12:43:26  random_test.py : INFO  === Evaluate Testcase === 
 def testcase(self):
    ego = NPC(lane_id=3, offset=9.16864713, initial_speed=3.81431533)
    vehicle2 = NPC(lane_id=4, offset=14.37830237, initial_speed=16.24807888)
    vehicle3 = NPC(lane_id=2, offset=0.26851592, initial_speed=3.94352682)
    vehicle4 = NPC(lane_id=4, offset=34.38938934, initial_speed=27.8088738)
    vehicle3.decelerate(trigger_sequence=1, target_speed=7.14580094)
    vehicle2.accelerate(trigger_sequence=2, target_speed=59.85624747)
    vehicle3.decelerate(trigger_sequence=2, target_speed=8.55083373)
    vehicle4.accelerate(trigger_sequence=2, target_speed=49.84660873)
    vehicle2.accelerate(trigger_sequence=3, target_speed=39.68334473)
    vehicle2.decelerate(trigger_sequence=4, target_speed=22.9480234)
    vehicle3.decelerate(trigger_sequence=4, target_speed=0.07198813)
    vehicle3.decelerate(trigger_sequence=5, target_speed=16.3501661)
    vehicle4.decelerate(trigger_sequence=5, target_speed=25.24177422)

2025-07-15 Tuesday 12:43:26  random_test.py : INFO  === Evaluation Finished === 
 Fitness: [3.499747930663448, -0.0], Collision: False
2025-07-15 Tuesday 12:43:31  random_test.py : INFO  === Evaluate Testcase === 
 def testcase(self):
    vehicle1 = NPC(lane_id=1, offset=1.86422863, initial_speed=4.61383128)
    ego = NPC(lane_id=2, offset=21.42728727, initial_speed=32.0074873)
    vehicle3 = NPC(lane_id=4, offset=36.12501906, initial_speed=30.73998925)
    vehicle1.decelerate(trigger_sequence=1, target_speed=0.0945321)
    vehicle3.decelerate(trigger_sequence=1, target_speed=15.62849809)
    vehicle1.decelerate(trigger_sequence=3, target_speed=12.38640285)
    vehicle3.accelerate(trigger_sequence=3, target_speed=45.29810923)
    vehicle1.accelerate(trigger_sequence=4, target_speed=42.9165164)
    vehicle3.changeLane(trigger_sequence=4, target_lane=1, target_speed=0.62277595)
# 2
2025-07-15 Tuesday 12:43:31  random_test.py : INFO  === Evaluation Finished === 
 Fitness: [3.6926936456001367, -0.004291845493562232], Collision: True
2025-07-15 Tuesday 12:43:31  random_test.py : INFO  === Find a collision ===
2025-07-15 Tuesday 12:43:35  random_test.py : INFO  === Evaluate Testcase === 
 def testcase(self):
    vehicle1 = NPC(lane_id=5, offset=23.51619998, initial_speed=19.94777446)
    vehicle2 = NPC(lane_id=2, offset=28.80382732, initial_speed=9.29542681)
    ego = NPC(lane_id=5, offset=25.14489061, initial_speed=35.21649429)
    vehicle4 = NPC(lane_id=1, offset=38.14471689, initial_speed=29.19154232)
    vehicle1.decelerate(trigger_sequence=2, target_speed=7.73536459)
    vehicle2.accelerate(trigger_sequence=2, target_speed=43.70888331)
    vehicle1.accelerate(trigger_sequence=4, target_speed=53.27969012)
    vehicle2.decelerate(trigger_sequence=4, target_speed=5.6100089)
    vehicle4.changeLane(trigger_sequence=4, target_lane=3, target_speed=41.91512503)
    vehicle1.changeLane(trigger_sequence=5, target_lane=1, target_speed=11.09399912)

2025-07-15 Tuesday 12:43:35  random_test.py : INFO  === Evaluation Finished === 
 Fitness: [inf, 0], Collision: False
2025-07-15 Tuesday 12:43:41  random_test.py : INFO  === Evaluate Testcase === 
 def testcase(self):
    ego = NPC(lane_id=4, offset=44.68776474, initial_speed=27.46778009)
    vehicle2 = NPC(lane_id=5, offset=43.18497871, initial_speed=13.84041377)
    vehicle2.changeLane(trigger_sequence=2, target_lane=1, target_speed=57.74758064)
    vehicle2.accelerate(trigger_sequence=4, target_speed=51.52366547)

2025-07-15 Tuesday 12:43:41  random_test.py : INFO  === Evaluation Finished === 
 Fitness: [4.282358817849618, -0.0], Collision: False
2025-07-15 Tuesday 12:43:47  random_test.py : INFO  === Evaluate Testcase === 
 def testcase(self):
    vehicle1 = NPC(lane_id=5, offset=34.23346091, initial_speed=28.37354146)
    vehicle2 = NPC(lane_id=5, offset=49.37988021, initial_speed=39.44606869)
    ego = NPC(lane_id=1, offset=11.11308417, initial_speed=7.47884148)
    vehicle1.changeLane(trigger_sequence=1, target_lane=1, target_speed=8.13954554)
    vehicle2.changeLane(trigger_sequence=1, target_lane=1, target_speed=44.97247563)
    vehicle1.changeLane(trigger_sequence=2, target_lane=3, target_speed=13.16415178)
    vehicle2.decelerate(trigger_sequence=3, target_speed=27.13013729)
    vehicle1.accelerate(trigger_sequence=4, target_speed=34.1887009)
    vehicle2.accelerate(trigger_sequence=4, target_speed=44.33612638)
    vehicle1.changeLane(trigger_sequence=5, target_lane=3, target_speed=41.56588359)
    vehicle2.accelerate(trigger_sequence=5, target_speed=45.72534807)

2025-07-15 Tuesday 12:43:47  random_test.py : INFO  === Evaluation Finished === 
 Fitness: [7.117859305416592, -0.0], Collision: False
2025-07-15 Tuesday 12:43:52  random_test.py : INFO  === Evaluate Testcase === 
 def testcase(self):
    vehicle1 = NPC(lane_id=4, offset=22.21575918, initial_speed=37.67824336)
    ego = NPC(lane_id=4, offset=47.85041015, initial_speed=29.05132427)
    vehicle1.decelerate(trigger_sequence=2, target_speed=19.266226)
    vehicle1.decelerate(trigger_sequence=4, target_speed=26.25100043)
    vehicle1.decelerate(trigger_sequence=5, target_speed=11.79600823)

2025-07-15 Tuesday 12:43:52  random_test.py : INFO  === Evaluation Finished === 
 Fitness: [22.95941304539257, -0.0], Collision: False
2025-07-15 Tuesday 12:43:58  random_test.py : INFO  === Evaluate Testcase === 
 def testcase(self):
    vehicle1 = NPC(lane_id=1, offset=38.58204417, initial_speed=17.14499286)
    vehicle2 = NPC(lane_id=1, offset=10.65563852, initial_speed=37.86918536)
    ego = NPC(lane_id=5, offset=10.33584354, initial_speed=20.66608378)
    vehicle1.accelerate(trigger_sequence=1, target_speed=44.36299988)
    vehicle2.changeLane(trigger_sequence=1, target_lane=3, target_speed=23.8707462)
    vehicle2.decelerate(trigger_sequence=2, target_speed=5.07139132)
    vehicle1.accelerate(trigger_sequence=4, target_speed=56.24013792)
    vehicle2.accelerate(trigger_sequence=4, target_speed=39.39828943)
    vehicle1.changeLane(trigger_sequence=5, target_lane=3, target_speed=54.38972109)

2025-07-15 Tuesday 12:43:58  random_test.py : INFO  === Evaluation Finished === 
 Fitness: [11.018583816261437, -0.0], Collision: False
2025-07-15 Tuesday 12:44:04  random_test.py : INFO  === Evaluate Testcase === 
 def testcase(self):
    ego = NPC(lane_id=4, offset=22.38325262, initial_speed=31.89232863)
    vehicle2 = NPC(lane_id=4, offset=48.28960489, initial_speed=37.48849363)
    vehicle3 = NPC(lane_id=5, offset=27.66219717, initial_speed=31.56454364)
    vehicle4 = NPC(lane_id=1, offset=27.30570373, initial_speed=6.7580896)
    vehicle2.decelerate(trigger_sequence=1, target_speed=12.82861094)
    vehicle4.decelerate(trigger_sequence=1, target_speed=0.21171455)
    vehicle3.accelerate(trigger_sequence=2, target_speed=59.98725464)
    vehicle2.decelerate(trigger_sequence=5, target_speed=13.11318442)
    vehicle3.changeLane(trigger_sequence=5, target_lane=1, target_speed=11.93402136)

2025-07-15 Tuesday 12:44:04  random_test.py : INFO  === Evaluation Finished === 
 Fitness: [3.500272060481692, -0.0], Collision: False
2025-07-15 Tuesday 12:44:08  random_test.py : INFO  === Evaluate Testcase === 
 def testcase(self):
    vehicle1 = NPC(lane_id=3, offset=42.83054286, initial_speed=36.9414718)
    vehicle2 = NPC(lane_id=4, offset=48.13691097, initial_speed=5.94620449)
    ego = NPC(lane_id=3, offset=38.5120585, initial_speed=12.26839937)
    vehicle1.accelerate(trigger_sequence=1, target_speed=48.41874104)
    vehicle2.decelerate(trigger_sequence=1, target_speed=5.05998654)
    vehicle1.accelerate(trigger_sequence=3, target_speed=33.16725389)
    vehicle1.accelerate(trigger_sequence=4, target_speed=48.88972667)

2025-07-15 Tuesday 12:44:08  random_test.py : INFO  === Evaluation Finished === 
 Fitness: [inf, 0], Collision: False
2025-07-15 Tuesday 12:44:13  random_test.py : INFO  === Evaluate Testcase === 
 def testcase(self):
    ego = NPC(lane_id=1, offset=8.58230506, initial_speed=26.47103421)
    vehicle2 = NPC(lane_id=5, offset=37.48729403, initial_speed=35.30283147)
    vehicle2.changeLane(trigger_sequence=4, target_lane=1, target_speed=16.0468146)
# 2
2025-07-15 Tuesday 12:44:13  random_test.py : INFO  === Evaluation Finished === 
 Fitness: [3.0487067403401165, -0.004987531172069825], Collision: True
2025-07-15 Tuesday 12:44:13  random_test.py : INFO  === Find a coollision ===
2025-07-15 Tuesday 12:44:19  random_test.py : INFO  === Evaluate Testcase === 
 def testcase(self):
    ego = NPC(lane_id=1, offset=28.87738904, initial_speed=13.90751325)
    vehicle2 = NPC(lane_id=3, offset=2.98895541, initial_speed=16.87313296)
    vehicle2.changeLane(trigger_sequence=1, target_lane=1, target_speed=40.62010899)
    vehicle2.accelerate(trigger_sequence=3, target_speed=34.71962359)
    vehicle2.changeLane(trigger_sequence=4, target_lane=1, target_speed=27.79592083)
    vehicle2.changeLane(trigger_sequence=5, target_lane=1, target_speed=2.07737119)

2025-07-15 Tuesday 12:44:19  random_test.py : INFO  === Evaluation Finished === 
 Fitness: [26.70738594650447, -0.0], Collision: False
2025-07-15 Tuesday 12:44:25  random_test.py : INFO  === Evaluate Testcase === 
 def testcase(self):
    ego = NPC(lane_id=2, offset=46.99178767, initial_speed=11.81189776)
    vehicle2 = NPC(lane_id=2, offset=14.71648391, initial_speed=14.54630011)
    vehicle3 = NPC(lane_id=2, offset=8.40223338, initial_speed=4.12059421)
    vehicle2.changeLane(trigger_sequence=1, target_lane=3, target_speed=4.70428107)
    vehicle3.accelerate(trigger_sequence=1, target_speed=38.06415196)
    vehicle2.accelerate(trigger_sequence=2, target_speed=35.8528971)
    vehicle3.changeLane(trigger_sequence=2, target_lane=1, target_speed=1.06300763)
    vehicle2.accelerate(trigger_sequence=4, target_speed=42.82081262)
    vehicle2.changeLane(trigger_sequence=5, target_lane=3, target_speed=44.29683763)
    vehicle3.decelerate(trigger_sequence=5, target_speed=7.04177385)

2025-07-15 Tuesday 12:44:25  random_test.py : INFO  === Evaluation Finished === 
 Fitness: [32.116742840701576, -0.0], Collision: False
2025-07-15 Tuesday 12:44:31  random_test.py : INFO  === Evaluate Testcase === 
 def testcase(self):
    vehicle1 = NPC(lane_id=2, offset=21.88984314, initial_speed=1.22650595)
    ego = NPC(lane_id=2, offset=1.83868857, initial_speed=24.21937602)
    vehicle3 = NPC(lane_id=1, offset=0.03039965, initial_speed=30.796608)
    vehicle1.accelerate(trigger_sequence=1, target_speed=51.36439674)
    vehicle3.accelerate(trigger_sequence=1, target_speed=46.87498423)
    vehicle3.decelerate(trigger_sequence=2, target_speed=23.72156462)
    vehicle3.changeLane(trigger_sequence=3, target_lane=3, target_speed=45.52666483)
    vehicle3.accelerate(trigger_sequence=4, target_speed=34.88017423)
    vehicle1.decelerate(trigger_sequence=5, target_speed=8.42426527)
    vehicle3.accelerate(trigger_sequence=5, target_speed=38.58650991)

2025-07-15 Tuesday 12:44:31  random_test.py : INFO  === Evaluation Finished === 
 Fitness: [3.49269267533867, -0.0058823529411764705], Collision: False
2025-07-15 Tuesday 12:44:36  random_test.py : INFO  === Evaluate Testcase === 
 def testcase(self):
    ego = NPC(lane_id=1, offset=47.77676954, initial_speed=1.33756302)
    vehicle2 = NPC(lane_id=4, offset=44.82562919, initial_speed=38.28018685)
    vehicle3 = NPC(lane_id=5, offset=43.77838382, initial_speed=18.33933215)
    vehicle2.changeLane(trigger_sequence=2, target_lane=1, target_speed=57.15363464)
    vehicle2.accelerate(trigger_sequence=3, target_speed=49.49718487)
    vehicle3.decelerate(trigger_sequence=3, target_speed=9.81995943)

2025-07-15 Tuesday 12:44:36  random_test.py : INFO  === Evaluation Finished === 
 Fitness: [10.509539243888396, -0.0], Collision: False
2025-07-15 Tuesday 12:44:42  random_test.py : INFO  === Evaluate Testcase === 
 def testcase(self):
    vehicle1 = NPC(lane_id=1, offset=27.40943886, initial_speed=2.22739435)
    vehicle2 = NPC(lane_id=4, offset=5.34462662, initial_speed=16.65146376)
    ego = NPC(lane_id=2, offset=11.37772425, initial_speed=26.70745449)
    vehicle4 = NPC(lane_id=4, offset=38.10763441, initial_speed=21.43449396)
    vehicle1.changeLane(trigger_sequence=1, target_lane=1, target_speed=7.96549023)
    vehicle2.accelerate(trigger_sequence=1, target_speed=31.43369833)
    vehicle4.changeLane(trigger_sequence=1, target_lane=1, target_speed=8.6374672)
    vehicle1.accelerate(trigger_sequence=2, target_speed=35.9558245)
    vehicle2.changeLane(trigger_sequence=4, target_lane=3, target_speed=55.31877515)
    vehicle4.accelerate(trigger_sequence=4, target_speed=37.46264333)
    vehicle1.changeLane(trigger_sequence=5, target_lane=3, target_speed=3.21971538)
    vehicle2.decelerate(trigger_sequence=5, target_speed=29.45115652)

2025-07-15 Tuesday 12:44:42  random_test.py : INFO  === Evaluation Finished === 
 Fitness: [3.505529606182368, -0.0], Collision: False
2025-07-15 Tuesday 12:44:47  random_test.py : INFO  === Evaluate Testcase === 
 def testcase(self):
    vehicle1 = NPC(lane_id=3, offset=39.69134515, initial_speed=8.08467187)
    ego = NPC(lane_id=2, offset=43.62793805, initial_speed=5.78621057)
    vehicle1.changeLane(trigger_sequence=1, target_lane=3, target_speed=47.23512264)
    vehicle1.changeLane(trigger_sequence=2, target_lane=3, target_speed=51.12939112)
    vehicle1.accelerate(trigger_sequence=5, target_speed=55.49954736)

2025-07-15 Tuesday 12:44:47  random_test.py : INFO  === Evaluation Finished === 
 Fitness: [5.1191459654687765, -0.0028328611898017], Collision: False
2025-07-15 Tuesday 12:44:52  random_test.py : INFO  === Evaluate Testcase === 
 def testcase(self):
    ego = NPC(lane_id=3, offset=31.22062515, initial_speed=13.78472628)
    vehicle2 = NPC(lane_id=1, offset=36.76251321, initial_speed=17.72573804)
    vehicle2.decelerate(trigger_sequence=1, target_speed=26.93108709)
    vehicle2.accelerate(trigger_sequence=2, target_speed=51.56758907)

2025-07-15 Tuesday 12:44:52  random_test.py : INFO  === Evaluation Finished === 
 Fitness: [7.0016882930302105, -0.0], Collision: False
2025-07-15 Tuesday 12:44:58  random_test.py : INFO  === Evaluate Testcase === 
 def testcase(self):
    ego = NPC(lane_id=5, offset=23.49942019, initial_speed=10.53801891)
    vehicle2 = NPC(lane_id=1, offset=13.7141537, initial_speed=23.622657)
    vehicle3 = NPC(lane_id=2, offset=48.12395668, initial_speed=3.54257249)
    vehicle4 = NPC(lane_id=3, offset=33.91550642, initial_speed=6.2744735)
    vehicle3.decelerate(trigger_sequence=1, target_speed=20.9904391)
    vehicle3.accelerate(trigger_sequence=2, target_speed=38.21250355)
    vehicle4.decelerate(trigger_sequence=2, target_speed=4.9758346)
    vehicle4.accelerate(trigger_sequence=3, target_speed=39.07124947)
    vehicle3.decelerate(trigger_sequence=4, target_speed=27.15233772)
    vehicle3.decelerate(trigger_sequence=5, target_speed=9.90616004)
    vehicle4.accelerate(trigger_sequence=5, target_speed=33.84766624)

2025-07-15 Tuesday 12:44:58  random_test.py : INFO  === Evaluation Finished === 
 Fitness: [7.003041261984513, -0.0], Collision: False
2025-07-15 Tuesday 12:45:04  random_test.py : INFO  === Evaluate Testcase === 
 def testcase(self):
    vehicle1 = NPC(lane_id=5, offset=44.93309346, initial_speed=14.69012345)
    vehicle2 = NPC(lane_id=3, offset=34.66370357, initial_speed=19.94123449)
    ego = NPC(lane_id=3, offset=41.47539676, initial_speed=36.02900189)
    vehicle4 = NPC(lane_id=2, offset=38.31921144, initial_speed=25.85186037)
    vehicle1.accelerate(trigger_sequence=1, target_speed=52.18754707)
    vehicle2.decelerate(trigger_sequence=1, target_speed=25.24999781)
    vehicle4.changeLane(trigger_sequence=1, target_lane=3, target_speed=34.56908272)
    vehicle4.decelerate(trigger_sequence=3, target_speed=14.09274341)
    vehicle1.changeLane(trigger_sequence=4, target_lane=1, target_speed=30.61822832)

2025-07-15 Tuesday 12:45:04  random_test.py : INFO  === Evaluation Finished === 
 Fitness: [6.345722215555651, -0.0], Collision: False
2025-07-15 Tuesday 12:45:09  random_test.py : INFO  === Evaluate Testcase === 
 def testcase(self):
    vehicle1 = NPC(lane_id=3, offset=10.30333548, initial_speed=1.77789605)
    vehicle2 = NPC(lane_id=5, offset=48.7608821, initial_speed=35.20460585)
    vehicle3 = NPC(lane_id=4, offset=44.49963817, initial_speed=36.59260425)
    ego = NPC(lane_id=1, offset=14.62996797, initial_speed=30.03022749)
    vehicle3.changeLane(trigger_sequence=1, target_lane=3, target_speed=2.09857561)
    vehicle2.changeLane(trigger_sequence=2, target_lane=1, target_speed=56.66739447)
    vehicle2.decelerate(trigger_sequence=3, target_speed=8.18076581)
    vehicle3.decelerate(trigger_sequence=3, target_speed=13.87308498)
    vehicle1.changeLane(trigger_sequence=4, target_lane=1, target_speed=45.84174399)
    vehicle1.changeLane(trigger_sequence=5, target_lane=1, target_speed=2.71540748)
    vehicle2.changeLane(trigger_sequence=5, target_lane=1, target_speed=41.77949601)

2025-07-15 Tuesday 12:45:09  random_test.py : INFO  === Evaluation Finished === 
 Fitness: [8.277441377106795, -0.0], Collision: False
2025-07-15 Tuesday 12:45:15  random_test.py : INFO  === Evaluate Testcase === 
 def testcase(self):
    vehicle1 = NPC(lane_id=1, offset=22.87162629, initial_speed=0.20282103)
    ego = NPC(lane_id=4, offset=39.91012954, initial_speed=25.38168654)
    vehicle3 = NPC(lane_id=5, offset=19.97966481, initial_speed=4.10589354)
    vehicle4 = NPC(lane_id=1, offset=8.13773605, initial_speed=2.21260827)
    vehicle1.changeLane(trigger_sequence=2, target_lane=3, target_speed=10.29697325)
    vehicle4.accelerate(trigger_sequence=2, target_speed=34.58133688)
    vehicle1.decelerate(trigger_sequence=3, target_speed=3.35269854)
    vehicle3.decelerate(trigger_sequence=3, target_speed=22.57513024)
    vehicle1.accelerate(trigger_sequence=4, target_speed=50.46227654)
    vehicle3.decelerate(trigger_sequence=4, target_speed=6.97815112)
    vehicle4.decelerate(trigger_sequence=4, target_speed=28.19466322)
    vehicle1.changeLane(trigger_sequence=5, target_lane=1, target_speed=4.45420127)

2025-07-15 Tuesday 12:45:15  random_test.py : INFO  === Evaluation Finished === 
 Fitness: [21.522636240281596, -0.0], Collision: False
2025-07-15 Tuesday 12:45:20  random_test.py : INFO  === Evaluate Testcase === 
 def testcase(self):
    ego = NPC(lane_id=1, offset=26.49714678, initial_speed=10.81401687)
    vehicle2 = NPC(lane_id=2, offset=1.06603361, initial_speed=30.69593823)
    vehicle2.decelerate(trigger_sequence=1, target_speed=23.78092218)
    vehicle2.decelerate(trigger_sequence=2, target_speed=27.9363062)

2025-07-15 Tuesday 12:45:20  random_test.py : INFO  === Evaluation Finished === 
 Fitness: [20.328271365906982, -0.0], Collision: False
2025-07-15 Tuesday 12:45:26  random_test.py : INFO  === Evaluate Testcase === 
 def testcase(self):
    ego = NPC(lane_id=2, offset=36.43600569, initial_speed=28.29600579)
    vehicle2 = NPC(lane_id=5, offset=35.82369847, initial_speed=33.74852769)
    vehicle3 = NPC(lane_id=1, offset=1.63159196, initial_speed=10.83027506)
    vehicle4 = NPC(lane_id=5, offset=30.77455307, initial_speed=35.8497099)
    vehicle2.changeLane(trigger_sequence=1, target_lane=1, target_speed=51.74413744)
    vehicle3.accelerate(trigger_sequence=1, target_speed=37.79382923)
    vehicle2.changeLane(trigger_sequence=2, target_lane=1, target_speed=46.15851107)
    vehicle3.accelerate(trigger_sequence=2, target_speed=58.75924398)
    vehicle4.changeLane(trigger_sequence=2, target_lane=1, target_speed=35.21622137)
    vehicle2.accelerate(trigger_sequence=3, target_speed=59.47193507)
    vehicle4.changeLane(trigger_sequence=3, target_lane=3, target_speed=23.08211221)
    vehicle3.changeLane(trigger_sequence=4, target_lane=3, target_speed=23.41697453)
    vehicle4.decelerate(trigger_sequence=4, target_speed=8.05157552)
    vehicle2.changeLane(trigger_sequence=5, target_lane=1, target_speed=31.2522602)
    vehicle4.accelerate(trigger_sequence=5, target_speed=39.39390605)

2025-07-15 Tuesday 12:45:26  random_test.py : INFO  === Evaluation Finished === 
 Fitness: [7.000274291609021, -0.0], Collision: False
2025-07-15 Tuesday 12:45:32  random_test.py : INFO  === Evaluate Testcase === 
 def testcase(self):
    vehicle1 = NPC(lane_id=2, offset=49.6382583, initial_speed=31.97981341)
    vehicle2 = NPC(lane_id=4, offset=22.79778775, initial_speed=6.98068473)
    ego = NPC(lane_id=2, offset=14.33047031, initial_speed=8.33533439)
    vehicle4 = NPC(lane_id=4, offset=43.64910083, initial_speed=17.20480148)
    vehicle1.decelerate(trigger_sequence=1, target_speed=11.60871541)
    vehicle2.decelerate(trigger_sequence=1, target_speed=4.4696429)
    vehicle4.accelerate(trigger_sequence=1, target_speed=59.00413825)
    vehicle2.decelerate(trigger_sequence=2, target_speed=21.05174394)
    vehicle1.changeLane(trigger_sequence=4, target_lane=3, target_speed=13.46238795)
    vehicle2.decelerate(trigger_sequence=4, target_speed=2.22793447)
    vehicle1.decelerate(trigger_sequence=5, target_speed=0.49078082)

2025-07-15 Tuesday 12:45:32  random_test.py : INFO  === Evaluation Finished === 
 Fitness: [7.000422869559173, -0.0], Collision: False
2025-07-15 Tuesday 12:45:38  random_test.py : INFO  === Evaluate Testcase === 
 def testcase(self):
    vehicle1 = NPC(lane_id=2, offset=6.35850037, initial_speed=10.85874263)
    vehicle2 = NPC(lane_id=1, offset=12.4543074, initial_speed=3.22512856)
    ego = NPC(lane_id=1, offset=37.02248697, initial_speed=37.25922318)
    vehicle2.decelerate(trigger_sequence=1, target_speed=1.3377329)
    vehicle1.changeLane(trigger_sequence=2, target_lane=1, target_speed=55.43993171)
    vehicle2.changeLane(trigger_sequence=2, target_lane=3, target_speed=27.07477262)
    vehicle1.changeLane(trigger_sequence=3, target_lane=1, target_speed=22.7473575)
    vehicle2.accelerate(trigger_sequence=3, target_speed=39.82495577)

2025-07-15 Tuesday 12:45:38  random_test.py : INFO  === Evaluation Finished === 
 Fitness: [26.59304627591967, -0.0], Collision: False
2025-07-15 Tuesday 12:45:43  random_test.py : INFO  === Evaluate Testcase === 
 def testcase(self):
    ego = NPC(lane_id=1, offset=9.91787693, initial_speed=27.44070269)
    vehicle2 = NPC(lane_id=5, offset=9.22158132, initial_speed=32.09070493)
    vehicle2.decelerate(trigger_sequence=1, target_speed=18.78589629)
    vehicle2.changeLane(trigger_sequence=2, target_lane=3, target_speed=28.29980767)
    vehicle2.decelerate(trigger_sequence=4, target_speed=2.79775779)
    vehicle2.decelerate(trigger_sequence=5, target_speed=28.50330847)

2025-07-15 Tuesday 12:45:43  random_test.py : INFO  === Evaluation Finished === 
 Fitness: [14.004756464754669, -0.0], Collision: False
2025-07-15 Tuesday 12:45:47  random_test.py : INFO  === Evaluate Testcase === 
 def testcase(self):
    vehicle1 = NPC(lane_id=1, offset=22.97565785, initial_speed=17.54735713)
    vehicle2 = NPC(lane_id=3, offset=35.64168227, initial_speed=21.41825279)
    vehicle3 = NPC(lane_id=4, offset=24.2489399, initial_speed=11.89897507)
    ego = NPC(lane_id=1, offset=18.90190592, initial_speed=39.83799813)
    vehicle3.accelerate(trigger_sequence=1, target_speed=55.60026627)
    vehicle1.changeLane(trigger_sequence=2, target_lane=3, target_speed=41.70849357)
    vehicle3.decelerate(trigger_sequence=2, target_speed=22.03752519)
    vehicle3.accelerate(trigger_sequence=3, target_speed=53.81048279)
    vehicle1.accelerate(trigger_sequence=4, target_speed=38.74016715)
    vehicle3.changeLane(trigger_sequence=4, target_lane=1, target_speed=29.03288928)
    vehicle1.changeLane(trigger_sequence=5, target_lane=3, target_speed=35.57836589)
    vehicle2.accelerate(trigger_sequence=5, target_speed=33.31551341)
    vehicle3.decelerate(trigger_sequence=5, target_speed=24.14172637)

2025-07-15 Tuesday 12:45:47  random_test.py : INFO  === Evaluation Finished === 
 Fitness: [inf, 0], Collision: False
2025-07-15 Tuesday 12:45:52  random_test.py : INFO  === Evaluate Testcase === 
 def testcase(self):
    ego = NPC(lane_id=2, offset=6.51040384, initial_speed=17.54762449)
    vehicle2 = NPC(lane_id=3, offset=49.39576544, initial_speed=25.15094281)
    vehicle3 = NPC(lane_id=5, offset=11.90558163, initial_speed=28.97435329)
    vehicle2.accelerate(trigger_sequence=1, target_speed=35.12668462)
    vehicle3.changeLane(trigger_sequence=2, target_lane=3, target_speed=51.97107558)
    vehicle3.decelerate(trigger_sequence=4, target_speed=20.82730709)

2025-07-15 Tuesday 12:45:52  random_test.py : INFO  === Evaluation Finished === 
 Fitness: [3.5008694149856368, -0.0], Collision: False
2025-07-15 Tuesday 12:45:57  random_test.py : INFO  === Evaluate Testcase === 
 def testcase(self):
    vehicle1 = NPC(lane_id=2, offset=10.78176853, initial_speed=24.0366858)
    ego = NPC(lane_id=1, offset=41.8176625, initial_speed=14.4156201)
    vehicle1.accelerate(trigger_sequence=1, target_speed=33.47220021)
    vehicle1.decelerate(trigger_sequence=2, target_speed=27.85590413)
    vehicle1.decelerate(trigger_sequence=3, target_speed=5.9438098)
    vehicle1.decelerate(trigger_sequence=5, target_speed=16.49259943)

2025-07-15 Tuesday 12:45:57  random_test.py : INFO  === Evaluation Finished === 
 Fitness: [29.57777988994692, -0.0], Collision: False
2025-07-15 Tuesday 12:46:03  random_test.py : INFO  === Evaluate Testcase === 
 def testcase(self):
    ego = NPC(lane_id=2, offset=28.78959649, initial_speed=30.7499085)
    vehicle2 = NPC(lane_id=3, offset=0.96288296, initial_speed=37.55421731)
    vehicle3 = NPC(lane_id=1, offset=8.75293822, initial_speed=11.0843459)
    vehicle4 = NPC(lane_id=3, offset=13.64602348, initial_speed=31.56012622)
    vehicle2.changeLane(trigger_sequence=1, target_lane=1, target_speed=11.68169928)
    vehicle4.decelerate(trigger_sequence=1, target_speed=21.30514555)
    vehicle2.accelerate(trigger_sequence=2, target_speed=48.99769077)
    vehicle2.decelerate(trigger_sequence=3, target_speed=18.65871732)
    vehicle3.decelerate(trigger_sequence=3, target_speed=11.59587058)
    vehicle4.accelerate(trigger_sequence=3, target_speed=33.86619769)
    vehicle2.accelerate(trigger_sequence=4, target_speed=44.1639732)
    vehicle3.changeLane(trigger_sequence=4, target_lane=1, target_speed=48.79344334)
    vehicle4.changeLane(trigger_sequence=4, target_lane=3, target_speed=27.56192604)
    vehicle2.accelerate(trigger_sequence=5, target_speed=31.14634961)
    vehicle4.accelerate(trigger_sequence=5, target_speed=48.01543478)

2025-07-15 Tuesday 12:46:03  random_test.py : INFO  === Evaluation Finished === 
 Fitness: [17.023683822044248, -0.0], Collision: False
2025-07-15 Tuesday 12:46:09  random_test.py : INFO  === Evaluate Testcase === 
 def testcase(self):
    vehicle1 = NPC(lane_id=3, offset=19.17014545, initial_speed=37.6451085)
    ego = NPC(lane_id=2, offset=38.97961145, initial_speed=1.21380058)
    vehicle3 = NPC(lane_id=4, offset=28.28707915, initial_speed=9.05278487)
    vehicle3.accelerate(trigger_sequence=1, target_speed=55.24849016)
    vehicle1.changeLane(trigger_sequence=2, target_lane=1, target_speed=0.57171568)
    vehicle3.decelerate(trigger_sequence=3, target_speed=1.7860158)
    vehicle1.accelerate(trigger_sequence=4, target_speed=53.40809719)
    vehicle3.accelerate(trigger_sequence=4, target_speed=49.21138708)
    vehicle1.accelerate(trigger_sequence=5, target_speed=53.65103979)
    vehicle3.decelerate(trigger_sequence=5, target_speed=29.91441111)

2025-07-15 Tuesday 12:46:09  random_test.py : INFO  === Evaluation Finished === 
 Fitness: [6.464763445536402, -0.0], Collision: False
2025-07-15 Tuesday 12:46:14  random_test.py : INFO  === Evaluate Testcase === 
 def testcase(self):
    vehicle1 = NPC(lane_id=1, offset=46.61323191, initial_speed=2.07958252)
    ego = NPC(lane_id=5, offset=42.93819376, initial_speed=29.7980602)
    vehicle3 = NPC(lane_id=5, offset=29.68014452, initial_speed=28.77070181)
    vehicle1.accelerate(trigger_sequence=1, target_speed=32.18302328)
    vehicle1.decelerate(trigger_sequence=2, target_speed=15.6868444)
    vehicle3.decelerate(trigger_sequence=2, target_speed=0.66799523)
    vehicle1.decelerate(trigger_sequence=4, target_speed=15.37241421)
    vehicle3.decelerate(trigger_sequence=5, target_speed=18.09455935)

2025-07-15 Tuesday 12:46:14  random_test.py : INFO  === Evaluation Finished === 
 Fitness: [13.99298359189943, -0.0], Collision: False
2025-07-15 Tuesday 12:46:20  random_test.py : INFO  === Evaluate Testcase === 
 def testcase(self):
    vehicle1 = NPC(lane_id=2, offset=46.33214569, initial_speed=20.19069019)
    vehicle2 = NPC(lane_id=3, offset=10.77538396, initial_speed=25.10941727)
    ego = NPC(lane_id=2, offset=26.91539182, initial_speed=17.88224967)
    vehicle1.changeLane(trigger_sequence=1, target_lane=1, target_speed=40.9144774)
    vehicle1.changeLane(trigger_sequence=2, target_lane=1, target_speed=16.31032659)
    vehicle2.decelerate(trigger_sequence=3, target_speed=11.35831495)
    vehicle1.changeLane(trigger_sequence=4, target_lane=3, target_speed=48.44630904)
    vehicle2.accelerate(trigger_sequence=4, target_speed=33.80566244)

2025-07-15 Tuesday 12:46:20  random_test.py : INFO  === Evaluation Finished === 
 Fitness: [11.176209278111767, -0.0], Collision: False
2025-07-15 Tuesday 12:46:25  random_test.py : INFO  === Evaluate Testcase === 
 def testcase(self):
    vehicle1 = NPC(lane_id=4, offset=27.5922023, initial_speed=18.46549348)
    ego = NPC(lane_id=3, offset=13.74791764, initial_speed=38.63745792)
    vehicle1.accelerate(trigger_sequence=1, target_speed=47.2856896)
    vehicle1.accelerate(trigger_sequence=2, target_speed=51.27357355)
    vehicle1.changeLane(trigger_sequence=3, target_lane=1, target_speed=53.61261297)
    vehicle1.accelerate(trigger_sequence=5, target_speed=55.17760839)

2025-07-15 Tuesday 12:46:25  random_test.py : INFO  === Evaluation Finished === 
 Fitness: [3.5000751254019047, -0.0], Collision: False
2025-07-15 Tuesday 12:46:31  random_test.py : INFO  === Evaluate Testcase === 
 def testcase(self):
    vehicle1 = NPC(lane_id=4, offset=17.28544261, initial_speed=23.79958875)
    vehicle2 = NPC(lane_id=5, offset=45.03120238, initial_speed=3.76240881)
    ego = NPC(lane_id=5, offset=27.49828476, initial_speed=21.49311146)
    vehicle2.changeLane(trigger_sequence=2, target_lane=3, target_speed=46.87906538)
    vehicle2.accelerate(trigger_sequence=3, target_speed=38.00653275)
    vehicle1.changeLane(trigger_sequence=4, target_lane=1, target_speed=4.70352744)
    vehicle1.accelerate(trigger_sequence=5, target_speed=43.08908569)

2025-07-15 Tuesday 12:46:31  random_test.py : INFO  === Evaluation Finished === 
 Fitness: [3.4986862050931964, -0.0021598272138228943], Collision: False
2025-07-15 Tuesday 12:46:36  random_test.py : INFO  === Evaluate Testcase === 
 def testcase(self):
    ego = NPC(lane_id=2, offset=46.81643358, initial_speed=24.28701153)
    vehicle2 = NPC(lane_id=4, offset=40.82212451, initial_speed=19.22404246)
    vehicle3 = NPC(lane_id=3, offset=15.21087293, initial_speed=25.21566886)
    vehicle2.accelerate(trigger_sequence=1, target_speed=58.87503725)
    vehicle3.decelerate(trigger_sequence=3, target_speed=23.00411271)
    vehicle3.accelerate(trigger_sequence=4, target_speed=50.40174857)
    vehicle3.changeLane(trigger_sequence=5, target_lane=3, target_speed=19.82449525)

2025-07-15 Tuesday 12:46:36  random_test.py : INFO  === Evaluation Finished === 
 Fitness: [7.000607447286113, -0.0], Collision: False
2025-07-15 Tuesday 12:46:41  random_test.py : INFO  === Evaluate Testcase === 
 def testcase(self):
    vehicle1 = NPC(lane_id=2, offset=46.76625196, initial_speed=16.88693134)
    vehicle2 = NPC(lane_id=2, offset=39.71031617, initial_speed=31.14572596)
    ego = NPC(lane_id=5, offset=31.53834559, initial_speed=37.97104771)
    vehicle2.changeLane(trigger_sequence=1, target_lane=3, target_speed=44.80017304)
    vehicle2.changeLane(trigger_sequence=2, target_lane=1, target_speed=27.20671668)
    vehicle1.decelerate(trigger_sequence=3, target_speed=26.91725149)
    vehicle1.changeLane(trigger_sequence=4, target_lane=3, target_speed=52.42054246)
    vehicle1.decelerate(trigger_sequence=5, target_speed=18.08175073)

2025-07-15 Tuesday 12:46:41  random_test.py : INFO  === Evaluation Finished === 
 Fitness: [10.499670394589813, -0.0], Collision: False
2025-07-15 Tuesday 12:46:47  random_test.py : INFO  === Evaluate Testcase === 
 def testcase(self):
    vehicle1 = NPC(lane_id=4, offset=10.09945423, initial_speed=10.18245284)
    vehicle2 = NPC(lane_id=2, offset=24.99890562, initial_speed=17.47529239)
    vehicle3 = NPC(lane_id=5, offset=32.95779558, initial_speed=23.79237847)
    ego = NPC(lane_id=5, offset=9.92833954, initial_speed=10.97655973)
    vehicle2.decelerate(trigger_sequence=1, target_speed=20.93174447)
    vehicle3.accelerate(trigger_sequence=2, target_speed=52.3220016)
    vehicle2.changeLane(trigger_sequence=3, target_lane=3, target_speed=55.40152691)
    vehicle3.accelerate(trigger_sequence=3, target_speed=31.55568874)
    vehicle2.decelerate(trigger_sequence=4, target_speed=18.48402234)
    vehicle1.decelerate(trigger_sequence=5, target_speed=25.82432616)
    vehicle2.decelerate(trigger_sequence=5, target_speed=4.77373131)
    vehicle3.decelerate(trigger_sequence=5, target_speed=4.39546215)

2025-07-15 Tuesday 12:46:47  random_test.py : INFO  === Evaluation Finished === 
 Fitness: [3.495040273712751, -0.005012531328320802], Collision: False
2025-07-15 Tuesday 12:46:52  random_test.py : INFO  === Evaluate Testcase === 
 def testcase(self):
    vehicle1 = NPC(lane_id=1, offset=8.35201488, initial_speed=31.63392219)
    ego = NPC(lane_id=3, offset=33.21923157, initial_speed=1.24565609)
    vehicle1.changeLane(trigger_sequence=1, target_lane=1, target_speed=38.72117006)
    vehicle1.changeLane(trigger_sequence=2, target_lane=3, target_speed=40.35514559)
    vehicle1.decelerate(trigger_sequence=3, target_speed=16.41797797)

2025-07-15 Tuesday 12:46:52  random_test.py : INFO  === Evaluation Finished === 
 Fitness: [16.456426219766858, -0.0], Collision: False
2025-07-15 Tuesday 12:46:56  random_test.py : INFO  === Evaluate Testcase === 
 def testcase(self):
    vehicle1 = NPC(lane_id=1, offset=29.00984625, initial_speed=30.08253514)
    ego = NPC(lane_id=1, offset=29.80868326, initial_speed=4.13249282)
    vehicle1.decelerate(trigger_sequence=3, target_speed=1.57845826)
    vehicle1.decelerate(trigger_sequence=5, target_speed=0.00019515)

2025-07-15 Tuesday 12:46:56  random_test.py : INFO  === Evaluation Finished === 
 Fitness: [inf, 0], Collision: False
2025-07-15 Tuesday 12:47:01  random_test.py : INFO  === Evaluate Testcase === 
 def testcase(self):
    vehicle1 = NPC(lane_id=2, offset=19.72871888, initial_speed=28.41843602)
    ego = NPC(lane_id=3, offset=41.20189925, initial_speed=12.95353423)
    vehicle1.decelerate(trigger_sequence=3, target_speed=15.48543501)

2025-07-15 Tuesday 12:47:01  random_test.py : INFO  === Evaluation Finished === 
 Fitness: [18.169421326374415, -0.0], Collision: False
2025-07-15 Tuesday 12:47:07  random_test.py : INFO  === Evaluate Testcase === 
 def testcase(self):
    ego = NPC(lane_id=5, offset=3.72715944, initial_speed=0.70872637)
    vehicle2 = NPC(lane_id=1, offset=22.8960043, initial_speed=32.90555512)
    vehicle3 = NPC(lane_id=4, offset=48.10710098, initial_speed=36.90591629)
    vehicle2.changeLane(trigger_sequence=1, target_lane=3, target_speed=37.15139559)
    vehicle2.accelerate(trigger_sequence=2, target_speed=33.4037552)
    vehicle2.changeLane(trigger_sequence=4, target_lane=3, target_speed=33.72938388)
    vehicle3.decelerate(trigger_sequence=4, target_speed=25.81666445)
    vehicle2.changeLane(trigger_sequence=5, target_lane=1, target_speed=10.02395293)

2025-07-15 Tuesday 12:47:07  random_test.py : INFO  === Evaluation Finished === 
 Fitness: [16.85944805187992, -0.0], Collision: False
2025-07-15 Tuesday 12:47:12  random_test.py : INFO  === Evaluate Testcase === 
 def testcase(self):
    vehicle1 = NPC(lane_id=2, offset=30.66290021, initial_speed=11.51110221)
    ego = NPC(lane_id=1, offset=14.4174851, initial_speed=34.38164653)
    vehicle1.decelerate(trigger_sequence=3, target_speed=6.78603703)
    vehicle1.changeLane(trigger_sequence=4, target_lane=1, target_speed=37.30315214)
    vehicle1.changeLane(trigger_sequence=5, target_lane=3, target_speed=14.59297984)

2025-07-15 Tuesday 12:47:12  random_test.py : INFO  === Evaluation Finished === 
 Fitness: [3.4994079904604196, -0.0], Collision: False
2025-07-15 Tuesday 12:47:18  random_test.py : INFO  === Evaluate Testcase === 
 def testcase(self):
    ego = NPC(lane_id=3, offset=39.28065629, initial_speed=34.07335799)
    vehicle2 = NPC(lane_id=1, offset=27.25642403, initial_speed=32.29962257)
    vehicle3 = NPC(lane_id=2, offset=18.18741905, initial_speed=21.38439212)
    vehicle4 = NPC(lane_id=5, offset=8.33365327, initial_speed=25.10998286)
    vehicle3.decelerate(trigger_sequence=1, target_speed=5.74020733)
    vehicle2.decelerate(trigger_sequence=2, target_speed=7.73981856)
    vehicle3.decelerate(trigger_sequence=2, target_speed=20.1796977)
    vehicle2.accelerate(trigger_sequence=3, target_speed=32.19490467)
    vehicle2.changeLane(trigger_sequence=4, target_lane=1, target_speed=56.2432244)
    vehicle3.changeLane(trigger_sequence=4, target_lane=1, target_speed=6.85802991)
    vehicle4.changeLane(trigger_sequence=4, target_lane=1, target_speed=0.48132456)
    vehicle2.accelerate(trigger_sequence=5, target_speed=36.42101817)
    vehicle3.decelerate(trigger_sequence=5, target_speed=5.87613409)
    vehicle4.changeLane(trigger_sequence=5, target_lane=3, target_speed=56.81810981)

2025-07-15 Tuesday 12:47:18  random_test.py : INFO  === Evaluation Finished === 
 Fitness: [14.799947791357903, -0.0], Collision: False
2025-07-15 Tuesday 12:47:24  random_test.py : INFO  === Evaluate Testcase === 
 def testcase(self):
    vehicle1 = NPC(lane_id=1, offset=37.64628718, initial_speed=8.72701769)
    vehicle2 = NPC(lane_id=4, offset=2.81188922, initial_speed=4.37345777)
    ego = NPC(lane_id=2, offset=18.19612369, initial_speed=1.57142289)
    vehicle4 = NPC(lane_id=4, offset=24.83555446, initial_speed=28.65331238)
    vehicle2.accelerate(trigger_sequence=1, target_speed=57.97125122)
    vehicle1.changeLane(trigger_sequence=2, target_lane=3, target_speed=38.26019268)
    vehicle4.changeLane(trigger_sequence=2, target_lane=1, target_speed=37.44832375)
    vehicle4.decelerate(trigger_sequence=3, target_speed=28.37440494)
    vehicle1.changeLane(trigger_sequence=4, target_lane=3, target_speed=1.09361004)
    vehicle2.changeLane(trigger_sequence=4, target_lane=1, target_speed=52.09555146)
    vehicle4.decelerate(trigger_sequence=4, target_speed=21.75752881)
    vehicle1.accelerate(trigger_sequence=5, target_speed=44.22510119)
    vehicle4.accelerate(trigger_sequence=5, target_speed=54.4953172)

2025-07-15 Tuesday 12:47:24  random_test.py : INFO  === Evaluation Finished === 
 Fitness: [3.5040995936611194, -0.0], Collision: False
2025-07-15 Tuesday 12:47:28  random_test.py : INFO  === Evaluate Testcase === 
 def testcase(self):
    ego = NPC(lane_id=1, offset=43.52826143, initial_speed=16.91196911)
    vehicle2 = NPC(lane_id=2, offset=45.09537601, initial_speed=32.31538087)
    vehicle3 = NPC(lane_id=2, offset=43.11139779, initial_speed=20.74807663)
    vehicle2.decelerate(trigger_sequence=2, target_speed=15.17605359)
    vehicle2.accelerate(trigger_sequence=3, target_speed=43.42775009)
    vehicle3.decelerate(trigger_sequence=4, target_speed=0.41930085)
    vehicle2.decelerate(trigger_sequence=5, target_speed=7.95036645)

2025-07-15 Tuesday 12:47:28  random_test.py : INFO  === Evaluation Finished === 
 Fitness: [inf, 0], Collision: False
2025-07-15 Tuesday 12:47:33  random_test.py : INFO  === Evaluate Testcase === 
 def testcase(self):
    vehicle1 = NPC(lane_id=5, offset=16.50600322, initial_speed=20.62951469)
    vehicle2 = NPC(lane_id=3, offset=29.51364957, initial_speed=18.87436362)
    vehicle3 = NPC(lane_id=4, offset=40.74527634, initial_speed=13.17785118)
    ego = NPC(lane_id=4, offset=48.7253215, initial_speed=28.16306036)
    vehicle1.decelerate(trigger_sequence=1, target_speed=20.22539142)
    vehicle2.decelerate(trigger_sequence=1, target_speed=19.20015477)
    vehicle1.decelerate(trigger_sequence=2, target_speed=14.12727467)
    vehicle3.changeLane(trigger_sequence=2, target_lane=1, target_speed=59.77642617)
    vehicle3.decelerate(trigger_sequence=3, target_speed=28.52129807)
    vehicle2.decelerate(trigger_sequence=4, target_speed=2.70180288)
    vehicle3.changeLane(trigger_sequence=4, target_lane=3, target_speed=54.13059158)
    vehicle1.decelerate(trigger_sequence=5, target_speed=9.15852737)
    vehicle2.decelerate(trigger_sequence=5, target_speed=2.4956359)

2025-07-15 Tuesday 12:47:33  random_test.py : INFO  === Evaluation Finished === 
 Fitness: [9.752555442993348, -0.0], Collision: False
2025-07-15 Tuesday 12:47:38  random_test.py : INFO  === Evaluate Testcase === 
 def testcase(self):
    vehicle1 = NPC(lane_id=1, offset=47.26619028, initial_speed=12.95553561)
    ego = NPC(lane_id=2, offset=49.60350658, initial_speed=36.49522157)
    vehicle3 = NPC(lane_id=1, offset=38.07520639, initial_speed=34.87613923)
    vehicle1.accelerate(trigger_sequence=3, target_speed=49.653963)
    vehicle3.accelerate(trigger_sequence=5, target_speed=54.80141456)

2025-07-15 Tuesday 12:47:38  random_test.py : INFO  === Evaluation Finished === 
 Fitness: [3.500084818643556, -0.0], Collision: False
2025-07-15 Tuesday 12:47:44  random_test.py : INFO  === Evaluate Testcase === 
 def testcase(self):
    vehicle1 = NPC(lane_id=2, offset=0.80924, initial_speed=17.18991568)
    ego = NPC(lane_id=2, offset=13.31662169, initial_speed=33.89374654)
    vehicle1.decelerate(trigger_sequence=1, target_speed=13.38882924)
    vehicle1.changeLane(trigger_sequence=3, target_lane=3, target_speed=36.91593139)
    vehicle1.changeLane(trigger_sequence=5, target_lane=1, target_speed=26.24362014)

2025-07-15 Tuesday 12:47:44  random_test.py : INFO  === Evaluation Finished === 
 Fitness: [13.68074691622827, -0.0], Collision: False
2025-07-15 Tuesday 12:47:48  simulate.py : INFO  Rear-end collision with vehicle 3545 ignored
2025-07-15 Tuesday 12:47:49  random_test.py : INFO  === Evaluate Testcase === 
 def testcase(self):
    vehicle1 = NPC(lane_id=4, offset=19.44440303, initial_speed=32.89452423)
    ego = NPC(lane_id=1, offset=33.58636442, initial_speed=11.63827584)
    vehicle1.accelerate(trigger_sequence=1, target_speed=32.29598278)
    vehicle1.changeLane(trigger_sequence=4, target_lane=1, target_speed=43.44342439)
    vehicle1.decelerate(trigger_sequence=5, target_speed=25.2049579)

2025-07-15 Tuesday 12:47:49  random_test.py : INFO  === Evaluation Finished === 
 Fitness: [4.419610058671408, -0.0029069767441860465], Collision: False
2025-07-15 Tuesday 12:47:55  random_test.py : INFO  === Evaluate Testcase === 
 def testcase(self):
    vehicle1 = NPC(lane_id=3, offset=29.26819112, initial_speed=25.95546747)
    vehicle2 = NPC(lane_id=2, offset=17.51021177, initial_speed=0.39088137)
    ego = NPC(lane_id=5, offset=19.56840396, initial_speed=8.3378826)
    vehicle4 = NPC(lane_id=4, offset=39.60611334, initial_speed=30.63729172)
    vehicle2.changeLane(trigger_sequence=1, target_lane=1, target_speed=37.65411193)
    vehicle1.accelerate(trigger_sequence=3, target_speed=34.03992625)
    vehicle2.decelerate(trigger_sequence=4, target_speed=28.12468455)
    vehicle4.accelerate(trigger_sequence=4, target_speed=45.40226006)
    vehicle1.accelerate(trigger_sequence=5, target_speed=59.71374728)
    vehicle4.decelerate(trigger_sequence=5, target_speed=24.28540214)

2025-07-15 Tuesday 12:47:55  random_test.py : INFO  === Evaluation Finished === 
 Fitness: [6.83253701141745, -0.0], Collision: False
2025-07-15 Tuesday 12:48:01  random_test.py : INFO  === Evaluate Testcase === 
 def testcase(self):
    vehicle1 = NPC(lane_id=2, offset=36.14260652, initial_speed=16.41146835)
    vehicle2 = NPC(lane_id=5, offset=44.67341047, initial_speed=2.18451315)
    ego = NPC(lane_id=5, offset=32.66098446, initial_speed=6.87856952)
    vehicle1.changeLane(trigger_sequence=1, target_lane=3, target_speed=52.49685615)
    vehicle2.decelerate(trigger_sequence=1, target_speed=21.3981788)
    vehicle1.changeLane(trigger_sequence=2, target_lane=1, target_speed=27.0834891)
    vehicle2.changeLane(trigger_sequence=3, target_lane=1, target_speed=39.62520065)
    vehicle2.changeLane(trigger_sequence=4, target_lane=3, target_speed=42.56140412)
    vehicle2.decelerate(trigger_sequence=5, target_speed=23.49282898)

2025-07-15 Tuesday 12:48:01  random_test.py : INFO  === Evaluation Finished === 
 Fitness: [10.453546182761642, -0.007246376811594203], Collision: False
2025-07-15 Tuesday 12:48:07  random_test.py : INFO  === Evaluate Testcase === 
 def testcase(self):
    vehicle1 = NPC(lane_id=4, offset=31.86095404, initial_speed=21.21431293)
    ego = NPC(lane_id=3, offset=20.39492824, initial_speed=39.00038112)
    vehicle3 = NPC(lane_id=4, offset=49.45836027, initial_speed=10.71252777)
    vehicle1.changeLane(trigger_sequence=1, target_lane=3, target_speed=39.86839353)
    vehicle3.accelerate(trigger_sequence=3, target_speed=56.2174592)
    vehicle1.decelerate(trigger_sequence=4, target_speed=6.65008571)
    vehicle3.changeLane(trigger_sequence=4, target_lane=1, target_speed=22.50128086)
    vehicle1.changeLane(trigger_sequence=5, target_lane=1, target_speed=4.70070037)

2025-07-15 Tuesday 12:48:07  random_test.py : INFO  === Evaluation Finished === 
 Fitness: [3.4997935391870207, -0.0], Collision: False
2025-07-15 Tuesday 12:48:12  random_test.py : INFO  === Evaluate Testcase === 
 def testcase(self):
    ego = NPC(lane_id=1, offset=25.50503884, initial_speed=36.77028052)
    vehicle2 = NPC(lane_id=2, offset=35.17802407, initial_speed=6.21725734)
    vehicle3 = NPC(lane_id=3, offset=8.28861234, initial_speed=1.13565458)
    vehicle2.decelerate(trigger_sequence=1, target_speed=16.32631316)
    vehicle2.accelerate(trigger_sequence=2, target_speed=56.93418167)
    vehicle2.changeLane(trigger_sequence=3, target_lane=1, target_speed=49.82134116)
    vehicle3.accelerate(trigger_sequence=3, target_speed=37.46141867)
    vehicle2.changeLane(trigger_sequence=5, target_lane=3, target_speed=31.70009223)

2025-07-15 Tuesday 12:48:12  random_test.py : INFO  === Evaluation Finished === 
 Fitness: [3.5027008112227622, -0.0], Collision: False
2025-07-15 Tuesday 12:48:17  random_test.py : INFO  === Evaluate Testcase === 
 def testcase(self):
    vehicle1 = NPC(lane_id=2, offset=22.91833315, initial_speed=31.21957723)
    ego = NPC(lane_id=3, offset=47.83322285, initial_speed=34.08777216)
    vehicle1.changeLane(trigger_sequence=4, target_lane=1, target_speed=15.65575422)
    vehicle1.accelerate(trigger_sequence=5, target_speed=53.95268338)

2025-07-15 Tuesday 12:48:17  random_test.py : INFO  === Evaluation Finished === 
 Fitness: [26.135718384861008, -0.0], Collision: False
2025-07-15 Tuesday 12:48:23  random_test.py : INFO  === Evaluate Testcase === 
 def testcase(self):
    ego = NPC(lane_id=4, offset=47.13020942, initial_speed=32.4038683)
    vehicle2 = NPC(lane_id=2, offset=18.93345807, initial_speed=1.98838018)
    vehicle2.changeLane(trigger_sequence=1, target_lane=1, target_speed=1.38281533)
    vehicle2.decelerate(trigger_sequence=3, target_speed=2.70538058)
    vehicle2.decelerate(trigger_sequence=5, target_speed=4.2040996)

2025-07-15 Tuesday 12:48:23  random_test.py : INFO  === Evaluation Finished === 
 Fitness: [30.335771798655124, -0.0], Collision: False
2025-07-15 Tuesday 12:48:28  random_test.py : INFO  === Evaluate Testcase === 
 def testcase(self):
    vehicle1 = NPC(lane_id=5, offset=22.42792881, initial_speed=13.78529519)
    ego = NPC(lane_id=3, offset=37.38734717, initial_speed=13.62521725)
    vehicle3 = NPC(lane_id=4, offset=36.59041386, initial_speed=0.94105844)
    vehicle4 = NPC(lane_id=3, offset=5.14234782, initial_speed=0.65892739)
    vehicle1.changeLane(trigger_sequence=1, target_lane=1, target_speed=22.2432437)
    vehicle4.decelerate(trigger_sequence=1, target_speed=5.17173346)
    vehicle4.decelerate(trigger_sequence=2, target_speed=2.69855853)
    vehicle1.accelerate(trigger_sequence=3, target_speed=30.89622751)
    vehicle4.changeLane(trigger_sequence=3, target_lane=1, target_speed=28.80798899)
    vehicle3.changeLane(trigger_sequence=4, target_lane=1, target_speed=37.40761162)
    vehicle4.decelerate(trigger_sequence=5, target_speed=22.30496504)

2025-07-15 Tuesday 12:48:28  random_test.py : INFO  === Evaluation Finished === 
 Fitness: [3.9063933887167, -0.0], Collision: False
2025-07-15 Tuesday 12:48:34  random_test.py : INFO  === Evaluate Testcase === 
 def testcase(self):
    vehicle1 = NPC(lane_id=2, offset=42.13685063, initial_speed=20.28488079)
    ego = NPC(lane_id=2, offset=27.96861025, initial_speed=38.9139105)
    vehicle1.decelerate(trigger_sequence=2, target_speed=16.88944758)
    vehicle1.changeLane(trigger_sequence=4, target_lane=1, target_speed=2.94434611)
    vehicle1.accelerate(trigger_sequence=5, target_speed=47.21455849)

2025-07-15 Tuesday 12:48:34  random_test.py : INFO  === Evaluation Finished === 
 Fitness: [3.5059214337110807, -0.009925558312655087], Collision: False
2025-07-15 Tuesday 12:48:40  random_test.py : INFO  === Evaluate Testcase === 
 def testcase(self):
    vehicle1 = NPC(lane_id=2, offset=36.72527913, initial_speed=28.23814506)
    vehicle2 = NPC(lane_id=1, offset=43.23311967, initial_speed=29.23413621)
    ego = NPC(lane_id=5, offset=9.38530779, initial_speed=20.52600729)
    vehicle4 = NPC(lane_id=1, offset=3.87923597, initial_speed=39.45777623)
    vehicle1.changeLane(trigger_sequence=1, target_lane=1, target_speed=50.53607361)
    vehicle4.decelerate(trigger_sequence=1, target_speed=14.37524052)
    vehicle1.decelerate(trigger_sequence=2, target_speed=22.06180843)
    vehicle4.decelerate(trigger_sequence=2, target_speed=13.96697943)
    vehicle1.decelerate(trigger_sequence=3, target_speed=15.59276242)
    vehicle2.decelerate(trigger_sequence=3, target_speed=5.32067051)
    vehicle4.accelerate(trigger_sequence=3, target_speed=46.76015424)
    vehicle2.decelerate(trigger_sequence=4, target_speed=11.04800456)
    vehicle1.changeLane(trigger_sequence=5, target_lane=3, target_speed=36.95632873)
    vehicle2.changeLane(trigger_sequence=5, target_lane=3, target_speed=54.34013065)
    vehicle4.decelerate(trigger_sequence=5, target_speed=2.15722052)
# 3
2025-07-15 Tuesday 12:48:40  random_test.py : INFO  === Evaluation Finished === 
 Fitness: [1.426501597144949, -0.003436426116838488], Collision: True
2025-07-15 Tuesday 12:48:40  random_test.py : INFO  === Find a coollision ===
2025-07-15 Tuesday 12:48:46  random_test.py : INFO  === Evaluate Testcase === 
 def testcase(self):
    vehicle1 = NPC(lane_id=3, offset=15.6712602, initial_speed=0.65524482)
    vehicle2 = NPC(lane_id=3, offset=49.54860212, initial_speed=3.45580115)
    vehicle3 = NPC(lane_id=1, offset=23.99613555, initial_speed=36.32528234)
    ego = NPC(lane_id=2, offset=9.58688592, initial_speed=5.7052686)
    vehicle1.accelerate(trigger_sequence=1, target_speed=59.32566389)
    vehicle2.decelerate(trigger_sequence=2, target_speed=1.5076842)
    vehicle3.decelerate(trigger_sequence=2, target_speed=14.15580857)
    vehicle1.decelerate(trigger_sequence=3, target_speed=22.28457468)
    vehicle3.decelerate(trigger_sequence=3, target_speed=26.50571427)
    vehicle1.decelerate(trigger_sequence=4, target_speed=5.51416198)
    vehicle3.accelerate(trigger_sequence=4, target_speed=40.96069947)
    vehicle2.decelerate(trigger_sequence=5, target_speed=6.04915188)
    vehicle3.changeLane(trigger_sequence=5, target_lane=3, target_speed=54.22463039)

2025-07-15 Tuesday 12:48:46  random_test.py : INFO  === Evaluation Finished === 
 Fitness: [3.5002272035689597, -0.0], Collision: False
2025-07-15 Tuesday 12:48:50  random_test.py : INFO  === Evaluate Testcase === 
 def testcase(self):
    vehicle1 = NPC(lane_id=1, offset=30.64802535, initial_speed=31.77963606)
    ego = NPC(lane_id=1, offset=26.01074594, initial_speed=38.78557562)
    vehicle1.changeLane(trigger_sequence=2, target_lane=1, target_speed=51.47646388)
    vehicle1.changeLane(trigger_sequence=3, target_lane=3, target_speed=23.63475495)
    vehicle1.accelerate(trigger_sequence=4, target_speed=48.87407175)

2025-07-15 Tuesday 12:48:50  random_test.py : INFO  === Evaluation Finished === 
 Fitness: [inf, 0], Collision: False
2025-07-15 Tuesday 12:48:55  random_test.py : INFO  === Evaluate Testcase === 
 def testcase(self):
    vehicle1 = NPC(lane_id=4, offset=36.66333504, initial_speed=6.24152824)
    ego = NPC(lane_id=3, offset=33.7734857, initial_speed=31.02603435)
    vehicle3 = NPC(lane_id=4, offset=14.39885891, initial_speed=30.93568864)
    vehicle1.decelerate(trigger_sequence=2, target_speed=0.76984396)
    vehicle3.accelerate(trigger_sequence=2, target_speed=59.4954461)
    vehicle1.decelerate(trigger_sequence=3, target_speed=23.434693)
    vehicle3.accelerate(trigger_sequence=3, target_speed=59.57097757)
    vehicle1.accelerate(trigger_sequence=4, target_speed=46.37789584)
    vehicle3.changeLane(trigger_sequence=4, target_lane=1, target_speed=35.41842886)
    vehicle1.decelerate(trigger_sequence=5, target_speed=5.52507866)
    vehicle3.accelerate(trigger_sequence=5, target_speed=48.49924012)

2025-07-15 Tuesday 12:48:55  random_test.py : INFO  === Evaluation Finished === 
 Fitness: [3.508220918744545, -0.0], Collision: False
2025-07-15 Tuesday 12:49:00  random_test.py : INFO  === Evaluate Testcase === 
 def testcase(self):
    ego = NPC(lane_id=2, offset=12.33428239, initial_speed=5.51276886)
    vehicle2 = NPC(lane_id=4, offset=15.01146071, initial_speed=31.56499882)
    vehicle2.accelerate(trigger_sequence=3, target_speed=54.0842018)
    vehicle2.decelerate(trigger_sequence=5, target_speed=2.75903059)

2025-07-15 Tuesday 12:49:00  random_test.py : INFO  === Evaluation Finished === 
 Fitness: [7.000667903107299, -0.0056657223796034], Collision: False
2025-07-15 Tuesday 12:49:06  random_test.py : INFO  === Evaluate Testcase === 
 def testcase(self):
    vehicle1 = NPC(lane_id=2, offset=5.69223872, initial_speed=23.38179718)
    ego = NPC(lane_id=4, offset=26.06901265, initial_speed=18.48643678)
    vehicle3 = NPC(lane_id=4, offset=6.98807061, initial_speed=30.1450557)
    vehicle3.accelerate(trigger_sequence=2, target_speed=50.59788934)
    vehicle1.accelerate(trigger_sequence=3, target_speed=53.53254178)
    vehicle1.decelerate(trigger_sequence=5, target_speed=7.08408413)
    vehicle3.changeLane(trigger_sequence=5, target_lane=1, target_speed=6.70946012)

2025-07-15 Tuesday 12:49:06  random_test.py : INFO  === Evaluation Finished === 
 Fitness: [16.44449777906396, -0.0], Collision: False
2025-07-15 Tuesday 12:49:11  random_test.py : INFO  === Evaluate Testcase === 
 def testcase(self):
    vehicle1 = NPC(lane_id=3, offset=1.0950224, initial_speed=11.5981324)
    ego = NPC(lane_id=4, offset=45.96762788, initial_speed=39.82054267)
    vehicle1.changeLane(trigger_sequence=1, target_lane=3, target_speed=3.37359956)
    vehicle1.decelerate(trigger_sequence=5, target_speed=5.19628692)

2025-07-15 Tuesday 12:49:11  random_test.py : INFO  === Evaluation Finished === 
 Fitness: [46.501759247565275, -0.0], Collision: False
2025-07-15 Tuesday 12:49:16  random_test.py : INFO  === Evaluate Testcase === 
 def testcase(self):
    vehicle1 = NPC(lane_id=5, offset=38.04469091, initial_speed=27.3714813)
    ego = NPC(lane_id=5, offset=1.39228616, initial_speed=27.32134744)
    vehicle3 = NPC(lane_id=2, offset=43.73646702, initial_speed=16.97325002)
    vehicle4 = NPC(lane_id=4, offset=11.74448467, initial_speed=19.52654965)
    vehicle1.changeLane(trigger_sequence=1, target_lane=3, target_speed=52.36158005)
    vehicle3.accelerate(trigger_sequence=1, target_speed=36.44388001)
    vehicle4.decelerate(trigger_sequence=1, target_speed=21.26651351)
    vehicle1.accelerate(trigger_sequence=2, target_speed=38.43301225)
    vehicle3.changeLane(trigger_sequence=2, target_lane=1, target_speed=42.10456733)
    vehicle1.changeLane(trigger_sequence=3, target_lane=3, target_speed=38.33622775)
    vehicle4.decelerate(trigger_sequence=4, target_speed=4.4244404)
    vehicle1.changeLane(trigger_sequence=5, target_lane=3, target_speed=47.60542646)

2025-07-15 Tuesday 12:49:16  random_test.py : INFO  === Evaluation Finished === 
 Fitness: [3.5014782873602317, -0.0], Collision: False
2025-07-15 Tuesday 12:49:22  random_test.py : INFO  === Evaluate Testcase === 
 def testcase(self):
    ego = NPC(lane_id=3, offset=44.61470537, initial_speed=13.52425888)
    vehicle2 = NPC(lane_id=3, offset=15.2797652, initial_speed=19.36929727)
    vehicle3 = NPC(lane_id=1, offset=46.9696224, initial_speed=10.7322998)
    vehicle3.decelerate(trigger_sequence=1, target_speed=8.4759845)
    vehicle3.changeLane(trigger_sequence=2, target_lane=1, target_speed=58.84283577)
    vehicle2.accelerate(trigger_sequence=5, target_speed=59.05330018)

2025-07-15 Tuesday 12:49:22  random_test.py : INFO  === Evaluation Finished === 
 Fitness: [6.995293172114796, -0.0], Collision: False
2025-07-15 Tuesday 12:49:27  random_test.py : INFO  === Evaluate Testcase === 
 def testcase(self):
    vehicle1 = NPC(lane_id=5, offset=4.63363375, initial_speed=14.10054749)
    vehicle2 = NPC(lane_id=1, offset=3.37728645, initial_speed=32.48521836)
    ego = NPC(lane_id=4, offset=28.87820203, initial_speed=38.04677009)
    vehicle1.accelerate(trigger_sequence=1, target_speed=55.9206647)
    vehicle1.accelerate(trigger_sequence=2, target_speed=43.27959893)
    vehicle2.decelerate(trigger_sequence=2, target_speed=27.47195613)
    vehicle1.changeLane(trigger_sequence=3, target_lane=3, target_speed=30.40685405)
    vehicle2.changeLane(trigger_sequence=4, target_lane=1, target_speed=25.51503725)
    vehicle1.changeLane(trigger_sequence=5, target_lane=3, target_speed=50.83690774)
    vehicle2.changeLane(trigger_sequence=5, target_lane=3, target_speed=2.56006903)

2025-07-15 Tuesday 12:49:27  random_test.py : INFO  === Evaluation Finished === 
 Fitness: [26.20226561681621, -0.0], Collision: False
2025-07-15 Tuesday 12:49:31  random_test.py : INFO  === Evaluate Testcase === 
 def testcase(self):
    vehicle1 = NPC(lane_id=2, offset=12.52249284, initial_speed=20.637727)
    ego = NPC(lane_id=4, offset=45.5184686, initial_speed=22.45218419)
    vehicle3 = NPC(lane_id=2, offset=8.32996847, initial_speed=13.69323012)
    vehicle3.accelerate(trigger_sequence=1, target_speed=46.09737545)
    vehicle1.decelerate(trigger_sequence=2, target_speed=9.17565251)
    vehicle3.decelerate(trigger_sequence=2, target_speed=26.8560213)
    vehicle1.decelerate(trigger_sequence=3, target_speed=29.87799561)
    vehicle1.decelerate(trigger_sequence=4, target_speed=1.67705677)
    vehicle1.accelerate(trigger_sequence=5, target_speed=30.67563039)

2025-07-15 Tuesday 12:49:31  random_test.py : INFO  === Evaluation Finished === 
 Fitness: [inf, 0], Collision: False
2025-07-15 Tuesday 12:49:36  random_test.py : INFO  === Evaluate Testcase === 
 def testcase(self):
    vehicle1 = NPC(lane_id=5, offset=39.20760461, initial_speed=38.52941568)
    vehicle2 = NPC(lane_id=5, offset=4.71402469, initial_speed=25.59280785)
    vehicle3 = NPC(lane_id=3, offset=46.30611107, initial_speed=8.95010832)
    ego = NPC(lane_id=4, offset=20.31363085, initial_speed=38.1541147)
    vehicle1.decelerate(trigger_sequence=1, target_speed=1.18943816)
    vehicle3.changeLane(trigger_sequence=1, target_lane=3, target_speed=27.84760074)
    vehicle1.decelerate(trigger_sequence=2, target_speed=7.18160409)
    vehicle1.changeLane(trigger_sequence=3, target_lane=3, target_speed=41.48391478)
    vehicle2.decelerate(trigger_sequence=3, target_speed=13.09322485)
    vehicle1.changeLane(trigger_sequence=4, target_lane=1, target_speed=53.50906079)
    vehicle2.changeLane(trigger_sequence=4, target_lane=3, target_speed=8.8544978)
    vehicle3.changeLane(trigger_sequence=4, target_lane=1, target_speed=59.48782632)
    vehicle2.decelerate(trigger_sequence=5, target_speed=11.77182793)

2025-07-15 Tuesday 12:49:36  random_test.py : INFO  === Evaluation Finished === 
 Fitness: [3.4998489496898566, -0.0], Collision: False
2025-07-15 Tuesday 12:49:42  random_test.py : INFO  === Evaluate Testcase === 
 def testcase(self):
    ego = NPC(lane_id=3, offset=3.38835114, initial_speed=8.94497465)
    vehicle2 = NPC(lane_id=2, offset=43.61344578, initial_speed=35.08422341)
    vehicle3 = NPC(lane_id=1, offset=26.58043802, initial_speed=2.52898113)
    vehicle4 = NPC(lane_id=1, offset=38.59389464, initial_speed=10.58852891)
    vehicle2.changeLane(trigger_sequence=3, target_lane=3, target_speed=37.20428695)
    vehicle2.decelerate(trigger_sequence=4, target_speed=10.91504827)
    vehicle4.decelerate(trigger_sequence=4, target_speed=28.50357245)
    vehicle2.accelerate(trigger_sequence=5, target_speed=33.30235243)
    vehicle4.changeLane(trigger_sequence=5, target_lane=3, target_speed=8.24461626)

2025-07-15 Tuesday 12:49:42  random_test.py : INFO  === Evaluation Finished === 
 Fitness: [7.000211107953519, -0.0], Collision: False
2025-07-15 Tuesday 12:49:47  random_test.py : INFO  === Evaluate Testcase === 
 def testcase(self):
    vehicle1 = NPC(lane_id=3, offset=49.91999548, initial_speed=3.34223046)
    vehicle2 = NPC(lane_id=5, offset=11.0813278, initial_speed=6.4879242)
    ego = NPC(lane_id=1, offset=17.69855089, initial_speed=20.64221587)
    vehicle1.accelerate(trigger_sequence=4, target_speed=57.56134707)
    vehicle1.accelerate(trigger_sequence=5, target_speed=53.3559858)

2025-07-15 Tuesday 12:49:47  random_test.py : INFO  === Evaluation Finished === 
 Fitness: [7.0001066081157095, -0.0], Collision: False
2025-07-15 Tuesday 12:49:53  random_test.py : INFO  === Evaluate Testcase === 
 def testcase(self):
    ego = NPC(lane_id=4, offset=44.28577705, initial_speed=37.81942766)
    vehicle2 = NPC(lane_id=2, offset=48.5917856, initial_speed=10.21808325)
    vehicle3 = NPC(lane_id=2, offset=27.51029802, initial_speed=9.15967478)
    vehicle4 = NPC(lane_id=3, offset=38.8971416, initial_speed=36.67825388)
    vehicle2.accelerate(trigger_sequence=1, target_speed=58.46491381)
    vehicle2.accelerate(trigger_sequence=2, target_speed=50.59771548)
    vehicle4.changeLane(trigger_sequence=2, target_lane=1, target_speed=14.25331758)
    vehicle2.accelerate(trigger_sequence=3, target_speed=39.10482308)
    vehicle3.decelerate(trigger_sequence=3, target_speed=10.39495386)
    vehicle3.changeLane(trigger_sequence=4, target_lane=3, target_speed=52.04385025)
    vehicle4.decelerate(trigger_sequence=5, target_speed=3.86655446)

2025-07-15 Tuesday 12:49:53  random_test.py : INFO  === Evaluation Finished === 
 Fitness: [6.9932483056210355, -0.0], Collision: False
2025-07-15 Tuesday 12:49:58  random_test.py : INFO  === Evaluate Testcase === 
 def testcase(self):
    vehicle1 = NPC(lane_id=4, offset=20.6652324, initial_speed=23.90022456)
    ego = NPC(lane_id=3, offset=39.84347613, initial_speed=31.10858294)
    vehicle1.decelerate(trigger_sequence=2, target_speed=22.52430535)
    vehicle1.accelerate(trigger_sequence=5, target_speed=56.53546875)

2025-07-15 Tuesday 12:49:58  random_test.py : INFO  === Evaluation Finished === 
 Fitness: [3.501041991262209, -0.0], Collision: False
2025-07-15 Tuesday 12:50:03  random_test.py : INFO  === Evaluate Testcase === 
 def testcase(self):
    ego = NPC(lane_id=5, offset=39.67971328, initial_speed=35.04983761)
    vehicle2 = NPC(lane_id=3, offset=46.36016484, initial_speed=33.34571669)
    vehicle2.accelerate(trigger_sequence=4, target_speed=53.69124428)
    vehicle2.changeLane(trigger_sequence=5, target_lane=3, target_speed=49.90877779)

2025-07-15 Tuesday 12:50:03  random_test.py : INFO  === Evaluation Finished === 
 Fitness: [6.999685592757043, -0.0], Collision: False
2025-07-15 Tuesday 12:50:08  random_test.py : INFO  === Evaluate Testcase === 
 def testcase(self):
    ego = NPC(lane_id=5, offset=6.95801252, initial_speed=3.53945217)
    vehicle2 = NPC(lane_id=3, offset=23.26584704, initial_speed=26.06000959)
    vehicle3 = NPC(lane_id=2, offset=4.29624283, initial_speed=13.14399251)
    vehicle3.changeLane(trigger_sequence=1, target_lane=1, target_speed=30.42962801)
    vehicle3.accelerate(trigger_sequence=2, target_speed=49.03093172)
    vehicle2.decelerate(trigger_sequence=3, target_speed=12.89762919)
    vehicle2.changeLane(trigger_sequence=4, target_lane=3, target_speed=24.55867341)
    vehicle3.accelerate(trigger_sequence=4, target_speed=48.50553424)
    vehicle3.changeLane(trigger_sequence=5, target_lane=3, target_speed=48.29932864)

2025-07-15 Tuesday 12:50:08  random_test.py : INFO  === Evaluation Finished === 
 Fitness: [6.999845212227262, -0.0], Collision: False
2025-07-15 Tuesday 12:50:14  random_test.py : INFO  === Evaluate Testcase === 
 def testcase(self):
    vehicle1 = NPC(lane_id=2, offset=13.35584311, initial_speed=8.0376357)
    ego = NPC(lane_id=1, offset=32.09141413, initial_speed=21.03099819)
    vehicle3 = NPC(lane_id=1, offset=25.21401805, initial_speed=1.52117146)
    vehicle4 = NPC(lane_id=4, offset=37.47761109, initial_speed=10.55509273)
    vehicle1.changeLane(trigger_sequence=1, target_lane=3, target_speed=22.90230498)
    vehicle1.changeLane(trigger_sequence=2, target_lane=1, target_speed=33.63438419)
    vehicle3.changeLane(trigger_sequence=3, target_lane=3, target_speed=58.93444865)
    vehicle4.changeLane(trigger_sequence=4, target_lane=1, target_speed=54.60654978)
    vehicle3.decelerate(trigger_sequence=5, target_speed=13.44828221)

2025-07-15 Tuesday 12:50:14  random_test.py : INFO  === Evaluation Finished === 
 Fitness: [8.295456323948333, -0.0], Collision: False
2025-07-15 Tuesday 12:50:19  random_test.py : INFO  === Evaluate Testcase === 
 def testcase(self):
    vehicle1 = NPC(lane_id=2, offset=10.98758365, initial_speed=35.68344201)
    ego = NPC(lane_id=1, offset=5.02991266, initial_speed=39.58978698)
    vehicle1.accelerate(trigger_sequence=2, target_speed=58.52677662)
    vehicle1.decelerate(trigger_sequence=3, target_speed=1.57292139)
    vehicle1.changeLane(trigger_sequence=4, target_lane=1, target_speed=5.83566399)

2025-07-15 Tuesday 12:50:19  random_test.py : INFO  === Evaluation Finished === 
 Fitness: [3.987341579086273, -0.0], Collision: False
2025-07-15 Tuesday 12:50:25  random_test.py : INFO  === Evaluate Testcase === 
 def testcase(self):
    vehicle1 = NPC(lane_id=5, offset=30.86804189, initial_speed=8.67934446)
    vehicle2 = NPC(lane_id=3, offset=46.77675595, initial_speed=26.25253022)
    vehicle3 = NPC(lane_id=4, offset=32.45895188, initial_speed=31.09045093)
    ego = NPC(lane_id=1, offset=37.76369232, initial_speed=32.77113884)
    vehicle1.accelerate(trigger_sequence=1, target_speed=43.17359)
    vehicle3.decelerate(trigger_sequence=1, target_speed=7.33297468)
    vehicle3.accelerate(trigger_sequence=2, target_speed=57.8433397)
    vehicle3.decelerate(trigger_sequence=3, target_speed=22.02734374)
    vehicle2.decelerate(trigger_sequence=4, target_speed=28.1005811)
    vehicle3.accelerate(trigger_sequence=5, target_speed=37.28733255)

2025-07-15 Tuesday 12:50:25  random_test.py : INFO  === Evaluation Finished === 
 Fitness: [7.000053948681197, -0.0], Collision: False
2025-07-15 Tuesday 12:50:31  random_test.py : INFO  === Evaluate Testcase === 
 def testcase(self):
    vehicle1 = NPC(lane_id=1, offset=44.86868905, initial_speed=39.73911377)
    vehicle2 = NPC(lane_id=5, offset=10.39711646, initial_speed=25.08756463)
    ego = NPC(lane_id=1, offset=14.69859108, initial_speed=24.11253316)
    vehicle4 = NPC(lane_id=2, offset=20.76109144, initial_speed=5.28597987)
    vehicle1.changeLane(trigger_sequence=1, target_lane=3, target_speed=34.47273199)
    vehicle1.changeLane(trigger_sequence=2, target_lane=3, target_speed=44.22161987)
    vehicle4.changeLane(trigger_sequence=2, target_lane=3, target_speed=11.75884438)
    vehicle1.accelerate(trigger_sequence=3, target_speed=33.91541459)
    vehicle4.accelerate(trigger_sequence=3, target_speed=48.28568813)
    vehicle1.accelerate(trigger_sequence=4, target_speed=53.77568485)
    vehicle1.changeLane(trigger_sequence=5, target_lane=1, target_speed=41.84116648)
    vehicle2.decelerate(trigger_sequence=5, target_speed=10.16116625)
    vehicle4.changeLane(trigger_sequence=5, target_lane=1, target_speed=8.42835879)

2025-07-15 Tuesday 12:50:31  random_test.py : INFO  === Evaluation Finished === 
 Fitness: [3.5044011490037024, -0.0], Collision: False
2025-07-15 Tuesday 12:50:36  random_test.py : INFO  === Evaluate Testcase === 
 def testcase(self):
    ego = NPC(lane_id=1, offset=19.37054369, initial_speed=27.79859088)
    vehicle2 = NPC(lane_id=3, offset=12.21820142, initial_speed=20.99031587)
    vehicle3 = NPC(lane_id=5, offset=44.70536266, initial_speed=26.15423749)
    vehicle2.changeLane(trigger_sequence=4, target_lane=3, target_speed=32.59806682)
    vehicle3.changeLane(trigger_sequence=4, target_lane=3, target_speed=15.79239079)
    vehicle2.changeLane(trigger_sequence=5, target_lane=1, target_speed=42.16540076)
    vehicle3.changeLane(trigger_sequence=5, target_lane=3, target_speed=55.40859753)

2025-07-15 Tuesday 12:50:36  random_test.py : INFO  === Evaluation Finished === 
 Fitness: [10.500486867978184, -0.0], Collision: False
2025-07-15 Tuesday 12:50:42  random_test.py : INFO  === Evaluate Testcase === 
 def testcase(self):
    ego = NPC(lane_id=2, offset=14.96125671, initial_speed=1.12551618)
    vehicle2 = NPC(lane_id=4, offset=24.40795083, initial_speed=1.18313864)
    vehicle3 = NPC(lane_id=3, offset=2.47987054, initial_speed=38.05889495)
    vehicle4 = NPC(lane_id=2, offset=32.91352469, initial_speed=23.81578715)
    vehicle2.accelerate(trigger_sequence=1, target_speed=30.40663735)
    vehicle3.changeLane(trigger_sequence=3, target_lane=3, target_speed=33.40482439)
    vehicle3.accelerate(trigger_sequence=4, target_speed=30.26064381)
    vehicle4.changeLane(trigger_sequence=4, target_lane=3, target_speed=49.80075555)
    vehicle2.changeLane(trigger_sequence=5, target_lane=3, target_speed=32.44850627)
    vehicle3.accelerate(trigger_sequence=5, target_speed=34.301223)
    vehicle4.decelerate(trigger_sequence=5, target_speed=1.07232335)

2025-07-15 Tuesday 12:50:42  random_test.py : INFO  === Evaluation Finished === 
 Fitness: [3.505877207410841, -0.004842615012106538], Collision: False
2025-07-15 Tuesday 12:50:48  random_test.py : INFO  === Evaluate Testcase === 
 def testcase(self):
    ego = NPC(lane_id=3, offset=19.70529585, initial_speed=17.28228266)
    vehicle2 = NPC(lane_id=2, offset=42.88746721, initial_speed=34.08355866)
    vehicle3 = NPC(lane_id=5, offset=17.69615176, initial_speed=24.69741446)
    vehicle3.changeLane(trigger_sequence=3, target_lane=3, target_speed=0.92891189)
    vehicle2.decelerate(trigger_sequence=4, target_speed=4.9884866)
    vehicle2.accelerate(trigger_sequence=5, target_speed=43.50537941)
    vehicle3.decelerate(trigger_sequence=5, target_speed=24.42866997)

2025-07-15 Tuesday 12:50:48  random_test.py : INFO  === Evaluation Finished === 
 Fitness: [3.5001350585922153, -0.0], Collision: False
2025-07-15 Tuesday 12:50:53  random_test.py : INFO  === Evaluate Testcase === 
 def testcase(self):
    vehicle1 = NPC(lane_id=5, offset=42.24157938, initial_speed=2.05043599)
    ego = NPC(lane_id=2, offset=27.45107668, initial_speed=0.7921253)
    vehicle3 = NPC(lane_id=4, offset=12.60735583, initial_speed=24.20750364)
    vehicle1.accelerate(trigger_sequence=1, target_speed=47.22149216)
    vehicle3.accelerate(trigger_sequence=2, target_speed=34.74512938)
    vehicle3.accelerate(trigger_sequence=3, target_speed=38.30309651)
    vehicle1.changeLane(trigger_sequence=4, target_lane=3, target_speed=43.41948863)
    vehicle3.accelerate(trigger_sequence=4, target_speed=34.18261387)
    vehicle1.accelerate(trigger_sequence=5, target_speed=40.86965485)
    vehicle3.changeLane(trigger_sequence=5, target_lane=3, target_speed=47.08326332)

2025-07-15 Tuesday 12:50:53  random_test.py : INFO  === Evaluation Finished === 
 Fitness: [10.499291710093484, -0.0], Collision: False
2025-07-15 Tuesday 12:50:58  random_test.py : INFO  === Evaluate Testcase === 
 def testcase(self):
    ego = NPC(lane_id=1, offset=20.98314354, initial_speed=4.17273881)
    vehicle2 = NPC(lane_id=1, offset=5.67525156, initial_speed=10.2940743)
    vehicle3 = NPC(lane_id=2, offset=39.82087134, initial_speed=22.99929562)
    vehicle4 = NPC(lane_id=2, offset=49.69610989, initial_speed=20.2057517)
    vehicle2.accelerate(trigger_sequence=1, target_speed=38.0400395)
    vehicle3.decelerate(trigger_sequence=2, target_speed=22.80734345)
    vehicle4.accelerate(trigger_sequence=2, target_speed=38.5979935)
    vehicle4.decelerate(trigger_sequence=3, target_speed=26.02757156)
    vehicle4.decelerate(trigger_sequence=4, target_speed=17.50031381)
    vehicle2.decelerate(trigger_sequence=5, target_speed=19.81522771)

2025-07-15 Tuesday 12:50:58  random_test.py : INFO  === Evaluation Finished === 
 Fitness: [3.500636007459241, -0.0], Collision: False
2025-07-15 Tuesday 12:51:02  random_test.py : INFO  === Evaluate Testcase === 
 def testcase(self):
    ego = NPC(lane_id=3, offset=24.60346945, initial_speed=11.48974535)
    vehicle2 = NPC(lane_id=3, offset=29.15501127, initial_speed=3.48260113)
    vehicle3 = NPC(lane_id=2, offset=0.86472548, initial_speed=26.13495344)
    vehicle4 = NPC(lane_id=1, offset=34.69005485, initial_speed=32.93250143)
    vehicle2.changeLane(trigger_sequence=1, target_lane=1, target_speed=33.54098079)
    vehicle4.accelerate(trigger_sequence=1, target_speed=33.56983064)
    vehicle3.accelerate(trigger_sequence=2, target_speed=44.42844912)
    vehicle4.decelerate(trigger_sequence=2, target_speed=10.64730209)
    vehicle4.decelerate(trigger_sequence=3, target_speed=15.49230167)

2025-07-15 Tuesday 12:51:02  random_test.py : INFO  === Evaluation Finished === 
 Fitness: [inf, 0], Collision: False
2025-07-15 Tuesday 12:51:08  random_test.py : INFO  === Evaluate Testcase === 
 def testcase(self):
    vehicle1 = NPC(lane_id=3, offset=26.89149777, initial_speed=22.8767621)
    ego = NPC(lane_id=4, offset=3.63764058, initial_speed=23.19055377)
    vehicle3 = NPC(lane_id=5, offset=20.35295773, initial_speed=19.3620246)
    vehicle1.decelerate(trigger_sequence=2, target_speed=18.49245953)
    vehicle3.decelerate(trigger_sequence=2, target_speed=24.38350449)
    vehicle1.changeLane(trigger_sequence=5, target_lane=1, target_speed=30.53230439)

2025-07-15 Tuesday 12:51:08  random_test.py : INFO  === Evaluation Finished === 
 Fitness: [3.501734950743222, -0.0], Collision: False
2025-07-15 Tuesday 12:51:13  random_test.py : INFO  === Evaluate Testcase === 
 def testcase(self):
    vehicle1 = NPC(lane_id=4, offset=1.06717446, initial_speed=34.70354975)
    vehicle2 = NPC(lane_id=2, offset=9.73710954, initial_speed=12.43359435)
    ego = NPC(lane_id=5, offset=1.71152828, initial_speed=24.16029981)
    vehicle4 = NPC(lane_id=3, offset=34.13962216, initial_speed=8.69986607)
    vehicle1.decelerate(trigger_sequence=1, target_speed=24.84889327)
    vehicle2.changeLane(trigger_sequence=1, target_lane=3, target_speed=51.17268115)
    vehicle4.changeLane(trigger_sequence=1, target_lane=3, target_speed=27.68002991)
    vehicle1.decelerate(trigger_sequence=2, target_speed=9.3676071)
    vehicle4.changeLane(trigger_sequence=2, target_lane=3, target_speed=2.18686613)
    vehicle2.decelerate(trigger_sequence=3, target_speed=8.03108015)
    vehicle4.accelerate(trigger_sequence=4, target_speed=58.40188751)
    vehicle1.accelerate(trigger_sequence=5, target_speed=41.80886697)
    vehicle2.accelerate(trigger_sequence=5, target_speed=48.73852499)
    vehicle4.decelerate(trigger_sequence=5, target_speed=16.74978907)

2025-07-15 Tuesday 12:51:13  random_test.py : INFO  === Evaluation Finished === 
 Fitness: [3.492254765268971, -0.0], Collision: False
2025-07-15 Tuesday 12:51:18  random_test.py : INFO  === Evaluate Testcase === 
 def testcase(self):
    ego = NPC(lane_id=5, offset=39.65415557, initial_speed=10.02565046)
    vehicle2 = NPC(lane_id=5, offset=13.64994087, initial_speed=10.72625646)

2025-07-15 Tuesday 12:51:18  random_test.py : INFO  === Evaluation Finished === 
 Fitness: [26.168386337703573, -0.9369627507163324], Collision: False
2025-07-15 Tuesday 12:51:24  random_test.py : INFO  === Evaluate Testcase === 
 def testcase(self):
    ego = NPC(lane_id=3, offset=2.35115699, initial_speed=32.1425898)
    vehicle2 = NPC(lane_id=3, offset=40.74316865, initial_speed=37.08590453)
    vehicle3 = NPC(lane_id=2, offset=11.98029295, initial_speed=4.63621174)
    vehicle2.accelerate(trigger_sequence=1, target_speed=43.59081664)
    vehicle3.decelerate(trigger_sequence=1, target_speed=3.10660739)
    vehicle2.accelerate(trigger_sequence=3, target_speed=53.71534348)
    vehicle3.accelerate(trigger_sequence=4, target_speed=59.60935157)

2025-07-15 Tuesday 12:51:24  random_test.py : INFO  === Evaluation Finished === 
 Fitness: [3.504900477385573, -0.0], Collision: False
2025-07-15 Tuesday 12:51:29  random_test.py : INFO  === Evaluate Testcase === 
 def testcase(self):
    vehicle1 = NPC(lane_id=4, offset=26.23617484, initial_speed=13.66288639)
    ego = NPC(lane_id=1, offset=20.76061237, initial_speed=2.74492559)
    vehicle1.changeLane(trigger_sequence=2, target_lane=1, target_speed=55.9390419)
    vehicle1.decelerate(trigger_sequence=3, target_speed=23.03521586)
    vehicle1.changeLane(trigger_sequence=4, target_lane=3, target_speed=34.71039768)
    vehicle1.decelerate(trigger_sequence=5, target_speed=17.08910939)

2025-07-15 Tuesday 12:51:29  random_test.py : INFO  === Evaluation Finished === 
 Fitness: [3.5002944799255578, -0.0], Collision: False
2025-07-15 Tuesday 12:51:35  random_test.py : INFO  === Evaluate Testcase === 
 def testcase(self):
    ego = NPC(lane_id=5, offset=49.25603818, initial_speed=10.90400976)
    vehicle2 = NPC(lane_id=1, offset=31.21983831, initial_speed=28.63989123)
    vehicle3 = NPC(lane_id=1, offset=2.42158493, initial_speed=13.19181018)
    vehicle2.changeLane(trigger_sequence=1, target_lane=3, target_speed=36.76063749)
    vehicle2.accelerate(trigger_sequence=2, target_speed=54.72636709)
    vehicle3.accelerate(trigger_sequence=2, target_speed=59.86942837)
    vehicle2.changeLane(trigger_sequence=3, target_lane=1, target_speed=7.10314215)
    vehicle2.decelerate(trigger_sequence=4, target_speed=26.46959492)
    vehicle3.decelerate(trigger_sequence=5, target_speed=3.11491214)

2025-07-15 Tuesday 12:51:35  random_test.py : INFO  === Evaluation Finished === 
 Fitness: [19.346488785285647, -0.0], Collision: False
2025-07-15 Tuesday 12:51:40  random_test.py : INFO  === Evaluate Testcase === 
 def testcase(self):
    ego = NPC(lane_id=4, offset=46.42206746, initial_speed=17.69896379)
    vehicle2 = NPC(lane_id=2, offset=23.19659083, initial_speed=35.68093306)
    vehicle3 = NPC(lane_id=2, offset=17.79109227, initial_speed=1.43709429)
    vehicle2.accelerate(trigger_sequence=1, target_speed=38.64814351)
    vehicle3.decelerate(trigger_sequence=2, target_speed=3.4068672)
    vehicle2.decelerate(trigger_sequence=3, target_speed=18.75591379)
    vehicle3.decelerate(trigger_sequence=3, target_speed=16.42538764)
    vehicle2.changeLane(trigger_sequence=4, target_lane=1, target_speed=12.53303714)
    vehicle3.decelerate(trigger_sequence=4, target_speed=10.73663898)
    vehicle2.decelerate(trigger_sequence=5, target_speed=1.58015963)

2025-07-15 Tuesday 12:51:40  random_test.py : INFO  === Evaluation Finished === 
 Fitness: [16.026969626439424, -0.0], Collision: False
2025-07-15 Tuesday 12:51:45  random_test.py : INFO  === Evaluate Testcase === 
 def testcase(self):
    vehicle1 = NPC(lane_id=2, offset=32.46849293, initial_speed=13.35127299)
    ego = NPC(lane_id=4, offset=18.7569372, initial_speed=31.73317783)
    vehicle1.decelerate(trigger_sequence=1, target_speed=11.79245075)
    vehicle1.accelerate(trigger_sequence=2, target_speed=50.78482073)
    vehicle1.decelerate(trigger_sequence=3, target_speed=25.86024903)

2025-07-15 Tuesday 12:51:45  random_test.py : INFO  === Evaluation Finished === 
 Fitness: [7.002152792945588, -0.0], Collision: False
2025-07-15 Tuesday 12:51:48  simulate.py : INFO  Rear-end collision with vehicle 3719 ignored
2025-07-15 Tuesday 12:51:50  random_test.py : INFO  === Evaluate Testcase === 
 def testcase(self):
    ego = NPC(lane_id=1, offset=28.93245368, initial_speed=18.88725977)
    vehicle2 = NPC(lane_id=1, offset=21.60899196, initial_speed=29.3484436)
    vehicle3 = NPC(lane_id=2, offset=3.67776102, initial_speed=7.1296529)
    vehicle4 = NPC(lane_id=3, offset=1.67472855, initial_speed=3.03638306)
    vehicle4.decelerate(trigger_sequence=1, target_speed=14.31364302)
    vehicle3.accelerate(trigger_sequence=2, target_speed=53.42678601)
    vehicle4.accelerate(trigger_sequence=2, target_speed=48.91186584)
    vehicle2.changeLane(trigger_sequence=3, target_lane=1, target_speed=0.15255578)
    vehicle3.changeLane(trigger_sequence=5, target_lane=3, target_speed=54.02065871)

2025-07-15 Tuesday 12:51:50  random_test.py : INFO  === Evaluation Finished === 
 Fitness: [4.763599072929777, -0.0], Collision: False
2025-07-15 Tuesday 12:51:56  random_test.py : INFO  === Evaluate Testcase === 
 def testcase(self):
    ego = NPC(lane_id=3, offset=13.64103351, initial_speed=27.56790175)
    vehicle2 = NPC(lane_id=3, offset=49.12637894, initial_speed=7.13524085)
    vehicle2.accelerate(trigger_sequence=1, target_speed=49.89539118)
    vehicle2.accelerate(trigger_sequence=3, target_speed=35.00256545)
    vehicle2.changeLane(trigger_sequence=4, target_lane=1, target_speed=39.36038274)
    vehicle2.decelerate(trigger_sequence=5, target_speed=11.94694033)

2025-07-15 Tuesday 12:51:56  random_test.py : INFO  === Evaluation Finished === 
 Fitness: [10.657486549851793, -0.0], Collision: False
2025-07-15 Tuesday 12:52:01  simulate.py : INFO  Rear-end collision with vehicle 3729 ignored
2025-07-15 Tuesday 12:52:02  random_test.py : INFO  === Evaluate Testcase === 
 def testcase(self):
    vehicle1 = NPC(lane_id=5, offset=43.45957479, initial_speed=38.25944208)
    vehicle2 = NPC(lane_id=2, offset=42.09693524, initial_speed=0.81800851)
    vehicle3 = NPC(lane_id=5, offset=11.43859053, initial_speed=28.99743698)
    ego = NPC(lane_id=3, offset=30.32768234, initial_speed=19.13650061)
    vehicle2.changeLane(trigger_sequence=1, target_lane=3, target_speed=28.86409603)
    vehicle3.changeLane(trigger_sequence=1, target_lane=1, target_speed=49.73626887)
    vehicle2.changeLane(trigger_sequence=3, target_lane=3, target_speed=55.29310323)
    vehicle3.changeLane(trigger_sequence=3, target_lane=1, target_speed=48.13347356)
    vehicle1.changeLane(trigger_sequence=4, target_lane=3, target_speed=54.00885771)
    vehicle3.changeLane(trigger_sequence=4, target_lane=3, target_speed=16.04991728)
    vehicle1.accelerate(trigger_sequence=5, target_speed=34.39968452)
    vehicle3.changeLane(trigger_sequence=5, target_lane=1, target_speed=15.5028791)

2025-07-15 Tuesday 12:52:02  random_test.py : INFO  === Evaluation Finished === 
 Fitness: [3.50431817647789, -0.0058997050147492625], Collision: False
2025-07-15 Tuesday 12:52:07  random_test.py : INFO  === Evaluate Testcase === 
 def testcase(self):
    vehicle1 = NPC(lane_id=3, offset=12.36991362, initial_speed=15.75091837)
    ego = NPC(lane_id=1, offset=27.02297629, initial_speed=11.84880629)
    vehicle1.changeLane(trigger_sequence=2, target_lane=3, target_speed=25.61973578)
    vehicle1.decelerate(trigger_sequence=3, target_speed=12.58538819)
    vehicle1.decelerate(trigger_sequence=5, target_speed=8.09483963)

2025-07-15 Tuesday 12:52:07  random_test.py : INFO  === Evaluation Finished === 
 Fitness: [15.948156590379767, -0.0], Collision: False
2025-07-15 Tuesday 12:52:13  random_test.py : INFO  === Evaluate Testcase === 
 def testcase(self):
    vehicle1 = NPC(lane_id=4, offset=12.48006131, initial_speed=26.71214485)
    ego = NPC(lane_id=2, offset=4.16126798, initial_speed=36.31120285)
    vehicle1.changeLane(trigger_sequence=1, target_lane=1, target_speed=21.6085239)
    vehicle1.changeLane(trigger_sequence=3, target_lane=3, target_speed=53.24748114)
    vehicle1.decelerate(trigger_sequence=4, target_speed=16.407232)
    vehicle1.decelerate(trigger_sequence=5, target_speed=20.33461642)

2025-07-15 Tuesday 12:52:13  random_test.py : INFO  === Evaluation Finished === 
 Fitness: [6.999832413182168, -0.0], Collision: False
2025-07-15 Tuesday 12:52:18  random_test.py : INFO  === Evaluate Testcase === 
 def testcase(self):
    ego = NPC(lane_id=5, offset=44.90751644, initial_speed=29.90744666)
    vehicle2 = NPC(lane_id=1, offset=28.04513661, initial_speed=7.400495)
    vehicle3 = NPC(lane_id=2, offset=9.4312795, initial_speed=3.43711964)
    vehicle3.accelerate(trigger_sequence=1, target_speed=58.62559782)
    vehicle2.changeLane(trigger_sequence=2, target_lane=3, target_speed=44.04236516)
    vehicle3.changeLane(trigger_sequence=2, target_lane=3, target_speed=19.78177953)
    vehicle2.decelerate(trigger_sequence=5, target_speed=17.66138867)

2025-07-15 Tuesday 12:52:18  random_test.py : INFO  === Evaluation Finished === 
 Fitness: [23.050221065433778, -0.0], Collision: False
2025-07-15 Tuesday 12:52:24  random_test.py : INFO  === Evaluate Testcase === 
 def testcase(self):
    ego = NPC(lane_id=5, offset=18.94936704, initial_speed=0.09928135)
    vehicle2 = NPC(lane_id=2, offset=38.97820452, initial_speed=31.14213308)
    vehicle2.accelerate(trigger_sequence=2, target_speed=52.58228193)
    vehicle2.decelerate(trigger_sequence=3, target_speed=2.45727303)
    vehicle2.accelerate(trigger_sequence=4, target_speed=52.50784762)

2025-07-15 Tuesday 12:52:24  random_test.py : INFO  === Evaluation Finished === 
 Fitness: [16.638173632209465, -0.0], Collision: False
2025-07-15 Tuesday 12:52:29  random_test.py : INFO  === Evaluate Testcase === 
 def testcase(self):
    vehicle1 = NPC(lane_id=2, offset=23.48137241, initial_speed=24.09961905)
    ego = NPC(lane_id=2, offset=6.53219074, initial_speed=4.26768094)
    vehicle3 = NPC(lane_id=4, offset=11.43164731, initial_speed=38.45993335)
    vehicle4 = NPC(lane_id=4, offset=40.63178759, initial_speed=19.20248333)
    vehicle3.decelerate(trigger_sequence=1, target_speed=13.43794197)
    vehicle1.changeLane(trigger_sequence=2, target_lane=1, target_speed=22.59973373)
    vehicle1.accelerate(trigger_sequence=3, target_speed=54.18635525)
    vehicle3.accelerate(trigger_sequence=3, target_speed=32.27110406)
    vehicle4.decelerate(trigger_sequence=3, target_speed=7.37408337)
    vehicle1.decelerate(trigger_sequence=5, target_speed=15.27559912)
    vehicle3.decelerate(trigger_sequence=5, target_speed=17.15633507)
    vehicle4.decelerate(trigger_sequence=5, target_speed=3.16847347)

2025-07-15 Tuesday 12:52:29  random_test.py : INFO  === Evaluation Finished === 
 Fitness: [3.501925913329494, -0.0049504950495049506], Collision: False
2025-07-15 Tuesday 12:52:35  random_test.py : INFO  === Evaluate Testcase === 
 def testcase(self):
    vehicle1 = NPC(lane_id=1, offset=17.8346086, initial_speed=14.2290465)
    vehicle2 = NPC(lane_id=1, offset=26.11965645, initial_speed=0.49402411)
    vehicle3 = NPC(lane_id=3, offset=44.98678845, initial_speed=9.2282078)
    ego = NPC(lane_id=4, offset=16.75501593, initial_speed=8.64271824)
    vehicle1.decelerate(trigger_sequence=2, target_speed=25.23719249)
    vehicle1.changeLane(trigger_sequence=3, target_lane=1, target_speed=57.91203881)
    vehicle2.changeLane(trigger_sequence=3, target_lane=3, target_speed=16.70400733)
    vehicle3.changeLane(trigger_sequence=3, target_lane=1, target_speed=32.9168482)

2025-07-15 Tuesday 12:52:35  random_test.py : INFO  === Evaluation Finished === 
 Fitness: [3.500275130945248, -0.0], Collision: False
2025-07-15 Tuesday 12:52:41  random_test.py : INFO  === Evaluate Testcase === 
 def testcase(self):
    ego = NPC(lane_id=1, offset=48.33432337, initial_speed=12.40179695)
    vehicle2 = NPC(lane_id=4, offset=25.26869844, initial_speed=19.93277927)
    vehicle2.changeLane(trigger_sequence=3, target_lane=1, target_speed=49.18329801)
    vehicle2.accelerate(trigger_sequence=4, target_speed=47.22243622)

2025-07-15 Tuesday 12:52:41  random_test.py : INFO  === Evaluation Finished === 
 Fitness: [17.673722409960952, -0.0], Collision: False
2025-07-15 Tuesday 12:52:46  random_test.py : INFO  === Evaluate Testcase === 
 def testcase(self):
    vehicle1 = NPC(lane_id=2, offset=10.83544036, initial_speed=32.93508117)
    ego = NPC(lane_id=3, offset=4.18233425, initial_speed=1.52693641)
    vehicle3 = NPC(lane_id=2, offset=44.75824077, initial_speed=38.44625754)
    vehicle4 = NPC(lane_id=3, offset=14.55454208, initial_speed=27.07702145)
    vehicle1.accelerate(trigger_sequence=1, target_speed=53.92446727)
    vehicle3.accelerate(trigger_sequence=1, target_speed=48.85682116)
    vehicle1.changeLane(trigger_sequence=2, target_lane=3, target_speed=56.99025185)
    vehicle3.accelerate(trigger_sequence=2, target_speed=53.96061755)
    vehicle4.accelerate(trigger_sequence=2, target_speed=59.44854976)
    vehicle3.decelerate(trigger_sequence=3, target_speed=6.80330066)
    vehicle1.decelerate(trigger_sequence=4, target_speed=0.18806832)
    vehicle3.changeLane(trigger_sequence=4, target_lane=1, target_speed=10.34035519)
    vehicle4.decelerate(trigger_sequence=4, target_speed=25.28115718)
    vehicle1.changeLane(trigger_sequence=5, target_lane=1, target_speed=54.2112255)

2025-07-15 Tuesday 12:52:46  random_test.py : INFO  === Evaluation Finished === 
 Fitness: [8.654580391696456, -0.005050505050505051], Collision: False
2025-07-15 Tuesday 12:52:52  random_test.py : INFO  === Evaluate Testcase === 
 def testcase(self):
    vehicle1 = NPC(lane_id=5, offset=47.93341293, initial_speed=11.24343897)
    ego = NPC(lane_id=2, offset=23.33370753, initial_speed=8.17373847)
    vehicle1.accelerate(trigger_sequence=2, target_speed=38.8550203)

2025-07-15 Tuesday 12:52:52  random_test.py : INFO  === Evaluation Finished === 
 Fitness: [10.501600625628555, -0.002849002849002849], Collision: False
2025-07-15 Tuesday 12:52:57  random_test.py : INFO  === Evaluate Testcase === 
 def testcase(self):
    vehicle1 = NPC(lane_id=3, offset=38.06194386, initial_speed=24.74983304)
    ego = NPC(lane_id=2, offset=2.56913575, initial_speed=31.97822837)
    vehicle3 = NPC(lane_id=5, offset=5.95755183, initial_speed=27.91733627)
    vehicle1.decelerate(trigger_sequence=1, target_speed=17.90141599)
    vehicle1.changeLane(trigger_sequence=2, target_lane=3, target_speed=39.58076575)
    vehicle3.accelerate(trigger_sequence=2, target_speed=56.87806165)
    vehicle3.decelerate(trigger_sequence=3, target_speed=9.53630721)
    vehicle3.changeLane(trigger_sequence=4, target_lane=1, target_speed=52.54685565)
    vehicle3.accelerate(trigger_sequence=5, target_speed=58.63185528)

2025-07-15 Tuesday 12:52:57  random_test.py : INFO  === Evaluation Finished === 
 Fitness: [3.500915221717047, -0.0], Collision: False
2025-07-15 Tuesday 12:53:02  random_test.py : INFO  === Evaluate Testcase === 
 def testcase(self):
    vehicle1 = NPC(lane_id=2, offset=5.57714478, initial_speed=7.74686951)
    ego = NPC(lane_id=5, offset=40.57653149, initial_speed=4.54849633)
    vehicle3 = NPC(lane_id=3, offset=4.72311882, initial_speed=20.78355955)
    vehicle3.changeLane(trigger_sequence=1, target_lane=3, target_speed=45.84393688)
    vehicle1.changeLane(trigger_sequence=2, target_lane=1, target_speed=16.19787507)
    vehicle3.decelerate(trigger_sequence=2, target_speed=25.45245488)
    vehicle3.accelerate(trigger_sequence=3, target_speed=45.28102584)
    vehicle1.decelerate(trigger_sequence=4, target_speed=17.1852434)
    vehicle3.changeLane(trigger_sequence=4, target_lane=3, target_speed=50.386154)
    vehicle1.decelerate(trigger_sequence=5, target_speed=20.8731461)

2025-07-15 Tuesday 12:53:02  random_test.py : INFO  === Evaluation Finished === 
 Fitness: [33.23853341218206, -0.0], Collision: False
2025-07-15 Tuesday 12:53:08  random_test.py : INFO  === Evaluate Testcase === 
 def testcase(self):
    vehicle1 = NPC(lane_id=5, offset=2.12660342, initial_speed=36.61746902)
    vehicle2 = NPC(lane_id=4, offset=10.75513847, initial_speed=1.13913643)
    ego = NPC(lane_id=5, offset=37.90069825, initial_speed=30.65069776)
    vehicle2.changeLane(trigger_sequence=1, target_lane=1, target_speed=29.00993481)
    vehicle1.decelerate(trigger_sequence=2, target_speed=4.37354147)
    vehicle2.changeLane(trigger_sequence=4, target_lane=1, target_speed=51.67310481)
    vehicle1.changeLane(trigger_sequence=5, target_lane=3, target_speed=59.65528058)

2025-07-15 Tuesday 12:53:08  random_test.py : INFO  === Evaluation Finished === 
 Fitness: [16.144588737164216, -0.0], Collision: False
2025-07-15 Tuesday 12:53:14  random_test.py : INFO  === Evaluate Testcase === 
 def testcase(self):
    vehicle1 = NPC(lane_id=5, offset=16.94474169, initial_speed=20.41463296)
    ego = NPC(lane_id=3, offset=49.95017739, initial_speed=0.47954533)
    vehicle3 = NPC(lane_id=1, offset=22.09452009, initial_speed=14.05886806)
    vehicle4 = NPC(lane_id=5, offset=5.51808817, initial_speed=20.29601797)
    vehicle3.accelerate(trigger_sequence=1, target_speed=39.44715321)
    vehicle4.accelerate(trigger_sequence=2, target_speed=30.90115873)
    vehicle3.changeLane(trigger_sequence=3, target_lane=1, target_speed=7.41003769)
    vehicle1.accelerate(trigger_sequence=4, target_speed=58.41205291)
    vehicle3.accelerate(trigger_sequence=5, target_speed=56.50276761)
    vehicle4.decelerate(trigger_sequence=5, target_speed=17.25132554)

2025-07-15 Tuesday 12:53:14  random_test.py : INFO  === Evaluation Finished === 
 Fitness: [25.840933244072865, -0.0], Collision: False
2025-07-15 Tuesday 12:53:21  random_test.py : INFO  === Evaluate Testcase === 
 def testcase(self):
    vehicle1 = NPC(lane_id=5, offset=41.7104708, initial_speed=36.27370786)
    vehicle2 = NPC(lane_id=4, offset=34.04602526, initial_speed=4.36455368)
    vehicle3 = NPC(lane_id=4, offset=48.62337266, initial_speed=1.86913721)
    ego = NPC(lane_id=4, offset=1.20724313, initial_speed=36.24607095)
    vehicle2.changeLane(trigger_sequence=1, target_lane=1, target_speed=29.0028614)
    vehicle1.changeLane(trigger_sequence=2, target_lane=3, target_speed=30.8605902)
    vehicle2.decelerate(trigger_sequence=3, target_speed=28.23024014)
    vehicle3.decelerate(trigger_sequence=3, target_speed=23.48233699)
    vehicle2.accelerate(trigger_sequence=4, target_speed=31.62841395)
    vehicle1.decelerate(trigger_sequence=5, target_speed=24.23239421)

2025-07-15 Tuesday 12:53:21  random_test.py : INFO  === Evaluation Finished === 
 Fitness: [10.433151800003937, -0.011666666666666667], Collision: False
2025-07-15 Tuesday 12:53:26  random_test.py : INFO  === Evaluate Testcase === 
 def testcase(self):
    vehicle1 = NPC(lane_id=2, offset=21.45297012, initial_speed=6.98163482)
    vehicle2 = NPC(lane_id=5, offset=1.3983794, initial_speed=28.77770558)
    ego = NPC(lane_id=3, offset=43.47779617, initial_speed=32.88712551)
    vehicle4 = NPC(lane_id=2, offset=44.71823681, initial_speed=7.87354081)
    vehicle4.decelerate(trigger_sequence=2, target_speed=3.76438628)
    vehicle1.accelerate(trigger_sequence=3, target_speed=38.71903929)
    vehicle4.changeLane(trigger_sequence=3, target_lane=3, target_speed=55.48248043)
    vehicle1.accelerate(trigger_sequence=4, target_speed=31.25477792)

2025-07-15 Tuesday 12:53:26  random_test.py : INFO  === Evaluation Finished === 
 Fitness: [3.6142468139849058, -0.0], Collision: False
2025-07-15 Tuesday 12:53:32  random_test.py : INFO  === Evaluate Testcase === 
 def testcase(self):
    vehicle1 = NPC(lane_id=5, offset=2.82087453, initial_speed=12.4007543)
    vehicle2 = NPC(lane_id=2, offset=40.75023106, initial_speed=5.53872901)
    vehicle3 = NPC(lane_id=3, offset=0.65702845, initial_speed=5.52394319)
    ego = NPC(lane_id=1, offset=0.38592722, initial_speed=35.33361364)
    vehicle1.accelerate(trigger_sequence=1, target_speed=46.49150338)
    vehicle3.changeLane(trigger_sequence=1, target_lane=1, target_speed=12.81114289)
    vehicle1.decelerate(trigger_sequence=2, target_speed=8.27700051)
    vehicle3.changeLane(trigger_sequence=2, target_lane=1, target_speed=49.09460834)
    vehicle1.accelerate(trigger_sequence=3, target_speed=36.36606481)
    vehicle2.accelerate(trigger_sequence=3, target_speed=36.47237119)
    vehicle3.changeLane(trigger_sequence=3, target_lane=1, target_speed=59.54920522)
    vehicle2.changeLane(trigger_sequence=4, target_lane=3, target_speed=40.55249368)
    vehicle1.accelerate(trigger_sequence=5, target_speed=59.09963997)

2025-07-15 Tuesday 12:53:32  random_test.py : INFO  === Evaluation Finished === 
 Fitness: [3.5059889189354703, -0.0], Collision: False
2025-07-15 Tuesday 12:53:37  random_test.py : INFO  === Evaluate Testcase === 
 def testcase(self):
    ego = NPC(lane_id=5, offset=30.61626091, initial_speed=0.03987615)
    vehicle2 = NPC(lane_id=3, offset=23.53419663, initial_speed=21.27339342)
    vehicle2.decelerate(trigger_sequence=2, target_speed=2.82767381)
    vehicle2.decelerate(trigger_sequence=4, target_speed=8.27672958)

2025-07-15 Tuesday 12:53:37  random_test.py : INFO  === Evaluation Finished === 
 Fitness: [7.230505500118796, -0.0], Collision: False
2025-07-15 Tuesday 12:53:44  random_test.py : INFO  === Evaluate Testcase === 
 def testcase(self):
    vehicle1 = NPC(lane_id=5, offset=26.59820207, initial_speed=32.43257766)
    vehicle2 = NPC(lane_id=5, offset=3.16843902, initial_speed=35.80232927)
    vehicle3 = NPC(lane_id=3, offset=0.18305076, initial_speed=12.01965834)
    ego = NPC(lane_id=3, offset=4.58759055, initial_speed=26.80699794)
    vehicle1.changeLane(trigger_sequence=1, target_lane=1, target_speed=0.52544818)
    vehicle2.changeLane(trigger_sequence=1, target_lane=3, target_speed=30.01636038)
    vehicle3.accelerate(trigger_sequence=1, target_speed=56.21639502)
    vehicle3.accelerate(trigger_sequence=2, target_speed=32.04812866)
    vehicle1.decelerate(trigger_sequence=3, target_speed=8.4561735)
    vehicle3.changeLane(trigger_sequence=3, target_lane=3, target_speed=41.1189047)
    vehicle1.changeLane(trigger_sequence=4, target_lane=3, target_speed=36.6265796)
    vehicle2.changeLane(trigger_sequence=4, target_lane=3, target_speed=9.95463649)
    vehicle3.decelerate(trigger_sequence=4, target_speed=26.18699231)
    vehicle1.changeLane(trigger_sequence=5, target_lane=3, target_speed=8.56042707)
    vehicle2.changeLane(trigger_sequence=5, target_lane=3, target_speed=52.19866331)
# 2 不算，主车已经刹车踩到底了
2025-07-15 Tuesday 12:53:44  random_test.py : INFO  === Evaluation Finished === 
 Fitness: [2.4832408297081647, -0.0033333333333333335], Collision: True
2025-07-15 Tuesday 12:53:44  random_test.py : INFO  === Find a coollision ===
2025-07-15 Tuesday 12:53:48  random_test.py : INFO  === Evaluate Testcase === 
 def testcase(self):
    vehicle1 = NPC(lane_id=3, offset=36.76938254, initial_speed=9.42235619)
    vehicle2 = NPC(lane_id=2, offset=29.06519282, initial_speed=36.42492045)
    vehicle3 = NPC(lane_id=5, offset=24.11900207, initial_speed=29.82657087)
    ego = NPC(lane_id=5, offset=20.37405047, initial_speed=15.54919318)
    vehicle1.changeLane(trigger_sequence=1, target_lane=1, target_speed=35.49652005)
    vehicle2.decelerate(trigger_sequence=1, target_speed=19.50612531)
    vehicle3.decelerate(trigger_sequence=1, target_speed=10.4707051)
    vehicle1.decelerate(trigger_sequence=2, target_speed=11.1421476)
    vehicle2.accelerate(trigger_sequence=2, target_speed=33.80424359)
    vehicle3.decelerate(trigger_sequence=2, target_speed=6.41670969)
    vehicle1.changeLane(trigger_sequence=3, target_lane=3, target_speed=30.32523989)
    vehicle2.changeLane(trigger_sequence=4, target_lane=3, target_speed=38.98050251)
    vehicle1.decelerate(trigger_sequence=5, target_speed=29.25038364)

2025-07-15 Tuesday 12:53:48  random_test.py : INFO  === Evaluation Finished === 
 Fitness: [inf, 0], Collision: False
2025-07-15 Tuesday 12:53:54  random_test.py : INFO  === Evaluate Testcase === 
 def testcase(self):
    vehicle1 = NPC(lane_id=4, offset=32.27752055, initial_speed=6.02869564)
    vehicle2 = NPC(lane_id=5, offset=10.19254932, initial_speed=1.27653241)
    ego = NPC(lane_id=1, offset=48.24379429, initial_speed=2.51388094)
    vehicle2.changeLane(trigger_sequence=1, target_lane=1, target_speed=25.49703279)
    vehicle1.decelerate(trigger_sequence=2, target_speed=8.59370611)
    vehicle1.accelerate(trigger_sequence=3, target_speed=52.72432015)

2025-07-15 Tuesday 12:53:54  random_test.py : INFO  === Evaluation Finished === 
 Fitness: [18.66203778157482, -0.0], Collision: False
2025-07-15 Tuesday 12:53:59  random_test.py : INFO  === Evaluate Testcase === 
 def testcase(self):
    vehicle1 = NPC(lane_id=4, offset=42.96655556, initial_speed=24.5243753)
    ego = NPC(lane_id=5, offset=49.24994904, initial_speed=33.44566822)
    vehicle1.decelerate(trigger_sequence=2, target_speed=9.4704676)
    vehicle1.changeLane(trigger_sequence=5, target_lane=1, target_speed=44.37846908)

2025-07-15 Tuesday 12:53:59  random_test.py : INFO  === Evaluation Finished === 
 Fitness: [8.124577655283375, -0.0], Collision: False
2025-07-15 Tuesday 12:54:04  random_test.py : INFO  === Evaluate Testcase === 
 def testcase(self):
    ego = NPC(lane_id=5, offset=14.76397325, initial_speed=13.55957207)
    vehicle2 = NPC(lane_id=3, offset=44.73770397, initial_speed=36.70218355)
    vehicle2.decelerate(trigger_sequence=5, target_speed=13.67931873)

2025-07-15 Tuesday 12:54:04  random_test.py : INFO  === Evaluation Finished === 
 Fitness: [6.999992262717451, -0.0], Collision: False
2025-07-15 Tuesday 12:54:10  random_test.py : INFO  === Evaluate Testcase === 
 def testcase(self):
    vehicle1 = NPC(lane_id=1, offset=45.55097482, initial_speed=28.32879614)
    vehicle2 = NPC(lane_id=3, offset=36.72966813, initial_speed=13.91110108)
    ego = NPC(lane_id=3, offset=0.97263713, initial_speed=17.65539789)
    vehicle4 = NPC(lane_id=4, offset=20.60679694, initial_speed=11.42897137)
    vehicle1.decelerate(trigger_sequence=1, target_speed=3.23067959)
    vehicle2.decelerate(trigger_sequence=1, target_speed=18.94875083)
    vehicle4.accelerate(trigger_sequence=1, target_speed=47.5190924)
    vehicle1.changeLane(trigger_sequence=2, target_lane=3, target_speed=15.53112353)
    vehicle2.changeLane(trigger_sequence=3, target_lane=1, target_speed=51.42500399)
    vehicle1.changeLane(trigger_sequence=4, target_lane=1, target_speed=59.09030632)
    vehicle2.accelerate(trigger_sequence=4, target_speed=33.70385531)

2025-07-15 Tuesday 12:54:10  random_test.py : INFO  === Evaluation Finished === 
 Fitness: [3.50050892336928, -0.008438818565400843], Collision: False
2025-07-15 Tuesday 12:54:16  random_test.py : INFO  === Evaluate Testcase === 
 def testcase(self):
    ego = NPC(lane_id=2, offset=0.44690552, initial_speed=2.92452171)
    vehicle2 = NPC(lane_id=4, offset=0.67969776, initial_speed=25.83780564)
    vehicle2.changeLane(trigger_sequence=3, target_lane=1, target_speed=13.37915626)
    vehicle2.accelerate(trigger_sequence=4, target_speed=52.5549366)
    vehicle2.accelerate(trigger_sequence=5, target_speed=35.63739017)

2025-07-15 Tuesday 12:54:16  random_test.py : INFO  === Evaluation Finished === 
 Fitness: [7.0003634701481205, -0.0], Collision: False
2025-07-15 Tuesday 12:54:22  random_test.py : INFO  === Evaluate Testcase === 
 def testcase(self):
    vehicle1 = NPC(lane_id=5, offset=31.6187924, initial_speed=10.19389503)
    vehicle2 = NPC(lane_id=4, offset=45.62394435, initial_speed=13.07562898)
    vehicle3 = NPC(lane_id=5, offset=23.16779008, initial_speed=4.69596618)
    ego = NPC(lane_id=1, offset=44.99358814, initial_speed=26.62083717)
    vehicle3.changeLane(trigger_sequence=1, target_lane=3, target_speed=39.09367869)
    vehicle1.decelerate(trigger_sequence=3, target_speed=2.78543344)
    vehicle2.decelerate(trigger_sequence=3, target_speed=9.17552145)
    vehicle3.changeLane(trigger_sequence=3, target_lane=3, target_speed=59.40585452)
    vehicle3.changeLane(trigger_sequence=4, target_lane=1, target_speed=25.48201116)
    vehicle1.changeLane(trigger_sequence=5, target_lane=1, target_speed=22.35996275)
    vehicle3.decelerate(trigger_sequence=5, target_speed=5.17307021)

2025-07-15 Tuesday 12:54:22  random_test.py : INFO  === Evaluation Finished === 
 Fitness: [10.54329142293361, -0.0], Collision: False
2025-07-15 Tuesday 12:54:27  random_test.py : INFO  === Evaluate Testcase === 
 def testcase(self):
    ego = NPC(lane_id=3, offset=6.7300893, initial_speed=2.91108446)
    vehicle2 = NPC(lane_id=3, offset=20.08177809, initial_speed=37.83426411)
    vehicle2.changeLane(trigger_sequence=1, target_lane=3, target_speed=31.75379265)
    vehicle2.changeLane(trigger_sequence=4, target_lane=1, target_speed=34.21171708)
    vehicle2.decelerate(trigger_sequence=5, target_speed=7.62263626)

2025-07-15 Tuesday 12:54:27  random_test.py : INFO  === Evaluation Finished === 
 Fitness: [13.755860101536847, -0.0], Collision: False
2025-07-15 Tuesday 12:54:32  random_test.py : INFO  === Evaluate Testcase === 
 def testcase(self):
    vehicle1 = NPC(lane_id=1, offset=15.31178036, initial_speed=7.14024053)
    ego = NPC(lane_id=3, offset=15.86913473, initial_speed=1.98453032)
    vehicle3 = NPC(lane_id=5, offset=20.36291236, initial_speed=38.92951546)
    vehicle1.accelerate(trigger_sequence=1, target_speed=47.35700691)
    vehicle3.changeLane(trigger_sequence=2, target_lane=1, target_speed=44.47206895)
    vehicle1.decelerate(trigger_sequence=3, target_speed=6.7888023)
    vehicle3.accelerate(trigger_sequence=3, target_speed=53.62421513)
    vehicle1.changeLane(trigger_sequence=4, target_lane=3, target_speed=57.94583358)
    vehicle3.changeLane(trigger_sequence=4, target_lane=3, target_speed=45.33589568)

2025-07-15 Tuesday 12:54:32  random_test.py : INFO  === Evaluation Finished === 
 Fitness: [6.990972138052776, -0.0], Collision: False
2025-07-15 Tuesday 12:54:38  random_test.py : INFO  === Evaluate Testcase === 
 def testcase(self):
    vehicle1 = NPC(lane_id=1, offset=18.69129937, initial_speed=37.73175573)
    ego = NPC(lane_id=3, offset=2.84505956, initial_speed=1.34662214)
    vehicle1.changeLane(trigger_sequence=3, target_lane=3, target_speed=8.32087795)
    vehicle1.decelerate(trigger_sequence=5, target_speed=28.25837131)

2025-07-15 Tuesday 12:54:38  random_test.py : INFO  === Evaluation Finished === 
 Fitness: [3.500471944401021, -0.0], Collision: False
2025-07-15 Tuesday 12:54:43  random_test.py : INFO  === Evaluate Testcase === 
 def testcase(self):
    vehicle1 = NPC(lane_id=2, offset=17.49573062, initial_speed=7.46391628)
    ego = NPC(lane_id=1, offset=2.35990226, initial_speed=8.28098355)
    vehicle3 = NPC(lane_id=2, offset=3.54856761, initial_speed=13.70150539)
    vehicle1.decelerate(trigger_sequence=1, target_speed=4.83930323)
    vehicle3.changeLane(trigger_sequence=1, target_lane=3, target_speed=3.70913346)
    vehicle1.accelerate(trigger_sequence=2, target_speed=51.61412964)
    vehicle1.decelerate(trigger_sequence=3, target_speed=21.49429297)
    vehicle3.decelerate(trigger_sequence=4, target_speed=5.31458485)
    vehicle3.decelerate(trigger_sequence=5, target_speed=25.91183997)

2025-07-15 Tuesday 12:54:43  random_test.py : INFO  === Evaluation Finished === 
 Fitness: [3.5017634828592366, -0.0], Collision: False
2025-07-15 Tuesday 12:54:49  random_test.py : INFO  === Evaluate Testcase === 
 def testcase(self):
    ego = NPC(lane_id=4, offset=22.70003755, initial_speed=6.2873129)
    vehicle2 = NPC(lane_id=4, offset=5.30376626, initial_speed=1.08906609)
    vehicle3 = NPC(lane_id=2, offset=42.91500917, initial_speed=11.72092735)
    vehicle2.decelerate(trigger_sequence=3, target_speed=6.15131204)
    vehicle2.changeLane(trigger_sequence=5, target_lane=1, target_speed=45.09155679)
    vehicle3.changeLane(trigger_sequence=5, target_lane=1, target_speed=7.70509916)

2025-07-15 Tuesday 12:54:49  random_test.py : INFO  === Evaluation Finished === 
 Fitness: [7.000746392449805, -0.0], Collision: False
2025-07-15 Tuesday 12:54:54  random_test.py : INFO  === Evaluate Testcase === 
 def testcase(self):
    vehicle1 = NPC(lane_id=4, offset=23.40353368, initial_speed=35.08435142)
    ego = NPC(lane_id=2, offset=6.64236596, initial_speed=34.02365233)
    vehicle3 = NPC(lane_id=2, offset=30.48232128, initial_speed=27.33880885)
    vehicle3.accelerate(trigger_sequence=1, target_speed=32.79176246)
    vehicle1.accelerate(trigger_sequence=4, target_speed=59.45790473)
    vehicle3.changeLane(trigger_sequence=4, target_lane=1, target_speed=55.6943437)
    vehicle1.decelerate(trigger_sequence=5, target_speed=29.13948398)

2025-07-15 Tuesday 12:54:54  random_test.py : INFO  === Evaluation Finished === 
 Fitness: [11.481598469904739, -0.0], Collision: False
2025-07-15 Tuesday 12:54:59  random_test.py : INFO  === Evaluate Testcase === 
 def testcase(self):
    vehicle1 = NPC(lane_id=2, offset=24.44671565, initial_speed=18.53770923)
    ego = NPC(lane_id=1, offset=21.869449, initial_speed=5.53586054)
    vehicle1.changeLane(trigger_sequence=2, target_lane=3, target_speed=21.25841002)
    vehicle1.accelerate(trigger_sequence=4, target_speed=36.36083076)

2025-07-15 Tuesday 12:54:59  random_test.py : INFO  === Evaluation Finished === 
 Fitness: [3.501026365866617, -0.0056657223796034], Collision: False
2025-07-15 Tuesday 12:55:04  random_test.py : INFO  === Evaluate Testcase === 
 def testcase(self):
    ego = NPC(lane_id=3, offset=44.53261827, initial_speed=15.198763)
    vehicle2 = NPC(lane_id=2, offset=19.57572307, initial_speed=36.71489223)
    vehicle2.changeLane(trigger_sequence=3, target_lane=3, target_speed=6.19981489)

2025-07-15 Tuesday 12:55:04  random_test.py : INFO  === Evaluation Finished === 
 Fitness: [18.580588012038525, -0.0], Collision: False
2025-07-15 Tuesday 12:55:10  random_test.py : INFO  === Evaluate Testcase === 
 def testcase(self):
    vehicle1 = NPC(lane_id=1, offset=32.76491487, initial_speed=32.99563355)
    vehicle2 = NPC(lane_id=3, offset=2.07219528, initial_speed=33.56593479)
    vehicle3 = NPC(lane_id=2, offset=20.89276896, initial_speed=24.28405509)
    ego = NPC(lane_id=3, offset=46.86958512, initial_speed=26.74241192)
    vehicle1.decelerate(trigger_sequence=1, target_speed=1.13212338)
    vehicle2.changeLane(trigger_sequence=1, target_lane=1, target_speed=31.07558293)
    vehicle2.accelerate(trigger_sequence=2, target_speed=31.50837004)
    vehicle1.decelerate(trigger_sequence=3, target_speed=7.07590844)
    vehicle2.accelerate(trigger_sequence=3, target_speed=52.14197243)
    vehicle3.changeLane(trigger_sequence=3, target_lane=3, target_speed=27.83907629)
    vehicle2.changeLane(trigger_sequence=5, target_lane=1, target_speed=23.31050518)
    vehicle3.accelerate(trigger_sequence=5, target_speed=35.79807283)

2025-07-15 Tuesday 12:55:10  random_test.py : INFO  === Evaluation Finished === 
 Fitness: [14.896999930899428, -0.0], Collision: False
2025-07-15 Tuesday 12:55:14  random_test.py : INFO  === Evaluate Testcase === 
 def testcase(self):
    vehicle1 = NPC(lane_id=4, offset=9.71965139, initial_speed=20.1088629)
    ego = NPC(lane_id=4, offset=43.40336463, initial_speed=25.5625998)
    vehicle3 = NPC(lane_id=4, offset=7.67109384, initial_speed=30.41430977)
    vehicle1.decelerate(trigger_sequence=1, target_speed=4.75029948)
    vehicle3.accelerate(trigger_sequence=2, target_speed=49.48714411)
    vehicle3.decelerate(trigger_sequence=4, target_speed=6.72926983)
    vehicle1.changeLane(trigger_sequence=5, target_lane=3, target_speed=59.15292359)
    vehicle3.changeLane(trigger_sequence=5, target_lane=3, target_speed=47.36693972)

2025-07-15 Tuesday 12:55:14  random_test.py : INFO  === Evaluation Finished === 
 Fitness: [inf, 0], Collision: False
2025-07-15 Tuesday 12:55:20  random_test.py : INFO  === Evaluate Testcase === 
 def testcase(self):
    vehicle1 = NPC(lane_id=1, offset=49.99490955, initial_speed=32.69394239)
    vehicle2 = NPC(lane_id=3, offset=30.57056803, initial_speed=8.82479151)
    ego = NPC(lane_id=2, offset=2.48776389, initial_speed=11.72185075)
    vehicle1.decelerate(trigger_sequence=1, target_speed=26.97568894)
    vehicle1.accelerate(trigger_sequence=4, target_speed=51.40468892)
    vehicle2.changeLane(trigger_sequence=4, target_lane=1, target_speed=40.31309526)
    vehicle1.accelerate(trigger_sequence=5, target_speed=58.79458223)

2025-07-15 Tuesday 12:55:20  random_test.py : INFO  === Evaluation Finished === 
 Fitness: [3.50494773260025, -0.0], Collision: False
2025-07-15 Tuesday 12:55:25  random_test.py : INFO  === Evaluate Testcase === 
 def testcase(self):
    vehicle1 = NPC(lane_id=4, offset=8.91300365, initial_speed=15.37417808)
    vehicle2 = NPC(lane_id=2, offset=34.51760731, initial_speed=27.27227306)
    ego = NPC(lane_id=3, offset=40.57285302, initial_speed=10.9999039)
    vehicle1.accelerate(trigger_sequence=1, target_speed=38.51717645)
    vehicle1.accelerate(trigger_sequence=2, target_speed=45.56224124)
    vehicle2.accelerate(trigger_sequence=2, target_speed=44.971643)
    vehicle2.changeLane(trigger_sequence=3, target_lane=3, target_speed=49.97672429)
    vehicle1.changeLane(trigger_sequence=4, target_lane=3, target_speed=36.95967265)
    vehicle2.decelerate(trigger_sequence=4, target_speed=20.73759184)
    vehicle1.decelerate(trigger_sequence=5, target_speed=27.41789195)

2025-07-15 Tuesday 12:55:25  random_test.py : INFO  === Evaluation Finished === 
 Fitness: [4.223678673959647, -0.0], Collision: False
2025-07-15 Tuesday 12:55:29  random_test.py : INFO  === Evaluate Testcase === 
 def testcase(self):
    vehicle1 = NPC(lane_id=5, offset=26.95621178, initial_speed=30.95551398)
    vehicle2 = NPC(lane_id=5, offset=25.98364361, initial_speed=17.70917246)
    ego = NPC(lane_id=2, offset=32.27883639, initial_speed=5.28261675)
    vehicle4 = NPC(lane_id=1, offset=31.02395405, initial_speed=29.51782371)
    vehicle2.accelerate(trigger_sequence=2, target_speed=33.94207506)
    vehicle4.accelerate(trigger_sequence=2, target_speed=53.87090021)
    vehicle1.decelerate(trigger_sequence=3, target_speed=28.08988809)
    vehicle2.accelerate(trigger_sequence=3, target_speed=37.61499192)
    vehicle4.decelerate(trigger_sequence=3, target_speed=11.08816782)
    vehicle1.changeLane(trigger_sequence=4, target_lane=3, target_speed=19.8828447)
    vehicle4.decelerate(trigger_sequence=4, target_speed=8.10005798)
    vehicle2.decelerate(trigger_sequence=5, target_speed=26.74446851)

2025-07-15 Tuesday 12:55:29  random_test.py : INFO  === Evaluation Finished === 
 Fitness: [inf, 0], Collision: False
2025-07-15 Tuesday 12:55:34  random_test.py : INFO  === Evaluate Testcase === 
 def testcase(self):
    ego = NPC(lane_id=1, offset=37.08279351, initial_speed=16.85779071)
    vehicle2 = NPC(lane_id=4, offset=32.67456641, initial_speed=8.41837302)
    vehicle3 = NPC(lane_id=5, offset=29.36725332, initial_speed=2.29803606)
    vehicle3.accelerate(trigger_sequence=3, target_speed=35.16144118)
    vehicle2.changeLane(trigger_sequence=4, target_lane=3, target_speed=24.56828236)
    vehicle2.decelerate(trigger_sequence=5, target_speed=11.50675494)

2025-07-15 Tuesday 12:55:34  random_test.py : INFO  === Evaluation Finished === 
 Fitness: [11.685801953725338, -0.0], Collision: False
2025-07-15 Tuesday 12:55:40  random_test.py : INFO  === Evaluate Testcase === 
 def testcase(self):
    vehicle1 = NPC(lane_id=4, offset=28.48137431, initial_speed=28.10011801)
    vehicle2 = NPC(lane_id=4, offset=1.50470621, initial_speed=15.63315401)
    ego = NPC(lane_id=4, offset=10.65436359, initial_speed=24.93387964)
    vehicle4 = NPC(lane_id=4, offset=45.40428515, initial_speed=17.43037703)
    vehicle2.decelerate(trigger_sequence=2, target_speed=21.13349632)
    vehicle2.changeLane(trigger_sequence=3, target_lane=1, target_speed=5.16032933)
    vehicle1.accelerate(trigger_sequence=4, target_speed=47.1787992)
    vehicle2.accelerate(trigger_sequence=4, target_speed=39.19600946)
    vehicle1.decelerate(trigger_sequence=5, target_speed=29.76397246)
    vehicle4.decelerate(trigger_sequence=5, target_speed=4.48375976)

2025-07-15 Tuesday 12:55:40  random_test.py : INFO  === Evaluation Finished === 
 Fitness: [10.446692887401877, -0.016359918200409], Collision: False
2025-07-15 Tuesday 12:55:46  random_test.py : INFO  === Evaluate Testcase === 
 def testcase(self):
    vehicle1 = NPC(lane_id=5, offset=6.96787817, initial_speed=39.46197065)
    ego = NPC(lane_id=1, offset=42.1825722, initial_speed=29.37680683)
    vehicle3 = NPC(lane_id=1, offset=49.28258956, initial_speed=38.04647684)
    vehicle1.changeLane(trigger_sequence=2, target_lane=3, target_speed=32.35905387)
    vehicle1.changeLane(trigger_sequence=4, target_lane=3, target_speed=25.55710696)
    vehicle3.changeLane(trigger_sequence=4, target_lane=3, target_speed=1.55155161)
    vehicle1.changeLane(trigger_sequence=5, target_lane=1, target_speed=37.03989709)
    vehicle3.changeLane(trigger_sequence=5, target_lane=1, target_speed=31.97783635)

2025-07-15 Tuesday 12:55:46  random_test.py : INFO  === Evaluation Finished === 
 Fitness: [3.5001247153084085, -0.00546448087431694], Collision: False
2025-07-15 Tuesday 12:55:52  random_test.py : INFO  === Evaluate Testcase === 
 def testcase(self):
    vehicle1 = NPC(lane_id=4, offset=49.09766055, initial_speed=15.22427901)
    ego = NPC(lane_id=3, offset=0.48597561, initial_speed=38.13501997)
    vehicle3 = NPC(lane_id=3, offset=30.82414673, initial_speed=33.87550263)
    vehicle1.decelerate(trigger_sequence=1, target_speed=3.26692821)
    vehicle1.changeLane(trigger_sequence=2, target_lane=1, target_speed=12.49361686)
    vehicle1.changeLane(trigger_sequence=3, target_lane=1, target_speed=49.01993266)
    vehicle1.decelerate(trigger_sequence=4, target_speed=18.13877761)
    vehicle1.accelerate(trigger_sequence=5, target_speed=46.55862709)

2025-07-15 Tuesday 12:55:52  random_test.py : INFO  === Evaluation Finished === 
 Fitness: [3.5016642163836638, -0.002857142857142857], Collision: False
2025-07-15 Tuesday 12:55:56  random_test.py : INFO  === Evaluate Testcase === 
 def testcase(self):
    ego = NPC(lane_id=4, offset=38.07101926, initial_speed=2.84165601)
    vehicle2 = NPC(lane_id=4, offset=40.41985728, initial_speed=11.05115059)
    vehicle2.changeLane(trigger_sequence=1, target_lane=3, target_speed=9.00878661)
    vehicle2.decelerate(trigger_sequence=2, target_speed=16.63788554)
    vehicle2.decelerate(trigger_sequence=3, target_speed=9.12937652)
    vehicle2.accelerate(trigger_sequence=5, target_speed=42.7316121)

2025-07-15 Tuesday 12:55:56  random_test.py : INFO  === Evaluation Finished === 
 Fitness: [inf, 0], Collision: False
2025-07-15 Tuesday 12:56:00  random_test.py : INFO  === Evaluate Testcase === 
 def testcase(self):
    vehicle1 = NPC(lane_id=3, offset=36.91413771, initial_speed=12.69012498)
    vehicle2 = NPC(lane_id=3, offset=40.97830308, initial_speed=30.21736512)
    ego = NPC(lane_id=3, offset=30.23147125, initial_speed=24.95105009)
    vehicle4 = NPC(lane_id=5, offset=18.51755549, initial_speed=32.73116971)
    vehicle4.accelerate(trigger_sequence=1, target_speed=41.62016397)
    vehicle1.changeLane(trigger_sequence=2, target_lane=3, target_speed=51.68289021)
    vehicle2.accelerate(trigger_sequence=2, target_speed=58.89706897)
    vehicle1.decelerate(trigger_sequence=3, target_speed=4.17829373)
    vehicle2.accelerate(trigger_sequence=3, target_speed=31.99420893)
    vehicle1.changeLane(trigger_sequence=4, target_lane=3, target_speed=25.16853792)
    vehicle2.decelerate(trigger_sequence=4, target_speed=13.48549149)
    vehicle4.decelerate(trigger_sequence=4, target_speed=6.67269264)

2025-07-15 Tuesday 12:56:00  random_test.py : INFO  === Evaluation Finished === 
 Fitness: [inf, 0], Collision: False
2025-07-15 Tuesday 12:56:05  random_test.py : INFO  === Evaluate Testcase === 
 def testcase(self):
    vehicle1 = NPC(lane_id=4, offset=7.76757223, initial_speed=27.7118164)
    ego = NPC(lane_id=5, offset=41.53527626, initial_speed=6.5625807)
    vehicle1.changeLane(trigger_sequence=3, target_lane=1, target_speed=3.93890323)
    vehicle1.changeLane(trigger_sequence=4, target_lane=3, target_speed=21.79245037)

2025-07-15 Tuesday 12:56:05  random_test.py : INFO  === Evaluation Finished === 
 Fitness: [28.359917328811555, -0.002840909090909091], Collision: False
2025-07-15 Tuesday 12:56:11  random_test.py : INFO  === Evaluate Testcase === 
 def testcase(self):
    vehicle1 = NPC(lane_id=5, offset=29.74958935, initial_speed=19.88584741)
    ego = NPC(lane_id=3, offset=44.44478031, initial_speed=23.87841602)
    vehicle1.changeLane(trigger_sequence=1, target_lane=1, target_speed=20.05716897)
    vehicle1.changeLane(trigger_sequence=2, target_lane=1, target_speed=23.27865334)

2025-07-15 Tuesday 12:56:11  random_test.py : INFO  === Evaluation Finished === 
 Fitness: [16.932581514273313, -0.0], Collision: False
2025-07-15 Tuesday 12:56:16  random_test.py : INFO  === Evaluate Testcase === 
 def testcase(self):
    vehicle1 = NPC(lane_id=4, offset=17.82177126, initial_speed=36.72154378)
    ego = NPC(lane_id=4, offset=34.5925415, initial_speed=33.4028085)
    vehicle1.decelerate(trigger_sequence=1, target_speed=1.08827358)
    vehicle1.decelerate(trigger_sequence=3, target_speed=10.31356)
    vehicle1.changeLane(trigger_sequence=5, target_lane=1, target_speed=56.31413206)

2025-07-15 Tuesday 12:56:16  random_test.py : INFO  === Evaluation Finished === 
 Fitness: [3.505433332236365, -0.0], Collision: False
2025-07-15 Tuesday 12:56:23  random_test.py : INFO  === Evaluate Testcase === 
 def testcase(self):
    ego = NPC(lane_id=1, offset=24.71610356, initial_speed=8.81168195)
    vehicle2 = NPC(lane_id=2, offset=39.8482464, initial_speed=12.03029863)
    vehicle3 = NPC(lane_id=4, offset=7.0708642, initial_speed=5.94064015)
    vehicle4 = NPC(lane_id=5, offset=22.28619952, initial_speed=0.62322948)
    vehicle2.accelerate(trigger_sequence=1, target_speed=44.15826387)
    vehicle3.changeLane(trigger_sequence=1, target_lane=3, target_speed=7.04441168)
    vehicle4.changeLane(trigger_sequence=1, target_lane=1, target_speed=2.72508098)
    vehicle2.accelerate(trigger_sequence=2, target_speed=58.83272328)
    vehicle3.changeLane(trigger_sequence=2, target_lane=1, target_speed=42.95237118)
    vehicle4.changeLane(trigger_sequence=2, target_lane=3, target_speed=21.67560776)
    vehicle2.decelerate(trigger_sequence=3, target_speed=4.38553164)
    vehicle3.changeLane(trigger_sequence=3, target_lane=3, target_speed=16.1934694)
    vehicle3.accelerate(trigger_sequence=4, target_speed=42.58270283)
    vehicle4.accelerate(trigger_sequence=4, target_speed=44.91411625)
    vehicle2.accelerate(trigger_sequence=5, target_speed=43.30841465)
    vehicle3.accelerate(trigger_sequence=5, target_speed=41.99747106)
    vehicle4.accelerate(trigger_sequence=5, target_speed=57.86113578)

2025-07-15 Tuesday 12:56:23  random_test.py : INFO  === Evaluation Finished === 
 Fitness: [3.4999577045695696, -0.0], Collision: False
2025-07-15 Tuesday 12:56:28  random_test.py : INFO  === Evaluate Testcase === 
 def testcase(self):
    ego = NPC(lane_id=2, offset=1.83381148, initial_speed=9.50836993)
    vehicle2 = NPC(lane_id=4, offset=17.81196981, initial_speed=38.75930902)
    vehicle3 = NPC(lane_id=1, offset=44.03735173, initial_speed=2.2436818)
    vehicle3.decelerate(trigger_sequence=2, target_speed=25.94420867)
    vehicle2.accelerate(trigger_sequence=4, target_speed=31.83442102)

2025-07-15 Tuesday 12:56:28  random_test.py : INFO  === Evaluation Finished === 
 Fitness: [3.505498549460582, -0.0], Collision: False
2025-07-15 Tuesday 12:56:34  random_test.py : INFO  === Evaluate Testcase === 
 def testcase(self):
    ego = NPC(lane_id=2, offset=17.61976342, initial_speed=17.48350253)
    vehicle2 = NPC(lane_id=2, offset=40.49865581, initial_speed=19.28896966)
    vehicle3 = NPC(lane_id=4, offset=8.27788892, initial_speed=36.67057611)
    vehicle2.accelerate(trigger_sequence=1, target_speed=38.5686749)
    vehicle2.decelerate(trigger_sequence=2, target_speed=0.85970486)
    vehicle3.changeLane(trigger_sequence=2, target_lane=1, target_speed=14.8674956)
    vehicle3.accelerate(trigger_sequence=3, target_speed=53.62774919)
    vehicle2.changeLane(trigger_sequence=5, target_lane=1, target_speed=11.84715889)

2025-07-15 Tuesday 12:56:34  random_test.py : INFO  === Evaluation Finished === 
 Fitness: [3.499782401224752, -0.0049261083743842365], Collision: False
2025-07-15 Tuesday 12:56:39  random_test.py : INFO  === Evaluate Testcase === 
 def testcase(self):
    vehicle1 = NPC(lane_id=5, offset=31.56037966, initial_speed=29.96433567)
    vehicle2 = NPC(lane_id=4, offset=5.10395415, initial_speed=33.49033102)
    vehicle3 = NPC(lane_id=2, offset=30.52554274, initial_speed=38.15006703)
    ego = NPC(lane_id=1, offset=30.31847912, initial_speed=3.80544432)
    vehicle1.decelerate(trigger_sequence=2, target_speed=11.86736153)
    vehicle3.decelerate(trigger_sequence=2, target_speed=1.73755175)
    vehicle1.changeLane(trigger_sequence=3, target_lane=1, target_speed=56.24976266)
    vehicle2.accelerate(trigger_sequence=3, target_speed=30.40964796)
    vehicle3.decelerate(trigger_sequence=3, target_speed=7.94821794)
    vehicle1.decelerate(trigger_sequence=5, target_speed=2.02411694)
    vehicle2.decelerate(trigger_sequence=5, target_speed=16.97009908)

2025-07-15 Tuesday 12:56:39  random_test.py : INFO  === Evaluation Finished === 
 Fitness: [3.503067461782755, -0.0], Collision: False
2025-07-15 Tuesday 12:56:45  random_test.py : INFO  === Evaluate Testcase === 
 def testcase(self):
    vehicle1 = NPC(lane_id=3, offset=28.71409154, initial_speed=30.05365575)
    vehicle2 = NPC(lane_id=4, offset=7.74644834, initial_speed=12.76817788)
    ego = NPC(lane_id=1, offset=20.8425126, initial_speed=18.59503351)
    vehicle2.decelerate(trigger_sequence=2, target_speed=16.15297465)
    vehicle1.decelerate(trigger_sequence=3, target_speed=7.21158056)
    vehicle2.accelerate(trigger_sequence=3, target_speed=45.17460431)
    vehicle1.decelerate(trigger_sequence=4, target_speed=17.97559847)
    vehicle2.decelerate(trigger_sequence=4, target_speed=9.16366482)
    vehicle1.decelerate(trigger_sequence=5, target_speed=18.58865493)
    vehicle2.changeLane(trigger_sequence=5, target_lane=3, target_speed=38.19576126)

2025-07-15 Tuesday 12:56:45  random_test.py : INFO  === Evaluation Finished === 
 Fitness: [7.000125378378338, -0.0], Collision: False
2025-07-15 Tuesday 12:56:50  random_test.py : INFO  === Evaluate Testcase === 
 def testcase(self):
    ego = NPC(lane_id=1, offset=25.59407496, initial_speed=3.65352696)
    vehicle2 = NPC(lane_id=5, offset=49.86920049, initial_speed=34.16765841)
    vehicle2.accelerate(trigger_sequence=5, target_speed=44.06787321)

2025-07-15 Tuesday 12:56:50  random_test.py : INFO  === Evaluation Finished === 
 Fitness: [28.307095409171392, -0.0], Collision: False
2025-07-15 Tuesday 12:56:54  random_test.py : INFO  === Evaluate Testcase === 
 def testcase(self):
    vehicle1 = NPC(lane_id=3, offset=34.66665101, initial_speed=29.91216711)
    vehicle2 = NPC(lane_id=4, offset=35.8071493, initial_speed=26.63845782)
    ego = NPC(lane_id=3, offset=36.6043173, initial_speed=34.32258378)
    vehicle4 = NPC(lane_id=1, offset=26.25178209, initial_speed=5.87365622)
    vehicle1.changeLane(trigger_sequence=1, target_lane=3, target_speed=21.93836343)
    vehicle2.accelerate(trigger_sequence=1, target_speed=57.91871276)
    vehicle1.decelerate(trigger_sequence=2, target_speed=6.7619628)
    vehicle2.accelerate(trigger_sequence=2, target_speed=32.53486177)
    vehicle4.accelerate(trigger_sequence=2, target_speed=59.3287205)
    vehicle1.accelerate(trigger_sequence=4, target_speed=36.04843036)
    vehicle4.changeLane(trigger_sequence=5, target_lane=3, target_speed=0.20935558)

2025-07-15 Tuesday 12:56:54  random_test.py : INFO  === Evaluation Finished === 
 Fitness: [inf, 0], Collision: False
2025-07-15 Tuesday 12:56:59  random_test.py : INFO  === Evaluate Testcase === 
 def testcase(self):
    vehicle1 = NPC(lane_id=5, offset=4.20771192, initial_speed=28.04004695)
    vehicle2 = NPC(lane_id=2, offset=27.42960326, initial_speed=22.82512337)
    ego = NPC(lane_id=1, offset=12.28389356, initial_speed=16.1392117)
    vehicle2.accelerate(trigger_sequence=1, target_speed=57.52553222)
    vehicle1.decelerate(trigger_sequence=2, target_speed=23.81386788)
    vehicle2.decelerate(trigger_sequence=2, target_speed=21.14867926)
    vehicle1.accelerate(trigger_sequence=3, target_speed=43.75708315)
    vehicle1.decelerate(trigger_sequence=4, target_speed=19.39293121)
    vehicle1.accelerate(trigger_sequence=5, target_speed=47.23434718)

2025-07-15 Tuesday 12:56:59  random_test.py : INFO  === Evaluation Finished === 
 Fitness: [3.5001169828705825, -0.0], Collision: False
2025-07-15 Tuesday 12:57:04  random_test.py : INFO  === Evaluate Testcase === 
 def testcase(self):
    vehicle1 = NPC(lane_id=4, offset=34.38242115, initial_speed=25.85789646)
    vehicle2 = NPC(lane_id=4, offset=17.63824173, initial_speed=8.9807457)
    ego = NPC(lane_id=2, offset=43.4983181, initial_speed=34.1825833)
    vehicle1.decelerate(trigger_sequence=1, target_speed=25.29386843)
    vehicle2.changeLane(trigger_sequence=2, target_lane=3, target_speed=39.46754221)
    vehicle1.changeLane(trigger_sequence=5, target_lane=3, target_speed=9.44213221)

2025-07-15 Tuesday 12:57:04  random_test.py : INFO  === Evaluation Finished === 
 Fitness: [12.455385607836456, -0.0], Collision: False
2025-07-15 Tuesday 12:57:08  random_test.py : INFO  === Evaluate Testcase === 
 def testcase(self):
    vehicle1 = NPC(lane_id=4, offset=36.5921797, initial_speed=7.82945008)
    vehicle2 = NPC(lane_id=3, offset=36.42241517, initial_speed=2.89500484)
    ego = NPC(lane_id=4, offset=32.61858196, initial_speed=30.08537781)
    vehicle4 = NPC(lane_id=1, offset=36.12414076, initial_speed=7.18798606)
    vehicle2.accelerate(trigger_sequence=1, target_speed=47.59704245)
    vehicle2.accelerate(trigger_sequence=2, target_speed=30.49770878)
    vehicle2.changeLane(trigger_sequence=3, target_lane=3, target_speed=28.41542691)
    vehicle4.accelerate(trigger_sequence=3, target_speed=46.00775369)
    vehicle2.accelerate(trigger_sequence=4, target_speed=59.81411147)
    vehicle1.decelerate(trigger_sequence=5, target_speed=27.47604247)

2025-07-15 Tuesday 12:57:08  random_test.py : INFO  === Evaluation Finished === 
 Fitness: [inf, 0], Collision: False
2025-07-15 Tuesday 12:57:14  random_test.py : INFO  === Evaluate Testcase === 
 def testcase(self):
    ego = NPC(lane_id=2, offset=14.55352254, initial_speed=12.65034037)
    vehicle2 = NPC(lane_id=5, offset=18.25319171, initial_speed=26.33138761)
    vehicle3 = NPC(lane_id=5, offset=35.82350782, initial_speed=4.18962342)
    vehicle4 = NPC(lane_id=2, offset=47.27294359, initial_speed=19.81058808)
    vehicle3.changeLane(trigger_sequence=1, target_lane=3, target_speed=29.47098931)
    vehicle3.accelerate(trigger_sequence=2, target_speed=59.92593224)
    vehicle4.accelerate(trigger_sequence=2, target_speed=47.89436816)
    vehicle3.changeLane(trigger_sequence=3, target_lane=3, target_speed=35.46215416)
    vehicle4.changeLane(trigger_sequence=3, target_lane=3, target_speed=10.39914503)

2025-07-15 Tuesday 12:57:14  random_test.py : INFO  === Evaluation Finished === 
 Fitness: [3.5005541607152435, -0.0048543689320388345], Collision: False
2025-07-15 Tuesday 12:57:20  random_test.py : INFO  === Evaluate Testcase === 
 def testcase(self):
    vehicle1 = NPC(lane_id=4, offset=47.01031927, initial_speed=16.63094497)
    vehicle2 = NPC(lane_id=3, offset=7.66305109, initial_speed=8.24119376)
    vehicle3 = NPC(lane_id=1, offset=25.72972892, initial_speed=33.0734749)
    ego = NPC(lane_id=4, offset=13.65985158, initial_speed=13.51128636)
    vehicle2.changeLane(trigger_sequence=1, target_lane=3, target_speed=44.20174677)
    vehicle3.accelerate(trigger_sequence=1, target_speed=37.63373081)
    vehicle2.decelerate(trigger_sequence=2, target_speed=21.34282352)
    vehicle3.decelerate(trigger_sequence=2, target_speed=7.95355853)
    vehicle1.accelerate(trigger_sequence=3, target_speed=54.27373046)
    vehicle3.decelerate(trigger_sequence=3, target_speed=8.92206803)
    vehicle1.accelerate(trigger_sequence=4, target_speed=41.54895458)
    vehicle3.decelerate(trigger_sequence=4, target_speed=13.55679534)
    vehicle3.accelerate(trigger_sequence=5, target_speed=42.89307797)

2025-07-15 Tuesday 12:57:20  random_test.py : INFO  === Evaluation Finished === 
 Fitness: [7.56043638316791, -0.008421052631578947], Collision: False
2025-07-15 Tuesday 12:57:26  random_test.py : INFO  === Evaluate Testcase === 
 def testcase(self):
    vehicle1 = NPC(lane_id=2, offset=20.2535794, initial_speed=16.87791798)
    vehicle2 = NPC(lane_id=4, offset=15.62502508, initial_speed=25.50660086)
    vehicle3 = NPC(lane_id=3, offset=38.85161388, initial_speed=34.69969432)
    ego = NPC(lane_id=4, offset=38.49839745, initial_speed=10.29590603)
    vehicle1.decelerate(trigger_sequence=1, target_speed=18.71327542)
    vehicle1.changeLane(trigger_sequence=2, target_lane=1, target_speed=2.07783422)
    vehicle1.accelerate(trigger_sequence=3, target_speed=53.17923676)
    vehicle2.decelerate(trigger_sequence=3, target_speed=23.02657301)
    vehicle2.changeLane(trigger_sequence=4, target_lane=1, target_speed=20.45908034)
    vehicle3.accelerate(trigger_sequence=4, target_speed=39.11202052)

2025-07-15 Tuesday 12:57:26  random_test.py : INFO  === Evaluation Finished === 
 Fitness: [3.49310182439848, -0.0], Collision: False
2025-07-15 Tuesday 12:57:31  random_test.py : INFO  === Evaluate Testcase === 
 def testcase(self):
    ego = NPC(lane_id=2, offset=43.40503234, initial_speed=27.24357894)
    vehicle2 = NPC(lane_id=2, offset=5.35399905, initial_speed=21.79518317)
    vehicle3 = NPC(lane_id=1, offset=32.92044638, initial_speed=5.36771801)
    vehicle4 = NPC(lane_id=4, offset=38.23127135, initial_speed=14.1188565)
    vehicle2.decelerate(trigger_sequence=1, target_speed=19.76651644)
    vehicle3.accelerate(trigger_sequence=2, target_speed=54.94870277)
    vehicle3.accelerate(trigger_sequence=3, target_speed=43.43965963)
    vehicle2.decelerate(trigger_sequence=5, target_speed=19.82713793)
    vehicle4.decelerate(trigger_sequence=5, target_speed=18.98361338)

2025-07-15 Tuesday 12:57:31  random_test.py : INFO  === Evaluation Finished === 
 Fitness: [9.813657594878897, -0.0], Collision: False
2025-07-15 Tuesday 12:57:37  random_test.py : INFO  === Evaluate Testcase === 
 def testcase(self):
    ego = NPC(lane_id=3, offset=38.95253729, initial_speed=36.37394382)
    vehicle2 = NPC(lane_id=2, offset=32.5382674, initial_speed=2.7715697)
    vehicle3 = NPC(lane_id=3, offset=15.91179393, initial_speed=21.15865684)
    vehicle3.accelerate(trigger_sequence=1, target_speed=57.69794619)
    vehicle2.decelerate(trigger_sequence=4, target_speed=5.63646917)

2025-07-15 Tuesday 12:57:37  random_test.py : INFO  === Evaluation Finished === 
 Fitness: [9.057777182124775, -0.0], Collision: False
2025-07-15 Tuesday 12:57:42  random_test.py : INFO  === Evaluate Testcase === 
 def testcase(self):
    ego = NPC(lane_id=2, offset=16.93493341, initial_speed=34.32987497)
    vehicle2 = NPC(lane_id=5, offset=37.2111652, initial_speed=35.75954447)
    vehicle2.accelerate(trigger_sequence=1, target_speed=40.30578416)
    vehicle2.decelerate(trigger_sequence=2, target_speed=7.28949507)

2025-07-15 Tuesday 12:57:42  random_test.py : INFO  === Evaluation Finished === 
 Fitness: [10.500409078310403, -0.0], Collision: False
2025-07-15 Tuesday 12:57:46  random_test.py : INFO  === Evaluate Testcase === 
 def testcase(self):
    vehicle1 = NPC(lane_id=2, offset=40.92950963, initial_speed=4.11749909)
    ego = NPC(lane_id=4, offset=40.31072759, initial_speed=8.24124186)
    vehicle3 = NPC(lane_id=2, offset=41.83639004, initial_speed=24.64983701)
    vehicle1.decelerate(trigger_sequence=1, target_speed=28.94452727)
    vehicle3.decelerate(trigger_sequence=2, target_speed=22.74386173)
    vehicle1.changeLane(trigger_sequence=3, target_lane=1, target_speed=16.39459306)
    vehicle3.changeLane(trigger_sequence=3, target_lane=3, target_speed=24.60364898)
    vehicle1.changeLane(trigger_sequence=4, target_lane=3, target_speed=15.27563778)
    vehicle3.changeLane(trigger_sequence=5, target_lane=1, target_speed=28.35354696)

2025-07-15 Tuesday 12:57:46  random_test.py : INFO  === Evaluation Finished === 
 Fitness: [inf, 0], Collision: False
2025-07-15 Tuesday 12:57:51  random_test.py : INFO  === Evaluate Testcase === 
 def testcase(self):
    ego = NPC(lane_id=2, offset=45.13227839, initial_speed=1.58708419)
    vehicle2 = NPC(lane_id=2, offset=13.4935664, initial_speed=20.86730726)
    vehicle2.accelerate(trigger_sequence=1, target_speed=44.83154516)
    vehicle2.decelerate(trigger_sequence=2, target_speed=26.15883486)
    vehicle2.decelerate(trigger_sequence=4, target_speed=17.15321343)
    vehicle2.accelerate(trigger_sequence=5, target_speed=48.92905664)

2025-07-15 Tuesday 12:57:51  random_test.py : INFO  === Evaluation Finished === 
 Fitness: [27.21343609193077, -0.0], Collision: False
2025-07-15 Tuesday 12:57:54  simulate.py : INFO  Rear-end collision with vehicle 3973 ignored
2025-07-15 Tuesday 12:57:56  random_test.py : INFO  === Evaluate Testcase === 
 def testcase(self):
    vehicle1 = NPC(lane_id=1, offset=15.94041026, initial_speed=36.24277558)
    ego = NPC(lane_id=1, offset=25.98987582, initial_speed=22.60041499)
    vehicle3 = NPC(lane_id=2, offset=39.58815107, initial_speed=37.34518331)
    vehicle1.accelerate(trigger_sequence=1, target_speed=57.1988458)
    vehicle3.decelerate(trigger_sequence=1, target_speed=26.90430404)
    vehicle3.accelerate(trigger_sequence=3, target_speed=50.65285826)
    vehicle1.accelerate(trigger_sequence=4, target_speed=37.5696572)
    vehicle3.accelerate(trigger_sequence=4, target_speed=42.88545104)

2025-07-15 Tuesday 12:57:56  random_test.py : INFO  === Evaluation Finished === 
 Fitness: [4.753497160799015, -0.0], Collision: False
2025-07-15 Tuesday 12:57:59  simulate.py : INFO  Rear-end collision with vehicle 3977 ignored
2025-07-15 Tuesday 12:58:02  random_test.py : INFO  === Evaluate Testcase === 
 def testcase(self):
    vehicle1 = NPC(lane_id=1, offset=0.83841648, initial_speed=19.1405114)
    vehicle2 = NPC(lane_id=1, offset=18.33412594, initial_speed=17.14442273)
    vehicle3 = NPC(lane_id=3, offset=21.83203664, initial_speed=19.5138001)
    ego = NPC(lane_id=1, offset=8.92946005, initial_speed=2.29227378)
    vehicle2.accelerate(trigger_sequence=1, target_speed=43.876739)
    vehicle3.changeLane(trigger_sequence=1, target_lane=1, target_speed=57.30778525)
    vehicle1.decelerate(trigger_sequence=2, target_speed=29.06827976)
    vehicle2.decelerate(trigger_sequence=2, target_speed=13.46874726)
    vehicle1.decelerate(trigger_sequence=3, target_speed=20.89375689)
    vehicle3.accelerate(trigger_sequence=3, target_speed=41.45962839)
    vehicle1.changeLane(trigger_sequence=4, target_lane=1, target_speed=52.88570007)
    vehicle3.decelerate(trigger_sequence=4, target_speed=19.96907394)

2025-07-15 Tuesday 12:58:02  random_test.py : INFO  === Evaluation Finished === 
 Fitness: [4.747243490771409, -0.013445378151260505], Collision: False
2025-07-15 Tuesday 12:58:06  random_test.py : INFO  === Evaluate Testcase === 
 def testcase(self):
    vehicle1 = NPC(lane_id=1, offset=12.89354267, initial_speed=32.32081847)
    vehicle2 = NPC(lane_id=2, offset=42.58898081, initial_speed=11.55767147)
    vehicle3 = NPC(lane_id=5, offset=9.20199249, initial_speed=0.75944055)
    ego = NPC(lane_id=5, offset=9.51235666, initial_speed=33.11752154)
    vehicle2.accelerate(trigger_sequence=2, target_speed=50.74023664)
    vehicle3.changeLane(trigger_sequence=2, target_lane=3, target_speed=52.43179363)
    vehicle2.accelerate(trigger_sequence=3, target_speed=50.40003287)
    vehicle1.accelerate(trigger_sequence=4, target_speed=50.01629281)
    vehicle2.decelerate(trigger_sequence=4, target_speed=28.98935729)
    vehicle3.changeLane(trigger_sequence=4, target_lane=3, target_speed=38.37284737)
    vehicle2.changeLane(trigger_sequence=5, target_lane=3, target_speed=12.40432744)
    vehicle3.changeLane(trigger_sequence=5, target_lane=3, target_speed=25.07952966)

2025-07-15 Tuesday 12:58:06  random_test.py : INFO  === Evaluation Finished === 
 Fitness: [inf, 0], Collision: False
2025-07-15 Tuesday 12:58:11  random_test.py : INFO  === Evaluate Testcase === 
 def testcase(self):
    vehicle1 = NPC(lane_id=1, offset=33.04408727, initial_speed=1.92141341)
    ego = NPC(lane_id=3, offset=11.63467807, initial_speed=22.17860303)
    vehicle1.decelerate(trigger_sequence=2, target_speed=17.91274443)
    vehicle1.decelerate(trigger_sequence=3, target_speed=1.49106177)
    vehicle1.accelerate(trigger_sequence=4, target_speed=49.81401742)

2025-07-15 Tuesday 12:58:11  random_test.py : INFO  === Evaluation Finished === 
 Fitness: [7.000980394693493, -0.0], Collision: False
2025-07-15 Tuesday 12:58:17  random_test.py : INFO  === Evaluate Testcase === 
 def testcase(self):
    vehicle1 = NPC(lane_id=4, offset=46.15258669, initial_speed=1.6706284)
    ego = NPC(lane_id=5, offset=41.65470947, initial_speed=26.89607806)
    vehicle3 = NPC(lane_id=4, offset=4.17941989, initial_speed=38.93099807)
    vehicle4 = NPC(lane_id=5, offset=8.3376788, initial_speed=28.76007899)
    vehicle3.changeLane(trigger_sequence=1, target_lane=1, target_speed=13.76995938)
    vehicle4.accelerate(trigger_sequence=1, target_speed=41.37207765)
    vehicle3.accelerate(trigger_sequence=2, target_speed=55.50866022)
    vehicle1.changeLane(trigger_sequence=3, target_lane=1, target_speed=32.67345914)
    vehicle3.accelerate(trigger_sequence=3, target_speed=56.82827848)
    vehicle1.changeLane(trigger_sequence=4, target_lane=3, target_speed=35.75078977)
    vehicle1.accelerate(trigger_sequence=5, target_speed=51.99660844)
    vehicle3.accelerate(trigger_sequence=5, target_speed=30.0225513)

2025-07-15 Tuesday 12:58:17  random_test.py : INFO  === Evaluation Finished === 
 Fitness: [3.4933908307667734, -0.0], Collision: False
2025-07-15 Tuesday 12:58:22  random_test.py : INFO  === Evaluate Testcase === 
 def testcase(self):
    vehicle1 = NPC(lane_id=3, offset=35.63351574, initial_speed=35.53669792)
    ego = NPC(lane_id=1, offset=8.52771309, initial_speed=3.14074793)

2025-07-15 Tuesday 12:58:22  random_test.py : INFO  === Evaluation Finished === 
 Fitness: [21.95921191491569, -0.9425287356321839], Collision: False
2025-07-15 Tuesday 12:58:28  random_test.py : INFO  === Evaluate Testcase === 
 def testcase(self):
    ego = NPC(lane_id=5, offset=27.01878002, initial_speed=7.37061014)
    vehicle2 = NPC(lane_id=3, offset=49.03546924, initial_speed=17.59431458)
    vehicle3 = NPC(lane_id=3, offset=37.18146366, initial_speed=25.71351927)
    vehicle4 = NPC(lane_id=3, offset=10.36477216, initial_speed=25.61740447)
    vehicle3.changeLane(trigger_sequence=1, target_lane=3, target_speed=19.06253242)
    vehicle4.decelerate(trigger_sequence=1, target_speed=17.32926102)
    vehicle2.accelerate(trigger_sequence=2, target_speed=40.99013432)
    vehicle4.decelerate(trigger_sequence=3, target_speed=18.26784036)
    vehicle2.decelerate(trigger_sequence=4, target_speed=3.403488)
    vehicle2.accelerate(trigger_sequence=5, target_speed=45.99500999)
    vehicle3.accelerate(trigger_sequence=5, target_speed=58.39590436)
    vehicle4.decelerate(trigger_sequence=5, target_speed=22.00994983)

2025-07-15 Tuesday 12:58:28  random_test.py : INFO  === Evaluation Finished === 
 Fitness: [7.000052385002471, -0.0], Collision: False
2025-07-15 Tuesday 12:58:32  random_test.py : INFO  === Evaluate Testcase === 
 def testcase(self):
    vehicle1 = NPC(lane_id=2, offset=17.49587254, initial_speed=28.93395634)
    ego = NPC(lane_id=5, offset=26.63379293, initial_speed=7.79048734)
    vehicle3 = NPC(lane_id=2, offset=17.12178499, initial_speed=6.2503385)
    vehicle3.accelerate(trigger_sequence=1, target_speed=53.01086038)
    vehicle1.accelerate(trigger_sequence=2, target_speed=33.98570968)
    vehicle1.changeLane(trigger_sequence=5, target_lane=1, target_speed=51.11530474)
    vehicle3.changeLane(trigger_sequence=5, target_lane=1, target_speed=49.07464505)

2025-07-15 Tuesday 12:58:32  random_test.py : INFO  === Evaluation Finished === 
 Fitness: [inf, 0], Collision: False
2025-07-15 Tuesday 12:58:37  random_test.py : INFO  === Evaluate Testcase === 
 def testcase(self):
    vehicle1 = NPC(lane_id=3, offset=6.31487068, initial_speed=9.63484252)
    vehicle2 = NPC(lane_id=4, offset=38.34381346, initial_speed=36.76439412)
    ego = NPC(lane_id=2, offset=18.09418026, initial_speed=23.41395118)
    vehicle4 = NPC(lane_id=3, offset=40.91579514, initial_speed=23.20871429)
    vehicle4.accelerate(trigger_sequence=1, target_speed=39.7557714)
    vehicle1.decelerate(trigger_sequence=2, target_speed=29.70090861)
    vehicle2.decelerate(trigger_sequence=2, target_speed=14.32117406)
    vehicle4.accelerate(trigger_sequence=2, target_speed=47.78953015)
    vehicle4.decelerate(trigger_sequence=3, target_speed=5.8256007)
    vehicle4.decelerate(trigger_sequence=4, target_speed=7.95190143)

2025-07-15 Tuesday 12:58:37  random_test.py : INFO  === Evaluation Finished === 
 Fitness: [3.5003098208434142, -0.0], Collision: False
2025-07-15 Tuesday 12:58:43  random_test.py : INFO  === Evaluate Testcase === 
 def testcase(self):
    vehicle1 = NPC(lane_id=5, offset=33.41460262, initial_speed=36.03602093)
    ego = NPC(lane_id=5, offset=20.35358205, initial_speed=1.45185088)
    vehicle3 = NPC(lane_id=3, offset=26.72113264, initial_speed=33.08090438)
    vehicle4 = NPC(lane_id=5, offset=11.81074002, initial_speed=13.94058647)
    vehicle4.changeLane(trigger_sequence=2, target_lane=3, target_speed=33.12051089)
    vehicle1.changeLane(trigger_sequence=3, target_lane=1, target_speed=44.95479385)
    vehicle1.accelerate(trigger_sequence=4, target_speed=46.92904844)
    vehicle3.accelerate(trigger_sequence=4, target_speed=35.96487031)
    vehicle4.changeLane(trigger_sequence=4, target_lane=3, target_speed=2.95578396)
    vehicle1.accelerate(trigger_sequence=5, target_speed=51.58344867)
    vehicle3.changeLane(trigger_sequence=5, target_lane=1, target_speed=50.74258471)

2025-07-15 Tuesday 12:58:43  random_test.py : INFO  === Evaluation Finished === 
 Fitness: [6.226883277153179, -0.0], Collision: False
2025-07-15 Tuesday 12:58:50  random_test.py : INFO  === Evaluate Testcase === 
 def testcase(self):
    vehicle1 = NPC(lane_id=5, offset=42.46014705, initial_speed=6.65665454)
    ego = NPC(lane_id=5, offset=24.09121086, initial_speed=4.02686082)
    vehicle3 = NPC(lane_id=5, offset=47.91221994, initial_speed=15.2034934)
    vehicle4 = NPC(lane_id=4, offset=2.23419651, initial_speed=35.08561573)
    vehicle4.accelerate(trigger_sequence=1, target_speed=59.56253239)
    vehicle1.decelerate(trigger_sequence=3, target_speed=5.39071893)
    vehicle3.accelerate(trigger_sequence=3, target_speed=37.93780672)
    vehicle1.decelerate(trigger_sequence=4, target_speed=28.32217395)
    vehicle3.decelerate(trigger_sequence=4, target_speed=14.91442295)
    vehicle4.changeLane(trigger_sequence=4, target_lane=3, target_speed=7.42364734)
    vehicle1.decelerate(trigger_sequence=5, target_speed=9.91156192)
    vehicle4.changeLane(trigger_sequence=5, target_lane=3, target_speed=11.49031102)

2025-07-15 Tuesday 12:58:50  random_test.py : INFO  === Evaluation Finished === 
 Fitness: [3.5008056267120904, -0.005042016806722689], Collision: False
2025-07-15 Tuesday 12:58:55  random_test.py : INFO  === Evaluate Testcase === 
 def testcase(self):
    ego = NPC(lane_id=5, offset=2.79094754, initial_speed=19.49666446)
    vehicle2 = NPC(lane_id=2, offset=38.5383648, initial_speed=10.42680953)
    vehicle3 = NPC(lane_id=3, offset=6.05034156, initial_speed=4.11759742)
    vehicle2.changeLane(trigger_sequence=1, target_lane=3, target_speed=59.58314085)
    vehicle2.decelerate(trigger_sequence=2, target_speed=10.97606807)
    vehicle2.changeLane(trigger_sequence=3, target_lane=1, target_speed=17.3910798)
    vehicle2.changeLane(trigger_sequence=4, target_lane=1, target_speed=36.08035124)
    vehicle3.accelerate(trigger_sequence=5, target_speed=48.86009821)

2025-07-15 Tuesday 12:58:55  random_test.py : INFO  === Evaluation Finished === 
 Fitness: [6.993086338876467, -0.005813953488372093], Collision: False
2025-07-15 Tuesday 12:58:59  random_test.py : INFO  === Evaluate Testcase === 
 def testcase(self):
    vehicle1 = NPC(lane_id=4, offset=17.87829137, initial_speed=38.79879283)
    ego = NPC(lane_id=1, offset=26.53299667, initial_speed=30.8330161)
    vehicle3 = NPC(lane_id=1, offset=30.43930013, initial_speed=39.30145311)
    vehicle4 = NPC(lane_id=3, offset=35.80308691, initial_speed=15.60363521)
    vehicle1.decelerate(trigger_sequence=1, target_speed=18.92986979)
    vehicle1.accelerate(trigger_sequence=2, target_speed=53.92719521)
    vehicle3.decelerate(trigger_sequence=2, target_speed=5.82439514)
    vehicle3.accelerate(trigger_sequence=3, target_speed=52.45198346)
    vehicle4.decelerate(trigger_sequence=3, target_speed=17.72860417)
    vehicle1.changeLane(trigger_sequence=4, target_lane=1, target_speed=47.34903424)
    vehicle3.decelerate(trigger_sequence=4, target_speed=2.32531404)
    vehicle4.changeLane(trigger_sequence=4, target_lane=3, target_speed=32.78165285)
    vehicle1.decelerate(trigger_sequence=5, target_speed=19.06810139)

2025-07-15 Tuesday 12:58:59  random_test.py : INFO  === Evaluation Finished === 
 Fitness: [inf, 0], Collision: False
2025-07-15 Tuesday 12:59:04  random_test.py : INFO  === Evaluate Testcase === 
 def testcase(self):
    ego = NPC(lane_id=2, offset=31.73631984, initial_speed=36.26216008)
    vehicle2 = NPC(lane_id=4, offset=3.11331828, initial_speed=25.89087503)
    vehicle3 = NPC(lane_id=4, offset=45.26132481, initial_speed=39.20524813)
    vehicle4 = NPC(lane_id=2, offset=29.970127, initial_speed=13.66252046)
    vehicle4.changeLane(trigger_sequence=2, target_lane=1, target_speed=53.21333519)
    vehicle2.accelerate(trigger_sequence=3, target_speed=59.27191015)
    vehicle4.changeLane(trigger_sequence=3, target_lane=3, target_speed=52.61170217)
    vehicle2.accelerate(trigger_sequence=4, target_speed=37.56576273)
    vehicle3.changeLane(trigger_sequence=4, target_lane=3, target_speed=8.45816872)
    vehicle2.decelerate(trigger_sequence=5, target_speed=5.99060521)
    vehicle3.changeLane(trigger_sequence=5, target_lane=1, target_speed=28.67159489)

2025-07-15 Tuesday 12:59:04  random_test.py : INFO  === Evaluation Finished === 
 Fitness: [inf, 0], Collision: False
2025-07-15 Tuesday 12:59:09  random_test.py : INFO  === Evaluate Testcase === 
 def testcase(self):
    vehicle1 = NPC(lane_id=4, offset=15.85439309, initial_speed=34.94323105)
    vehicle2 = NPC(lane_id=2, offset=0.85137606, initial_speed=0.81523301)
    ego = NPC(lane_id=1, offset=20.78439438, initial_speed=28.19739789)
    vehicle4 = NPC(lane_id=5, offset=46.09307476, initial_speed=1.963691)
    vehicle1.decelerate(trigger_sequence=1, target_speed=10.78460737)
    vehicle1.accelerate(trigger_sequence=2, target_speed=53.6238997)
    vehicle2.decelerate(trigger_sequence=2, target_speed=21.58218046)
    vehicle4.decelerate(trigger_sequence=2, target_speed=6.20951627)
    vehicle1.decelerate(trigger_sequence=3, target_speed=26.11790958)
    vehicle2.decelerate(trigger_sequence=3, target_speed=26.94840194)
    vehicle4.changeLane(trigger_sequence=3, target_lane=3, target_speed=18.66872515)
    vehicle1.decelerate(trigger_sequence=4, target_speed=13.26354381)

2025-07-15 Tuesday 12:59:09  random_test.py : INFO  === Evaluation Finished === 
 Fitness: [11.17584849747251, -0.0], Collision: False
2025-07-15 Tuesday 12:59:15  random_test.py : INFO  === Evaluate Testcase === 
 def testcase(self):
    vehicle1 = NPC(lane_id=5, offset=13.23949847, initial_speed=22.97086403)
    vehicle2 = NPC(lane_id=3, offset=49.94685156, initial_speed=18.98270008)
    ego = NPC(lane_id=1, offset=46.4049391, initial_speed=2.50493672)
    vehicle1.accelerate(trigger_sequence=1, target_speed=38.26105283)
    vehicle1.decelerate(trigger_sequence=3, target_speed=2.69206156)
    vehicle1.decelerate(trigger_sequence=4, target_speed=7.88836758)
    vehicle2.changeLane(trigger_sequence=4, target_lane=3, target_speed=42.99875538)
    vehicle1.accelerate(trigger_sequence=5, target_speed=52.24661212)
    vehicle2.changeLane(trigger_sequence=5, target_lane=1, target_speed=29.17789088)

2025-07-15 Tuesday 12:59:15  random_test.py : INFO  === Evaluation Finished === 
 Fitness: [6.999709853909597, -0.0], Collision: False
2025-07-15 Tuesday 12:59:20  random_test.py : INFO  === Evaluate Testcase === 
 def testcase(self):
    ego = NPC(lane_id=5, offset=45.83310814, initial_speed=26.81049976)
    vehicle2 = NPC(lane_id=1, offset=29.84970641, initial_speed=14.49028717)
    vehicle2.changeLane(trigger_sequence=3, target_lane=3, target_speed=32.63386808)
    vehicle2.decelerate(trigger_sequence=5, target_speed=13.01492636)

2025-07-15 Tuesday 12:59:20  random_test.py : INFO  === Evaluation Finished === 
 Fitness: [21.939328192889654, -0.0], Collision: False
2025-07-15 Tuesday 12:59:25  random_test.py : INFO  === Evaluate Testcase === 
 def testcase(self):
    ego = NPC(lane_id=5, offset=30.35232094, initial_speed=30.65648944)
    vehicle2 = NPC(lane_id=2, offset=15.59180609, initial_speed=17.14544763)
    vehicle3 = NPC(lane_id=2, offset=22.9053129, initial_speed=9.37068925)
    vehicle2.changeLane(trigger_sequence=1, target_lane=3, target_speed=21.65945307)
    vehicle2.accelerate(trigger_sequence=2, target_speed=32.31760929)
    vehicle3.decelerate(trigger_sequence=3, target_speed=14.54017026)
    vehicle2.decelerate(trigger_sequence=4, target_speed=13.60106642)
    vehicle3.changeLane(trigger_sequence=4, target_lane=3, target_speed=50.41197303)
    vehicle2.changeLane(trigger_sequence=5, target_lane=3, target_speed=3.03978116)
    vehicle3.accelerate(trigger_sequence=5, target_speed=37.08669709)

2025-07-15 Tuesday 12:59:25  random_test.py : INFO  === Evaluation Finished === 
 Fitness: [13.83567216178633, -0.0], Collision: False
2025-07-15 Tuesday 12:59:29  random_test.py : INFO  === Evaluate Testcase === 
 def testcase(self):
    vehicle1 = NPC(lane_id=3, offset=2.88690361, initial_speed=29.22767117)
    ego = NPC(lane_id=5, offset=44.08272022, initial_speed=17.743994)
    vehicle3 = NPC(lane_id=5, offset=42.41322392, initial_speed=38.99588769)
    vehicle1.decelerate(trigger_sequence=1, target_speed=27.59479586)
    vehicle3.decelerate(trigger_sequence=1, target_speed=6.23416796)
    vehicle3.accelerate(trigger_sequence=2, target_speed=53.74277064)
    vehicle1.accelerate(trigger_sequence=3, target_speed=33.37303916)
    vehicle3.accelerate(trigger_sequence=3, target_speed=48.28043575)
    vehicle3.accelerate(trigger_sequence=4, target_speed=32.7023619)
    vehicle1.accelerate(trigger_sequence=5, target_speed=40.8238046)
    vehicle3.changeLane(trigger_sequence=5, target_lane=1, target_speed=35.61039475)

2025-07-15 Tuesday 12:59:29  random_test.py : INFO  === Evaluation Finished === 
 Fitness: [inf, 0], Collision: False
2025-07-15 Tuesday 12:59:34  random_test.py : INFO  === Evaluate Testcase === 
 def testcase(self):
    vehicle1 = NPC(lane_id=1, offset=43.85194641, initial_speed=23.69116121)
    ego = NPC(lane_id=4, offset=37.95962372, initial_speed=16.98940458)
    vehicle1.decelerate(trigger_sequence=2, target_speed=21.6639414)
    vehicle1.decelerate(trigger_sequence=3, target_speed=22.08120103)
    vehicle1.accelerate(trigger_sequence=4, target_speed=30.94275498)

2025-07-15 Tuesday 12:59:34  random_test.py : INFO  === Evaluation Finished === 
 Fitness: [10.500633311930327, -0.0], Collision: False
2025-07-15 Tuesday 12:59:38  random_test.py : INFO  === Evaluate Testcase === 
 def testcase(self):
    vehicle1 = NPC(lane_id=4, offset=31.62349322, initial_speed=14.05801084)
    vehicle2 = NPC(lane_id=2, offset=45.94550965, initial_speed=29.83637127)
    ego = NPC(lane_id=2, offset=8.53665091, initial_speed=21.19514773)
    vehicle4 = NPC(lane_id=2, offset=44.02663462, initial_speed=37.91849429)
    vehicle2.changeLane(trigger_sequence=1, target_lane=3, target_speed=13.00696579)
    vehicle1.decelerate(trigger_sequence=2, target_speed=27.20332668)
    vehicle4.decelerate(trigger_sequence=2, target_speed=4.69911515)
    vehicle1.accelerate(trigger_sequence=3, target_speed=46.92088749)
    vehicle2.accelerate(trigger_sequence=3, target_speed=56.17501935)
    vehicle2.decelerate(trigger_sequence=4, target_speed=23.38118837)
    vehicle4.accelerate(trigger_sequence=4, target_speed=41.37893224)
    vehicle2.accelerate(trigger_sequence=5, target_speed=55.90108346)

2025-07-15 Tuesday 12:59:38  random_test.py : INFO  === Evaluation Finished === 
 Fitness: [inf, 0], Collision: False
2025-07-15 Tuesday 12:59:44  random_test.py : INFO  === Evaluate Testcase === 
 def testcase(self):
    vehicle1 = NPC(lane_id=3, offset=12.6039735, initial_speed=13.32475062)
    vehicle2 = NPC(lane_id=3, offset=35.07758623, initial_speed=23.2289056)
    ego = NPC(lane_id=2, offset=26.17423659, initial_speed=38.13571963)
    vehicle4 = NPC(lane_id=2, offset=9.00770882, initial_speed=35.56052005)
    vehicle2.changeLane(trigger_sequence=1, target_lane=3, target_speed=6.88230548)
    vehicle4.accelerate(trigger_sequence=1, target_speed=53.64576378)
    vehicle2.accelerate(trigger_sequence=2, target_speed=57.98632262)
    vehicle4.changeLane(trigger_sequence=2, target_lane=1, target_speed=14.97391302)
    vehicle2.decelerate(trigger_sequence=3, target_speed=2.13330815)
    vehicle4.decelerate(trigger_sequence=3, target_speed=15.84703468)
    vehicle1.accelerate(trigger_sequence=4, target_speed=47.01907134)
    vehicle2.decelerate(trigger_sequence=4, target_speed=7.92721088)
    vehicle4.decelerate(trigger_sequence=4, target_speed=18.3063483)
    vehicle1.decelerate(trigger_sequence=5, target_speed=15.05915563)

2025-07-15 Tuesday 12:59:44  random_test.py : INFO  === Evaluation Finished === 
 Fitness: [3.499023891222238, -0.0], Collision: False
2025-07-15 Tuesday 12:59:50  random_test.py : INFO  === Evaluate Testcase === 
 def testcase(self):
    vehicle1 = NPC(lane_id=5, offset=10.91962437, initial_speed=25.8869105)
    vehicle2 = NPC(lane_id=3, offset=27.01174636, initial_speed=33.23081004)
    ego = NPC(lane_id=3, offset=15.10810347, initial_speed=15.17604603)
    vehicle1.changeLane(trigger_sequence=1, target_lane=1, target_speed=30.08798953)
    vehicle2.accelerate(trigger_sequence=3, target_speed=55.7543207)
    vehicle1.changeLane(trigger_sequence=4, target_lane=1, target_speed=0.95404612)
    vehicle2.decelerate(trigger_sequence=4, target_speed=8.01130822)
    vehicle1.decelerate(trigger_sequence=5, target_speed=11.2667704)
    vehicle2.accelerate(trigger_sequence=5, target_speed=58.69984098)

2025-07-15 Tuesday 12:59:50  random_test.py : INFO  === Evaluation Finished === 
 Fitness: [7.276969867337858, -0.0], Collision: False
2025-07-15 Tuesday 12:59:55  random_test.py : INFO  === Evaluate Testcase === 
 def testcase(self):
    ego = NPC(lane_id=3, offset=36.501199, initial_speed=34.42010797)
    vehicle2 = NPC(lane_id=1, offset=11.93473873, initial_speed=9.45354434)
    vehicle2.accelerate(trigger_sequence=1, target_speed=55.4595103)
    vehicle2.decelerate(trigger_sequence=3, target_speed=24.6552866)

2025-07-15 Tuesday 12:59:55  random_test.py : INFO  === Evaluation Finished === 
 Fitness: [26.797242654941254, -0.0], Collision: False
2025-07-15 Tuesday 13:00:00  random_test.py : INFO  === Evaluate Testcase === 
 def testcase(self):
    vehicle1 = NPC(lane_id=5, offset=19.15619174, initial_speed=33.80755839)
    vehicle2 = NPC(lane_id=2, offset=30.24138847, initial_speed=18.07377138)
    ego = NPC(lane_id=1, offset=31.75604723, initial_speed=18.41992105)
    vehicle2.accelerate(trigger_sequence=2, target_speed=37.18507395)
    vehicle2.accelerate(trigger_sequence=5, target_speed=32.46123069)

2025-07-15 Tuesday 13:00:00  random_test.py : INFO  === Evaluation Finished === 
 Fitness: [4.188306138499783, -0.0], Collision: False
2025-07-15 Tuesday 13:00:05  random_test.py : INFO  === Evaluate Testcase === 
 def testcase(self):
    vehicle1 = NPC(lane_id=4, offset=10.33314103, initial_speed=25.85243839)
    vehicle2 = NPC(lane_id=1, offset=33.59498549, initial_speed=10.19775744)
    vehicle3 = NPC(lane_id=5, offset=18.51728665, initial_speed=37.95465838)
    ego = NPC(lane_id=5, offset=10.47973136, initial_speed=22.53795042)
    vehicle1.accelerate(trigger_sequence=1, target_speed=31.044038)
    vehicle2.accelerate(trigger_sequence=1, target_speed=38.10878476)
    vehicle2.changeLane(trigger_sequence=2, target_lane=1, target_speed=55.930788)
    vehicle3.accelerate(trigger_sequence=2, target_speed=55.02964525)
    vehicle1.accelerate(trigger_sequence=3, target_speed=34.23751862)
    vehicle3.accelerate(trigger_sequence=3, target_speed=55.66465437)
    vehicle3.decelerate(trigger_sequence=4, target_speed=26.64823102)

2025-07-15 Tuesday 13:00:05  random_test.py : INFO  === Evaluation Finished === 
 Fitness: [3.4917250677576144, -0.005494505494505495], Collision: False
2025-07-15 Tuesday 13:00:11  random_test.py : INFO  === Evaluate Testcase === 
 def testcase(self):
    ego = NPC(lane_id=3, offset=49.97880378, initial_speed=28.86484134)
    vehicle2 = NPC(lane_id=1, offset=34.92460244, initial_speed=24.83872515)
    vehicle2.changeLane(trigger_sequence=1, target_lane=1, target_speed=13.81406456)
    vehicle2.accelerate(trigger_sequence=2, target_speed=46.35961346)
    vehicle2.decelerate(trigger_sequence=3, target_speed=19.75727972)
    vehicle2.decelerate(trigger_sequence=4, target_speed=28.95780937)
    vehicle2.changeLane(trigger_sequence=5, target_lane=1, target_speed=49.16437497)

2025-07-15 Tuesday 13:00:11  random_test.py : INFO  === Evaluation Finished === 
 Fitness: [17.379969718795344, -0.0], Collision: False
2025-07-15 Tuesday 13:00:16  random_test.py : INFO  === Evaluate Testcase === 
 def testcase(self):
    vehicle1 = NPC(lane_id=4, offset=0.69723395, initial_speed=27.72427373)
    vehicle2 = NPC(lane_id=5, offset=1.16190743, initial_speed=28.89397132)
    ego = NPC(lane_id=5, offset=38.82703687, initial_speed=16.61840829)
    vehicle1.changeLane(trigger_sequence=1, target_lane=1, target_speed=46.37205372)
    vehicle1.changeLane(trigger_sequence=2, target_lane=3, target_speed=52.14866674)
    vehicle2.changeLane(trigger_sequence=2, target_lane=1, target_speed=57.52020292)
    vehicle2.changeLane(trigger_sequence=3, target_lane=1, target_speed=43.33733569)
    vehicle1.decelerate(trigger_sequence=4, target_speed=12.50043276)
    vehicle2.changeLane(trigger_sequence=4, target_lane=3, target_speed=35.67006683)
    vehicle2.accelerate(trigger_sequence=5, target_speed=31.8239469)

2025-07-15 Tuesday 13:00:16  random_test.py : INFO  === Evaluation Finished === 
 Fitness: [30.145312280648543, -0.0], Collision: False
2025-07-15 Tuesday 13:00:22  random_test.py : INFO  === Evaluate Testcase === 
 def testcase(self):
    ego = NPC(lane_id=3, offset=25.59050395, initial_speed=1.4000143)
    vehicle2 = NPC(lane_id=4, offset=10.96284286, initial_speed=13.98826764)
    vehicle3 = NPC(lane_id=1, offset=7.66867176, initial_speed=17.02095397)
    vehicle4 = NPC(lane_id=5, offset=27.12288648, initial_speed=7.51112908)
    vehicle2.accelerate(trigger_sequence=1, target_speed=35.37648625)
    vehicle3.accelerate(trigger_sequence=1, target_speed=59.11742019)
    vehicle4.changeLane(trigger_sequence=1, target_lane=3, target_speed=31.66074332)
    vehicle2.accelerate(trigger_sequence=3, target_speed=45.05487644)
    vehicle2.accelerate(trigger_sequence=4, target_speed=51.3410288)
    vehicle3.accelerate(trigger_sequence=5, target_speed=30.46683337)
    vehicle4.decelerate(trigger_sequence=5, target_speed=29.59177484)

2025-07-15 Tuesday 13:00:22  random_test.py : INFO  === Evaluation Finished === 
 Fitness: [6.999797434009956, -0.0], Collision: False
2025-07-15 Tuesday 13:00:27  random_test.py : INFO  === Evaluate Testcase === 
 def testcase(self):
    ego = NPC(lane_id=5, offset=46.83979711, initial_speed=2.69578263)
    vehicle2 = NPC(lane_id=3, offset=26.93354926, initial_speed=37.85970379)
    vehicle3 = NPC(lane_id=3, offset=15.75853161, initial_speed=37.62472781)
    vehicle3.decelerate(trigger_sequence=1, target_speed=15.64832358)
    vehicle3.changeLane(trigger_sequence=3, target_lane=3, target_speed=42.15220383)
    vehicle3.accelerate(trigger_sequence=5, target_speed=49.62454676)

2025-07-15 Tuesday 13:00:27  random_test.py : INFO  === Evaluation Finished === 
 Fitness: [6.999838893792779, -0.0], Collision: False
2025-07-15 Tuesday 13:00:33  random_test.py : INFO  === Evaluate Testcase === 
 def testcase(self):
    ego = NPC(lane_id=1, offset=33.68935312, initial_speed=18.05929991)
    vehicle2 = NPC(lane_id=2, offset=29.64780229, initial_speed=5.96340609)
    vehicle2.accelerate(trigger_sequence=3, target_speed=45.53599298)
    vehicle2.changeLane(trigger_sequence=4, target_lane=1, target_speed=35.99330646)

2025-07-15 Tuesday 13:00:33  random_test.py : INFO  === Evaluation Finished === 
 Fitness: [5.874354822049911, -0.0], Collision: False
2025-07-15 Tuesday 13:00:38  random_test.py : INFO  === Evaluate Testcase === 
 def testcase(self):
    vehicle1 = NPC(lane_id=2, offset=28.97896472, initial_speed=9.9665132)
    vehicle2 = NPC(lane_id=2, offset=18.08044642, initial_speed=38.04880081)
    vehicle3 = NPC(lane_id=3, offset=25.51684486, initial_speed=26.03409752)
    ego = NPC(lane_id=1, offset=6.03259799, initial_speed=16.91716383)
    vehicle2.accelerate(trigger_sequence=1, target_speed=50.60284621)
    vehicle1.decelerate(trigger_sequence=2, target_speed=16.96287281)
    vehicle3.changeLane(trigger_sequence=2, target_lane=1, target_speed=43.05360373)
    vehicle2.accelerate(trigger_sequence=3, target_speed=41.1668157)
    vehicle2.changeLane(trigger_sequence=4, target_lane=3, target_speed=43.63200704)
    vehicle3.accelerate(trigger_sequence=4, target_speed=35.89636664)
    vehicle3.decelerate(trigger_sequence=5, target_speed=23.2775488)

2025-07-15 Tuesday 13:00:38  random_test.py : INFO  === Evaluation Finished === 
 Fitness: [3.5002226422441165, -0.0], Collision: False
2025-07-15 Tuesday 13:00:44  random_test.py : INFO  === Evaluate Testcase === 
 def testcase(self):
    ego = NPC(lane_id=3, offset=0.33739249, initial_speed=37.21828261)
    vehicle2 = NPC(lane_id=3, offset=18.30386824, initial_speed=29.1979731)
    vehicle3 = NPC(lane_id=2, offset=44.75758957, initial_speed=23.67023762)
    vehicle2.accelerate(trigger_sequence=1, target_speed=33.00329539)
    vehicle3.accelerate(trigger_sequence=2, target_speed=47.35580528)
    vehicle3.decelerate(trigger_sequence=4, target_speed=15.1253313)
    vehicle2.decelerate(trigger_sequence=5, target_speed=16.19265376)
    vehicle3.decelerate(trigger_sequence=5, target_speed=17.8853119)

2025-07-15 Tuesday 13:00:44  random_test.py : INFO  === Evaluation Finished === 
 Fitness: [8.51584411901598, -0.01782178217821782], Collision: False
2025-07-15 Tuesday 13:00:49  random_test.py : INFO  === Evaluate Testcase === 
 def testcase(self):
    vehicle1 = NPC(lane_id=5, offset=18.73061013, initial_speed=39.58612586)
    ego = NPC(lane_id=1, offset=19.81061137, initial_speed=39.94125027)

2025-07-15 Tuesday 13:00:49  random_test.py : INFO  === Evaluation Finished === 
 Fitness: [13.999261494248346, -0.9424242424242424], Collision: False
2025-07-15 Tuesday 13:00:54  random_test.py : INFO  === Evaluate Testcase === 
 def testcase(self):
    ego = NPC(lane_id=2, offset=19.81588072, initial_speed=6.09305531)
    vehicle2 = NPC(lane_id=4, offset=47.30601891, initial_speed=3.80503237)
    vehicle2.decelerate(trigger_sequence=4, target_speed=24.62477287)

2025-07-15 Tuesday 13:00:54  random_test.py : INFO  === Evaluation Finished === 
 Fitness: [7.000159613381998, -0.0028328611898017], Collision: False
2025-07-15 Tuesday 13:01:00  random_test.py : INFO  === Evaluate Testcase === 
 def testcase(self):
    vehicle1 = NPC(lane_id=2, offset=3.71074361, initial_speed=6.84648189)
    ego = NPC(lane_id=3, offset=46.90995903, initial_speed=2.50096851)
    vehicle3 = NPC(lane_id=4, offset=29.91622666, initial_speed=35.57546294)
    vehicle4 = NPC(lane_id=5, offset=4.86821178, initial_speed=14.82622392)
    vehicle1.decelerate(trigger_sequence=1, target_speed=5.57721868)
    vehicle1.decelerate(trigger_sequence=2, target_speed=0.96460226)
    vehicle4.changeLane(trigger_sequence=2, target_lane=1, target_speed=39.54064436)
    vehicle1.changeLane(trigger_sequence=3, target_lane=1, target_speed=21.18879839)
    vehicle4.decelerate(trigger_sequence=3, target_speed=17.0920737)
    vehicle3.accelerate(trigger_sequence=4, target_speed=36.16534859)
    vehicle4.decelerate(trigger_sequence=4, target_speed=10.41757832)
    vehicle1.decelerate(trigger_sequence=5, target_speed=11.92797148)

2025-07-15 Tuesday 13:01:00  random_test.py : INFO  === Evaluation Finished === 
 Fitness: [5.926885042193609, -0.0], Collision: False
2025-07-15 Tuesday 13:01:06  random_test.py : INFO  === Evaluate Testcase === 
 def testcase(self):
    vehicle1 = NPC(lane_id=4, offset=33.21651278, initial_speed=10.50875834)
    ego = NPC(lane_id=3, offset=32.35496789, initial_speed=10.52855339)
    vehicle3 = NPC(lane_id=2, offset=7.889631, initial_speed=3.21714577)
    vehicle4 = NPC(lane_id=2, offset=26.88394092, initial_speed=14.37515198)
    vehicle1.changeLane(trigger_sequence=1, target_lane=3, target_speed=14.76869287)
    vehicle3.accelerate(trigger_sequence=1, target_speed=38.33925125)
    vehicle4.changeLane(trigger_sequence=1, target_lane=3, target_speed=8.58223337)
    vehicle4.accelerate(trigger_sequence=2, target_speed=59.37671527)
    vehicle1.accelerate(trigger_sequence=3, target_speed=38.5625502)
    vehicle3.decelerate(trigger_sequence=3, target_speed=3.7346537)
    vehicle4.changeLane(trigger_sequence=3, target_lane=1, target_speed=6.56731341)
    vehicle1.accelerate(trigger_sequence=4, target_speed=39.04729561)
    vehicle4.decelerate(trigger_sequence=4, target_speed=2.9206299)
    vehicle1.changeLane(trigger_sequence=5, target_lane=1, target_speed=7.42312406)
    vehicle4.changeLane(trigger_sequence=5, target_lane=3, target_speed=2.29823151)

2025-07-15 Tuesday 13:01:06  random_test.py : INFO  === Evaluation Finished === 
 Fitness: [3.5067888139686647, -0.0], Collision: False
2025-07-15 Tuesday 13:01:10  random_test.py : INFO  === Evaluate Testcase === 
 def testcase(self):
    vehicle1 = NPC(lane_id=2, offset=2.52629284, initial_speed=6.52212577)
    ego = NPC(lane_id=4, offset=34.39683893, initial_speed=37.0883885)
    vehicle3 = NPC(lane_id=4, offset=40.32133312, initial_speed=36.01978023)
    vehicle4 = NPC(lane_id=2, offset=15.7397829, initial_speed=1.90922746)
    vehicle3.decelerate(trigger_sequence=1, target_speed=19.42860192)
    vehicle4.accelerate(trigger_sequence=1, target_speed=33.52697083)
    vehicle3.changeLane(trigger_sequence=2, target_lane=1, target_speed=29.0278065)
    vehicle4.accelerate(trigger_sequence=2, target_speed=37.92806468)
    vehicle1.changeLane(trigger_sequence=3, target_lane=1, target_speed=11.02246403)
    vehicle3.decelerate(trigger_sequence=3, target_speed=4.19380525)
    vehicle4.decelerate(trigger_sequence=3, target_speed=24.56779301)
    vehicle3.changeLane(trigger_sequence=4, target_lane=3, target_speed=36.07278252)
    vehicle4.changeLane(trigger_sequence=4, target_lane=1, target_speed=2.03225315)
    vehicle4.accelerate(trigger_sequence=5, target_speed=58.11780007)

2025-07-15 Tuesday 13:01:10  random_test.py : INFO  === Evaluation Finished === 
 Fitness: [inf, 0], Collision: False
2025-07-15 Tuesday 13:01:16  random_test.py : INFO  === Evaluate Testcase === 
 def testcase(self):
    vehicle1 = NPC(lane_id=5, offset=32.08304811, initial_speed=38.66190946)
    vehicle2 = NPC(lane_id=5, offset=3.23967241, initial_speed=13.22024058)
    ego = NPC(lane_id=4, offset=33.47238226, initial_speed=7.31087577)
    vehicle4 = NPC(lane_id=1, offset=42.13892918, initial_speed=34.31623237)
    vehicle4.accelerate(trigger_sequence=1, target_speed=30.38644979)
    vehicle4.accelerate(trigger_sequence=2, target_speed=32.06753909)
    vehicle1.decelerate(trigger_sequence=3, target_speed=3.88385267)
    vehicle2.changeLane(trigger_sequence=3, target_lane=1, target_speed=5.76366394)
    vehicle4.accelerate(trigger_sequence=3, target_speed=51.30018672)
    vehicle4.changeLane(trigger_sequence=4, target_lane=3, target_speed=48.25930251)
    vehicle4.decelerate(trigger_sequence=5, target_speed=15.1616204)

2025-07-15 Tuesday 13:01:16  random_test.py : INFO  === Evaluation Finished === 
 Fitness: [3.512159067720309, -0.0], Collision: False
2025-07-15 Tuesday 13:01:22  random_test.py : INFO  === Evaluate Testcase === 
 def testcase(self):
    ego = NPC(lane_id=2, offset=6.46204548, initial_speed=22.48610111)
    vehicle2 = NPC(lane_id=4, offset=2.068525, initial_speed=3.14041024)
    vehicle3 = NPC(lane_id=2, offset=41.35923198, initial_speed=4.19682337)
    vehicle4 = NPC(lane_id=1, offset=47.34923337, initial_speed=5.15954509)
    vehicle2.decelerate(trigger_sequence=1, target_speed=29.83752483)
    vehicle3.changeLane(trigger_sequence=1, target_lane=3, target_speed=37.80537909)
    vehicle3.decelerate(trigger_sequence=2, target_speed=19.18706476)
    vehicle4.decelerate(trigger_sequence=2, target_speed=25.63438514)
    vehicle2.accelerate(trigger_sequence=3, target_speed=32.35073471)
    vehicle3.accelerate(trigger_sequence=3, target_speed=54.03715792)
    vehicle2.decelerate(trigger_sequence=4, target_speed=16.35563859)
    vehicle3.decelerate(trigger_sequence=4, target_speed=22.31464778)
    vehicle4.decelerate(trigger_sequence=4, target_speed=28.27686132)
    vehicle3.accelerate(trigger_sequence=5, target_speed=42.21724409)
    vehicle4.changeLane(trigger_sequence=5, target_lane=1, target_speed=45.08420409)

2025-07-15 Tuesday 13:01:22  random_test.py : INFO  === Evaluation Finished === 
 Fitness: [3.50026166754788, -0.0], Collision: False
2025-07-15 Tuesday 13:01:27  random_test.py : INFO  === Evaluate Testcase === 
 def testcase(self):
    vehicle1 = NPC(lane_id=1, offset=25.8850285, initial_speed=1.03173698)
    ego = NPC(lane_id=3, offset=1.32846302, initial_speed=26.4942131)
    vehicle1.changeLane(trigger_sequence=1, target_lane=1, target_speed=46.25227357)
    vehicle1.decelerate(trigger_sequence=2, target_speed=7.37800038)
    vehicle1.decelerate(trigger_sequence=3, target_speed=5.44467124)

2025-07-15 Tuesday 13:01:27  random_test.py : INFO  === Evaluation Finished === 
 Fitness: [7.0003425604039435, -0.0], Collision: False
2025-07-15 Tuesday 13:01:32  random_test.py : INFO  === Evaluate Testcase === 
 def testcase(self):
    ego = NPC(lane_id=3, offset=26.48397525, initial_speed=26.93249004)
    vehicle2 = NPC(lane_id=3, offset=1.00638738, initial_speed=16.62297825)
    vehicle3 = NPC(lane_id=1, offset=34.51347434, initial_speed=23.33564265)
    vehicle4 = NPC(lane_id=3, offset=38.30631792, initial_speed=22.42285231)
    vehicle2.changeLane(trigger_sequence=1, target_lane=3, target_speed=24.3432394)
    vehicle4.accelerate(trigger_sequence=1, target_speed=48.96849588)
    vehicle3.accelerate(trigger_sequence=2, target_speed=32.52884769)
    vehicle4.decelerate(trigger_sequence=2, target_speed=17.03062674)
    vehicle3.decelerate(trigger_sequence=3, target_speed=10.72042221)
    vehicle4.accelerate(trigger_sequence=3, target_speed=55.0846031)
    vehicle2.changeLane(trigger_sequence=4, target_lane=1, target_speed=36.96539748)
    vehicle3.decelerate(trigger_sequence=4, target_speed=15.14720561)
    vehicle4.changeLane(trigger_sequence=4, target_lane=3, target_speed=54.91912188)
    vehicle3.changeLane(trigger_sequence=5, target_lane=3, target_speed=13.57786535)

2025-07-15 Tuesday 13:01:32  random_test.py : INFO  === Evaluation Finished === 
 Fitness: [6.999657341074628, -0.004987531172069825], Collision: False
2025-07-15 Tuesday 13:01:38  random_test.py : INFO  === Evaluate Testcase === 
 def testcase(self):
    vehicle1 = NPC(lane_id=5, offset=40.98755324, initial_speed=24.50829317)
    ego = NPC(lane_id=4, offset=36.11031939, initial_speed=27.20072331)
    vehicle3 = NPC(lane_id=5, offset=18.25817193, initial_speed=39.04429048)
    vehicle1.changeLane(trigger_sequence=1, target_lane=3, target_speed=16.85160391)
    vehicle3.decelerate(trigger_sequence=1, target_speed=13.76068098)
    vehicle3.changeLane(trigger_sequence=2, target_lane=1, target_speed=45.38741363)
    vehicle3.decelerate(trigger_sequence=3, target_speed=12.49248052)
    vehicle1.decelerate(trigger_sequence=4, target_speed=17.06734736)
    vehicle3.decelerate(trigger_sequence=4, target_speed=15.59979288)

2025-07-15 Tuesday 13:01:38  random_test.py : INFO  === Evaluation Finished === 
 Fitness: [3.4989987858187486, -0.0], Collision: False
2025-07-15 Tuesday 13:01:43  random_test.py : INFO  === Evaluate Testcase === 
 def testcase(self):
    vehicle1 = NPC(lane_id=4, offset=49.51558532, initial_speed=39.36481551)
    ego = NPC(lane_id=2, offset=4.8199757, initial_speed=32.15700143)
    vehicle3 = NPC(lane_id=5, offset=49.07083708, initial_speed=27.19165887)
    vehicle1.changeLane(trigger_sequence=2, target_lane=3, target_speed=33.48415268)
    vehicle3.decelerate(trigger_sequence=2, target_speed=17.09432638)
    vehicle1.accelerate(trigger_sequence=4, target_speed=37.39025162)

2025-07-15 Tuesday 13:01:43  random_test.py : INFO  === Evaluation Finished === 
 Fitness: [10.500117743902885, -0.0], Collision: False
2025-07-15 Tuesday 13:01:50  random_test.py : INFO  === Evaluate Testcase === 
 def testcase(self):
    ego = NPC(lane_id=3, offset=10.68052117, initial_speed=22.32756096)
    vehicle2 = NPC(lane_id=4, offset=20.0545642, initial_speed=18.68948367)
    vehicle3 = NPC(lane_id=3, offset=28.10976183, initial_speed=3.20582817)
    vehicle4 = NPC(lane_id=5, offset=2.63777056, initial_speed=19.59247909)
    vehicle2.accelerate(trigger_sequence=2, target_speed=32.22430228)
    vehicle4.accelerate(trigger_sequence=2, target_speed=49.48918731)
    vehicle3.decelerate(trigger_sequence=3, target_speed=19.91303692)
    vehicle2.changeLane(trigger_sequence=4, target_lane=1, target_speed=47.59293662)
    vehicle3.changeLane(trigger_sequence=4, target_lane=1, target_speed=32.06206824)
    vehicle2.changeLane(trigger_sequence=5, target_lane=1, target_speed=16.51748563)
    vehicle3.decelerate(trigger_sequence=5, target_speed=12.88672679)
    vehicle4.accelerate(trigger_sequence=5, target_speed=49.74114614)

2025-07-15 Tuesday 13:01:50  random_test.py : INFO  === Evaluation Finished === 
 Fitness: [6.999903122240718, -0.008333333333333333], Collision: False
2025-07-15 Tuesday 13:01:56  random_test.py : INFO  === Evaluate Testcase === 
 def testcase(self):
    vehicle1 = NPC(lane_id=2, offset=38.74210065, initial_speed=9.532107)
    ego = NPC(lane_id=2, offset=12.39806374, initial_speed=5.290031)
    vehicle3 = NPC(lane_id=5, offset=21.36555843, initial_speed=32.53665468)
    vehicle1.changeLane(trigger_sequence=4, target_lane=1, target_speed=32.1777974)

2025-07-15 Tuesday 13:01:56  random_test.py : INFO  === Evaluation Finished === 
 Fitness: [3.499975039035748, -0.0], Collision: False
2025-07-15 Tuesday 13:02:01  random_test.py : INFO  === Evaluate Testcase === 
 def testcase(self):
    vehicle1 = NPC(lane_id=4, offset=40.87910304, initial_speed=22.26826336)
    ego = NPC(lane_id=5, offset=32.70295523, initial_speed=27.00005534)
    vehicle1.changeLane(trigger_sequence=1, target_lane=3, target_speed=53.29254607)
    vehicle1.decelerate(trigger_sequence=2, target_speed=19.61524908)
    vehicle1.changeLane(trigger_sequence=3, target_lane=1, target_speed=6.92767607)
    vehicle1.decelerate(trigger_sequence=4, target_speed=21.12743617)
    vehicle1.accelerate(trigger_sequence=5, target_speed=48.88751998)

2025-07-15 Tuesday 13:02:01  random_test.py : INFO  === Evaluation Finished === 
 Fitness: [3.5007850223897026, -0.0], Collision: False
2025-07-15 Tuesday 13:02:07  random_test.py : INFO  === Evaluate Testcase === 
 def testcase(self):
    vehicle1 = NPC(lane_id=2, offset=38.80666576, initial_speed=2.52779917)
    ego = NPC(lane_id=5, offset=38.68994094, initial_speed=11.19755029)
    vehicle3 = NPC(lane_id=4, offset=36.50048826, initial_speed=4.52556444)
    vehicle4 = NPC(lane_id=5, offset=6.74336817, initial_speed=3.61534664)
    vehicle1.decelerate(trigger_sequence=2, target_speed=19.58975975)
    vehicle3.changeLane(trigger_sequence=2, target_lane=1, target_speed=36.88572081)
    vehicle4.accelerate(trigger_sequence=2, target_speed=46.45280941)
    vehicle1.changeLane(trigger_sequence=3, target_lane=3, target_speed=13.92926606)
    vehicle1.accelerate(trigger_sequence=4, target_speed=46.53166826)
    vehicle3.decelerate(trigger_sequence=4, target_speed=19.90656)
    vehicle1.accelerate(trigger_sequence=5, target_speed=40.88279212)
    vehicle3.accelerate(trigger_sequence=5, target_speed=33.48111849)
    vehicle4.accelerate(trigger_sequence=5, target_speed=31.0831997)

2025-07-15 Tuesday 13:02:07  random_test.py : INFO  === Evaluation Finished === 
 Fitness: [4.501192112279587, -0.0], Collision: False
2025-07-15 Tuesday 13:02:12  random_test.py : INFO  === Evaluate Testcase === 
 def testcase(self):
    ego = NPC(lane_id=1, offset=18.57579208, initial_speed=10.44229839)
    vehicle2 = NPC(lane_id=1, offset=29.62558423, initial_speed=24.73733955)
    vehicle2.changeLane(trigger_sequence=1, target_lane=1, target_speed=24.27590882)
    vehicle2.accelerate(trigger_sequence=2, target_speed=44.88982263)
    vehicle2.changeLane(trigger_sequence=4, target_lane=3, target_speed=27.06400004)

2025-07-15 Tuesday 13:02:12  random_test.py : INFO  === Evaluation Finished === 
 Fitness: [7.000390947157094, -0.007712082262210797], Collision: False
2025-07-15 Tuesday 13:02:18  random_test.py : INFO  === Evaluate Testcase === 
 def testcase(self):
    vehicle1 = NPC(lane_id=2, offset=1.91731224, initial_speed=31.40552406)
    vehicle2 = NPC(lane_id=5, offset=36.35907852, initial_speed=2.25402294)
    ego = NPC(lane_id=4, offset=32.19342794, initial_speed=14.32315481)
    vehicle1.changeLane(trigger_sequence=3, target_lane=3, target_speed=18.02323199)
    vehicle1.accelerate(trigger_sequence=4, target_speed=40.82584953)

2025-07-15 Tuesday 13:02:18  random_test.py : INFO  === Evaluation Finished === 
 Fitness: [3.506383431811164, -0.0], Collision: False
2025-07-15 Tuesday 13:02:22  random_test.py : INFO  === Evaluate Testcase === 
 def testcase(self):
    ego = NPC(lane_id=5, offset=33.56823349, initial_speed=39.23612491)
    vehicle2 = NPC(lane_id=5, offset=37.98669868, initial_speed=4.75748498)
    vehicle3 = NPC(lane_id=2, offset=41.91642033, initial_speed=26.07562783)
    vehicle3.changeLane(trigger_sequence=1, target_lane=3, target_speed=53.10460482)
    vehicle3.decelerate(trigger_sequence=2, target_speed=7.38008643)
    vehicle2.decelerate(trigger_sequence=3, target_speed=8.28725575)
    vehicle2.decelerate(trigger_sequence=4, target_speed=28.49382404)
    vehicle2.accelerate(trigger_sequence=5, target_speed=32.51454579)
    vehicle3.accelerate(trigger_sequence=5, target_speed=46.67922997)

2025-07-15 Tuesday 13:02:22  random_test.py : INFO  === Evaluation Finished === 
 Fitness: [inf, 0], Collision: False
2025-07-15 Tuesday 13:02:27  random_test.py : INFO  === Evaluate Testcase === 
 def testcase(self):
    ego = NPC(lane_id=2, offset=11.0302645, initial_speed=30.85799167)
    vehicle2 = NPC(lane_id=1, offset=7.66776693, initial_speed=4.56664839)
    vehicle2.decelerate(trigger_sequence=2, target_speed=25.71194619)
    vehicle2.accelerate(trigger_sequence=3, target_speed=46.7963379)
    vehicle2.accelerate(trigger_sequence=4, target_speed=51.31032863)
    vehicle2.changeLane(trigger_sequence=5, target_lane=3, target_speed=46.60655915)

2025-07-15 Tuesday 13:02:27  random_test.py : INFO  === Evaluation Finished === 
 Fitness: [5.7626554827225975, -0.0], Collision: False
2025-07-15 Tuesday 13:02:31  random_test.py : INFO  === Evaluate Testcase === 
 def testcase(self):
    vehicle1 = NPC(lane_id=1, offset=6.59013679, initial_speed=30.92170105)
    vehicle2 = NPC(lane_id=1, offset=45.11876294, initial_speed=35.93253997)
    vehicle3 = NPC(lane_id=1, offset=10.67518061, initial_speed=4.26065701)
    ego = NPC(lane_id=5, offset=36.5591704, initial_speed=28.69699134)
    vehicle3.accelerate(trigger_sequence=1, target_speed=43.55531069)
    vehicle1.decelerate(trigger_sequence=2, target_speed=23.07648599)
    vehicle2.changeLane(trigger_sequence=2, target_lane=3, target_speed=31.31162559)
    vehicle1.decelerate(trigger_sequence=3, target_speed=12.36697008)
    vehicle2.decelerate(trigger_sequence=4, target_speed=27.75936921)
    vehicle1.changeLane(trigger_sequence=5, target_lane=1, target_speed=2.31488027)
    vehicle3.changeLane(trigger_sequence=5, target_lane=1, target_speed=49.97313137)

2025-07-15 Tuesday 13:02:31  random_test.py : INFO  === Evaluation Finished === 
 Fitness: [inf, 0], Collision: False
2025-07-15 Tuesday 13:02:37  random_test.py : INFO  === Evaluate Testcase === 
 def testcase(self):
    ego = NPC(lane_id=2, offset=39.95010838, initial_speed=17.27066325)
    vehicle2 = NPC(lane_id=3, offset=30.7557263, initial_speed=32.05600002)
    vehicle3 = NPC(lane_id=1, offset=17.08482477, initial_speed=36.40364688)
    vehicle3.accelerate(trigger_sequence=1, target_speed=38.88182764)
    vehicle2.accelerate(trigger_sequence=2, target_speed=37.26441201)
    vehicle3.accelerate(trigger_sequence=2, target_speed=50.69968737)
    vehicle3.changeLane(trigger_sequence=4, target_lane=3, target_speed=10.84312693)
    vehicle2.changeLane(trigger_sequence=5, target_lane=1, target_speed=26.49794027)
    vehicle3.decelerate(trigger_sequence=5, target_speed=26.64661544)

2025-07-15 Tuesday 13:02:37  random_test.py : INFO  === Evaluation Finished === 
 Fitness: [6.242352229571284, -0.0], Collision: False
2025-07-15 Tuesday 13:02:42  random_test.py : INFO  === Evaluate Testcase === 
 def testcase(self):
    vehicle1 = NPC(lane_id=4, offset=25.32821944, initial_speed=4.3527524)
    ego = NPC(lane_id=1, offset=41.1466194, initial_speed=36.0707971)
    vehicle1.accelerate(trigger_sequence=1, target_speed=54.71712695)
    vehicle1.accelerate(trigger_sequence=2, target_speed=36.06068059)
    vehicle1.accelerate(trigger_sequence=3, target_speed=44.7925891)
    vehicle1.accelerate(trigger_sequence=4, target_speed=57.24828048)

2025-07-15 Tuesday 13:02:42  random_test.py : INFO  === Evaluation Finished === 
 Fitness: [20.208067554608306, -0.0], Collision: False
2025-07-15 Tuesday 13:02:47  random_test.py : INFO  === Evaluate Testcase === 
 def testcase(self):
    vehicle1 = NPC(lane_id=5, offset=37.86783431, initial_speed=30.11863918)
    ego = NPC(lane_id=4, offset=45.24965723, initial_speed=38.43429286)
    vehicle1.decelerate(trigger_sequence=1, target_speed=22.56676153)
    vehicle1.changeLane(trigger_sequence=2, target_lane=3, target_speed=20.83582763)
    vehicle1.decelerate(trigger_sequence=5, target_speed=20.54698277)

2025-07-15 Tuesday 13:02:47  random_test.py : INFO  === Evaluation Finished === 
 Fitness: [9.255587660427507, -0.0], Collision: False
2025-07-15 Tuesday 13:02:52  random_test.py : INFO  === Evaluate Testcase === 
 def testcase(self):
    vehicle1 = NPC(lane_id=3, offset=43.58553355, initial_speed=13.00883713)
    ego = NPC(lane_id=4, offset=38.68861519, initial_speed=12.5087858)
    vehicle3 = NPC(lane_id=3, offset=32.90174769, initial_speed=18.45755731)
    vehicle3.changeLane(trigger_sequence=1, target_lane=1, target_speed=35.01038749)
    vehicle3.accelerate(trigger_sequence=2, target_speed=55.91130068)
    vehicle1.accelerate(trigger_sequence=3, target_speed=52.5387348)
    vehicle3.accelerate(trigger_sequence=5, target_speed=53.51504898)

2025-07-15 Tuesday 13:02:52  random_test.py : INFO  === Evaluation Finished === 
 Fitness: [3.5011950067580395, -0.0], Collision: False
2025-07-15 Tuesday 13:02:58  random_test.py : INFO  === Evaluate Testcase === 
 def testcase(self):
    vehicle1 = NPC(lane_id=1, offset=31.63041395, initial_speed=1.53572404)
    vehicle2 = NPC(lane_id=2, offset=43.03985947, initial_speed=3.45980822)
    vehicle3 = NPC(lane_id=4, offset=45.50523393, initial_speed=1.65742973)
    ego = NPC(lane_id=5, offset=12.55991617, initial_speed=23.32817279)
    vehicle3.accelerate(trigger_sequence=1, target_speed=45.1858783)
    vehicle1.accelerate(trigger_sequence=2, target_speed=54.85135136)
    vehicle3.accelerate(trigger_sequence=2, target_speed=57.67169524)
    vehicle1.accelerate(trigger_sequence=3, target_speed=57.69128619)
    vehicle3.decelerate(trigger_sequence=3, target_speed=24.28214196)
    vehicle1.changeLane(trigger_sequence=4, target_lane=3, target_speed=44.63301866)
    vehicle2.accelerate(trigger_sequence=4, target_speed=55.03788126)
    vehicle1.accelerate(trigger_sequence=5, target_speed=39.6028126)
    vehicle2.changeLane(trigger_sequence=5, target_lane=1, target_speed=54.31033632)

2025-07-15 Tuesday 13:02:58  random_test.py : INFO  === Evaluation Finished === 
 Fitness: [3.503445217046542, -0.0], Collision: False
2025-07-15 Tuesday 13:03:03  random_test.py : INFO  === Evaluate Testcase === 
 def testcase(self):
    vehicle1 = NPC(lane_id=2, offset=5.40342872, initial_speed=33.38396132)
    ego = NPC(lane_id=2, offset=49.66398213, initial_speed=17.33167468)
    vehicle3 = NPC(lane_id=4, offset=21.70974042, initial_speed=5.18591496)
    vehicle4 = NPC(lane_id=1, offset=29.77078042, initial_speed=29.02284121)
    vehicle4.accelerate(trigger_sequence=1, target_speed=34.38680722)
    vehicle1.accelerate(trigger_sequence=2, target_speed=40.09411715)
    vehicle4.accelerate(trigger_sequence=2, target_speed=45.58571544)
    vehicle1.decelerate(trigger_sequence=3, target_speed=6.14391402)
    vehicle3.accelerate(trigger_sequence=3, target_speed=32.10189935)
    vehicle1.accelerate(trigger_sequence=4, target_speed=46.80696022)
    vehicle3.accelerate(trigger_sequence=4, target_speed=54.72080019)
    vehicle4.changeLane(trigger_sequence=4, target_lane=1, target_speed=23.9570772)
    vehicle4.changeLane(trigger_sequence=5, target_lane=1, target_speed=30.51863642)

2025-07-15 Tuesday 13:03:03  random_test.py : INFO  === Evaluation Finished === 
 Fitness: [18.19045151248901, -0.0], Collision: False
2025-07-15 Tuesday 13:03:10  random_test.py : INFO  === Evaluate Testcase === 
 def testcase(self):
    vehicle1 = NPC(lane_id=5, offset=34.98609392, initial_speed=25.63171797)
    ego = NPC(lane_id=4, offset=3.12297104, initial_speed=38.51236864)
    vehicle3 = NPC(lane_id=3, offset=5.00081073, initial_speed=28.21536417)
    vehicle4 = NPC(lane_id=3, offset=33.04935567, initial_speed=2.02319186)
    vehicle1.accelerate(trigger_sequence=1, target_speed=35.61580731)
    vehicle3.decelerate(trigger_sequence=1, target_speed=5.00732827)
    vehicle1.changeLane(trigger_sequence=2, target_lane=1, target_speed=0.97947871)
    vehicle3.changeLane(trigger_sequence=2, target_lane=3, target_speed=57.54108536)
    vehicle4.changeLane(trigger_sequence=2, target_lane=3, target_speed=14.07061009)
    vehicle1.decelerate(trigger_sequence=3, target_speed=21.10752118)
    vehicle3.changeLane(trigger_sequence=3, target_lane=1, target_speed=21.47518738)
    vehicle1.decelerate(trigger_sequence=4, target_speed=19.49605614)
    vehicle3.changeLane(trigger_sequence=4, target_lane=3, target_speed=31.99356577)
    vehicle4.decelerate(trigger_sequence=4, target_speed=16.61642354)
    vehicle3.decelerate(trigger_sequence=5, target_speed=20.61443953)
# 1
2025-07-15 Tuesday 13:03:10  random_test.py : INFO  === Evaluation Finished === 
 Fitness: [2.6249543958861383, -0.006666666666666667], Collision: True
2025-07-15 Tuesday 13:03:10  random_test.py : INFO  === Find a coollision ===
2025-07-15 Tuesday 13:03:15  random_test.py : INFO  === Evaluate Testcase === 
 def testcase(self):
    vehicle1 = NPC(lane_id=5, offset=28.97800226, initial_speed=33.54339319)
    ego = NPC(lane_id=2, offset=17.00938497, initial_speed=39.70107456)
    vehicle3 = NPC(lane_id=2, offset=47.15167223, initial_speed=16.12305347)
    vehicle3.changeLane(trigger_sequence=2, target_lane=1, target_speed=48.74844083)
    vehicle1.decelerate(trigger_sequence=3, target_speed=28.04251331)
    vehicle3.decelerate(trigger_sequence=3, target_speed=10.76578164)
    vehicle3.accelerate(trigger_sequence=4, target_speed=34.00623035)
    vehicle1.decelerate(trigger_sequence=5, target_speed=8.98208066)

2025-07-15 Tuesday 13:03:15  random_test.py : INFO  === Evaluation Finished === 
 Fitness: [11.638963412509877, -0.002688172043010753], Collision: False
2025-07-15 Tuesday 13:03:21  random_test.py : INFO  === Evaluate Testcase === 
 def testcase(self):
    vehicle1 = NPC(lane_id=4, offset=0.63562891, initial_speed=36.84090148)
    ego = NPC(lane_id=1, offset=19.04193684, initial_speed=12.44285141)
    vehicle3 = NPC(lane_id=5, offset=25.47924822, initial_speed=16.0765034)
    vehicle3.changeLane(trigger_sequence=1, target_lane=1, target_speed=13.31941553)
    vehicle1.decelerate(trigger_sequence=2, target_speed=5.25328235)
    vehicle3.accelerate(trigger_sequence=2, target_speed=54.15533361)
    vehicle1.decelerate(trigger_sequence=3, target_speed=27.33796119)
    vehicle1.accelerate(trigger_sequence=4, target_speed=49.87017131)

2025-07-15 Tuesday 13:03:21  random_test.py : INFO  === Evaluation Finished === 
 Fitness: [13.999495291117332, -0.0], Collision: False
2025-07-15 Tuesday 13:03:27  random_test.py : INFO  === Evaluate Testcase === 
 def testcase(self):
    ego = NPC(lane_id=3, offset=41.54970707, initial_speed=19.30695621)
    vehicle2 = NPC(lane_id=2, offset=47.75353129, initial_speed=28.83817854)
    vehicle3 = NPC(lane_id=4, offset=8.58613647, initial_speed=21.45352933)
    vehicle3.accelerate(trigger_sequence=1, target_speed=55.01476658)
    vehicle2.changeLane(trigger_sequence=3, target_lane=1, target_speed=46.6833659)
    vehicle2.changeLane(trigger_sequence=4, target_lane=3, target_speed=52.5675569)
    vehicle3.changeLane(trigger_sequence=5, target_lane=1, target_speed=38.17600632)

2025-07-15 Tuesday 13:03:27  random_test.py : INFO  === Evaluation Finished === 
 Fitness: [3.499778009363872, -0.0], Collision: False
2025-07-15 Tuesday 13:03:32  random_test.py : INFO  === Evaluate Testcase === 
 def testcase(self):
    vehicle1 = NPC(lane_id=4, offset=2.19282994, initial_speed=3.26806189)
    ego = NPC(lane_id=3, offset=3.0274066, initial_speed=11.13454526)
    vehicle1.accelerate(trigger_sequence=1, target_speed=52.77065584)
    vehicle1.accelerate(trigger_sequence=4, target_speed=30.77236901)

2025-07-15 Tuesday 13:03:32  random_test.py : INFO  === Evaluation Finished === 
 Fitness: [3.726074938512532, -0.0], Collision: False
2025-07-15 Tuesday 13:03:36  random_test.py : INFO  === Evaluate Testcase === 
 def testcase(self):
    vehicle1 = NPC(lane_id=4, offset=12.46867358, initial_speed=27.38413112)
    vehicle2 = NPC(lane_id=3, offset=10.07675244, initial_speed=2.55338729)
    vehicle3 = NPC(lane_id=3, offset=9.16850229, initial_speed=12.15069754)
    ego = NPC(lane_id=3, offset=42.38453069, initial_speed=19.94692101)
    vehicle1.decelerate(trigger_sequence=1, target_speed=17.64341352)
    vehicle2.decelerate(trigger_sequence=1, target_speed=28.3806724)
    vehicle3.accelerate(trigger_sequence=1, target_speed=39.57700752)
    vehicle1.accelerate(trigger_sequence=2, target_speed=34.4396992)
    vehicle3.decelerate(trigger_sequence=2, target_speed=1.41224092)
    vehicle1.accelerate(trigger_sequence=3, target_speed=36.50555026)
    vehicle2.decelerate(trigger_sequence=3, target_speed=15.04660492)
    vehicle3.decelerate(trigger_sequence=3, target_speed=8.17517369)
    vehicle1.accelerate(trigger_sequence=4, target_speed=57.96612843)
    vehicle1.decelerate(trigger_sequence=5, target_speed=2.53250076)
    vehicle3.decelerate(trigger_sequence=5, target_speed=8.25764314)

2025-07-15 Tuesday 13:03:36  random_test.py : INFO  === Evaluation Finished === 
 Fitness: [inf, 0], Collision: False
2025-07-15 Tuesday 13:03:42  random_test.py : INFO  === Evaluate Testcase === 
 def testcase(self):
    ego = NPC(lane_id=3, offset=36.61696541, initial_speed=34.73551996)
    vehicle2 = NPC(lane_id=4, offset=23.7214702, initial_speed=8.37857592)
    vehicle3 = NPC(lane_id=4, offset=6.4027704, initial_speed=16.22284201)
    vehicle2.changeLane(trigger_sequence=2, target_lane=3, target_speed=11.07082666)
    vehicle3.accelerate(trigger_sequence=3, target_speed=59.28377629)
    vehicle2.decelerate(trigger_sequence=4, target_speed=2.86867493)
    vehicle2.accelerate(trigger_sequence=5, target_speed=34.14020048)

2025-07-15 Tuesday 13:03:42  random_test.py : INFO  === Evaluation Finished === 
 Fitness: [15.008134023937476, -0.0], Collision: False
2025-07-15 Tuesday 13:03:47  random_test.py : INFO  === Evaluate Testcase === 
 def testcase(self):
    ego = NPC(lane_id=2, offset=29.06654201, initial_speed=26.72227493)
    vehicle2 = NPC(lane_id=1, offset=45.6040008, initial_speed=36.63384993)
    vehicle3 = NPC(lane_id=4, offset=13.35687239, initial_speed=10.92417462)
    vehicle2.changeLane(trigger_sequence=1, target_lane=1, target_speed=2.41052441)
    vehicle2.accelerate(trigger_sequence=2, target_speed=34.40848541)
    vehicle3.changeLane(trigger_sequence=2, target_lane=1, target_speed=43.268245)
    vehicle2.changeLane(trigger_sequence=4, target_lane=1, target_speed=15.61101213)
    vehicle3.decelerate(trigger_sequence=4, target_speed=22.5969234)

2025-07-15 Tuesday 13:03:47  random_test.py : INFO  === Evaluation Finished === 
 Fitness: [12.990053225372485, -0.0], Collision: False
2025-07-15 Tuesday 13:03:53  random_test.py : INFO  === Evaluate Testcase === 
 def testcase(self):
    vehicle1 = NPC(lane_id=1, offset=7.76830938, initial_speed=27.08665248)
    vehicle2 = NPC(lane_id=4, offset=18.01252678, initial_speed=3.08962607)
    vehicle3 = NPC(lane_id=4, offset=2.06467242, initial_speed=9.82063085)
    ego = NPC(lane_id=1, offset=12.41860563, initial_speed=27.25246603)
    vehicle2.accelerate(trigger_sequence=1, target_speed=40.05375383)
    vehicle1.changeLane(trigger_sequence=2, target_lane=3, target_speed=44.57442793)
    vehicle2.changeLane(trigger_sequence=2, target_lane=1, target_speed=6.99253647)
    vehicle3.decelerate(trigger_sequence=2, target_speed=8.75289075)

2025-07-15 Tuesday 13:03:53  random_test.py : INFO  === Evaluation Finished === 
 Fitness: [5.404793516272868, -0.0], Collision: False
2025-07-15 Tuesday 13:03:58  random_test.py : INFO  === Evaluate Testcase === 
 def testcase(self):
    vehicle1 = NPC(lane_id=3, offset=40.62397797, initial_speed=17.40165984)
    ego = NPC(lane_id=4, offset=45.43534827, initial_speed=14.12771175)
    vehicle3 = NPC(lane_id=2, offset=45.13616345, initial_speed=39.13506058)
    vehicle1.changeLane(trigger_sequence=1, target_lane=3, target_speed=25.79939527)
    vehicle1.changeLane(trigger_sequence=2, target_lane=3, target_speed=21.67215751)
    vehicle3.changeLane(trigger_sequence=2, target_lane=1, target_speed=6.64622626)
    vehicle1.changeLane(trigger_sequence=3, target_lane=1, target_speed=32.51378769)
    vehicle3.decelerate(trigger_sequence=3, target_speed=14.61870849)
    vehicle3.accelerate(trigger_sequence=4, target_speed=36.54759005)

2025-07-15 Tuesday 13:03:58  random_test.py : INFO  === Evaluation Finished === 
 Fitness: [5.769874756581123, -0.0], Collision: False
2025-07-15 Tuesday 13:04:04  random_test.py : INFO  === Evaluate Testcase === 
 def testcase(self):
    vehicle1 = NPC(lane_id=1, offset=25.08896257, initial_speed=7.55780789)
    ego = NPC(lane_id=2, offset=15.07797961, initial_speed=34.60090916)
    vehicle1.changeLane(trigger_sequence=2, target_lane=3, target_speed=27.50105617)
    vehicle1.changeLane(trigger_sequence=3, target_lane=1, target_speed=12.0651476)
    vehicle1.decelerate(trigger_sequence=5, target_speed=11.16043661)

2025-07-15 Tuesday 13:04:04  random_test.py : INFO  === Evaluation Finished === 
 Fitness: [3.4998253551727556, -0.0], Collision: False
2025-07-15 Tuesday 13:04:09  random_test.py : INFO  === Evaluate Testcase === 
 def testcase(self):
    vehicle1 = NPC(lane_id=5, offset=26.31059458, initial_speed=37.20583991)
    ego = NPC(lane_id=3, offset=27.97560835, initial_speed=36.95231292)
    vehicle1.changeLane(trigger_sequence=1, target_lane=3, target_speed=38.78657974)
    vehicle1.accelerate(trigger_sequence=2, target_speed=51.89603807)
    vehicle1.accelerate(trigger_sequence=5, target_speed=46.44105588)

2025-07-15 Tuesday 13:04:09  random_test.py : INFO  === Evaluation Finished === 
 Fitness: [4.926239315424834, -0.0], Collision: False
2025-07-15 Tuesday 13:04:14  random_test.py : INFO  === Evaluate Testcase === 
 def testcase(self):
    vehicle1 = NPC(lane_id=1, offset=12.51150343, initial_speed=31.27813538)
    ego = NPC(lane_id=3, offset=14.43134346, initial_speed=27.26611225)
    vehicle3 = NPC(lane_id=5, offset=37.31140645, initial_speed=17.66847243)
    vehicle3.changeLane(trigger_sequence=1, target_lane=3, target_speed=13.90482098)
    vehicle1.accelerate(trigger_sequence=2, target_speed=57.14221906)
    vehicle1.accelerate(trigger_sequence=3, target_speed=41.45894248)
    vehicle3.decelerate(trigger_sequence=3, target_speed=28.86824257)
    vehicle1.accelerate(trigger_sequence=4, target_speed=49.82183259)
    vehicle3.changeLane(trigger_sequence=4, target_lane=1, target_speed=31.49622974)
    vehicle1.accelerate(trigger_sequence=5, target_speed=50.25648957)

2025-07-15 Tuesday 13:04:14  random_test.py : INFO  === Evaluation Finished === 
 Fitness: [7.000592934034483, -0.0], Collision: False
2025-07-15 Tuesday 13:04:20  random_test.py : INFO  === Evaluate Testcase === 
 def testcase(self):
    vehicle1 = NPC(lane_id=5, offset=36.39970712, initial_speed=8.29785409)
    vehicle2 = NPC(lane_id=4, offset=9.33196366, initial_speed=6.46135234)
    ego = NPC(lane_id=2, offset=15.30523825, initial_speed=20.56983977)
    vehicle4 = NPC(lane_id=1, offset=12.20713008, initial_speed=29.35788951)
    vehicle4.decelerate(trigger_sequence=1, target_speed=29.47244858)
    vehicle1.changeLane(trigger_sequence=2, target_lane=3, target_speed=17.46368109)
    vehicle2.changeLane(trigger_sequence=2, target_lane=1, target_speed=33.84609614)
    vehicle4.decelerate(trigger_sequence=2, target_speed=5.18425906)
    vehicle1.accelerate(trigger_sequence=3, target_speed=46.18033775)
    vehicle2.changeLane(trigger_sequence=3, target_lane=1, target_speed=9.25333485)
    vehicle4.decelerate(trigger_sequence=3, target_speed=1.37733333)
    vehicle1.changeLane(trigger_sequence=4, target_lane=1, target_speed=35.47314032)
    vehicle2.decelerate(trigger_sequence=4, target_speed=14.68650255)
    vehicle1.decelerate(trigger_sequence=5, target_speed=18.62364931)

2025-07-15 Tuesday 13:04:20  random_test.py : INFO  === Evaluation Finished === 
 Fitness: [3.9269126028746677, -0.0], Collision: False
2025-07-15 Tuesday 13:04:26  random_test.py : INFO  === Evaluate Testcase === 
 def testcase(self):
    vehicle1 = NPC(lane_id=5, offset=11.13508665, initial_speed=23.67247916)
    vehicle2 = NPC(lane_id=2, offset=48.63804362, initial_speed=5.42705945)
    vehicle3 = NPC(lane_id=4, offset=25.18036311, initial_speed=1.6335839)
    ego = NPC(lane_id=1, offset=10.13516756, initial_speed=6.75019866)
    vehicle2.decelerate(trigger_sequence=1, target_speed=15.31149062)
    vehicle1.decelerate(trigger_sequence=3, target_speed=15.18532356)
    vehicle2.decelerate(trigger_sequence=5, target_speed=15.34982446)

2025-07-15 Tuesday 13:04:26  random_test.py : INFO  === Evaluation Finished === 
 Fitness: [3.5064007442717444, -0.0], Collision: False
2025-07-15 Tuesday 13:04:31  random_test.py : INFO  === Evaluate Testcase === 
 def testcase(self):
    vehicle1 = NPC(lane_id=1, offset=42.99242479, initial_speed=31.28217624)
    vehicle2 = NPC(lane_id=4, offset=46.33168202, initial_speed=2.60138442)
    ego = NPC(lane_id=2, offset=15.70253935, initial_speed=19.37197026)
    vehicle1.changeLane(trigger_sequence=2, target_lane=1, target_speed=23.28435334)
    vehicle1.decelerate(trigger_sequence=3, target_speed=29.62066868)
    vehicle2.decelerate(trigger_sequence=3, target_speed=24.58676119)
    vehicle2.decelerate(trigger_sequence=4, target_speed=7.88673168)
    vehicle1.accelerate(trigger_sequence=5, target_speed=47.38361754)
    vehicle2.changeLane(trigger_sequence=5, target_lane=1, target_speed=51.76794761)

2025-07-15 Tuesday 13:04:31  random_test.py : INFO  === Evaluation Finished === 
 Fitness: [3.7652365115417683, -0.0], Collision: False
2025-07-15 Tuesday 13:04:35  random_test.py : INFO  === Evaluate Testcase === 
 def testcase(self):
    vehicle1 = NPC(lane_id=5, offset=40.03531416, initial_speed=24.91427377)
    ego = NPC(lane_id=3, offset=4.94787126, initial_speed=3.30065841)
    vehicle3 = NPC(lane_id=2, offset=1.51806634, initial_speed=26.00811106)
    vehicle4 = NPC(lane_id=3, offset=2.61109359, initial_speed=21.6009697)
    vehicle4.decelerate(trigger_sequence=2, target_speed=23.72580862)
    vehicle1.decelerate(trigger_sequence=3, target_speed=10.73378978)
    vehicle4.changeLane(trigger_sequence=3, target_lane=3, target_speed=46.46947169)
    vehicle1.decelerate(trigger_sequence=4, target_speed=25.42000186)
    vehicle1.accelerate(trigger_sequence=5, target_speed=47.09699039)
    vehicle3.accelerate(trigger_sequence=5, target_speed=37.46545371)

2025-07-15 Tuesday 13:04:35  random_test.py : INFO  === Evaluation Finished === 
 Fitness: [inf, 0], Collision: False
2025-07-15 Tuesday 13:04:40  random_test.py : INFO  === Evaluate Testcase === 
 def testcase(self):
    ego = NPC(lane_id=3, offset=13.59939145, initial_speed=17.07577667)
    vehicle2 = NPC(lane_id=4, offset=15.47404023, initial_speed=0.05081077)
    vehicle2.decelerate(trigger_sequence=1, target_speed=21.00234622)
    vehicle2.changeLane(trigger_sequence=3, target_lane=1, target_speed=51.21193166)
    vehicle2.changeLane(trigger_sequence=5, target_lane=3, target_speed=49.04473415)

2025-07-15 Tuesday 13:04:40  random_test.py : INFO  === Evaluation Finished === 
 Fitness: [3.5086019134315696, -0.0], Collision: False
2025-07-15 Tuesday 13:04:44  random_test.py : INFO  === Evaluate Testcase === 
 def testcase(self):
    ego = NPC(lane_id=1, offset=44.26693631, initial_speed=5.21519974)
    vehicle2 = NPC(lane_id=3, offset=42.02412006, initial_speed=25.35541146)
    vehicle3 = NPC(lane_id=5, offset=41.58346655, initial_speed=28.29306657)
    vehicle4 = NPC(lane_id=5, offset=44.07419032, initial_speed=31.62360658)
    vehicle2.changeLane(trigger_sequence=1, target_lane=1, target_speed=34.77208634)
    vehicle2.accelerate(trigger_sequence=2, target_speed=37.20539781)
    vehicle3.accelerate(trigger_sequence=2, target_speed=57.01293681)
    vehicle4.changeLane(trigger_sequence=2, target_lane=3, target_speed=40.44676441)
    vehicle3.decelerate(trigger_sequence=3, target_speed=18.08765168)
    vehicle4.decelerate(trigger_sequence=3, target_speed=19.19190625)
    vehicle3.decelerate(trigger_sequence=4, target_speed=8.73584713)
    vehicle4.accelerate(trigger_sequence=4, target_speed=47.48163806)
    vehicle2.changeLane(trigger_sequence=5, target_lane=1, target_speed=3.60664878)
    vehicle3.accelerate(trigger_sequence=5, target_speed=31.92368793)

2025-07-15 Tuesday 13:04:44  random_test.py : INFO  === Evaluation Finished === 
 Fitness: [inf, 0], Collision: False
2025-07-15 Tuesday 13:04:50  random_test.py : INFO  === Evaluate Testcase === 
 def testcase(self):
    vehicle1 = NPC(lane_id=4, offset=23.63529105, initial_speed=36.86023927)
    ego = NPC(lane_id=1, offset=27.97496619, initial_speed=21.80746232)
    vehicle1.changeLane(trigger_sequence=4, target_lane=1, target_speed=56.79015554)
    vehicle1.accelerate(trigger_sequence=5, target_speed=50.41840929)

2025-07-15 Tuesday 13:04:50  random_test.py : INFO  === Evaluation Finished === 
 Fitness: [7.000326166196902, -0.0], Collision: False
2025-07-15 Tuesday 13:04:55  random_test.py : INFO  === Evaluate Testcase === 
 def testcase(self):
    ego = NPC(lane_id=1, offset=19.8118581, initial_speed=3.40095801)
    vehicle2 = NPC(lane_id=5, offset=8.42919764, initial_speed=22.84307677)
    vehicle3 = NPC(lane_id=2, offset=40.61739463, initial_speed=9.76081476)
    vehicle2.accelerate(trigger_sequence=1, target_speed=40.25060801)
    vehicle3.decelerate(trigger_sequence=1, target_speed=6.88254041)
    vehicle3.changeLane(trigger_sequence=3, target_lane=3, target_speed=3.0556924)
    vehicle2.accelerate(trigger_sequence=4, target_speed=45.4257834)

2025-07-15 Tuesday 13:04:55  random_test.py : INFO  === Evaluation Finished === 
 Fitness: [3.501444184491428, -0.0], Collision: False
2025-07-15 Tuesday 13:04:59  random_test.py : INFO  === Evaluate Testcase === 
 def testcase(self):
    vehicle1 = NPC(lane_id=2, offset=19.65732254, initial_speed=21.78357033)
    vehicle2 = NPC(lane_id=4, offset=1.00392405, initial_speed=1.35822269)
    ego = NPC(lane_id=5, offset=1.85948374, initial_speed=21.31545123)
    vehicle4 = NPC(lane_id=2, offset=23.55636928, initial_speed=26.22970718)
    vehicle4.changeLane(trigger_sequence=1, target_lane=1, target_speed=59.04341972)
    vehicle4.accelerate(trigger_sequence=2, target_speed=42.15575981)
    vehicle1.decelerate(trigger_sequence=3, target_speed=3.60678879)
    vehicle2.decelerate(trigger_sequence=4, target_speed=4.94439318)
    vehicle1.changeLane(trigger_sequence=5, target_lane=3, target_speed=15.08463046)
    vehicle4.changeLane(trigger_sequence=5, target_lane=1, target_speed=8.58214672)

2025-07-15 Tuesday 13:04:59  random_test.py : INFO  === Evaluation Finished === 
 Fitness: [inf, 0], Collision: False
2025-07-15 Tuesday 13:05:06  random_test.py : INFO  === Evaluate Testcase === 
 def testcase(self):
    vehicle1 = NPC(lane_id=4, offset=39.4582251, initial_speed=29.96962818)
    vehicle2 = NPC(lane_id=1, offset=38.96507887, initial_speed=22.74117548)
    ego = NPC(lane_id=2, offset=4.02193363, initial_speed=14.11103028)
    vehicle4 = NPC(lane_id=4, offset=13.11622664, initial_speed=30.37377873)
    vehicle2.decelerate(trigger_sequence=1, target_speed=11.49177837)
    vehicle1.changeLane(trigger_sequence=3, target_lane=3, target_speed=3.59919845)
    vehicle4.changeLane(trigger_sequence=3, target_lane=1, target_speed=23.46994355)
    vehicle1.decelerate(trigger_sequence=4, target_speed=6.78007046)
    vehicle2.changeLane(trigger_sequence=4, target_lane=3, target_speed=39.45742151)
    vehicle4.changeLane(trigger_sequence=4, target_lane=3, target_speed=35.22646093)
    vehicle4.accelerate(trigger_sequence=5, target_speed=45.68108717)

2025-07-15 Tuesday 13:05:06  random_test.py : INFO  === Evaluation Finished === 
 Fitness: [3.5013435469366754, -0.0], Collision: False
2025-07-15 Tuesday 13:05:11  random_test.py : INFO  === Evaluate Testcase === 
 def testcase(self):
    ego = NPC(lane_id=5, offset=19.25181829, initial_speed=14.11496031)
    vehicle2 = NPC(lane_id=1, offset=10.15361883, initial_speed=30.83185116)
    vehicle2.changeLane(trigger_sequence=2, target_lane=3, target_speed=17.25486936)
    vehicle2.changeLane(trigger_sequence=3, target_lane=3, target_speed=19.78782421)
    vehicle2.changeLane(trigger_sequence=5, target_lane=3, target_speed=25.39055704)

2025-07-15 Tuesday 13:05:11  random_test.py : INFO  === Evaluation Finished === 
 Fitness: [14.811459209194242, -0.0], Collision: False
2025-07-15 Tuesday 13:05:16  random_test.py : INFO  === Evaluate Testcase === 
 def testcase(self):
    vehicle1 = NPC(lane_id=1, offset=24.32102724, initial_speed=33.14255049)
    ego = NPC(lane_id=3, offset=31.07315065, initial_speed=13.06772921)
    vehicle3 = NPC(lane_id=5, offset=26.40471022, initial_speed=14.69820154)
    vehicle1.changeLane(trigger_sequence=3, target_lane=1, target_speed=0.98546445)
    vehicle1.changeLane(trigger_sequence=4, target_lane=3, target_speed=16.13411728)
    vehicle3.changeLane(trigger_sequence=4, target_lane=3, target_speed=54.81655002)
    vehicle1.changeLane(trigger_sequence=5, target_lane=3, target_speed=41.58685655)
    vehicle3.accelerate(trigger_sequence=5, target_speed=54.75806318)

2025-07-15 Tuesday 13:05:16  random_test.py : INFO  === Evaluation Finished === 
 Fitness: [7.045347932282777, -0.0], Collision: False
2025-07-15 Tuesday 13:05:22  random_test.py : INFO  === Evaluate Testcase === 
 def testcase(self):
    vehicle1 = NPC(lane_id=3, offset=11.70988599, initial_speed=10.74178797)
    vehicle2 = NPC(lane_id=1, offset=42.18005897, initial_speed=28.96902963)
    ego = NPC(lane_id=4, offset=39.11451908, initial_speed=8.83299566)
    vehicle4 = NPC(lane_id=2, offset=18.40892983, initial_speed=5.72382553)
    vehicle1.decelerate(trigger_sequence=1, target_speed=28.34206569)
    vehicle2.accelerate(trigger_sequence=1, target_speed=48.72950026)
    vehicle4.accelerate(trigger_sequence=1, target_speed=49.70726898)
    vehicle4.accelerate(trigger_sequence=2, target_speed=53.69161794)
    vehicle4.changeLane(trigger_sequence=3, target_lane=3, target_speed=17.34127136)
    vehicle2.decelerate(trigger_sequence=4, target_speed=20.65940646)

2025-07-15 Tuesday 13:05:22  random_test.py : INFO  === Evaluation Finished === 
 Fitness: [10.499688015540622, -0.0], Collision: False
2025-07-15 Tuesday 13:05:27  random_test.py : INFO  === Evaluate Testcase === 
 def testcase(self):
    ego = NPC(lane_id=2, offset=38.22508849, initial_speed=4.615773)
    vehicle2 = NPC(lane_id=5, offset=37.87047708, initial_speed=39.49637723)
    vehicle2.changeLane(trigger_sequence=3, target_lane=3, target_speed=26.3719004)
    vehicle2.accelerate(trigger_sequence=5, target_speed=55.41748358)

2025-07-15 Tuesday 13:05:27  random_test.py : INFO  === Evaluation Finished === 
 Fitness: [3.500718952554492, -0.005649717514124294], Collision: False
2025-07-15 Tuesday 13:05:33  random_test.py : INFO  === Evaluate Testcase === 
 def testcase(self):
    vehicle1 = NPC(lane_id=2, offset=3.67129434, initial_speed=22.31899134)
    vehicle2 = NPC(lane_id=5, offset=34.85312705, initial_speed=22.85758916)
    ego = NPC(lane_id=3, offset=11.5509887, initial_speed=17.26835026)
    vehicle2.changeLane(trigger_sequence=1, target_lane=1, target_speed=45.18271203)
    vehicle1.decelerate(trigger_sequence=2, target_speed=18.56884854)
    vehicle2.accelerate(trigger_sequence=2, target_speed=41.03160892)
    vehicle1.accelerate(trigger_sequence=3, target_speed=45.86160258)
    vehicle1.accelerate(trigger_sequence=4, target_speed=34.9740451)
    vehicle2.accelerate(trigger_sequence=4, target_speed=47.18320592)
    vehicle1.decelerate(trigger_sequence=5, target_speed=11.48571978)

2025-07-15 Tuesday 13:05:33  random_test.py : INFO  === Evaluation Finished === 
 Fitness: [4.428543034039315, -0.0], Collision: False
2025-07-15 Tuesday 13:05:37  random_test.py : INFO  === Evaluate Testcase === 
 def testcase(self):
    vehicle1 = NPC(lane_id=1, offset=16.8495216, initial_speed=12.45739994)
    ego = NPC(lane_id=1, offset=13.7061038, initial_speed=1.72881229)
    vehicle3 = NPC(lane_id=5, offset=35.6161373, initial_speed=29.73656942)
    vehicle4 = NPC(lane_id=5, offset=33.89829586, initial_speed=5.1960453)
    vehicle1.accelerate(trigger_sequence=2, target_speed=59.30729967)
    vehicle4.decelerate(trigger_sequence=2, target_speed=11.7141507)
    vehicle1.decelerate(trigger_sequence=3, target_speed=11.82070542)
    vehicle4.changeLane(trigger_sequence=3, target_lane=1, target_speed=52.89515221)
    vehicle1.decelerate(trigger_sequence=4, target_speed=11.53624484)
    vehicle4.decelerate(trigger_sequence=5, target_speed=25.15140486)

2025-07-15 Tuesday 13:05:37  random_test.py : INFO  === Evaluation Finished === 
 Fitness: [inf, 0], Collision: False
2025-07-15 Tuesday 13:05:42  random_test.py : INFO  === Evaluate Testcase === 
 def testcase(self):
    ego = NPC(lane_id=3, offset=6.01668092, initial_speed=10.48600469)
    vehicle2 = NPC(lane_id=5, offset=32.06316665, initial_speed=24.87027935)
    vehicle2.decelerate(trigger_sequence=3, target_speed=2.80084239)
    vehicle2.accelerate(trigger_sequence=4, target_speed=43.55082723)

2025-07-15 Tuesday 13:05:42  random_test.py : INFO  === Evaluation Finished === 
 Fitness: [7.000166028581811, -0.0028735632183908046], Collision: False
2025-07-15 Tuesday 13:05:47  random_test.py : INFO  === Evaluate Testcase === 
 def testcase(self):
    ego = NPC(lane_id=3, offset=37.27336652, initial_speed=1.73273353)
    vehicle2 = NPC(lane_id=4, offset=20.39206654, initial_speed=7.8852485)
    vehicle2.decelerate(trigger_sequence=1, target_speed=1.74527735)
    vehicle2.accelerate(trigger_sequence=2, target_speed=55.08574108)
    vehicle2.changeLane(trigger_sequence=3, target_lane=1, target_speed=19.84136254)
    vehicle2.changeLane(trigger_sequence=4, target_lane=3, target_speed=13.9684399)
    vehicle2.changeLane(trigger_sequence=5, target_lane=3, target_speed=49.55493249)

2025-07-15 Tuesday 13:05:47  random_test.py : INFO  === Evaluation Finished === 
 Fitness: [16.284275863642616, -0.0], Collision: False
2025-07-15 Tuesday 13:05:52  random_test.py : INFO  === Evaluate Testcase === 
 def testcase(self):
    ego = NPC(lane_id=2, offset=48.69455479, initial_speed=23.67460699)
    vehicle2 = NPC(lane_id=2, offset=3.06446318, initial_speed=17.73525596)
    vehicle3 = NPC(lane_id=2, offset=37.47773731, initial_speed=37.26758053)
    vehicle2.accelerate(trigger_sequence=1, target_speed=35.22032699)
    vehicle2.decelerate(trigger_sequence=2, target_speed=20.3936743)
    vehicle3.decelerate(trigger_sequence=2, target_speed=15.30735446)
    vehicle2.accelerate(trigger_sequence=3, target_speed=38.46986703)
    vehicle3.decelerate(trigger_sequence=3, target_speed=24.17681299)
    vehicle3.changeLane(trigger_sequence=4, target_lane=1, target_speed=2.7887178)

2025-07-15 Tuesday 13:05:52  random_test.py : INFO  === Evaluation Finished === 
 Fitness: [7.693580954417721, -0.0], Collision: False
2025-07-15 Tuesday 13:05:58  random_test.py : INFO  === Evaluate Testcase === 
 def testcase(self):
    vehicle1 = NPC(lane_id=4, offset=17.24183292, initial_speed=1.11076637)
    vehicle2 = NPC(lane_id=3, offset=33.15785816, initial_speed=20.3747045)
    ego = NPC(lane_id=2, offset=44.98536696, initial_speed=26.00150582)
    vehicle4 = NPC(lane_id=3, offset=19.28695855, initial_speed=15.08159207)
    vehicle1.accelerate(trigger_sequence=1, target_speed=44.75578471)
    vehicle2.accelerate(trigger_sequence=3, target_speed=53.42359711)
    vehicle2.changeLane(trigger_sequence=4, target_lane=3, target_speed=56.6955349)
    vehicle2.accelerate(trigger_sequence=5, target_speed=40.15431866)

2025-07-15 Tuesday 13:05:58  random_test.py : INFO  === Evaluation Finished === 
 Fitness: [8.211420827566272, -0.0], Collision: False
2025-07-15 Tuesday 13:06:04  random_test.py : INFO  === Evaluate Testcase === 
 def testcase(self):
    vehicle1 = NPC(lane_id=3, offset=22.2468422, initial_speed=2.2024489)
    ego = NPC(lane_id=3, offset=3.71418906, initial_speed=7.79248911)
    vehicle3 = NPC(lane_id=2, offset=25.56430476, initial_speed=10.49951616)
    vehicle4 = NPC(lane_id=1, offset=8.26966432, initial_speed=36.37388965)
    vehicle1.changeLane(trigger_sequence=1, target_lane=3, target_speed=30.12675745)
    vehicle3.accelerate(trigger_sequence=1, target_speed=42.11410729)
    vehicle4.accelerate(trigger_sequence=1, target_speed=57.21245032)
    vehicle3.decelerate(trigger_sequence=2, target_speed=14.29718671)
    vehicle4.decelerate(trigger_sequence=2, target_speed=25.87920252)
    vehicle1.changeLane(trigger_sequence=3, target_lane=3, target_speed=32.16594097)
    vehicle3.decelerate(trigger_sequence=3, target_speed=5.42006397)
    vehicle1.accelerate(trigger_sequence=4, target_speed=59.98651325)
    vehicle3.changeLane(trigger_sequence=4, target_lane=1, target_speed=28.53166155)
    vehicle4.changeLane(trigger_sequence=4, target_lane=1, target_speed=54.52239723)
    vehicle1.decelerate(trigger_sequence=5, target_speed=13.97407002)
    vehicle3.decelerate(trigger_sequence=5, target_speed=4.19144903)

2025-07-15 Tuesday 13:06:04  random_test.py : INFO  === Evaluation Finished === 
 Fitness: [8.32469309699111, -0.005042016806722689], Collision: False
2025-07-15 Tuesday 13:06:09  random_test.py : INFO  === Evaluate Testcase === 
 def testcase(self):
    vehicle1 = NPC(lane_id=5, offset=10.68278831, initial_speed=37.89194534)
    ego = NPC(lane_id=3, offset=38.57251223, initial_speed=19.46415155)
    vehicle1.changeLane(trigger_sequence=1, target_lane=3, target_speed=40.22443805)
    vehicle1.accelerate(trigger_sequence=2, target_speed=51.20940142)
    vehicle1.decelerate(trigger_sequence=3, target_speed=25.78218061)
    vehicle1.changeLane(trigger_sequence=5, target_lane=3, target_speed=56.28902774)

2025-07-15 Tuesday 13:06:09  random_test.py : INFO  === Evaluation Finished === 
 Fitness: [19.459534870758773, -0.005797101449275362], Collision: False
2025-07-15 Tuesday 13:06:15  random_test.py : INFO  === Evaluate Testcase === 
 def testcase(self):
    vehicle1 = NPC(lane_id=4, offset=25.28178122, initial_speed=31.72989972)
    ego = NPC(lane_id=5, offset=10.26461629, initial_speed=33.53976234)

2025-07-15 Tuesday 13:06:15  random_test.py : INFO  === Evaluation Finished === 
 Fitness: [3.4999526797788048, -0.9575757575757575], Collision: False
2025-07-15 Tuesday 13:06:20  random_test.py : INFO  === Evaluate Testcase === 
 def testcase(self):
    vehicle1 = NPC(lane_id=2, offset=32.04526669, initial_speed=26.16158286)
    vehicle2 = NPC(lane_id=4, offset=27.41512983, initial_speed=30.96281908)
    ego = NPC(lane_id=3, offset=42.15615362, initial_speed=29.52547317)
    vehicle4 = NPC(lane_id=4, offset=40.12465177, initial_speed=37.96552092)
    vehicle1.accelerate(trigger_sequence=1, target_speed=30.26541318)
    vehicle1.accelerate(trigger_sequence=2, target_speed=58.50016105)
    vehicle2.accelerate(trigger_sequence=3, target_speed=40.46168037)
    vehicle1.decelerate(trigger_sequence=4, target_speed=16.47134827)
    vehicle2.accelerate(trigger_sequence=4, target_speed=55.48588464)
    vehicle4.decelerate(trigger_sequence=4, target_speed=5.10346176)
    vehicle1.changeLane(trigger_sequence=5, target_lane=1, target_speed=35.00564719)

2025-07-15 Tuesday 13:06:20  random_test.py : INFO  === Evaluation Finished === 
 Fitness: [3.7496147966619526, -0.0], Collision: False
2025-07-15 Tuesday 13:06:26  random_test.py : INFO  === Evaluate Testcase === 
 def testcase(self):
    ego = NPC(lane_id=4, offset=10.94136542, initial_speed=26.74949037)
    vehicle2 = NPC(lane_id=1, offset=5.28831109, initial_speed=30.2205946)
    vehicle3 = NPC(lane_id=3, offset=5.38683481, initial_speed=28.92665973)
    vehicle2.changeLane(trigger_sequence=1, target_lane=3, target_speed=3.42334728)
    vehicle3.changeLane(trigger_sequence=1, target_lane=1, target_speed=44.27855679)
    vehicle3.decelerate(trigger_sequence=2, target_speed=25.7411553)
    vehicle3.changeLane(trigger_sequence=3, target_lane=3, target_speed=54.0494576)
    vehicle3.accelerate(trigger_sequence=4, target_speed=38.42235183)

2025-07-15 Tuesday 13:06:26  random_test.py : INFO  === Evaluation Finished === 
 Fitness: [7.100682368798904, -0.0], Collision: False
2025-07-15 Tuesday 13:06:30  random_test.py : INFO  === Evaluate Testcase === 
 def testcase(self):
    vehicle1 = NPC(lane_id=2, offset=40.49655496, initial_speed=37.77028239)
    vehicle2 = NPC(lane_id=1, offset=42.679276, initial_speed=17.52150134)
    ego = NPC(lane_id=1, offset=42.99975411, initial_speed=31.2871634)
    vehicle4 = NPC(lane_id=1, offset=11.7521042, initial_speed=7.24335592)
    vehicle2.changeLane(trigger_sequence=1, target_lane=1, target_speed=0.51754743)
    vehicle1.changeLane(trigger_sequence=2, target_lane=1, target_speed=28.98012215)
    vehicle4.changeLane(trigger_sequence=2, target_lane=1, target_speed=2.96215991)
    vehicle2.changeLane(trigger_sequence=3, target_lane=3, target_speed=32.76633107)
    vehicle4.accelerate(trigger_sequence=3, target_speed=58.19766291)
    vehicle1.decelerate(trigger_sequence=4, target_speed=0.7191972)
    vehicle2.changeLane(trigger_sequence=4, target_lane=3, target_speed=34.87134416)
    vehicle1.accelerate(trigger_sequence=5, target_speed=56.21718264)
    vehicle2.decelerate(trigger_sequence=5, target_speed=26.44345239)

2025-07-15 Tuesday 13:06:30  random_test.py : INFO  === Evaluation Finished === 
 Fitness: [inf, 0], Collision: False
2025-07-15 Tuesday 13:06:37  random_test.py : INFO  === Evaluate Testcase === 
 def testcase(self):
    vehicle1 = NPC(lane_id=1, offset=11.4824574, initial_speed=25.96943418)
    vehicle2 = NPC(lane_id=5, offset=4.72853372, initial_speed=37.9853791)
    vehicle3 = NPC(lane_id=4, offset=24.99285114, initial_speed=0.78300908)
    ego = NPC(lane_id=4, offset=10.96052759, initial_speed=28.22658342)
    vehicle1.decelerate(trigger_sequence=1, target_speed=2.71140488)
    vehicle3.changeLane(trigger_sequence=1, target_lane=3, target_speed=26.62640795)
    vehicle2.changeLane(trigger_sequence=2, target_lane=3, target_speed=24.93443958)
    vehicle1.changeLane(trigger_sequence=3, target_lane=3, target_speed=26.16749527)
    vehicle3.changeLane(trigger_sequence=3, target_lane=1, target_speed=6.26704014)
    vehicle2.accelerate(trigger_sequence=4, target_speed=42.14695766)
    vehicle3.changeLane(trigger_sequence=4, target_lane=3, target_speed=29.15675562)
    vehicle3.decelerate(trigger_sequence=5, target_speed=12.24802678)

2025-07-15 Tuesday 13:06:37  random_test.py : INFO  === Evaluation Finished === 
 Fitness: [3.5085359551698936, -0.00425531914893617], Collision: False
2025-07-15 Tuesday 13:06:42  random_test.py : INFO  === Evaluate Testcase === 
 def testcase(self):
    vehicle1 = NPC(lane_id=5, offset=45.81514705, initial_speed=23.81847152)
    ego = NPC(lane_id=5, offset=19.67308472, initial_speed=6.76954417)
    vehicle3 = NPC(lane_id=1, offset=38.97143236, initial_speed=38.17153483)
    vehicle1.decelerate(trigger_sequence=1, target_speed=1.21535166)
    vehicle3.decelerate(trigger_sequence=1, target_speed=16.01656762)
    vehicle3.decelerate(trigger_sequence=2, target_speed=6.93657286)
    vehicle1.changeLane(trigger_sequence=3, target_lane=3, target_speed=47.56826815)
    vehicle3.decelerate(trigger_sequence=4, target_speed=8.84780825)
    vehicle3.accelerate(trigger_sequence=5, target_speed=43.24170191)

2025-07-15 Tuesday 13:06:42  random_test.py : INFO  === Evaluation Finished === 
 Fitness: [10.127838646516143, -0.003875968992248062], Collision: False
2025-07-15 Tuesday 13:06:48  random_test.py : INFO  === Evaluate Testcase === 
 def testcase(self):
    ego = NPC(lane_id=3, offset=36.16432973, initial_speed=14.23777462)
    vehicle2 = NPC(lane_id=1, offset=12.29850223, initial_speed=15.58141821)
    vehicle3 = NPC(lane_id=5, offset=38.34377729, initial_speed=37.0889445)
    vehicle3.accelerate(trigger_sequence=1, target_speed=48.73482717)
    vehicle2.changeLane(trigger_sequence=2, target_lane=1, target_speed=20.41893542)
    vehicle3.accelerate(trigger_sequence=3, target_speed=33.4008151)
    vehicle3.decelerate(trigger_sequence=4, target_speed=1.71026516)
    vehicle2.changeLane(trigger_sequence=5, target_lane=1, target_speed=39.23746816)
    vehicle3.changeLane(trigger_sequence=5, target_lane=3, target_speed=45.47086139)

2025-07-15 Tuesday 13:06:48  random_test.py : INFO  === Evaluation Finished === 
 Fitness: [7.26283145335, -0.0], Collision: False
2025-07-15 Tuesday 13:06:53  random_test.py : INFO  === Evaluate Testcase === 
 def testcase(self):
    vehicle1 = NPC(lane_id=1, offset=9.97845042, initial_speed=1.77650253)
    ego = NPC(lane_id=4, offset=14.68489796, initial_speed=27.93951101)
    vehicle1.accelerate(trigger_sequence=5, target_speed=46.21228194)

2025-07-15 Tuesday 13:06:53  random_test.py : INFO  === Evaluation Finished === 
 Fitness: [12.009948301571928, -0.0], Collision: False
2025-07-15 Tuesday 13:06:58  random_test.py : INFO  === Evaluate Testcase === 
 def testcase(self):
    vehicle1 = NPC(lane_id=2, offset=49.26243353, initial_speed=6.96441885)
    ego = NPC(lane_id=3, offset=30.98825496, initial_speed=30.46283114)
    vehicle1.accelerate(trigger_sequence=1, target_speed=49.55738148)
    vehicle1.changeLane(trigger_sequence=3, target_lane=1, target_speed=31.4750436)
    vehicle1.decelerate(trigger_sequence=5, target_speed=16.73816422)

2025-07-15 Tuesday 13:06:58  random_test.py : INFO  === Evaluation Finished === 
 Fitness: [3.503983102502386, -0.0], Collision: False
2025-07-15 Tuesday 13:07:03  random_test.py : INFO  === Evaluate Testcase === 
 def testcase(self):
    vehicle1 = NPC(lane_id=5, offset=12.98595901, initial_speed=8.48550109)
    ego = NPC(lane_id=1, offset=47.92381402, initial_speed=6.86186555)
    vehicle3 = NPC(lane_id=3, offset=29.02059102, initial_speed=6.42264622)
    vehicle1.changeLane(trigger_sequence=2, target_lane=1, target_speed=34.19788203)
    vehicle1.changeLane(trigger_sequence=3, target_lane=1, target_speed=14.82483875)
    vehicle3.decelerate(trigger_sequence=3, target_speed=8.78920315)
    vehicle1.changeLane(trigger_sequence=4, target_lane=1, target_speed=57.27424407)

2025-07-15 Tuesday 13:07:03  random_test.py : INFO  === Evaluation Finished === 
 Fitness: [20.434911005971106, -0.0], Collision: False
2025-07-15 Tuesday 13:07:09  random_test.py : INFO  === Evaluate Testcase === 
 def testcase(self):
    vehicle1 = NPC(lane_id=2, offset=31.4137939, initial_speed=39.63093819)
    vehicle2 = NPC(lane_id=4, offset=6.12165279, initial_speed=19.94608017)
    vehicle3 = NPC(lane_id=2, offset=11.858201, initial_speed=36.18880739)
    ego = NPC(lane_id=4, offset=32.37578677, initial_speed=37.25737408)
    vehicle2.changeLane(trigger_sequence=1, target_lane=3, target_speed=37.75426982)
    vehicle3.accelerate(trigger_sequence=1, target_speed=41.4944571)
    vehicle1.decelerate(trigger_sequence=2, target_speed=27.17617559)
    vehicle3.accelerate(trigger_sequence=2, target_speed=37.4936889)
    vehicle1.decelerate(trigger_sequence=3, target_speed=8.50116367)
    vehicle2.changeLane(trigger_sequence=3, target_lane=1, target_speed=22.38585277)
    vehicle3.decelerate(trigger_sequence=3, target_speed=13.23822241)
    vehicle3.decelerate(trigger_sequence=4, target_speed=6.07613429)
    vehicle1.changeLane(trigger_sequence=5, target_lane=1, target_speed=30.78174548)
    vehicle2.changeLane(trigger_sequence=5, target_lane=3, target_speed=25.19840161)
    vehicle3.accelerate(trigger_sequence=5, target_speed=46.5390456)

2025-07-15 Tuesday 13:07:09  random_test.py : INFO  === Evaluation Finished === 
 Fitness: [6.999811317922933, -0.0], Collision: False
2025-07-15 Tuesday 13:07:15  random_test.py : INFO  === Evaluate Testcase === 
 def testcase(self):
    ego = NPC(lane_id=4, offset=40.86230356, initial_speed=27.49893728)
    vehicle2 = NPC(lane_id=3, offset=34.53444026, initial_speed=6.9896566)
    vehicle3 = NPC(lane_id=5, offset=5.63265408, initial_speed=16.05480418)
    vehicle2.changeLane(trigger_sequence=3, target_lane=1, target_speed=5.91676829)
    vehicle3.decelerate(trigger_sequence=3, target_speed=22.71949328)
    vehicle2.changeLane(trigger_sequence=4, target_lane=1, target_speed=42.60636742)
    vehicle3.changeLane(trigger_sequence=4, target_lane=1, target_speed=46.99256917)
    vehicle2.decelerate(trigger_sequence=5, target_speed=20.01433544)
    vehicle3.decelerate(trigger_sequence=5, target_speed=3.1247853)

2025-07-15 Tuesday 13:07:15  random_test.py : INFO  === Evaluation Finished === 
 Fitness: [8.419294068335166, -0.0], Collision: False
2025-07-15 Tuesday 13:07:20  random_test.py : INFO  === Evaluate Testcase === 
 def testcase(self):
    vehicle1 = NPC(lane_id=5, offset=4.78712564, initial_speed=9.24300947)
    vehicle2 = NPC(lane_id=2, offset=27.17727509, initial_speed=14.98239279)
    ego = NPC(lane_id=3, offset=0.11376382, initial_speed=17.57791676)
    vehicle1.changeLane(trigger_sequence=1, target_lane=1, target_speed=57.44569404)
    vehicle1.decelerate(trigger_sequence=2, target_speed=8.92482035)
    vehicle2.accelerate(trigger_sequence=3, target_speed=37.43760645)
    vehicle1.changeLane(trigger_sequence=4, target_lane=1, target_speed=14.56382663)
    vehicle2.accelerate(trigger_sequence=4, target_speed=43.30924873)
    vehicle1.accelerate(trigger_sequence=5, target_speed=41.12672414)
    vehicle2.decelerate(trigger_sequence=5, target_speed=17.66449846)

2025-07-15 Tuesday 13:07:20  random_test.py : INFO  === Evaluation Finished === 
 Fitness: [3.502263709236123, -0.0], Collision: False
2025-07-15 Tuesday 13:07:27  random_test.py : INFO  === Evaluate Testcase === 
 def testcase(self):
    ego = NPC(lane_id=3, offset=46.72410771, initial_speed=15.40372165)
    vehicle2 = NPC(lane_id=4, offset=19.65343383, initial_speed=21.8304361)
    vehicle3 = NPC(lane_id=3, offset=29.74902257, initial_speed=14.11958778)
    vehicle4 = NPC(lane_id=5, offset=14.19746346, initial_speed=22.72247322)
    vehicle2.changeLane(trigger_sequence=1, target_lane=3, target_speed=45.15563859)
    vehicle3.changeLane(trigger_sequence=1, target_lane=3, target_speed=0.93707175)
    vehicle4.changeLane(trigger_sequence=1, target_lane=1, target_speed=36.29825978)
    vehicle3.changeLane(trigger_sequence=2, target_lane=1, target_speed=53.52995823)
    vehicle2.changeLane(trigger_sequence=3, target_lane=3, target_speed=19.84171966)
    vehicle2.decelerate(trigger_sequence=5, target_speed=21.06542125)
    vehicle3.changeLane(trigger_sequence=5, target_lane=3, target_speed=47.91096533)

2025-07-15 Tuesday 13:07:27  random_test.py : INFO  === Evaluation Finished === 
 Fitness: [17.65247970607686, -0.0], Collision: False
2025-07-15 Tuesday 13:07:32  random_test.py : INFO  === Evaluate Testcase === 
 def testcase(self):
    ego = NPC(lane_id=2, offset=22.67301591, initial_speed=31.02427358)
    vehicle2 = NPC(lane_id=1, offset=23.66545427, initial_speed=17.90038481)
    vehicle3 = NPC(lane_id=1, offset=42.63934947, initial_speed=5.566259)
    vehicle2.accelerate(trigger_sequence=1, target_speed=54.16105579)
    vehicle3.accelerate(trigger_sequence=1, target_speed=43.39722572)
    vehicle3.accelerate(trigger_sequence=2, target_speed=58.09665089)
    vehicle3.decelerate(trigger_sequence=3, target_speed=2.65461216)
    vehicle3.changeLane(trigger_sequence=4, target_lane=3, target_speed=42.9913705)
    vehicle2.decelerate(trigger_sequence=5, target_speed=17.44984415)

2025-07-15 Tuesday 13:07:32  random_test.py : INFO  === Evaluation Finished === 
 Fitness: [3.4991963854101336, -0.0], Collision: False
2025-07-15 Tuesday 13:07:37  random_test.py : INFO  === Evaluate Testcase === 
 def testcase(self):
    vehicle1 = NPC(lane_id=3, offset=10.67837901, initial_speed=7.86312747)
    ego = NPC(lane_id=1, offset=17.59870771, initial_speed=17.61157557)
    vehicle1.changeLane(trigger_sequence=1, target_lane=3, target_speed=46.68372247)
    vehicle1.changeLane(trigger_sequence=5, target_lane=1, target_speed=51.16599794)

2025-07-15 Tuesday 13:07:37  random_test.py : INFO  === Evaluation Finished === 
 Fitness: [10.298072559910223, -0.0], Collision: False
2025-07-15 Tuesday 13:07:41  random_test.py : INFO  === Evaluate Testcase === 
 def testcase(self):
    ego = NPC(lane_id=4, offset=2.82881557, initial_speed=25.41075588)
    vehicle2 = NPC(lane_id=4, offset=2.00834611, initial_speed=5.88270011)
    vehicle2.decelerate(trigger_sequence=3, target_speed=2.09002057)
    vehicle2.accelerate(trigger_sequence=4, target_speed=44.25502472)

2025-07-15 Tuesday 13:07:41  random_test.py : INFO  === Evaluation Finished === 
 Fitness: [inf, 0], Collision: False
2025-07-15 Tuesday 13:07:46  random_test.py : INFO  === Evaluate Testcase === 
 def testcase(self):
    vehicle1 = NPC(lane_id=5, offset=24.63594248, initial_speed=32.4947006)
    vehicle2 = NPC(lane_id=1, offset=39.71760264, initial_speed=34.27265905)
    ego = NPC(lane_id=4, offset=2.9851785, initial_speed=36.89079989)
    vehicle4 = NPC(lane_id=2, offset=33.02944071, initial_speed=15.64275944)
    vehicle2.accelerate(trigger_sequence=3, target_speed=48.10858393)
    vehicle4.changeLane(trigger_sequence=3, target_lane=1, target_speed=38.27315761)
    vehicle4.decelerate(trigger_sequence=4, target_speed=7.14198893)
    vehicle1.decelerate(trigger_sequence=5, target_speed=6.15618768)

2025-07-15 Tuesday 13:07:46  random_test.py : INFO  === Evaluation Finished === 
 Fitness: [3.500708737696612, -0.0], Collision: False
2025-07-15 Tuesday 13:07:52  random_test.py : INFO  === Evaluate Testcase === 
 def testcase(self):
    ego = NPC(lane_id=3, offset=30.63126622, initial_speed=19.78946712)
    vehicle2 = NPC(lane_id=2, offset=25.22485695, initial_speed=18.7479987)
    vehicle3 = NPC(lane_id=2, offset=38.64525795, initial_speed=7.0141137)
    vehicle4 = NPC(lane_id=2, offset=1.43698963, initial_speed=14.72269847)
    vehicle3.accelerate(trigger_sequence=1, target_speed=41.28234614)
    vehicle2.decelerate(trigger_sequence=2, target_speed=25.41550823)
    vehicle3.changeLane(trigger_sequence=2, target_lane=1, target_speed=25.5216585)
    vehicle4.accelerate(trigger_sequence=2, target_speed=32.24299197)
    vehicle3.changeLane(trigger_sequence=3, target_lane=1, target_speed=52.60242924)
    vehicle4.decelerate(trigger_sequence=3, target_speed=18.01808013)
    vehicle3.accelerate(trigger_sequence=4, target_speed=39.9148982)
    vehicle4.accelerate(trigger_sequence=5, target_speed=45.07516808)

2025-07-15 Tuesday 13:07:52  random_test.py : INFO  === Evaluation Finished === 
 Fitness: [3.502360091549484, -0.0058309037900874635], Collision: False
2025-07-15 Tuesday 13:07:57  random_test.py : INFO  === Evaluate Testcase === 
 def testcase(self):
    vehicle1 = NPC(lane_id=4, offset=34.15444766, initial_speed=25.81825781)
    ego = NPC(lane_id=3, offset=19.01951747, initial_speed=27.90695135)
    vehicle1.accelerate(trigger_sequence=1, target_speed=43.61641683)
    vehicle1.accelerate(trigger_sequence=3, target_speed=32.76204969)
    vehicle1.changeLane(trigger_sequence=4, target_lane=3, target_speed=31.18235652)

2025-07-15 Tuesday 13:07:57  random_test.py : INFO  === Evaluation Finished === 
 Fitness: [3.5004315698602975, -0.0], Collision: False
2025-07-15 Tuesday 13:08:03  random_test.py : INFO  === Evaluate Testcase === 
 def testcase(self):
    ego = NPC(lane_id=2, offset=19.22503075, initial_speed=33.06327569)
    vehicle2 = NPC(lane_id=1, offset=43.5290082, initial_speed=33.45536626)
    vehicle3 = NPC(lane_id=4, offset=34.31263125, initial_speed=39.49869823)
    vehicle2.accelerate(trigger_sequence=2, target_speed=45.32927532)
    vehicle2.decelerate(trigger_sequence=3, target_speed=20.38267415)
    vehicle3.changeLane(trigger_sequence=3, target_lane=3, target_speed=17.57483694)
    vehicle2.decelerate(trigger_sequence=5, target_speed=2.91233021)

2025-07-15 Tuesday 13:08:03  random_test.py : INFO  === Evaluation Finished === 
 Fitness: [3.502542471567602, -0.00546448087431694], Collision: False
2025-07-15 Tuesday 13:08:08  random_test.py : INFO  === Evaluate Testcase === 
 def testcase(self):
    ego = NPC(lane_id=4, offset=36.19701688, initial_speed=32.85078001)
    vehicle2 = NPC(lane_id=1, offset=46.45473342, initial_speed=30.77460012)
    vehicle2.accelerate(trigger_sequence=2, target_speed=50.12606539)

2025-07-15 Tuesday 13:08:08  random_test.py : INFO  === Evaluation Finished === 
 Fitness: [10.49978915808268, -0.0], Collision: False
2025-07-15 Tuesday 13:08:13  random_test.py : INFO  === Evaluate Testcase === 
 def testcase(self):
    ego = NPC(lane_id=2, offset=22.13081891, initial_speed=10.45098036)
    vehicle2 = NPC(lane_id=3, offset=32.52728807, initial_speed=17.05586464)
    vehicle2.decelerate(trigger_sequence=1, target_speed=4.8298225)
    vehicle2.accelerate(trigger_sequence=4, target_speed=32.3960951)

2025-07-15 Tuesday 13:08:13  random_test.py : INFO  === Evaluation Finished === 
 Fitness: [3.502680301961457, -0.0028735632183908046], Collision: False
2025-07-15 Tuesday 13:08:18  random_test.py : INFO  === Evaluate Testcase === 
 def testcase(self):
    vehicle1 = NPC(lane_id=2, offset=7.99006101, initial_speed=23.15902882)
    vehicle2 = NPC(lane_id=5, offset=22.97380089, initial_speed=1.03335155)
    ego = NPC(lane_id=3, offset=39.90113023, initial_speed=39.1044656)
    vehicle1.decelerate(trigger_sequence=1, target_speed=21.84995096)
    vehicle1.changeLane(trigger_sequence=3, target_lane=1, target_speed=1.65614337)
    vehicle2.changeLane(trigger_sequence=3, target_lane=1, target_speed=43.32415016)
    vehicle1.decelerate(trigger_sequence=4, target_speed=14.12827208)
    vehicle2.changeLane(trigger_sequence=4, target_lane=1, target_speed=40.83847001)
    vehicle2.accelerate(trigger_sequence=5, target_speed=41.2817749)

2025-07-15 Tuesday 13:08:18  random_test.py : INFO  === Evaluation Finished === 
 Fitness: [20.33126695056086, -0.0], Collision: False
2025-07-15 Tuesday 13:08:22  simulate.py : INFO  Rear-end collision with vehicle 4420 ignored
2025-07-15 Tuesday 13:08:24  random_test.py : INFO  === Evaluate Testcase === 
 def testcase(self):
    vehicle1 = NPC(lane_id=4, offset=27.00900862, initial_speed=37.5219083)
    vehicle2 = NPC(lane_id=3, offset=27.0060549, initial_speed=18.46525694)
    ego = NPC(lane_id=4, offset=37.80852723, initial_speed=15.62974991)
    vehicle1.accelerate(trigger_sequence=2, target_speed=43.69528386)
    vehicle2.changeLane(trigger_sequence=2, target_lane=3, target_speed=36.61446713)
    vehicle2.changeLane(trigger_sequence=3, target_lane=1, target_speed=24.46033273)
    vehicle2.decelerate(trigger_sequence=5, target_speed=5.66527208)

2025-07-15 Tuesday 13:08:24  random_test.py : INFO  === Evaluation Finished === 
 Fitness: [4.739133578628829, -0.005934718100890208], Collision: False
2025-07-15 Tuesday 13:08:30  random_test.py : INFO  === Evaluate Testcase === 
 def testcase(self):
    vehicle1 = NPC(lane_id=5, offset=2.43624658, initial_speed=38.70339167)
    vehicle2 = NPC(lane_id=1, offset=43.73809299, initial_speed=19.3634889)
    vehicle3 = NPC(lane_id=2, offset=19.24537251, initial_speed=11.66817999)
    ego = NPC(lane_id=1, offset=19.63255368, initial_speed=35.59364667)
    vehicle3.accelerate(trigger_sequence=1, target_speed=39.09428942)
    vehicle1.accelerate(trigger_sequence=2, target_speed=38.37705119)
    vehicle2.changeLane(trigger_sequence=3, target_lane=3, target_speed=29.23264608)
    vehicle3.decelerate(trigger_sequence=3, target_speed=26.60481511)
    vehicle1.changeLane(trigger_sequence=4, target_lane=3, target_speed=5.95817871)
    vehicle2.accelerate(trigger_sequence=4, target_speed=36.90758367)
    vehicle1.decelerate(trigger_sequence=5, target_speed=16.78148989)
    vehicle2.decelerate(trigger_sequence=5, target_speed=0.44733511)
    vehicle3.decelerate(trigger_sequence=5, target_speed=18.36884826)

2025-07-15 Tuesday 13:08:30  random_test.py : INFO  === Evaluation Finished === 
 Fitness: [3.500044114210567, -0.014462809917355372], Collision: False
2025-07-15 Tuesday 13:08:35  random_test.py : INFO  === Evaluate Testcase === 
 def testcase(self):
    ego = NPC(lane_id=4, offset=42.83721563, initial_speed=21.61042171)
    vehicle2 = NPC(lane_id=3, offset=33.03827475, initial_speed=12.16016962)
    vehicle2.decelerate(trigger_sequence=1, target_speed=16.08489455)
    vehicle2.decelerate(trigger_sequence=3, target_speed=19.50566562)
    vehicle2.changeLane(trigger_sequence=5, target_lane=3, target_speed=44.22557102)

2025-07-15 Tuesday 13:08:35  random_test.py : INFO  === Evaluation Finished === 
 Fitness: [11.09403522396164, -0.0], Collision: False
2025-07-15 Tuesday 13:08:41  random_test.py : INFO  === Evaluate Testcase === 
 def testcase(self):
    vehicle1 = NPC(lane_id=4, offset=11.08216501, initial_speed=16.7686097)
    vehicle2 = NPC(lane_id=4, offset=30.51591278, initial_speed=9.38336486)
    vehicle3 = NPC(lane_id=1, offset=32.09230356, initial_speed=32.87785706)
    ego = NPC(lane_id=2, offset=33.24357253, initial_speed=11.33181993)
    vehicle1.changeLane(trigger_sequence=1, target_lane=3, target_speed=22.46127276)
    vehicle3.accelerate(trigger_sequence=1, target_speed=34.37615279)
    vehicle1.decelerate(trigger_sequence=2, target_speed=25.4112377)
    vehicle2.changeLane(trigger_sequence=2, target_lane=3, target_speed=38.17577474)
    vehicle2.decelerate(trigger_sequence=3, target_speed=26.36228136)
    vehicle2.accelerate(trigger_sequence=4, target_speed=54.19276945)
    vehicle3.changeLane(trigger_sequence=4, target_lane=3, target_speed=6.20166327)
    vehicle1.decelerate(trigger_sequence=5, target_speed=22.38804253)

2025-07-15 Tuesday 13:08:41  random_test.py : INFO  === Evaluation Finished === 
 Fitness: [3.491522643214307, -0.0], Collision: False
2025-07-15 Tuesday 13:08:46  random_test.py : INFO  === Evaluate Testcase === 
 def testcase(self):
    ego = NPC(lane_id=2, offset=34.32540677, initial_speed=20.58303944)
    vehicle2 = NPC(lane_id=3, offset=0.86573025, initial_speed=34.57422978)
    vehicle3 = NPC(lane_id=3, offset=36.69045165, initial_speed=33.2490648)
    vehicle2.accelerate(trigger_sequence=2, target_speed=47.4264346)
    vehicle2.accelerate(trigger_sequence=3, target_speed=37.69194389)
    vehicle2.accelerate(trigger_sequence=4, target_speed=35.6013849)

2025-07-15 Tuesday 13:08:46  random_test.py : INFO  === Evaluation Finished === 
 Fitness: [3.500245826599988, -0.0], Collision: False
2025-07-15 Tuesday 13:08:52  random_test.py : INFO  === Evaluate Testcase === 
 def testcase(self):
    vehicle1 = NPC(lane_id=3, offset=48.46953603, initial_speed=20.7865611)
    ego = NPC(lane_id=4, offset=26.90297476, initial_speed=37.35978373)
    vehicle3 = NPC(lane_id=4, offset=22.34784192, initial_speed=8.19046734)
    vehicle4 = NPC(lane_id=3, offset=30.78912342, initial_speed=30.65595735)
    vehicle1.changeLane(trigger_sequence=1, target_lane=1, target_speed=31.80483565)
    vehicle1.decelerate(trigger_sequence=2, target_speed=12.95375976)
    vehicle4.accelerate(trigger_sequence=3, target_speed=31.43155102)
    vehicle3.accelerate(trigger_sequence=4, target_speed=54.08308348)
    vehicle4.changeLane(trigger_sequence=4, target_lane=1, target_speed=7.660403)
    vehicle1.accelerate(trigger_sequence=5, target_speed=48.14107962)
    vehicle3.accelerate(trigger_sequence=5, target_speed=32.59946164)
    vehicle4.decelerate(trigger_sequence=5, target_speed=4.55505582)

2025-07-15 Tuesday 13:08:52  random_test.py : INFO  === Evaluation Finished === 
 Fitness: [3.4993947056739003, -0.0], Collision: False
2025-07-15 Tuesday 13:08:57  random_test.py : INFO  === Evaluate Testcase === 
 def testcase(self):
    vehicle1 = NPC(lane_id=5, offset=49.73703744, initial_speed=13.63909184)
    ego = NPC(lane_id=3, offset=40.06310741, initial_speed=39.61010717)
    vehicle1.decelerate(trigger_sequence=1, target_speed=16.57124652)
    vehicle1.changeLane(trigger_sequence=2, target_lane=3, target_speed=22.58994035)
    vehicle1.changeLane(trigger_sequence=3, target_lane=3, target_speed=27.35362168)
    vehicle1.accelerate(trigger_sequence=4, target_speed=37.50294593)
    vehicle1.changeLane(trigger_sequence=5, target_lane=3, target_speed=18.86861073)

2025-07-15 Tuesday 13:08:57  random_test.py : INFO  === Evaluation Finished === 
 Fitness: [6.999447287379217, -0.0], Collision: False
2025-07-15 Tuesday 13:09:02  random_test.py : INFO  === Evaluate Testcase === 
 def testcase(self):
    ego = NPC(lane_id=3, offset=9.39171012, initial_speed=5.12017864)
    vehicle2 = NPC(lane_id=2, offset=29.44553268, initial_speed=22.17970652)
    vehicle2.accelerate(trigger_sequence=1, target_speed=44.1347161)
    vehicle2.decelerate(trigger_sequence=4, target_speed=10.15969206)

2025-07-15 Tuesday 13:09:02  random_test.py : INFO  === Evaluation Finished === 
 Fitness: [3.4998935817727617, -0.005649717514124294], Collision: False
2025-07-15 Tuesday 13:09:07  random_test.py : INFO  === Evaluate Testcase === 
 def testcase(self):
    ego = NPC(lane_id=3, offset=17.59481372, initial_speed=12.6202383)
    vehicle2 = NPC(lane_id=2, offset=26.14206494, initial_speed=27.8304018)
    vehicle2.changeLane(trigger_sequence=1, target_lane=3, target_speed=45.64029549)
    vehicle2.accelerate(trigger_sequence=3, target_speed=53.29016434)
    vehicle2.accelerate(trigger_sequence=4, target_speed=39.87035029)
    vehicle2.decelerate(trigger_sequence=5, target_speed=14.01169418)
# 1
2025-07-15 Tuesday 13:09:07  random_test.py : INFO  === Evaluation Finished === 
 Fitness: [0.2704902335077266, -0.0], Collision: True
2025-07-15 Tuesday 13:09:07  random_test.py : INFO  === Find a coollision ===
2025-07-15 Tuesday 13:09:13  random_test.py : INFO  === Evaluate Testcase === 
 def testcase(self):
    vehicle1 = NPC(lane_id=4, offset=29.69242096, initial_speed=19.24002853)
    vehicle2 = NPC(lane_id=2, offset=24.14987626, initial_speed=19.20145996)
    ego = NPC(lane_id=5, offset=13.92406392, initial_speed=35.58259155)
    vehicle2.decelerate(trigger_sequence=1, target_speed=5.61648991)
    vehicle1.changeLane(trigger_sequence=2, target_lane=3, target_speed=9.65496113)
    vehicle2.accelerate(trigger_sequence=3, target_speed=36.24171981)
    vehicle1.accelerate(trigger_sequence=5, target_speed=51.66531962)
    vehicle2.changeLane(trigger_sequence=5, target_lane=3, target_speed=53.39998245)

2025-07-15 Tuesday 13:09:13  random_test.py : INFO  === Evaluation Finished === 
 Fitness: [3.501434049050657, -0.0], Collision: False
2025-07-15 Tuesday 13:09:19  random_test.py : INFO  === Evaluate Testcase === 
 def testcase(self):
    vehicle1 = NPC(lane_id=4, offset=45.07516353, initial_speed=18.40592761)
    ego = NPC(lane_id=1, offset=40.35358469, initial_speed=3.44158998)
    vehicle3 = NPC(lane_id=5, offset=49.54618308, initial_speed=36.88275106)
    vehicle4 = NPC(lane_id=5, offset=38.73132906, initial_speed=4.24119205)
    vehicle1.decelerate(trigger_sequence=2, target_speed=0.04103457)
    vehicle3.changeLane(trigger_sequence=2, target_lane=1, target_speed=2.66646089)
    vehicle1.changeLane(trigger_sequence=3, target_lane=3, target_speed=21.51118636)
    vehicle4.decelerate(trigger_sequence=3, target_speed=14.57822423)
    vehicle1.changeLane(trigger_sequence=4, target_lane=1, target_speed=46.51377771)
    vehicle3.changeLane(trigger_sequence=4, target_lane=3, target_speed=35.4091923)
    vehicle4.accelerate(trigger_sequence=4, target_speed=57.5024924)

2025-07-15 Tuesday 13:09:19  random_test.py : INFO  === Evaluation Finished === 
 Fitness: [10.500166327661304, -0.0], Collision: False
2025-07-15 Tuesday 13:09:24  random_test.py : INFO  === Evaluate Testcase === 
 def testcase(self):
    ego = NPC(lane_id=2, offset=34.78648701, initial_speed=2.67076367)
    vehicle2 = NPC(lane_id=1, offset=44.50230854, initial_speed=19.01284808)
    vehicle2.decelerate(trigger_sequence=4, target_speed=1.71470023)
    vehicle2.decelerate(trigger_sequence=5, target_speed=6.67378809)

2025-07-15 Tuesday 13:09:24  random_test.py : INFO  === Evaluation Finished === 
 Fitness: [3.499757759438336, -0.0], Collision: False
2025-07-15 Tuesday 13:09:29  random_test.py : INFO  === Evaluate Testcase === 
 def testcase(self):
    vehicle1 = NPC(lane_id=3, offset=27.96075553, initial_speed=3.3352939)
    ego = NPC(lane_id=2, offset=1.61631253, initial_speed=33.63908438)
    vehicle1.accelerate(trigger_sequence=1, target_speed=49.15293612)
    vehicle1.decelerate(trigger_sequence=3, target_speed=12.97732799)
    vehicle1.changeLane(trigger_sequence=5, target_lane=1, target_speed=53.74739922)

2025-07-15 Tuesday 13:09:29  random_test.py : INFO  === Evaluation Finished === 
 Fitness: [3.5016868675452115, -0.0], Collision: False
2025-07-15 Tuesday 13:09:34  random_test.py : INFO  === Evaluate Testcase === 
 def testcase(self):
    vehicle1 = NPC(lane_id=2, offset=0.43903719, initial_speed=24.85881906)
    ego = NPC(lane_id=4, offset=23.51494938, initial_speed=36.44096568)
    vehicle3 = NPC(lane_id=4, offset=13.02015181, initial_speed=28.51163978)
    vehicle4 = NPC(lane_id=5, offset=36.33375122, initial_speed=19.92070111)
    vehicle1.changeLane(trigger_sequence=1, target_lane=1, target_speed=18.25367353)
    vehicle4.decelerate(trigger_sequence=1, target_speed=26.67350974)
    vehicle1.accelerate(trigger_sequence=2, target_speed=53.4736187)
    vehicle1.decelerate(trigger_sequence=3, target_speed=0.18685018)
    vehicle3.changeLane(trigger_sequence=4, target_lane=3, target_speed=24.00297861)
    vehicle3.accelerate(trigger_sequence=5, target_speed=58.48317866)
    vehicle4.changeLane(trigger_sequence=5, target_lane=3, target_speed=23.38569443)

2025-07-15 Tuesday 13:09:34  random_test.py : INFO  === Evaluation Finished === 
 Fitness: [3.499933447064377, -0.0], Collision: False
2025-07-15 Tuesday 13:09:40  random_test.py : INFO  === Evaluate Testcase === 
 def testcase(self):
    ego = NPC(lane_id=2, offset=39.65912712, initial_speed=8.83181402)
    vehicle2 = NPC(lane_id=4, offset=19.56088582, initial_speed=34.33798788)
    vehicle2.accelerate(trigger_sequence=2, target_speed=37.38906956)
    vehicle2.decelerate(trigger_sequence=3, target_speed=18.81022505)
    vehicle2.changeLane(trigger_sequence=4, target_lane=3, target_speed=44.26551621)
    vehicle2.changeLane(trigger_sequence=5, target_lane=1, target_speed=30.00788909)

2025-07-15 Tuesday 13:09:40  random_test.py : INFO  === Evaluation Finished === 
 Fitness: [13.902674104862596, -0.002857142857142857], Collision: False
2025-07-15 Tuesday 13:09:43  random_test.py : INFO  === Evaluate Testcase === 
 def testcase(self):
    ego = NPC(lane_id=2, offset=11.59186926, initial_speed=12.23271628)
    vehicle2 = NPC(lane_id=2, offset=8.17168578, initial_speed=25.75284108)
    vehicle2.decelerate(trigger_sequence=3, target_speed=20.08188214)

2025-07-15 Tuesday 13:09:43  random_test.py : INFO  === Evaluation Finished === 
 Fitness: [inf, 0], Collision: False
2025-07-15 Tuesday 13:09:49  random_test.py : INFO  === Evaluate Testcase === 
 def testcase(self):
    vehicle1 = NPC(lane_id=4, offset=33.27398101, initial_speed=37.88024802)
    ego = NPC(lane_id=3, offset=4.74002787, initial_speed=38.9323923)
    vehicle1.decelerate(trigger_sequence=2, target_speed=21.84217707)
    vehicle1.changeLane(trigger_sequence=4, target_lane=3, target_speed=28.98579944)
    vehicle1.changeLane(trigger_sequence=5, target_lane=1, target_speed=34.60588771)

2025-07-15 Tuesday 13:09:49  random_test.py : INFO  === Evaluation Finished === 
 Fitness: [4.717177619558289, -0.0], Collision: False
2025-07-15 Tuesday 13:09:54  random_test.py : INFO  === Evaluate Testcase === 
 def testcase(self):
    ego = NPC(lane_id=2, offset=37.5418137, initial_speed=9.51558987)
    vehicle2 = NPC(lane_id=4, offset=14.16905923, initial_speed=3.14608218)
    vehicle2.accelerate(trigger_sequence=1, target_speed=58.46698993)

2025-07-15 Tuesday 13:09:54  random_test.py : INFO  === Evaluation Finished === 
 Fitness: [24.739262376837072, -0.0028653295128939827], Collision: False
2025-07-15 Tuesday 13:09:59  random_test.py : INFO  === Evaluate Testcase === 
 def testcase(self):
    vehicle1 = NPC(lane_id=3, offset=44.08711863, initial_speed=2.33004912)
    ego = NPC(lane_id=2, offset=12.46681253, initial_speed=33.53190136)
    vehicle3 = NPC(lane_id=1, offset=10.11071692, initial_speed=24.08994474)
    vehicle3.accelerate(trigger_sequence=1, target_speed=51.67085394)
    vehicle1.accelerate(trigger_sequence=5, target_speed=59.89627836)

2025-07-15 Tuesday 13:09:59  random_test.py : INFO  === Evaluation Finished === 
 Fitness: [3.4997730997151235, -0.0], Collision: False
2025-07-15 Tuesday 13:10:05  random_test.py : INFO  === Evaluate Testcase === 
 def testcase(self):
    vehicle1 = NPC(lane_id=3, offset=41.47241572, initial_speed=28.96711533)
    vehicle2 = NPC(lane_id=4, offset=11.29054988, initial_speed=22.09689128)
    ego = NPC(lane_id=5, offset=17.81913689, initial_speed=35.04322064)
    vehicle2.accelerate(trigger_sequence=1, target_speed=36.52599704)
    vehicle1.changeLane(trigger_sequence=2, target_lane=1, target_speed=14.46668134)
    vehicle2.changeLane(trigger_sequence=2, target_lane=3, target_speed=53.53613918)
    vehicle2.changeLane(trigger_sequence=3, target_lane=1, target_speed=41.17943759)
    vehicle1.decelerate(trigger_sequence=5, target_speed=7.18333479)

2025-07-15 Tuesday 13:10:05  random_test.py : INFO  === Evaluation Finished === 
 Fitness: [6.999669748218133, -0.0], Collision: False
2025-07-15 Tuesday 13:10:10  random_test.py : INFO  === Evaluate Testcase === 
 def testcase(self):
    vehicle1 = NPC(lane_id=1, offset=30.61115859, initial_speed=34.67942174)
    ego = NPC(lane_id=5, offset=34.14465754, initial_speed=26.0996045)
    vehicle1.accelerate(trigger_sequence=2, target_speed=32.12306251)
    vehicle1.decelerate(trigger_sequence=4, target_speed=15.66398856)
    vehicle1.changeLane(trigger_sequence=5, target_lane=3, target_speed=34.88002706)

2025-07-15 Tuesday 13:10:10  random_test.py : INFO  === Evaluation Finished === 
 Fitness: [14.093873056836784, -0.0], Collision: False
2025-07-15 Tuesday 13:10:15  random_test.py : INFO  === Evaluate Testcase === 
 def testcase(self):
    vehicle1 = NPC(lane_id=1, offset=35.50502001, initial_speed=36.45534198)
    ego = NPC(lane_id=5, offset=13.27867023, initial_speed=12.06906472)
    vehicle1.accelerate(trigger_sequence=1, target_speed=48.80725703)
    vehicle1.changeLane(trigger_sequence=4, target_lane=1, target_speed=52.75056651)
    vehicle1.changeLane(trigger_sequence=5, target_lane=1, target_speed=4.44669566)

2025-07-15 Tuesday 13:10:15  random_test.py : INFO  === Evaluation Finished === 
 Fitness: [26.266137342538116, -0.0], Collision: False
2025-07-15 Tuesday 13:10:19  random_test.py : INFO  === Evaluate Testcase === 
 def testcase(self):
    vehicle1 = NPC(lane_id=3, offset=5.70240958, initial_speed=30.35291513)
    ego = NPC(lane_id=3, offset=8.28906857, initial_speed=38.56421357)
    vehicle3 = NPC(lane_id=5, offset=22.35609325, initial_speed=20.90903438)
    vehicle1.decelerate(trigger_sequence=2, target_speed=4.20494602)
    vehicle3.changeLane(trigger_sequence=2, target_lane=3, target_speed=22.15816754)
    vehicle1.changeLane(trigger_sequence=3, target_lane=1, target_speed=21.77228324)
    vehicle3.decelerate(trigger_sequence=4, target_speed=20.11597518)
    vehicle1.changeLane(trigger_sequence=5, target_lane=1, target_speed=35.76713679)

2025-07-15 Tuesday 13:10:19  random_test.py : INFO  === Evaluation Finished === 
 Fitness: [inf, 0], Collision: False
2025-07-15 Tuesday 13:10:25  random_test.py : INFO  === Evaluate Testcase === 
 def testcase(self):
    vehicle1 = NPC(lane_id=3, offset=11.85795779, initial_speed=25.27184807)
    ego = NPC(lane_id=1, offset=12.27428111, initial_speed=23.1930828)
    vehicle3 = NPC(lane_id=1, offset=31.045383, initial_speed=3.96280143)
    vehicle4 = NPC(lane_id=4, offset=10.61197998, initial_speed=30.70653154)
    vehicle3.accelerate(trigger_sequence=1, target_speed=49.78490067)
    vehicle1.decelerate(trigger_sequence=2, target_speed=2.75859786)
    vehicle3.decelerate(trigger_sequence=2, target_speed=16.11334526)
    vehicle4.changeLane(trigger_sequence=2, target_lane=3, target_speed=59.51103414)
    vehicle3.changeLane(trigger_sequence=3, target_lane=3, target_speed=55.54556686)
    vehicle3.decelerate(trigger_sequence=4, target_speed=20.8281119)
    vehicle1.accelerate(trigger_sequence=5, target_speed=39.92623269)
    vehicle3.changeLane(trigger_sequence=5, target_lane=1, target_speed=5.20407865)

2025-07-15 Tuesday 13:10:25  random_test.py : INFO  === Evaluation Finished === 
 Fitness: [7.003002155085531, -0.010657193605683837], Collision: False
2025-07-15 Tuesday 13:10:31  random_test.py : INFO  === Evaluate Testcase === 
 def testcase(self):
    ego = NPC(lane_id=2, offset=14.70456439, initial_speed=12.72880596)
    vehicle2 = NPC(lane_id=3, offset=26.57324958, initial_speed=20.75374077)
    vehicle3 = NPC(lane_id=4, offset=41.87146267, initial_speed=15.10006503)
    vehicle2.accelerate(trigger_sequence=1, target_speed=55.3427105)
    vehicle3.accelerate(trigger_sequence=1, target_speed=53.5189302)
    vehicle3.changeLane(trigger_sequence=2, target_lane=3, target_speed=46.1080302)
    vehicle2.accelerate(trigger_sequence=3, target_speed=48.32757331)

2025-07-15 Tuesday 13:10:31  random_test.py : INFO  === Evaluation Finished === 
 Fitness: [3.5001983903333667, -0.0], Collision: False
2025-07-15 Tuesday 13:10:36  random_test.py : INFO  === Evaluate Testcase === 
 def testcase(self):
    vehicle1 = NPC(lane_id=3, offset=23.17249043, initial_speed=19.78028796)
    ego = NPC(lane_id=2, offset=39.62014861, initial_speed=27.05623997)
    vehicle1.decelerate(trigger_sequence=1, target_speed=21.16348481)
    vehicle1.changeLane(trigger_sequence=2, target_lane=3, target_speed=33.00885019)
    vehicle1.changeLane(trigger_sequence=3, target_lane=1, target_speed=41.49886922)
    vehicle1.accelerate(trigger_sequence=4, target_speed=57.82574704)
    vehicle1.accelerate(trigger_sequence=5, target_speed=31.77741363)

2025-07-15 Tuesday 13:10:36  random_test.py : INFO  === Evaluation Finished === 
 Fitness: [17.652459983009134, -0.0], Collision: False
2025-07-15 Tuesday 13:10:41  random_test.py : INFO  === Evaluate Testcase === 
 def testcase(self):
    ego = NPC(lane_id=2, offset=12.36130408, initial_speed=8.81560095)
    vehicle2 = NPC(lane_id=2, offset=3.12655166, initial_speed=11.98995074)
    vehicle3 = NPC(lane_id=4, offset=8.98208235, initial_speed=18.50586891)
    vehicle3.changeLane(trigger_sequence=1, target_lane=1, target_speed=26.05621179)
    vehicle2.changeLane(trigger_sequence=2, target_lane=3, target_speed=33.5687829)
    vehicle3.accelerate(trigger_sequence=2, target_speed=38.96539228)
    vehicle2.decelerate(trigger_sequence=5, target_speed=20.73643057)
    vehicle3.decelerate(trigger_sequence=5, target_speed=29.77209352)

2025-07-15 Tuesday 13:10:41  random_test.py : INFO  === Evaluation Finished === 
 Fitness: [7.26742364327234, -0.0], Collision: False
2025-07-15 Tuesday 13:10:47  random_test.py : INFO  === Evaluate Testcase === 
 def testcase(self):
    vehicle1 = NPC(lane_id=3, offset=13.22462376, initial_speed=30.89174361)
    ego = NPC(lane_id=5, offset=15.20897255, initial_speed=3.16990237)
    vehicle1.changeLane(trigger_sequence=3, target_lane=3, target_speed=40.09911768)
    vehicle1.changeLane(trigger_sequence=4, target_lane=3, target_speed=11.67044132)

2025-07-15 Tuesday 13:10:47  random_test.py : INFO  === Evaluation Finished === 
 Fitness: [6.992454967564424, -0.0], Collision: False
2025-07-15 Tuesday 13:10:52  random_test.py : INFO  === Evaluate Testcase === 
 def testcase(self):
    vehicle1 = NPC(lane_id=5, offset=40.67806713, initial_speed=34.20773134)
    ego = NPC(lane_id=1, offset=41.21889109, initial_speed=1.7344558)
    vehicle3 = NPC(lane_id=1, offset=28.87502342, initial_speed=27.18753686)
    vehicle3.decelerate(trigger_sequence=2, target_speed=13.99855853)
    vehicle3.changeLane(trigger_sequence=3, target_lane=1, target_speed=47.68354383)
    vehicle1.decelerate(trigger_sequence=4, target_speed=5.59026191)
    vehicle3.decelerate(trigger_sequence=5, target_speed=25.40053118)

2025-07-15 Tuesday 13:10:52  random_test.py : INFO  === Evaluation Finished === 
 Fitness: [5.092325134132533, -0.0], Collision: False
2025-07-15 Tuesday 13:10:57  random_test.py : INFO  === Evaluate Testcase === 
 def testcase(self):
    ego = NPC(lane_id=4, offset=35.10361988, initial_speed=4.17021547)
    vehicle2 = NPC(lane_id=2, offset=12.59930634, initial_speed=19.55378048)
    vehicle2.accelerate(trigger_sequence=1, target_speed=41.47398658)
    vehicle2.changeLane(trigger_sequence=3, target_lane=1, target_speed=14.79763597)
    vehicle2.accelerate(trigger_sequence=4, target_speed=41.75075895)

2025-07-15 Tuesday 13:10:57  random_test.py : INFO  === Evaluation Finished === 
 Fitness: [20.614384612359853, -0.0], Collision: False
2025-07-15 Tuesday 13:11:03  random_test.py : INFO  === Evaluate Testcase === 
 def testcase(self):
    ego = NPC(lane_id=5, offset=13.09169176, initial_speed=11.42726312)
    vehicle2 = NPC(lane_id=4, offset=21.44741374, initial_speed=21.36739691)
    vehicle3 = NPC(lane_id=3, offset=18.05827664, initial_speed=1.02440943)
    vehicle2.changeLane(trigger_sequence=1, target_lane=1, target_speed=55.38263266)
    vehicle3.decelerate(trigger_sequence=1, target_speed=11.57563551)
    vehicle2.accelerate(trigger_sequence=3, target_speed=56.27197237)
    vehicle3.decelerate(trigger_sequence=3, target_speed=4.85888297)
    vehicle2.changeLane(trigger_sequence=4, target_lane=3, target_speed=33.11623285)
    vehicle2.accelerate(trigger_sequence=5, target_speed=43.03821528)

2025-07-15 Tuesday 13:11:03  random_test.py : INFO  === Evaluation Finished === 
 Fitness: [3.5000051196760174, -0.0], Collision: False
2025-07-15 Tuesday 13:11:08  random_test.py : INFO  === Evaluate Testcase === 
 def testcase(self):
    ego = NPC(lane_id=3, offset=29.38637149, initial_speed=11.99002408)
    vehicle2 = NPC(lane_id=4, offset=8.51417857, initial_speed=26.78683408)
    vehicle3 = NPC(lane_id=1, offset=45.21766114, initial_speed=35.9675575)
    vehicle2.accelerate(trigger_sequence=1, target_speed=35.53526759)
    vehicle3.changeLane(trigger_sequence=1, target_lane=1, target_speed=5.98466086)
    vehicle2.changeLane(trigger_sequence=2, target_lane=3, target_speed=44.66307591)
    vehicle3.decelerate(trigger_sequence=3, target_speed=18.35965732)
    vehicle2.decelerate(trigger_sequence=4, target_speed=7.56731282)

2025-07-15 Tuesday 13:11:08  random_test.py : INFO  === Evaluation Finished === 
 Fitness: [12.023934615427248, -0.002881844380403458], Collision: False
2025-07-15 Tuesday 13:11:13  random_test.py : INFO  === Evaluate Testcase === 
 def testcase(self):
    vehicle1 = NPC(lane_id=1, offset=5.63276105, initial_speed=34.41076557)
    ego = NPC(lane_id=5, offset=12.78242678, initial_speed=0.99843961)
    vehicle1.accelerate(trigger_sequence=2, target_speed=37.1431519)
    vehicle1.decelerate(trigger_sequence=3, target_speed=15.96774736)
    vehicle1.accelerate(trigger_sequence=4, target_speed=54.92877518)

2025-07-15 Tuesday 13:11:13  random_test.py : INFO  === Evaluation Finished === 
 Fitness: [13.991713257618077, -0.0], Collision: False
2025-07-15 Tuesday 13:11:18  random_test.py : INFO  === Evaluate Testcase === 
 def testcase(self):
    vehicle1 = NPC(lane_id=1, offset=18.3788678, initial_speed=6.03650593)
    ego = NPC(lane_id=4, offset=38.28659843, initial_speed=37.80116315)
    vehicle1.accelerate(trigger_sequence=2, target_speed=50.03364204)
    vehicle1.accelerate(trigger_sequence=4, target_speed=54.09809578)

2025-07-15 Tuesday 13:11:18  random_test.py : INFO  === Evaluation Finished === 
 Fitness: [23.83222087123446, -0.0], Collision: False
2025-07-15 Tuesday 13:11:23  random_test.py : INFO  === Evaluate Testcase === 
 def testcase(self):
    vehicle1 = NPC(lane_id=2, offset=31.64034504, initial_speed=24.81033022)
    ego = NPC(lane_id=1, offset=46.67901174, initial_speed=13.24356046)
    vehicle1.decelerate(trigger_sequence=1, target_speed=16.38683936)
    vehicle1.decelerate(trigger_sequence=4, target_speed=14.10230397)

2025-07-15 Tuesday 13:11:23  random_test.py : INFO  === Evaluation Finished === 
 Fitness: [13.276531518047252, -0.0], Collision: False
2025-07-15 Tuesday 13:11:29  random_test.py : INFO  === Evaluate Testcase === 
 def testcase(self):
    ego = NPC(lane_id=5, offset=37.90155214, initial_speed=8.00066803)
    vehicle2 = NPC(lane_id=3, offset=26.15818868, initial_speed=31.76673809)
    vehicle3 = NPC(lane_id=3, offset=16.09524928, initial_speed=2.00468767)
    vehicle2.accelerate(trigger_sequence=1, target_speed=51.1017114)
    vehicle3.decelerate(trigger_sequence=1, target_speed=16.1827103)
    vehicle2.changeLane(trigger_sequence=2, target_lane=1, target_speed=13.80951991)
    vehicle3.decelerate(trigger_sequence=3, target_speed=27.15264144)
    vehicle2.accelerate(trigger_sequence=4, target_speed=45.20832466)
    vehicle3.accelerate(trigger_sequence=4, target_speed=32.71866751)
    vehicle2.changeLane(trigger_sequence=5, target_lane=3, target_speed=31.1478068)
    vehicle3.changeLane(trigger_sequence=5, target_lane=1, target_speed=5.36681102)

2025-07-15 Tuesday 13:11:29  random_test.py : INFO  === Evaluation Finished === 
 Fitness: [7.07714620514244, -0.0], Collision: False
2025-07-15 Tuesday 13:11:34  random_test.py : INFO  === Evaluate Testcase === 
 def testcase(self):
    vehicle1 = NPC(lane_id=3, offset=25.38045146, initial_speed=19.96122615)
    ego = NPC(lane_id=5, offset=40.78123246, initial_speed=5.12373904)
    vehicle3 = NPC(lane_id=2, offset=4.91025576, initial_speed=21.39373851)
    vehicle1.decelerate(trigger_sequence=1, target_speed=11.45476855)
    vehicle3.decelerate(trigger_sequence=2, target_speed=16.5586122)
    vehicle1.decelerate(trigger_sequence=4, target_speed=16.48597181)
    vehicle3.changeLane(trigger_sequence=4, target_lane=3, target_speed=14.80689516)
    vehicle3.changeLane(trigger_sequence=5, target_lane=1, target_speed=46.53637872)

2025-07-15 Tuesday 13:11:34  random_test.py : INFO  === Evaluation Finished === 
 Fitness: [14.099256387977952, -0.0], Collision: False
2025-07-15 Tuesday 13:11:38  random_test.py : INFO  === Evaluate Testcase === 
 def testcase(self):
    ego = NPC(lane_id=2, offset=38.12276664, initial_speed=26.49888761)
    vehicle2 = NPC(lane_id=2, offset=35.40413762, initial_speed=7.35817164)
    vehicle2.changeLane(trigger_sequence=1, target_lane=3, target_speed=7.69443556)
    vehicle2.changeLane(trigger_sequence=2, target_lane=1, target_speed=12.32175814)
    vehicle2.changeLane(trigger_sequence=4, target_lane=1, target_speed=45.92352016)

2025-07-15 Tuesday 13:11:38  random_test.py : INFO  === Evaluation Finished === 
 Fitness: [inf, 0], Collision: False
2025-07-15 Tuesday 13:11:43  random_test.py : INFO  === Evaluate Testcase === 
 def testcase(self):
    ego = NPC(lane_id=4, offset=24.69250533, initial_speed=22.88731797)
    vehicle2 = NPC(lane_id=3, offset=6.27691097, initial_speed=31.36862807)

2025-07-15 Tuesday 13:11:43  random_test.py : INFO  === Evaluation Finished === 
 Fitness: [16.92125648870289, -0.9528023598820059], Collision: False
2025-07-15 Tuesday 13:11:49  random_test.py : INFO  === Evaluate Testcase === 
 def testcase(self):
    vehicle1 = NPC(lane_id=3, offset=0.55276659, initial_speed=0.64621299)
    ego = NPC(lane_id=1, offset=18.83744523, initial_speed=9.95111092)
    vehicle3 = NPC(lane_id=1, offset=39.10474095, initial_speed=5.27554983)
    vehicle1.decelerate(trigger_sequence=2, target_speed=13.51935004)
    vehicle1.accelerate(trigger_sequence=3, target_speed=52.41554235)
    vehicle1.changeLane(trigger_sequence=4, target_lane=3, target_speed=3.36768288)
    vehicle3.changeLane(trigger_sequence=4, target_lane=1, target_speed=47.23725498)

2025-07-15 Tuesday 13:11:49  random_test.py : INFO  === Evaluation Finished === 
 Fitness: [6.985749474975011, -0.0016666666666666668], Collision: False
2025-07-15 Tuesday 13:11:55  random_test.py : INFO  === Evaluate Testcase === 
 def testcase(self):
    vehicle1 = NPC(lane_id=3, offset=45.71330698, initial_speed=5.010559)
    vehicle2 = NPC(lane_id=3, offset=0.43214149, initial_speed=31.29079266)
    vehicle3 = NPC(lane_id=5, offset=29.30945951, initial_speed=8.41933322)
    ego = NPC(lane_id=4, offset=8.10999145, initial_speed=27.42222298)
    vehicle1.changeLane(trigger_sequence=1, target_lane=3, target_speed=38.44246273)
    vehicle3.changeLane(trigger_sequence=1, target_lane=3, target_speed=4.61955594)
    vehicle1.changeLane(trigger_sequence=2, target_lane=1, target_speed=31.58509886)
    vehicle2.decelerate(trigger_sequence=2, target_speed=22.07696034)
    vehicle3.accelerate(trigger_sequence=3, target_speed=54.62077265)
    vehicle1.accelerate(trigger_sequence=4, target_speed=47.14848737)
    vehicle2.decelerate(trigger_sequence=4, target_speed=2.22929298)
    vehicle3.decelerate(trigger_sequence=4, target_speed=18.54959192)
    vehicle1.accelerate(trigger_sequence=5, target_speed=55.59676663)
    vehicle2.changeLane(trigger_sequence=5, target_lane=3, target_speed=14.91730982)

2025-07-15 Tuesday 13:11:55  random_test.py : INFO  === Evaluation Finished === 
 Fitness: [3.502064259969548, -0.0], Collision: False
2025-07-15 Tuesday 13:12:01  random_test.py : INFO  === Evaluate Testcase === 
 def testcase(self):
    ego = NPC(lane_id=4, offset=10.7846411, initial_speed=23.62338097)
    vehicle2 = NPC(lane_id=1, offset=12.89785416, initial_speed=31.82626687)
    vehicle3 = NPC(lane_id=3, offset=42.53812784, initial_speed=15.5981645)
    vehicle2.decelerate(trigger_sequence=1, target_speed=24.46725857)
    vehicle3.changeLane(trigger_sequence=1, target_lane=1, target_speed=18.48807849)
    vehicle2.changeLane(trigger_sequence=2, target_lane=3, target_speed=28.22040801)
    vehicle2.accelerate(trigger_sequence=3, target_speed=48.71749748)
    vehicle2.changeLane(trigger_sequence=5, target_lane=3, target_speed=22.05627284)
    vehicle3.decelerate(trigger_sequence=5, target_speed=1.6641929)

2025-07-15 Tuesday 13:12:01  random_test.py : INFO  === Evaluation Finished === 
 Fitness: [3.5011424607243984, -0.0], Collision: False
2025-07-15 Tuesday 13:12:06  random_test.py : INFO  === Evaluate Testcase === 
 def testcase(self):
    ego = NPC(lane_id=4, offset=46.45200716, initial_speed=13.18212302)
    vehicle2 = NPC(lane_id=1, offset=2.46253175, initial_speed=26.61828382)
    vehicle2.accelerate(trigger_sequence=1, target_speed=35.71811224)
    vehicle2.accelerate(trigger_sequence=2, target_speed=36.43678413)
    vehicle2.changeLane(trigger_sequence=4, target_lane=3, target_speed=12.47274764)
    vehicle2.decelerate(trigger_sequence=5, target_speed=17.45896577)

2025-07-15 Tuesday 13:12:06  random_test.py : INFO  === Evaluation Finished === 
 Fitness: [42.430896187325295, -0.0], Collision: False
2025-07-15 Tuesday 13:12:11  random_test.py : INFO  === Evaluate Testcase === 
 def testcase(self):
    vehicle1 = NPC(lane_id=5, offset=0.76573247, initial_speed=31.18635508)
    ego = NPC(lane_id=5, offset=38.15942163, initial_speed=10.72840465)
    vehicle3 = NPC(lane_id=3, offset=48.36835094, initial_speed=4.93838333)
    vehicle3.decelerate(trigger_sequence=2, target_speed=7.60704012)
    vehicle1.accelerate(trigger_sequence=3, target_speed=46.922392)
    vehicle3.decelerate(trigger_sequence=3, target_speed=23.63149696)
    vehicle1.accelerate(trigger_sequence=4, target_speed=42.48587364)
    vehicle1.accelerate(trigger_sequence=5, target_speed=54.01114829)
    vehicle3.decelerate(trigger_sequence=5, target_speed=16.63264178)

2025-07-15 Tuesday 13:12:11  random_test.py : INFO  === Evaluation Finished === 
 Fitness: [7.0009981057463415, -0.0], Collision: False
2025-07-15 Tuesday 13:12:17  random_test.py : INFO  === Evaluate Testcase === 
 def testcase(self):
    vehicle1 = NPC(lane_id=4, offset=25.08255804, initial_speed=25.87409709)
    vehicle2 = NPC(lane_id=1, offset=35.7831883, initial_speed=13.70397114)
    ego = NPC(lane_id=3, offset=15.17197102, initial_speed=31.64150651)
    vehicle1.changeLane(trigger_sequence=1, target_lane=3, target_speed=15.21292937)
    vehicle2.decelerate(trigger_sequence=1, target_speed=6.69940087)
    vehicle1.accelerate(trigger_sequence=2, target_speed=38.9731318)
    vehicle1.changeLane(trigger_sequence=3, target_lane=1, target_speed=50.5687635)
    vehicle2.decelerate(trigger_sequence=3, target_speed=17.34863292)
    vehicle1.decelerate(trigger_sequence=4, target_speed=22.8156831)
    vehicle2.accelerate(trigger_sequence=4, target_speed=48.32626101)

2025-07-15 Tuesday 13:12:17  random_test.py : INFO  === Evaluation Finished === 
 Fitness: [3.500487842558457, -0.0], Collision: False
2025-07-15 Tuesday 13:12:22  random_test.py : INFO  === Evaluate Testcase === 
 def testcase(self):
    vehicle1 = NPC(lane_id=5, offset=10.70586878, initial_speed=31.86816121)
    vehicle2 = NPC(lane_id=3, offset=26.2029714, initial_speed=30.92049728)
    ego = NPC(lane_id=1, offset=21.98384216, initial_speed=8.40943178)
    vehicle1.changeLane(trigger_sequence=2, target_lane=3, target_speed=23.83646171)
    vehicle2.changeLane(trigger_sequence=2, target_lane=3, target_speed=8.97913644)
    vehicle1.decelerate(trigger_sequence=3, target_speed=24.45732604)
    vehicle1.decelerate(trigger_sequence=5, target_speed=1.8333676)

2025-07-15 Tuesday 13:12:22  random_test.py : INFO  === Evaluation Finished === 
 Fitness: [7.000353042197288, -0.0], Collision: False
2025-07-15 Tuesday 13:12:27  random_test.py : INFO  === Evaluate Testcase === 
 def testcase(self):
    ego = NPC(lane_id=3, offset=21.59168848, initial_speed=38.58333267)
    vehicle2 = NPC(lane_id=4, offset=23.88015793, initial_speed=25.51624868)
    vehicle2.decelerate(trigger_sequence=3, target_speed=29.87529094)
    vehicle2.changeLane(trigger_sequence=5, target_lane=1, target_speed=0.31251929)

2025-07-15 Tuesday 13:12:27  random_test.py : INFO  === Evaluation Finished === 
 Fitness: [3.5077807246730526, -0.0], Collision: False
2025-07-15 Tuesday 13:12:33  random_test.py : INFO  === Evaluate Testcase === 
 def testcase(self):
    vehicle1 = NPC(lane_id=3, offset=16.35522057, initial_speed=8.40440325)
    vehicle2 = NPC(lane_id=2, offset=9.96509343, initial_speed=28.04127717)
    ego = NPC(lane_id=4, offset=27.67194581, initial_speed=21.47236212)
    vehicle1.accelerate(trigger_sequence=1, target_speed=33.58305328)
    vehicle1.decelerate(trigger_sequence=4, target_speed=20.22749961)
    vehicle2.changeLane(trigger_sequence=4, target_lane=3, target_speed=35.82789714)
    vehicle1.decelerate(trigger_sequence=5, target_speed=6.21149447)

2025-07-15 Tuesday 13:12:33  random_test.py : INFO  === Evaluation Finished === 
 Fitness: [12.762829578633141, -0.0], Collision: False
2025-07-15 Tuesday 13:12:38  random_test.py : INFO  === Evaluate Testcase === 
 def testcase(self):
    ego = NPC(lane_id=4, offset=24.16751154, initial_speed=32.92234466)
    vehicle2 = NPC(lane_id=1, offset=22.13106678, initial_speed=16.46443772)
    vehicle3 = NPC(lane_id=4, offset=8.01691444, initial_speed=11.85499881)
    vehicle4 = NPC(lane_id=1, offset=48.45202481, initial_speed=31.38097543)
    vehicle3.accelerate(trigger_sequence=1, target_speed=44.11171893)
    vehicle4.changeLane(trigger_sequence=1, target_lane=1, target_speed=34.63458387)
    vehicle2.changeLane(trigger_sequence=2, target_lane=1, target_speed=50.61970796)
    vehicle4.decelerate(trigger_sequence=2, target_speed=6.44057493)
    vehicle3.changeLane(trigger_sequence=3, target_lane=1, target_speed=48.55121574)
    vehicle2.accelerate(trigger_sequence=4, target_speed=52.60253234)
    vehicle3.accelerate(trigger_sequence=4, target_speed=43.92031592)
    vehicle4.accelerate(trigger_sequence=4, target_speed=58.46083052)
    vehicle4.changeLane(trigger_sequence=5, target_lane=1, target_speed=4.82589247)

2025-07-15 Tuesday 13:12:38  random_test.py : INFO  === Evaluation Finished === 
 Fitness: [10.499680434690582, -0.0], Collision: False
2025-07-15 Tuesday 13:12:42  random_test.py : INFO  === Evaluate Testcase === 
 def testcase(self):
    vehicle1 = NPC(lane_id=5, offset=10.59759923, initial_speed=36.10971457)
    vehicle2 = NPC(lane_id=3, offset=21.0979163, initial_speed=39.10525638)
    ego = NPC(lane_id=3, offset=23.23201821, initial_speed=12.48907136)
    vehicle1.changeLane(trigger_sequence=1, target_lane=3, target_speed=30.70509418)
    vehicle2.changeLane(trigger_sequence=1, target_lane=1, target_speed=56.30167118)
    vehicle1.changeLane(trigger_sequence=3, target_lane=1, target_speed=6.53324896)
    vehicle2.changeLane(trigger_sequence=3, target_lane=3, target_speed=31.04641902)
    vehicle1.accelerate(trigger_sequence=4, target_speed=43.06064431)
    vehicle2.accelerate(trigger_sequence=4, target_speed=31.27258777)

2025-07-15 Tuesday 13:12:42  random_test.py : INFO  === Evaluation Finished === 
 Fitness: [inf, 0], Collision: False
2025-07-15 Tuesday 13:12:48  random_test.py : INFO  === Evaluate Testcase === 
 def testcase(self):
    vehicle1 = NPC(lane_id=4, offset=48.43855378, initial_speed=23.55076691)
    ego = NPC(lane_id=5, offset=43.58194427, initial_speed=7.93819669)
    vehicle3 = NPC(lane_id=3, offset=2.95561436, initial_speed=39.7365869)
    vehicle4 = NPC(lane_id=3, offset=19.31539373, initial_speed=29.54950416)
    vehicle1.accelerate(trigger_sequence=1, target_speed=43.90965785)
    vehicle4.changeLane(trigger_sequence=1, target_lane=1, target_speed=6.86728325)
    vehicle1.changeLane(trigger_sequence=2, target_lane=1, target_speed=16.61828772)
    vehicle3.changeLane(trigger_sequence=2, target_lane=3, target_speed=14.90081323)
    vehicle4.decelerate(trigger_sequence=2, target_speed=7.55985485)
    vehicle1.decelerate(trigger_sequence=3, target_speed=14.03310148)
    vehicle3.accelerate(trigger_sequence=3, target_speed=43.46393543)
    vehicle4.accelerate(trigger_sequence=3, target_speed=33.53922401)
    vehicle1.changeLane(trigger_sequence=4, target_lane=1, target_speed=4.34874714)
    vehicle3.decelerate(trigger_sequence=4, target_speed=11.15158824)
    vehicle4.accelerate(trigger_sequence=5, target_speed=51.48078951)

2025-07-15 Tuesday 13:12:48  random_test.py : INFO  === Evaluation Finished === 
 Fitness: [3.5009279216130036, -0.0], Collision: False
2025-07-15 Tuesday 13:12:53  random_test.py : INFO  === Evaluate Testcase === 
 def testcase(self):
    ego = NPC(lane_id=5, offset=2.45847935, initial_speed=0.06565913)
    vehicle2 = NPC(lane_id=3, offset=24.97542625, initial_speed=14.60454074)
    vehicle2.accelerate(trigger_sequence=2, target_speed=49.81657444)

2025-07-15 Tuesday 13:12:53  random_test.py : INFO  === Evaluation Finished === 
 Fitness: [6.999800492993543, -0.0], Collision: False
2025-07-15 Tuesday 13:12:59  random_test.py : INFO  === Evaluate Testcase === 
 def testcase(self):
    vehicle1 = NPC(lane_id=2, offset=43.91657847, initial_speed=13.8769078)
    ego = NPC(lane_id=5, offset=32.91837415, initial_speed=23.87148383)
    vehicle3 = NPC(lane_id=2, offset=49.56169155, initial_speed=4.51122804)
    vehicle3.changeLane(trigger_sequence=1, target_lane=1, target_speed=25.0754325)
    vehicle3.accelerate(trigger_sequence=3, target_speed=53.91360935)
    vehicle1.changeLane(trigger_sequence=4, target_lane=3, target_speed=23.97586931)
    vehicle3.accelerate(trigger_sequence=4, target_speed=35.14071948)
    vehicle1.changeLane(trigger_sequence=5, target_lane=1, target_speed=59.9682613)

2025-07-15 Tuesday 13:12:59  random_test.py : INFO  === Evaluation Finished === 
 Fitness: [10.500648469208622, -0.0], Collision: False
2025-07-15 Tuesday 13:13:04  random_test.py : INFO  === Evaluate Testcase === 
 def testcase(self):
    vehicle1 = NPC(lane_id=4, offset=4.18590385, initial_speed=24.19721615)
    ego = NPC(lane_id=5, offset=46.59360625, initial_speed=39.14768612)
    vehicle3 = NPC(lane_id=1, offset=35.13058198, initial_speed=27.58055427)
    vehicle1.accelerate(trigger_sequence=1, target_speed=44.29326681)
    vehicle3.accelerate(trigger_sequence=1, target_speed=43.13726484)
    vehicle3.accelerate(trigger_sequence=2, target_speed=41.80596012)
    vehicle1.changeLane(trigger_sequence=3, target_lane=3, target_speed=38.8357599)
    vehicle1.changeLane(trigger_sequence=4, target_lane=1, target_speed=21.6110174)
    vehicle3.decelerate(trigger_sequence=4, target_speed=18.4844404)

2025-07-15 Tuesday 13:13:04  random_test.py : INFO  === Evaluation Finished === 
 Fitness: [19.272914159240685, -0.0], Collision: False
2025-07-15 Tuesday 13:13:10  random_test.py : INFO  === Evaluate Testcase === 
 def testcase(self):
    vehicle1 = NPC(lane_id=5, offset=7.17250601, initial_speed=1.01043082)
    vehicle2 = NPC(lane_id=5, offset=30.28620481, initial_speed=14.83434135)
    ego = NPC(lane_id=4, offset=12.40562585, initial_speed=32.04802441)
    vehicle1.decelerate(trigger_sequence=2, target_speed=24.90899535)
    vehicle2.changeLane(trigger_sequence=3, target_lane=1, target_speed=27.72016437)
    vehicle1.accelerate(trigger_sequence=4, target_speed=54.30857595)
    vehicle2.decelerate(trigger_sequence=5, target_speed=28.35254555)

2025-07-15 Tuesday 13:13:10  random_test.py : INFO  === Evaluation Finished === 
 Fitness: [3.500233106668273, -0.0], Collision: False
2025-07-15 Tuesday 13:13:13  random_test.py : INFO  === Evaluate Testcase === 
 def testcase(self):
    ego = NPC(lane_id=3, offset=32.79691905, initial_speed=35.13449148)
    vehicle2 = NPC(lane_id=3, offset=35.16634649, initial_speed=7.40836953)

2025-07-15 Tuesday 13:13:13  random_test.py : INFO  === Evaluation Finished === 
 Fitness: [inf, 0], Collision: False
2025-07-15 Tuesday 13:13:19  random_test.py : INFO  === Evaluate Testcase === 
 def testcase(self):
    ego = NPC(lane_id=5, offset=1.76801959, initial_speed=4.69180874)
    vehicle2 = NPC(lane_id=4, offset=7.90978122, initial_speed=32.39807561)
    vehicle2.changeLane(trigger_sequence=1, target_lane=3, target_speed=56.17902858)
    vehicle2.changeLane(trigger_sequence=2, target_lane=3, target_speed=32.4089034)

2025-07-15 Tuesday 13:13:19  random_test.py : INFO  === Evaluation Finished === 
 Fitness: [7.286764309714417, -0.005649717514124294], Collision: False
2025-07-15 Tuesday 13:13:24  random_test.py : INFO  === Evaluate Testcase === 
 def testcase(self):
    ego = NPC(lane_id=1, offset=30.59105995, initial_speed=22.72027946)
    vehicle2 = NPC(lane_id=1, offset=18.5337444, initial_speed=11.53676111)
    vehicle3 = NPC(lane_id=4, offset=18.449549, initial_speed=25.26000821)
    vehicle2.decelerate(trigger_sequence=1, target_speed=19.52694494)
    vehicle3.accelerate(trigger_sequence=1, target_speed=57.59921163)
    vehicle3.accelerate(trigger_sequence=2, target_speed=45.26594493)
    vehicle2.decelerate(trigger_sequence=3, target_speed=19.67771892)
    vehicle3.accelerate(trigger_sequence=3, target_speed=54.83524214)
    vehicle2.decelerate(trigger_sequence=4, target_speed=15.73118026)
    vehicle3.changeLane(trigger_sequence=4, target_lane=1, target_speed=4.26148726)
    vehicle2.changeLane(trigger_sequence=5, target_lane=3, target_speed=14.76700387)

2025-07-15 Tuesday 13:13:24  random_test.py : INFO  === Evaluation Finished === 
 Fitness: [10.500214581358264, -0.0], Collision: False
2025-07-15 Tuesday 13:13:30  random_test.py : INFO  === Evaluate Testcase === 
 def testcase(self):
    vehicle1 = NPC(lane_id=3, offset=12.73894704, initial_speed=17.59305045)
    vehicle2 = NPC(lane_id=4, offset=41.02730561, initial_speed=29.51883924)
    ego = NPC(lane_id=5, offset=26.97477321, initial_speed=2.9950574)
    vehicle2.decelerate(trigger_sequence=1, target_speed=9.82795866)
    vehicle1.decelerate(trigger_sequence=3, target_speed=10.30785552)
    vehicle2.changeLane(trigger_sequence=3, target_lane=1, target_speed=10.33856037)
    vehicle2.decelerate(trigger_sequence=4, target_speed=12.65611883)
    vehicle1.changeLane(trigger_sequence=5, target_lane=1, target_speed=20.01410541)

2025-07-15 Tuesday 13:13:30  random_test.py : INFO  === Evaluation Finished === 
 Fitness: [7.000995483727387, -0.0], Collision: False
2025-07-15 Tuesday 13:13:35  random_test.py : INFO  === Evaluate Testcase === 
 def testcase(self):
    vehicle1 = NPC(lane_id=2, offset=17.01475513, initial_speed=5.05501892)
    ego = NPC(lane_id=4, offset=49.59810421, initial_speed=11.92907972)
    vehicle3 = NPC(lane_id=4, offset=19.3602625, initial_speed=13.62751898)
    vehicle3.accelerate(trigger_sequence=1, target_speed=30.10216983)
    vehicle1.changeLane(trigger_sequence=2, target_lane=1, target_speed=45.40071122)
    vehicle1.accelerate(trigger_sequence=4, target_speed=48.63465051)
    vehicle3.decelerate(trigger_sequence=4, target_speed=8.3015579)

2025-07-15 Tuesday 13:13:35  random_test.py : INFO  === Evaluation Finished === 
 Fitness: [30.453145681313835, -0.0], Collision: False
2025-07-15 Tuesday 13:13:40  random_test.py : INFO  === Evaluate Testcase === 
 def testcase(self):
    vehicle1 = NPC(lane_id=1, offset=28.3539032, initial_speed=37.96092749)
    ego = NPC(lane_id=2, offset=23.51683772, initial_speed=35.1713056)
    vehicle1.accelerate(trigger_sequence=1, target_speed=59.09404546)
    vehicle1.accelerate(trigger_sequence=3, target_speed=31.46287731)
    vehicle1.decelerate(trigger_sequence=5, target_speed=4.05355129)

2025-07-15 Tuesday 13:13:40  random_test.py : INFO  === Evaluation Finished === 
 Fitness: [3.4999244248184787, -0.0], Collision: False
2025-07-15 Tuesday 13:13:45  random_test.py : INFO  === Evaluate Testcase === 
 def testcase(self):
    ego = NPC(lane_id=3, offset=11.59965194, initial_speed=33.8143224)
    vehicle2 = NPC(lane_id=4, offset=38.68339482, initial_speed=11.3225208)
    vehicle2.decelerate(trigger_sequence=4, target_speed=3.49682788)
    vehicle2.accelerate(trigger_sequence=5, target_speed=35.29937912)

2025-07-15 Tuesday 13:13:45  random_test.py : INFO  === Evaluation Finished === 
 Fitness: [3.500764177476186, -0.0], Collision: False
2025-07-15 Tuesday 13:13:50  random_test.py : INFO  === Evaluate Testcase === 
 def testcase(self):
    ego = NPC(lane_id=4, offset=20.06219097, initial_speed=34.85827787)
    vehicle2 = NPC(lane_id=3, offset=41.74148698, initial_speed=6.44913877)
    vehicle2.decelerate(trigger_sequence=1, target_speed=2.61756226)
    vehicle2.accelerate(trigger_sequence=4, target_speed=47.05600499)
    vehicle2.changeLane(trigger_sequence=5, target_lane=3, target_speed=21.76023606)

2025-07-15 Tuesday 13:13:50  random_test.py : INFO  === Evaluation Finished === 
 Fitness: [3.5002562375490553, -0.0], Collision: False
2025-07-15 Tuesday 13:13:55  random_test.py : INFO  === Evaluate Testcase === 
 def testcase(self):
    vehicle1 = NPC(lane_id=1, offset=35.71685046, initial_speed=16.22647386)
    ego = NPC(lane_id=3, offset=13.02061967, initial_speed=34.57988409)
    vehicle3 = NPC(lane_id=2, offset=41.35816603, initial_speed=1.58177896)
    vehicle1.accelerate(trigger_sequence=2, target_speed=42.09716203)
    vehicle3.decelerate(trigger_sequence=2, target_speed=23.16495415)
    vehicle1.changeLane(trigger_sequence=3, target_lane=3, target_speed=43.47609448)
    vehicle1.changeLane(trigger_sequence=4, target_lane=1, target_speed=58.95181401)
    vehicle3.accelerate(trigger_sequence=4, target_speed=43.72678288)
    vehicle3.accelerate(trigger_sequence=5, target_speed=59.45841002)

2025-07-15 Tuesday 13:13:55  random_test.py : INFO  === Evaluation Finished === 
 Fitness: [3.4999893936833115, -0.0], Collision: False
2025-07-15 Tuesday 13:14:01  random_test.py : INFO  === Evaluate Testcase === 
 def testcase(self):
    ego = NPC(lane_id=5, offset=3.11784295, initial_speed=35.29725877)
    vehicle2 = NPC(lane_id=4, offset=20.98802568, initial_speed=16.72727868)
    vehicle3 = NPC(lane_id=2, offset=25.85330931, initial_speed=27.08556385)
    vehicle4 = NPC(lane_id=4, offset=47.19207801, initial_speed=9.92406367)
    vehicle2.changeLane(trigger_sequence=1, target_lane=3, target_speed=9.74121091)
    vehicle4.accelerate(trigger_sequence=3, target_speed=56.23256781)
    vehicle2.decelerate(trigger_sequence=4, target_speed=9.90394625)
    vehicle3.decelerate(trigger_sequence=4, target_speed=23.68111781)
    vehicle2.accelerate(trigger_sequence=5, target_speed=37.43978758)
    vehicle4.changeLane(trigger_sequence=5, target_lane=3, target_speed=5.08276988)

2025-07-15 Tuesday 13:14:01  random_test.py : INFO  === Evaluation Finished === 
 Fitness: [3.499931153197452, -0.0], Collision: False
2025-07-15 Tuesday 13:14:05  random_test.py : INFO  === Evaluate Testcase === 
 def testcase(self):
    vehicle1 = NPC(lane_id=5, offset=8.76458649, initial_speed=21.98237194)
    ego = NPC(lane_id=5, offset=5.50110246, initial_speed=23.01416553)
    vehicle1.accelerate(trigger_sequence=1, target_speed=43.4776624)
    vehicle1.decelerate(trigger_sequence=2, target_speed=11.89985095)
    vehicle1.changeLane(trigger_sequence=3, target_lane=3, target_speed=39.89920391)

2025-07-15 Tuesday 13:14:05  random_test.py : INFO  === Evaluation Finished === 
 Fitness: [inf, 0], Collision: False
2025-07-15 Tuesday 13:14:10  random_test.py : INFO  === Evaluate Testcase === 
 def testcase(self):
    vehicle1 = NPC(lane_id=4, offset=13.35827926, initial_speed=11.34175506)
    ego = NPC(lane_id=5, offset=18.84421956, initial_speed=32.17336758)
    vehicle3 = NPC(lane_id=3, offset=29.96079985, initial_speed=12.03955528)
    vehicle3.decelerate(trigger_sequence=1, target_speed=17.38741138)
    vehicle1.changeLane(trigger_sequence=2, target_lane=3, target_speed=38.61783868)
    vehicle3.changeLane(trigger_sequence=2, target_lane=3, target_speed=26.37187349)
    vehicle3.changeLane(trigger_sequence=3, target_lane=3, target_speed=19.26305147)
    vehicle1.decelerate(trigger_sequence=4, target_speed=8.78839066)
    vehicle3.changeLane(trigger_sequence=4, target_lane=1, target_speed=16.56574891)
    vehicle3.changeLane(trigger_sequence=5, target_lane=3, target_speed=49.62102516)

2025-07-15 Tuesday 13:14:10  random_test.py : INFO  === Evaluation Finished === 
 Fitness: [7.00211028299854, -0.0], Collision: False
2025-07-15 Tuesday 13:14:16  random_test.py : INFO  === Evaluate Testcase === 
 def testcase(self):
    vehicle1 = NPC(lane_id=1, offset=22.07699325, initial_speed=15.31292958)
    vehicle2 = NPC(lane_id=5, offset=18.70381881, initial_speed=14.65315419)
    ego = NPC(lane_id=3, offset=10.59173069, initial_speed=14.62607509)
    vehicle4 = NPC(lane_id=4, offset=49.74061305, initial_speed=8.67583227)
    vehicle1.changeLane(trigger_sequence=1, target_lane=1, target_speed=20.14310067)
    vehicle4.decelerate(trigger_sequence=1, target_speed=4.20887417)
    vehicle2.changeLane(trigger_sequence=4, target_lane=1, target_speed=37.74620579)
    vehicle1.accelerate(trigger_sequence=5, target_speed=54.58225344)

2025-07-15 Tuesday 13:14:16  random_test.py : INFO  === Evaluation Finished === 
 Fitness: [3.504389585082502, -0.0], Collision: False
2025-07-15 Tuesday 13:14:23  random_test.py : INFO  === Evaluate Testcase === 
 def testcase(self):
    ego = NPC(lane_id=2, offset=2.65974711, initial_speed=1.06930317)
    vehicle2 = NPC(lane_id=5, offset=23.25060347, initial_speed=21.69584553)
    vehicle3 = NPC(lane_id=1, offset=33.96615076, initial_speed=18.63537867)
    vehicle2.changeLane(trigger_sequence=1, target_lane=1, target_speed=11.30597823)
    vehicle2.changeLane(trigger_sequence=2, target_lane=3, target_speed=0.13448021)
    vehicle2.changeLane(trigger_sequence=3, target_lane=1, target_speed=52.88589094)
    vehicle3.changeLane(trigger_sequence=5, target_lane=3, target_speed=8.68300939)
# 1
2025-07-15 Tuesday 13:14:23  random_test.py : INFO  === Evaluation Finished === 
 Fitness: [3.425406832715934, -0.0], Collision: True
2025-07-15 Tuesday 13:14:23  random_test.py : INFO  === Find a coollision ===
2025-07-15 Tuesday 13:14:28  random_test.py : INFO  === Evaluate Testcase === 
 def testcase(self):
    ego = NPC(lane_id=3, offset=40.26216096, initial_speed=18.88097702)
    vehicle2 = NPC(lane_id=5, offset=8.26793057, initial_speed=34.1289629)
    vehicle3 = NPC(lane_id=3, offset=30.11335892, initial_speed=21.81262691)
    vehicle4 = NPC(lane_id=4, offset=27.93571182, initial_speed=8.85327329)
    vehicle2.accelerate(trigger_sequence=1, target_speed=47.49689996)
    vehicle3.decelerate(trigger_sequence=1, target_speed=21.95509164)
    vehicle2.decelerate(trigger_sequence=2, target_speed=5.05402965)
    vehicle3.decelerate(trigger_sequence=2, target_speed=9.736577)
    vehicle4.accelerate(trigger_sequence=2, target_speed=40.90785961)
    vehicle3.changeLane(trigger_sequence=3, target_lane=3, target_speed=58.41554132)
    vehicle4.decelerate(trigger_sequence=3, target_speed=8.32275487)

2025-07-15 Tuesday 13:14:28  random_test.py : INFO  === Evaluation Finished === 
 Fitness: [10.216342787632291, -0.0], Collision: False
2025-07-15 Tuesday 13:14:33  random_test.py : INFO  === Evaluate Testcase === 
 def testcase(self):
    ego = NPC(lane_id=5, offset=22.8417132, initial_speed=31.25919656)
    vehicle2 = NPC(lane_id=3, offset=27.21482867, initial_speed=4.66975208)
    vehicle3 = NPC(lane_id=2, offset=28.56276565, initial_speed=14.0870723)
    vehicle3.decelerate(trigger_sequence=1, target_speed=6.79109879)
    vehicle2.changeLane(trigger_sequence=2, target_lane=3, target_speed=27.87779253)
    vehicle3.accelerate(trigger_sequence=3, target_speed=50.55328523)
    vehicle2.decelerate(trigger_sequence=5, target_speed=4.82229056)
    vehicle3.accelerate(trigger_sequence=5, target_speed=36.5017167)

2025-07-15 Tuesday 13:14:33  random_test.py : INFO  === Evaluation Finished === 
 Fitness: [6.994634703526416, -0.0], Collision: False
2025-07-15 Tuesday 13:14:39  random_test.py : INFO  === Evaluate Testcase === 
 def testcase(self):
    ego = NPC(lane_id=4, offset=8.26235822, initial_speed=3.18320598)
    vehicle2 = NPC(lane_id=3, offset=11.88521107, initial_speed=22.78250737)
    vehicle3 = NPC(lane_id=4, offset=15.14335244, initial_speed=27.90328206)
    vehicle2.decelerate(trigger_sequence=1, target_speed=14.47979847)
    vehicle2.decelerate(trigger_sequence=2, target_speed=11.40392752)
    vehicle2.accelerate(trigger_sequence=3, target_speed=46.95262117)
    vehicle3.decelerate(trigger_sequence=3, target_speed=19.40132052)
    vehicle2.decelerate(trigger_sequence=4, target_speed=19.87119683)
    vehicle3.changeLane(trigger_sequence=4, target_lane=3, target_speed=5.98618864)
    vehicle3.decelerate(trigger_sequence=5, target_speed=25.12887631)

2025-07-15 Tuesday 13:14:39  random_test.py : INFO  === Evaluation Finished === 
 Fitness: [3.5002446855436995, -0.011131725417439703], Collision: False
2025-07-15 Tuesday 13:14:44  random_test.py : INFO  === Evaluate Testcase === 
 def testcase(self):
    ego = NPC(lane_id=3, offset=45.04376992, initial_speed=25.7713502)
    vehicle2 = NPC(lane_id=2, offset=25.7084704, initial_speed=32.52288584)
    vehicle2.accelerate(trigger_sequence=1, target_speed=31.2965565)
    vehicle2.accelerate(trigger_sequence=2, target_speed=49.32657562)

2025-07-15 Tuesday 13:14:44  random_test.py : INFO  === Evaluation Finished === 
 Fitness: [15.787415421391884, -0.0], Collision: False
2025-07-15 Tuesday 13:14:50  random_test.py : INFO  === Evaluate Testcase === 
 def testcase(self):
    vehicle1 = NPC(lane_id=2, offset=34.1645695, initial_speed=13.96454197)
    ego = NPC(lane_id=2, offset=21.51817165, initial_speed=17.69715797)
    vehicle1.changeLane(trigger_sequence=2, target_lane=1, target_speed=34.98244978)
    vehicle1.accelerate(trigger_sequence=4, target_speed=45.71430996)
    vehicle1.changeLane(trigger_sequence=5, target_lane=3, target_speed=48.83158028)

2025-07-15 Tuesday 13:14:50  random_test.py : INFO  === Evaluation Finished === 
 Fitness: [10.050155044943297, -0.009456264775413711], Collision: False
2025-07-15 Tuesday 13:14:56  random_test.py : INFO  === Evaluate Testcase === 
 def testcase(self):
    vehicle1 = NPC(lane_id=3, offset=23.26381731, initial_speed=7.86847391)
    vehicle2 = NPC(lane_id=5, offset=46.3697341, initial_speed=37.06713994)
    ego = NPC(lane_id=5, offset=25.93297542, initial_speed=1.34355859)
    vehicle1.decelerate(trigger_sequence=1, target_speed=15.29450517)
    vehicle1.changeLane(trigger_sequence=3, target_lane=3, target_speed=6.795056)
    vehicle2.decelerate(trigger_sequence=3, target_speed=26.23258489)
    vehicle1.changeLane(trigger_sequence=4, target_lane=1, target_speed=17.26246042)
    vehicle1.decelerate(trigger_sequence=5, target_speed=1.910133)
    vehicle2.decelerate(trigger_sequence=5, target_speed=1.31903917)

2025-07-15 Tuesday 13:14:56  random_test.py : INFO  === Evaluation Finished === 
 Fitness: [7.155313961681877, -0.0016835016835016834], Collision: False
2025-07-15 Tuesday 13:15:01  random_test.py : INFO  === Evaluate Testcase === 
 def testcase(self):
    ego = NPC(lane_id=1, offset=34.61075231, initial_speed=26.0071903)
    vehicle2 = NPC(lane_id=1, offset=21.08328659, initial_speed=31.28781566)
    vehicle2.decelerate(trigger_sequence=1, target_speed=24.6014028)
    vehicle2.decelerate(trigger_sequence=2, target_speed=26.18685519)
    vehicle2.decelerate(trigger_sequence=4, target_speed=25.9547133)
    vehicle2.accelerate(trigger_sequence=5, target_speed=49.13656095)

2025-07-15 Tuesday 13:15:01  random_test.py : INFO  === Evaluation Finished === 
 Fitness: [12.79474820069205, -0.0], Collision: False
2025-07-15 Tuesday 13:15:07  random_test.py : INFO  === Evaluate Testcase === 
 def testcase(self):
    vehicle1 = NPC(lane_id=3, offset=11.71726001, initial_speed=35.54930182)
    vehicle2 = NPC(lane_id=1, offset=48.3524137, initial_speed=33.9669716)
    ego = NPC(lane_id=1, offset=40.52116366, initial_speed=15.23698382)
    vehicle1.changeLane(trigger_sequence=1, target_lane=3, target_speed=22.28004381)
    vehicle2.changeLane(trigger_sequence=3, target_lane=3, target_speed=43.292316)
    vehicle2.accelerate(trigger_sequence=4, target_speed=45.26898791)

2025-07-15 Tuesday 13:15:07  random_test.py : INFO  === Evaluation Finished === 
 Fitness: [7.456507549670299, -0.005479452054794521], Collision: False
2025-07-15 Tuesday 13:15:13  random_test.py : INFO  === Evaluate Testcase === 
 def testcase(self):
    vehicle1 = NPC(lane_id=1, offset=39.39503822, initial_speed=22.2808986)
    ego = NPC(lane_id=3, offset=16.78878438, initial_speed=24.16763945)
    vehicle3 = NPC(lane_id=4, offset=16.5235779, initial_speed=29.55796422)
    vehicle4 = NPC(lane_id=4, offset=6.15239107, initial_speed=2.79119449)
    vehicle4.decelerate(trigger_sequence=1, target_speed=22.38366042)
    vehicle4.changeLane(trigger_sequence=2, target_lane=3, target_speed=48.50833122)
    vehicle1.changeLane(trigger_sequence=4, target_lane=1, target_speed=59.69530933)
    vehicle3.changeLane(trigger_sequence=4, target_lane=3, target_speed=35.14466241)
    vehicle4.accelerate(trigger_sequence=4, target_speed=40.52877989)
    vehicle1.changeLane(trigger_sequence=5, target_lane=3, target_speed=3.8335683)

2025-07-15 Tuesday 13:15:13  random_test.py : INFO  === Evaluation Finished === 
 Fitness: [3.5011715344215837, -0.0], Collision: False
2025-07-15 Tuesday 13:15:18  random_test.py : INFO  === Evaluate Testcase === 
 def testcase(self):
    vehicle1 = NPC(lane_id=1, offset=1.58132004, initial_speed=37.98005535)
    ego = NPC(lane_id=4, offset=34.06715967, initial_speed=2.92054494)
    vehicle1.decelerate(trigger_sequence=3, target_speed=26.50657811)
    vehicle1.changeLane(trigger_sequence=4, target_lane=3, target_speed=52.1207533)

2025-07-15 Tuesday 13:15:18  random_test.py : INFO  === Evaluation Finished === 
 Fitness: [3.4998465606104854, -0.0], Collision: False
2025-07-15 Tuesday 13:15:24  random_test.py : INFO  === Evaluate Testcase === 
 def testcase(self):
    vehicle1 = NPC(lane_id=4, offset=31.02631888, initial_speed=9.96502747)
    vehicle2 = NPC(lane_id=5, offset=31.36893399, initial_speed=23.81421678)
    ego = NPC(lane_id=1, offset=19.91607793, initial_speed=8.87538005)
    vehicle4 = NPC(lane_id=5, offset=25.57650758, initial_speed=24.02513333)
    vehicle1.changeLane(trigger_sequence=1, target_lane=3, target_speed=33.76878491)
    vehicle4.decelerate(trigger_sequence=1, target_speed=4.70968335)
    vehicle2.changeLane(trigger_sequence=3, target_lane=3, target_speed=41.83011496)
    vehicle4.decelerate(trigger_sequence=3, target_speed=5.09155346)
    vehicle1.changeLane(trigger_sequence=4, target_lane=1, target_speed=23.92502252)
    vehicle2.decelerate(trigger_sequence=4, target_speed=16.81599618)
    vehicle1.changeLane(trigger_sequence=5, target_lane=3, target_speed=8.67085643)
    vehicle2.decelerate(trigger_sequence=5, target_speed=22.9641564)
    vehicle4.changeLane(trigger_sequence=5, target_lane=1, target_speed=24.4355157)

2025-07-15 Tuesday 13:15:24  random_test.py : INFO  === Evaluation Finished === 
 Fitness: [7.128817210392581, -0.0], Collision: False
2025-07-15 Tuesday 13:15:30  random_test.py : INFO  === Evaluate Testcase === 
 def testcase(self):
    vehicle1 = NPC(lane_id=2, offset=23.14655129, initial_speed=18.48834182)
    vehicle2 = NPC(lane_id=5, offset=26.47881238, initial_speed=33.36893751)
    ego = NPC(lane_id=2, offset=28.59162712, initial_speed=23.19797098)
    vehicle4 = NPC(lane_id=4, offset=35.50901979, initial_speed=23.06481558)
    vehicle1.accelerate(trigger_sequence=2, target_speed=56.28640043)
    vehicle2.accelerate(trigger_sequence=4, target_speed=48.00401897)
    vehicle4.decelerate(trigger_sequence=4, target_speed=23.2951991)
    vehicle1.decelerate(trigger_sequence=5, target_speed=27.92514132)
    vehicle2.changeLane(trigger_sequence=5, target_lane=3, target_speed=30.34664791)
    vehicle4.decelerate(trigger_sequence=5, target_speed=25.71215728)

2025-07-15 Tuesday 13:15:30  random_test.py : INFO  === Evaluation Finished === 
 Fitness: [6.285547003700247, -0.0], Collision: False
2025-07-15 Tuesday 13:15:35  random_test.py : INFO  === Evaluate Testcase === 
 def testcase(self):
    vehicle1 = NPC(lane_id=1, offset=19.14896028, initial_speed=37.35610102)
    ego = NPC(lane_id=4, offset=25.78579869, initial_speed=37.2870529)
    vehicle3 = NPC(lane_id=2, offset=1.00040327, initial_speed=35.69585059)
    vehicle4 = NPC(lane_id=3, offset=32.09423217, initial_speed=38.98058842)
    vehicle1.accelerate(trigger_sequence=1, target_speed=52.10147927)
    vehicle3.changeLane(trigger_sequence=2, target_lane=1, target_speed=27.50237018)
    vehicle1.accelerate(trigger_sequence=3, target_speed=40.33777813)
    vehicle1.accelerate(trigger_sequence=4, target_speed=59.99809281)
    vehicle4.accelerate(trigger_sequence=4, target_speed=59.05524374)
    vehicle1.changeLane(trigger_sequence=5, target_lane=3, target_speed=50.21843613)

2025-07-15 Tuesday 13:15:35  random_test.py : INFO  === Evaluation Finished === 
 Fitness: [3.990631414490819, -0.0], Collision: False
2025-07-15 Tuesday 13:15:40  random_test.py : INFO  === Evaluate Testcase === 
 def testcase(self):
    vehicle1 = NPC(lane_id=2, offset=13.28805234, initial_speed=20.38802398)
    vehicle2 = NPC(lane_id=1, offset=29.90664649, initial_speed=16.76834286)
    vehicle3 = NPC(lane_id=1, offset=26.17513929, initial_speed=31.02326183)
    ego = NPC(lane_id=2, offset=41.07289521, initial_speed=28.19932868)
    vehicle1.changeLane(trigger_sequence=1, target_lane=1, target_speed=42.60994504)
    vehicle3.accelerate(trigger_sequence=1, target_speed=34.04122912)
    vehicle2.changeLane(trigger_sequence=2, target_lane=3, target_speed=22.12768121)
    vehicle3.decelerate(trigger_sequence=2, target_speed=25.79440911)
    vehicle1.accelerate(trigger_sequence=3, target_speed=34.14477355)
    vehicle2.accelerate(trigger_sequence=3, target_speed=30.33260423)
    vehicle1.accelerate(trigger_sequence=4, target_speed=30.83302757)
    vehicle1.changeLane(trigger_sequence=5, target_lane=3, target_speed=5.95551901)
    vehicle2.decelerate(trigger_sequence=5, target_speed=17.35414832)
    vehicle3.changeLane(trigger_sequence=5, target_lane=1, target_speed=2.8091133)

2025-07-15 Tuesday 13:15:40  random_test.py : INFO  === Evaluation Finished === 
 Fitness: [inf, 0], Collision: False
2025-07-15 Tuesday 13:15:45  random_test.py : INFO  === Evaluate Testcase === 
 def testcase(self):
    ego = NPC(lane_id=2, offset=11.85995717, initial_speed=33.46132469)
    vehicle2 = NPC(lane_id=5, offset=34.73757626, initial_speed=0.26221333)
    vehicle3 = NPC(lane_id=5, offset=6.21051117, initial_speed=19.24156319)
    vehicle3.changeLane(trigger_sequence=1, target_lane=3, target_speed=44.16907294)
    vehicle3.accelerate(trigger_sequence=3, target_speed=58.57272753)
    vehicle2.changeLane(trigger_sequence=5, target_lane=3, target_speed=48.71765271)
    vehicle3.changeLane(trigger_sequence=5, target_lane=3, target_speed=51.42588568)

2025-07-15 Tuesday 13:15:45  random_test.py : INFO  === Evaluation Finished === 
 Fitness: [10.500244745216671, -0.0], Collision: False
2025-07-15 Tuesday 13:15:51  random_test.py : INFO  === Evaluate Testcase === 
 def testcase(self):
    vehicle1 = NPC(lane_id=3, offset=14.88434687, initial_speed=9.77425271)
    vehicle2 = NPC(lane_id=5, offset=7.59582405, initial_speed=35.31956666)
    ego = NPC(lane_id=4, offset=1.10628055, initial_speed=31.99964999)
    vehicle4 = NPC(lane_id=4, offset=27.40609777, initial_speed=12.09420131)
    vehicle1.decelerate(trigger_sequence=2, target_speed=1.86655275)
    vehicle2.changeLane(trigger_sequence=2, target_lane=3, target_speed=58.75555972)
    vehicle4.accelerate(trigger_sequence=2, target_speed=50.36423543)
    vehicle1.changeLane(trigger_sequence=3, target_lane=3, target_speed=53.33988462)
    vehicle1.accelerate(trigger_sequence=4, target_speed=51.82321754)
    vehicle4.decelerate(trigger_sequence=4, target_speed=27.8470197)
    vehicle1.changeLane(trigger_sequence=5, target_lane=1, target_speed=30.31397166)
    vehicle2.changeLane(trigger_sequence=5, target_lane=3, target_speed=18.48362507)
    vehicle4.accelerate(trigger_sequence=5, target_speed=54.24976101)

2025-07-15 Tuesday 13:15:51  random_test.py : INFO  === Evaluation Finished === 
 Fitness: [3.501092604419182, -0.0025], Collision: False
2025-07-15 Tuesday 13:15:56  random_test.py : INFO  === Evaluate Testcase === 
 def testcase(self):
    vehicle1 = NPC(lane_id=2, offset=9.3539218, initial_speed=25.47032462)
    ego = NPC(lane_id=2, offset=46.19570801, initial_speed=28.36059336)
    vehicle1.decelerate(trigger_sequence=1, target_speed=5.30662833)
    vehicle1.changeLane(trigger_sequence=3, target_lane=1, target_speed=0.12165561)
    vehicle1.changeLane(trigger_sequence=4, target_lane=1, target_speed=10.08182158)

2025-07-15 Tuesday 13:15:56  random_test.py : INFO  === Evaluation Finished === 
 Fitness: [37.66964962486445, -0.0], Collision: False
2025-07-15 Tuesday 13:16:00  simulate.py : INFO  Rear-end collision with vehicle 4733 ignored
2025-07-15 Tuesday 13:16:02  random_test.py : INFO  === Evaluate Testcase === 
 def testcase(self):
    ego = NPC(lane_id=5, offset=10.73475243, initial_speed=29.15030275)
    vehicle2 = NPC(lane_id=5, offset=25.43104601, initial_speed=35.50961916)
    vehicle3 = NPC(lane_id=3, offset=11.19017345, initial_speed=24.31864319)
    vehicle2.changeLane(trigger_sequence=1, target_lane=3, target_speed=4.71871628)
    vehicle3.decelerate(trigger_sequence=1, target_speed=8.76160759)
    vehicle2.decelerate(trigger_sequence=2, target_speed=1.37279085)
    vehicle3.decelerate(trigger_sequence=2, target_speed=27.13497275)
    vehicle2.accelerate(trigger_sequence=3, target_speed=30.8850023)
    vehicle3.changeLane(trigger_sequence=4, target_lane=1, target_speed=11.38265336)
    vehicle3.decelerate(trigger_sequence=5, target_speed=6.78996577)

2025-07-15 Tuesday 13:16:02  random_test.py : INFO  === Evaluation Finished === 
 Fitness: [3.5055320848969767, -0.0], Collision: False
2025-07-15 Tuesday 13:16:07  random_test.py : INFO  === Evaluate Testcase === 
 def testcase(self):
    vehicle1 = NPC(lane_id=3, offset=37.32347873, initial_speed=7.99068073)
    ego = NPC(lane_id=3, offset=14.31746883, initial_speed=16.79625521)
    vehicle1.decelerate(trigger_sequence=1, target_speed=21.54827112)
    vehicle1.accelerate(trigger_sequence=3, target_speed=49.13397041)
    vehicle1.changeLane(trigger_sequence=4, target_lane=1, target_speed=24.78747976)

2025-07-15 Tuesday 13:16:07  random_test.py : INFO  === Evaluation Finished === 
 Fitness: [4.045877906892015, -0.0], Collision: False
2025-07-15 Tuesday 13:16:11  random_test.py : INFO  === Evaluate Testcase === 
 def testcase(self):
    vehicle1 = NPC(lane_id=3, offset=12.84035426, initial_speed=0.34554764)
    ego = NPC(lane_id=1, offset=32.25336353, initial_speed=33.98514225)
    vehicle3 = NPC(lane_id=1, offset=34.10570719, initial_speed=22.82489273)
    vehicle1.changeLane(trigger_sequence=1, target_lane=1, target_speed=49.76082163)
    vehicle3.accelerate(trigger_sequence=1, target_speed=34.458152)
    vehicle1.changeLane(trigger_sequence=2, target_lane=1, target_speed=43.15441159)
    vehicle1.decelerate(trigger_sequence=3, target_speed=20.54148583)
    vehicle3.changeLane(trigger_sequence=3, target_lane=1, target_speed=46.99631802)
    vehicle1.changeLane(trigger_sequence=4, target_lane=3, target_speed=25.0627504)
    vehicle3.accelerate(trigger_sequence=5, target_speed=53.06419302)

2025-07-15 Tuesday 13:16:11  random_test.py : INFO  === Evaluation Finished === 
 Fitness: [inf, 0], Collision: False
2025-07-15 Tuesday 13:16:17  random_test.py : INFO  === Evaluate Testcase === 
 def testcase(self):
    ego = NPC(lane_id=1, offset=47.96344676, initial_speed=38.23606272)
    vehicle2 = NPC(lane_id=5, offset=33.92036647, initial_speed=17.67855656)
    vehicle3 = NPC(lane_id=3, offset=22.35727476, initial_speed=4.45111379)
    vehicle4 = NPC(lane_id=4, offset=23.89475891, initial_speed=13.26383835)
    vehicle2.decelerate(trigger_sequence=1, target_speed=13.70858103)
    vehicle3.changeLane(trigger_sequence=1, target_lane=3, target_speed=26.79669401)
    vehicle3.accelerate(trigger_sequence=2, target_speed=58.15841868)
    vehicle4.accelerate(trigger_sequence=2, target_speed=49.7023185)
    vehicle2.decelerate(trigger_sequence=3, target_speed=26.90933107)
    vehicle3.decelerate(trigger_sequence=3, target_speed=22.00280938)
    vehicle2.decelerate(trigger_sequence=4, target_speed=3.55177098)
    vehicle4.decelerate(trigger_sequence=4, target_speed=12.27089123)

2025-07-15 Tuesday 13:16:17  random_test.py : INFO  === Evaluation Finished === 
 Fitness: [21.23671024719739, -0.0], Collision: False
2025-07-15 Tuesday 13:16:22  random_test.py : INFO  === Evaluate Testcase === 
 def testcase(self):
    ego = NPC(lane_id=1, offset=22.86933844, initial_speed=27.84538396)
    vehicle2 = NPC(lane_id=2, offset=41.21899913, initial_speed=26.56541168)
    vehicle3 = NPC(lane_id=3, offset=30.86154744, initial_speed=3.40221517)
    vehicle3.accelerate(trigger_sequence=1, target_speed=43.69638614)
    vehicle2.decelerate(trigger_sequence=2, target_speed=27.26885865)
    vehicle3.accelerate(trigger_sequence=2, target_speed=38.60217505)
    vehicle3.changeLane(trigger_sequence=3, target_lane=3, target_speed=44.39562419)
    vehicle2.changeLane(trigger_sequence=5, target_lane=3, target_speed=59.48074804)
    vehicle3.changeLane(trigger_sequence=5, target_lane=3, target_speed=40.77728821)

2025-07-15 Tuesday 13:16:22  random_test.py : INFO  === Evaluation Finished === 
 Fitness: [3.50021314271328, -0.0], Collision: False
2025-07-15 Tuesday 13:16:27  random_test.py : INFO  === Evaluate Testcase === 
 def testcase(self):
    vehicle1 = NPC(lane_id=5, offset=46.48478912, initial_speed=17.54971565)
    ego = NPC(lane_id=2, offset=20.10801132, initial_speed=18.70369683)
    vehicle1.decelerate(trigger_sequence=1, target_speed=6.16990149)
    vehicle1.changeLane(trigger_sequence=2, target_lane=1, target_speed=42.21199407)

2025-07-15 Tuesday 13:16:27  random_test.py : INFO  === Evaluation Finished === 
 Fitness: [10.500363077112606, -0.0], Collision: False
2025-07-15 Tuesday 13:16:32  random_test.py : INFO  === Evaluate Testcase === 
 def testcase(self):
    ego = NPC(lane_id=4, offset=47.39420591, initial_speed=35.55386509)
    vehicle2 = NPC(lane_id=4, offset=23.67346239, initial_speed=24.06374623)
    vehicle2.decelerate(trigger_sequence=1, target_speed=26.85684462)
    vehicle2.changeLane(trigger_sequence=2, target_lane=1, target_speed=12.36024123)

2025-07-15 Tuesday 13:16:32  random_test.py : INFO  === Evaluation Finished === 
 Fitness: [24.86778852817095, -0.0], Collision: False
2025-07-15 Tuesday 13:16:37  random_test.py : INFO  === Evaluate Testcase === 
 def testcase(self):
    vehicle1 = NPC(lane_id=5, offset=35.69704513, initial_speed=5.37831079)
    ego = NPC(lane_id=1, offset=43.07965185, initial_speed=26.55783589)
    vehicle1.changeLane(trigger_sequence=1, target_lane=3, target_speed=44.34990071)
    vehicle1.accelerate(trigger_sequence=2, target_speed=47.51115481)
    vehicle1.decelerate(trigger_sequence=3, target_speed=24.51058087)
    vehicle1.accelerate(trigger_sequence=4, target_speed=45.5775886)
    vehicle1.decelerate(trigger_sequence=5, target_speed=13.06929262)

2025-07-15 Tuesday 13:16:37  random_test.py : INFO  === Evaluation Finished === 
 Fitness: [16.341647769537726, -0.0], Collision: False
2025-07-15 Tuesday 13:16:43  random_test.py : INFO  === Evaluate Testcase === 
 def testcase(self):
    ego = NPC(lane_id=3, offset=0.68637791, initial_speed=24.76808943)
    vehicle2 = NPC(lane_id=5, offset=14.21519254, initial_speed=23.51734614)
    vehicle2.decelerate(trigger_sequence=3, target_speed=9.67578597)

2025-07-15 Tuesday 13:16:43  random_test.py : INFO  === Evaluation Finished === 
 Fitness: [7.0004988322910515, -0.0], Collision: False
2025-07-15 Tuesday 13:16:47  random_test.py : INFO  === Evaluate Testcase === 
 def testcase(self):
    vehicle1 = NPC(lane_id=3, offset=20.83406333, initial_speed=2.26486068)
    ego = NPC(lane_id=2, offset=7.04363485, initial_speed=9.09821612)
    vehicle3 = NPC(lane_id=4, offset=35.69856691, initial_speed=22.70391837)
    vehicle4 = NPC(lane_id=4, offset=36.85464933, initial_speed=16.76945726)
    vehicle3.changeLane(trigger_sequence=1, target_lane=1, target_speed=1.91027763)
    vehicle4.changeLane(trigger_sequence=1, target_lane=3, target_speed=45.17392476)
    vehicle1.changeLane(trigger_sequence=2, target_lane=3, target_speed=21.93061654)
    vehicle3.changeLane(trigger_sequence=2, target_lane=1, target_speed=46.91373672)
    vehicle4.accelerate(trigger_sequence=3, target_speed=32.10117562)
    vehicle3.decelerate(trigger_sequence=4, target_speed=19.62356811)
    vehicle4.changeLane(trigger_sequence=4, target_lane=1, target_speed=27.17899622)
    vehicle4.changeLane(trigger_sequence=5, target_lane=1, target_speed=49.51979097)

2025-07-15 Tuesday 13:16:47  random_test.py : INFO  === Evaluation Finished === 
 Fitness: [inf, 0], Collision: False
2025-07-15 Tuesday 13:16:52  random_test.py : INFO  === Evaluate Testcase === 
 def testcase(self):
    vehicle1 = NPC(lane_id=5, offset=17.78122036, initial_speed=34.44979109)
    ego = NPC(lane_id=1, offset=19.49715431, initial_speed=5.75736482)
    vehicle1.decelerate(trigger_sequence=1, target_speed=18.47680141)
    vehicle1.decelerate(trigger_sequence=2, target_speed=17.73163803)
    vehicle1.changeLane(trigger_sequence=4, target_lane=3, target_speed=6.64969802)

2025-07-15 Tuesday 13:16:52  random_test.py : INFO  === Evaluation Finished === 
 Fitness: [10.500639085855283, -0.0028328611898017], Collision: False
2025-07-15 Tuesday 13:16:58  random_test.py : INFO  === Evaluate Testcase === 
 def testcase(self):
    ego = NPC(lane_id=1, offset=4.20228805, initial_speed=0.4418503)
    vehicle2 = NPC(lane_id=4, offset=3.75711081, initial_speed=14.64030506)
    vehicle3 = NPC(lane_id=3, offset=8.20041263, initial_speed=1.60925698)
    vehicle4 = NPC(lane_id=5, offset=48.65661044, initial_speed=36.12747391)
    vehicle3.decelerate(trigger_sequence=1, target_speed=5.80841543)
    vehicle2.changeLane(trigger_sequence=3, target_lane=1, target_speed=54.00739083)
    vehicle4.changeLane(trigger_sequence=3, target_lane=3, target_speed=32.66441056)
    vehicle2.accelerate(trigger_sequence=4, target_speed=40.98366721)
    vehicle2.changeLane(trigger_sequence=5, target_lane=1, target_speed=18.89550281)
# 2
2025-07-15 Tuesday 13:16:58  random_test.py : INFO  === Evaluation Finished === 
 Fitness: [3.440765413373979, -0.0051813471502590676], Collision: True
2025-07-15 Tuesday 13:16:58  random_test.py : INFO  === Find a collision ===
2025-07-15 Tuesday 13:17:04  random_test.py : INFO  === Evaluate Testcase === 
 def testcase(self):
    ego = NPC(lane_id=1, offset=46.44918989, initial_speed=37.85750046)
    vehicle2 = NPC(lane_id=5, offset=40.14447384, initial_speed=1.86032108)
    vehicle3 = NPC(lane_id=3, offset=34.50721262, initial_speed=7.00274418)
    vehicle2.changeLane(trigger_sequence=1, target_lane=1, target_speed=55.54771608)
    vehicle3.decelerate(trigger_sequence=1, target_speed=18.38648581)
    vehicle2.decelerate(trigger_sequence=2, target_speed=7.89716897)
    vehicle2.decelerate(trigger_sequence=3, target_speed=27.89110937)
    vehicle2.accelerate(trigger_sequence=5, target_speed=39.67930004)

2025-07-15 Tuesday 13:17:04  random_test.py : INFO  === Evaluation Finished === 
 Fitness: [15.609438641597963, -0.0], Collision: False
2025-07-15 Tuesday 13:17:09  random_test.py : INFO  === Evaluate Testcase === 
 def testcase(self):
    ego = NPC(lane_id=2, offset=33.93850208, initial_speed=34.06875793)
    vehicle2 = NPC(lane_id=5, offset=35.10170743, initial_speed=13.57906719)
    vehicle3 = NPC(lane_id=2, offset=3.99717485, initial_speed=2.5998335)
    vehicle4 = NPC(lane_id=5, offset=16.92560484, initial_speed=24.86355231)
    vehicle3.accelerate(trigger_sequence=1, target_speed=33.02596888)
    vehicle4.changeLane(trigger_sequence=1, target_lane=3, target_speed=34.58004474)
    vehicle3.accelerate(trigger_sequence=2, target_speed=30.42075266)
    vehicle2.decelerate(trigger_sequence=3, target_speed=8.46252794)
    vehicle3.changeLane(trigger_sequence=3, target_lane=3, target_speed=17.3610329)
    vehicle4.decelerate(trigger_sequence=3, target_speed=24.40628355)
    vehicle4.decelerate(trigger_sequence=4, target_speed=12.2523318)
    vehicle2.accelerate(trigger_sequence=5, target_speed=39.75311757)
    vehicle3.decelerate(trigger_sequence=5, target_speed=20.11328626)

2025-07-15 Tuesday 13:17:09  random_test.py : INFO  === Evaluation Finished === 
 Fitness: [10.527668923030214, -0.0], Collision: False
2025-07-15 Tuesday 13:17:15  random_test.py : INFO  === Evaluate Testcase === 
 def testcase(self):
    vehicle1 = NPC(lane_id=5, offset=40.65478287, initial_speed=4.89147561)
    ego = NPC(lane_id=3, offset=1.82860838, initial_speed=5.39533891)
    vehicle3 = NPC(lane_id=4, offset=6.7001954, initial_speed=19.62853322)
    vehicle1.accelerate(trigger_sequence=1, target_speed=42.50601265)
    vehicle1.accelerate(trigger_sequence=2, target_speed=45.03978406)
    vehicle3.accelerate(trigger_sequence=2, target_speed=51.37683457)
    vehicle3.changeLane(trigger_sequence=3, target_lane=1, target_speed=37.06590948)
    vehicle1.accelerate(trigger_sequence=5, target_speed=58.96111343)

2025-07-15 Tuesday 13:17:15  random_test.py : INFO  === Evaluation Finished === 
 Fitness: [3.4997132720608075, -0.0], Collision: False
2025-07-15 Tuesday 13:17:20  random_test.py : INFO  === Evaluate Testcase === 
 def testcase(self):
    ego = NPC(lane_id=2, offset=5.00409775, initial_speed=15.66230593)
    vehicle2 = NPC(lane_id=1, offset=19.64575109, initial_speed=9.22018414)
    vehicle2.changeLane(trigger_sequence=1, target_lane=3, target_speed=17.28208957)
    vehicle2.accelerate(trigger_sequence=2, target_speed=31.40903847)

2025-07-15 Tuesday 13:17:20  random_test.py : INFO  === Evaluation Finished === 
 Fitness: [3.5011288003595062, -0.0], Collision: False
2025-07-15 Tuesday 13:17:25  random_test.py : INFO  === Evaluate Testcase === 
 def testcase(self):
    vehicle1 = NPC(lane_id=2, offset=42.91287756, initial_speed=30.89948299)
    ego = NPC(lane_id=5, offset=47.60046242, initial_speed=19.75717386)
    vehicle1.accelerate(trigger_sequence=2, target_speed=51.3192174)
    vehicle1.changeLane(trigger_sequence=4, target_lane=1, target_speed=48.4078911)

2025-07-15 Tuesday 13:17:25  random_test.py : INFO  === Evaluation Finished === 
 Fitness: [10.536055387245968, -0.002898550724637681], Collision: False
2025-07-15 Tuesday 13:17:31  random_test.py : INFO  === Evaluate Testcase === 
 def testcase(self):
    ego = NPC(lane_id=2, offset=1.71040125, initial_speed=28.51310873)
    vehicle2 = NPC(lane_id=1, offset=14.21701997, initial_speed=10.37954324)
    vehicle3 = NPC(lane_id=4, offset=8.67774104, initial_speed=27.29599303)
    vehicle4 = NPC(lane_id=4, offset=23.43079529, initial_speed=27.20802636)
    vehicle3.changeLane(trigger_sequence=1, target_lane=1, target_speed=21.467295)
    vehicle4.decelerate(trigger_sequence=2, target_speed=8.45885262)
    vehicle4.decelerate(trigger_sequence=3, target_speed=0.60532539)
    vehicle3.accelerate(trigger_sequence=4, target_speed=48.71444789)
    vehicle4.decelerate(trigger_sequence=4, target_speed=19.25449721)
    vehicle2.decelerate(trigger_sequence=5, target_speed=12.65937031)
    vehicle4.changeLane(trigger_sequence=5, target_lane=1, target_speed=36.33229516)

2025-07-15 Tuesday 13:17:31  random_test.py : INFO  === Evaluation Finished === 
 Fitness: [3.502975143839112, -0.0], Collision: False
2025-07-15 Tuesday 13:17:37  random_test.py : INFO  === Evaluate Testcase === 
 def testcase(self):
    vehicle1 = NPC(lane_id=1, offset=18.3046457, initial_speed=13.27143858)
    vehicle2 = NPC(lane_id=1, offset=40.58092119, initial_speed=27.67392884)
    vehicle3 = NPC(lane_id=3, offset=37.55534745, initial_speed=27.63011025)
    ego = NPC(lane_id=3, offset=21.43208643, initial_speed=31.41016381)
    vehicle1.accelerate(trigger_sequence=1, target_speed=30.48558357)
    vehicle2.accelerate(trigger_sequence=1, target_speed=37.3335795)
    vehicle2.changeLane(trigger_sequence=2, target_lane=1, target_speed=37.35976981)
    vehicle2.changeLane(trigger_sequence=3, target_lane=3, target_speed=23.14636034)
    vehicle3.changeLane(trigger_sequence=3, target_lane=1, target_speed=32.51185464)
    vehicle3.changeLane(trigger_sequence=4, target_lane=3, target_speed=32.14248205)
    vehicle3.changeLane(trigger_sequence=5, target_lane=3, target_speed=36.32427778)

2025-07-15 Tuesday 13:17:37  random_test.py : INFO  === Evaluation Finished === 
 Fitness: [5.88149424647744, -0.011848341232227487], Collision: False
2025-07-15 Tuesday 13:17:42  random_test.py : INFO  === Evaluate Testcase === 
 def testcase(self):
    vehicle1 = NPC(lane_id=5, offset=32.08612869, initial_speed=27.10605173)
    ego = NPC(lane_id=2, offset=23.97129149, initial_speed=15.89178319)
    vehicle1.decelerate(trigger_sequence=2, target_speed=29.87432745)
    vehicle1.accelerate(trigger_sequence=3, target_speed=39.16139561)
    vehicle1.decelerate(trigger_sequence=4, target_speed=18.16306834)
    vehicle1.changeLane(trigger_sequence=5, target_lane=3, target_speed=14.01832826)

2025-07-15 Tuesday 13:17:42  random_test.py : INFO  === Evaluation Finished === 
 Fitness: [10.500174836318946, -0.0], Collision: False
2025-07-15 Tuesday 13:17:47  random_test.py : INFO  === Evaluate Testcase === 
 def testcase(self):
    vehicle1 = NPC(lane_id=2, offset=25.30327498, initial_speed=19.55542137)
    vehicle2 = NPC(lane_id=5, offset=40.56241988, initial_speed=4.72313149)
    ego = NPC(lane_id=4, offset=10.0298893, initial_speed=28.71940476)
    vehicle1.accelerate(trigger_sequence=1, target_speed=30.38871789)
    vehicle2.accelerate(trigger_sequence=2, target_speed=51.63685381)
    vehicle1.decelerate(trigger_sequence=3, target_speed=13.63463271)
    vehicle2.decelerate(trigger_sequence=3, target_speed=12.22546675)
    vehicle1.decelerate(trigger_sequence=4, target_speed=23.64480442)

2025-07-15 Tuesday 13:17:47  random_test.py : INFO  === Evaluation Finished === 
 Fitness: [3.503140551685318, -0.0], Collision: False
2025-07-15 Tuesday 13:17:52  random_test.py : INFO  === Evaluate Testcase === 
 def testcase(self):
    ego = NPC(lane_id=1, offset=34.17048082, initial_speed=14.33699251)
    vehicle2 = NPC(lane_id=4, offset=24.98764073, initial_speed=3.20968405)
    vehicle2.decelerate(trigger_sequence=2, target_speed=9.22324648)
    vehicle2.accelerate(trigger_sequence=3, target_speed=56.88827436)
    vehicle2.changeLane(trigger_sequence=5, target_lane=3, target_speed=50.42780149)

2025-07-15 Tuesday 13:17:52  random_test.py : INFO  === Evaluation Finished === 
 Fitness: [14.325549783214676, -0.0], Collision: False
2025-07-15 Tuesday 13:17:58  random_test.py : INFO  === Evaluate Testcase === 
 def testcase(self):
    ego = NPC(lane_id=1, offset=16.64810985, initial_speed=0.38395116)
    vehicle2 = NPC(lane_id=1, offset=24.94925907, initial_speed=17.6977809)
    vehicle2.accelerate(trigger_sequence=4, target_speed=46.24157549)

2025-07-15 Tuesday 13:17:58  random_test.py : INFO  === Evaluation Finished === 
 Fitness: [8.530985287548123, -0.004901960784313725], Collision: False
2025-07-15 Tuesday 13:18:03  random_test.py : INFO  === Evaluate Testcase === 
 def testcase(self):
    ego = NPC(lane_id=4, offset=45.27991578, initial_speed=32.85328339)
    vehicle2 = NPC(lane_id=4, offset=20.56044342, initial_speed=26.44808742)
    vehicle2.decelerate(trigger_sequence=5, target_speed=2.12697059)

2025-07-15 Tuesday 13:18:03  random_test.py : INFO  === Evaluation Finished === 
 Fitness: [25.720907454219834, -0.0], Collision: False
2025-07-15 Tuesday 13:18:06  simulate.py : INFO  Rear-end collision with vehicle 4821 ignored
2025-07-15 Tuesday 13:18:08  random_test.py : INFO  === Evaluate Testcase === 
 def testcase(self):
    vehicle1 = NPC(lane_id=4, offset=43.98202856, initial_speed=0.82114953)
    vehicle2 = NPC(lane_id=4, offset=33.05990726, initial_speed=35.34995412)
    ego = NPC(lane_id=5, offset=48.22598548, initial_speed=8.83429738)
    vehicle4 = NPC(lane_id=5, offset=41.14998233, initial_speed=27.69866441)
    vehicle2.changeLane(trigger_sequence=2, target_lane=3, target_speed=35.53873512)
    vehicle4.changeLane(trigger_sequence=2, target_lane=3, target_speed=5.14535147)
    vehicle2.accelerate(trigger_sequence=3, target_speed=53.72283506)

2025-07-15 Tuesday 13:18:08  random_test.py : INFO  === Evaluation Finished === 
 Fitness: [4.7541375951774025, -0.0], Collision: False
2025-07-15 Tuesday 13:18:14  random_test.py : INFO  === Evaluate Testcase === 
 def testcase(self):
    vehicle1 = NPC(lane_id=3, offset=45.25358292, initial_speed=3.83172467)
    ego = NPC(lane_id=2, offset=48.77352456, initial_speed=35.97483705)
    vehicle3 = NPC(lane_id=3, offset=38.73032473, initial_speed=27.1790731)
    vehicle3.decelerate(trigger_sequence=1, target_speed=2.25234182)
    vehicle3.accelerate(trigger_sequence=2, target_speed=42.31821728)
    vehicle1.changeLane(trigger_sequence=3, target_lane=3, target_speed=39.40483474)

2025-07-15 Tuesday 13:18:14  random_test.py : INFO  === Evaluation Finished === 
 Fitness: [6.449630313479004, -0.0], Collision: False
2025-07-15 Tuesday 13:18:17  simulate.py : INFO  Rear-end collision with vehicle 4829 ignored
2025-07-15 Tuesday 13:18:19  random_test.py : INFO  === Evaluate Testcase === 
 def testcase(self):
    vehicle1 = NPC(lane_id=3, offset=42.61393191, initial_speed=5.37395827)
    ego = NPC(lane_id=4, offset=26.10314554, initial_speed=3.11102957)
    vehicle3 = NPC(lane_id=4, offset=20.72461688, initial_speed=17.06278667)
    vehicle1.accelerate(trigger_sequence=1, target_speed=53.94218064)
    vehicle3.accelerate(trigger_sequence=1, target_speed=50.67963694)
    vehicle1.decelerate(trigger_sequence=2, target_speed=28.88802555)
    vehicle3.changeLane(trigger_sequence=2, target_lane=3, target_speed=4.92571955)
    vehicle1.changeLane(trigger_sequence=3, target_lane=3, target_speed=54.54915092)
    vehicle1.decelerate(trigger_sequence=5, target_speed=15.38627846)
    vehicle3.decelerate(trigger_sequence=5, target_speed=2.50579987)

2025-07-15 Tuesday 13:18:19  random_test.py : INFO  === Evaluation Finished === 
 Fitness: [3.504566263072338, -0.0], Collision: False
2025-07-15 Tuesday 13:18:25  random_test.py : INFO  === Evaluate Testcase === 
 def testcase(self):
    vehicle1 = NPC(lane_id=2, offset=22.29227014, initial_speed=9.40501362)
    ego = NPC(lane_id=2, offset=1.00961063, initial_speed=10.60974868)
    vehicle3 = NPC(lane_id=4, offset=27.24851057, initial_speed=23.87714033)
    vehicle3.decelerate(trigger_sequence=1, target_speed=10.34932021)
    vehicle1.changeLane(trigger_sequence=2, target_lane=3, target_speed=4.40528725)
    vehicle1.decelerate(trigger_sequence=4, target_speed=18.83633882)
    vehicle3.decelerate(trigger_sequence=4, target_speed=22.52105631)

2025-07-15 Tuesday 13:18:25  random_test.py : INFO  === Evaluation Finished === 
 Fitness: [3.49993871368162, -0.007272727272727273], Collision: False
2025-07-15 Tuesday 13:18:31  random_test.py : INFO  === Evaluate Testcase === 
 def testcase(self):
    ego = NPC(lane_id=1, offset=23.435427, initial_speed=1.72352032)
    vehicle2 = NPC(lane_id=3, offset=34.27518185, initial_speed=14.07839982)
    vehicle3 = NPC(lane_id=4, offset=28.77192027, initial_speed=20.29228937)
    vehicle4 = NPC(lane_id=2, offset=15.85041334, initial_speed=2.78226)
    vehicle2.accelerate(trigger_sequence=1, target_speed=52.50097675)
    vehicle2.accelerate(trigger_sequence=2, target_speed=46.94788998)
    vehicle2.decelerate(trigger_sequence=3, target_speed=20.8853328)
    vehicle3.changeLane(trigger_sequence=3, target_lane=3, target_speed=21.07821722)
    vehicle4.accelerate(trigger_sequence=3, target_speed=32.5563207)
    vehicle3.accelerate(trigger_sequence=4, target_speed=30.63228485)
    vehicle3.changeLane(trigger_sequence=5, target_lane=3, target_speed=15.59133007)

2025-07-15 Tuesday 13:18:31  random_test.py : INFO  === Evaluation Finished === 
 Fitness: [7.000056711278102, -0.0], Collision: False
2025-07-15 Tuesday 13:18:35  random_test.py : INFO  === Evaluate Testcase === 
 def testcase(self):
    vehicle1 = NPC(lane_id=1, offset=19.59334516, initial_speed=5.91851034)
    vehicle2 = NPC(lane_id=2, offset=34.28202254, initial_speed=16.23703172)
    ego = NPC(lane_id=2, offset=34.3933318, initial_speed=30.17142201)
    vehicle4 = NPC(lane_id=2, offset=12.11388192, initial_speed=20.01398671)
    vehicle2.decelerate(trigger_sequence=1, target_speed=5.91902285)
    vehicle4.accelerate(trigger_sequence=1, target_speed=47.77250202)
    vehicle1.accelerate(trigger_sequence=2, target_speed=47.72022102)
    vehicle2.changeLane(trigger_sequence=2, target_lane=1, target_speed=15.13113625)
    vehicle1.changeLane(trigger_sequence=3, target_lane=3, target_speed=18.76510243)
    vehicle2.changeLane(trigger_sequence=3, target_lane=1, target_speed=9.0290247)
    vehicle4.accelerate(trigger_sequence=3, target_speed=51.55298743)
    vehicle2.decelerate(trigger_sequence=4, target_speed=26.47675423)
    vehicle1.accelerate(trigger_sequence=5, target_speed=50.30220653)
    vehicle4.decelerate(trigger_sequence=5, target_speed=18.7386655)

2025-07-15 Tuesday 13:18:35  random_test.py : INFO  === Evaluation Finished === 
 Fitness: [inf, 0], Collision: False
2025-07-15 Tuesday 13:18:41  random_test.py : INFO  === Evaluate Testcase === 
 def testcase(self):
    ego = NPC(lane_id=3, offset=36.24868508, initial_speed=14.06396245)
    vehicle2 = NPC(lane_id=2, offset=8.79303932, initial_speed=0.12644487)
    vehicle3 = NPC(lane_id=4, offset=21.81136842, initial_speed=25.43898803)
    vehicle2.changeLane(trigger_sequence=1, target_lane=1, target_speed=0.72956894)
    vehicle2.changeLane(trigger_sequence=4, target_lane=1, target_speed=51.93716635)
    vehicle3.changeLane(trigger_sequence=4, target_lane=1, target_speed=11.05345186)
    vehicle2.changeLane(trigger_sequence=5, target_lane=3, target_speed=12.66011344)

2025-07-15 Tuesday 13:18:41  random_test.py : INFO  === Evaluation Finished === 
 Fitness: [12.901582268151968, -0.0], Collision: False
2025-07-15 Tuesday 13:18:47  random_test.py : INFO  === Evaluate Testcase === 
 def testcase(self):
    vehicle1 = NPC(lane_id=4, offset=49.95556496, initial_speed=4.53255359)
    vehicle2 = NPC(lane_id=4, offset=8.96767863, initial_speed=9.83396404)
    vehicle3 = NPC(lane_id=4, offset=13.96100294, initial_speed=32.02284753)
    ego = NPC(lane_id=2, offset=13.14274272, initial_speed=16.44699113)
    vehicle1.changeLane(trigger_sequence=1, target_lane=3, target_speed=54.58507637)
    vehicle2.changeLane(trigger_sequence=1, target_lane=3, target_speed=53.6146042)
    vehicle3.accelerate(trigger_sequence=1, target_speed=56.9002661)
    vehicle1.changeLane(trigger_sequence=2, target_lane=3, target_speed=33.27390068)
    vehicle1.accelerate(trigger_sequence=4, target_speed=50.40928152)
    vehicle3.accelerate(trigger_sequence=4, target_speed=38.5364416)
    vehicle1.decelerate(trigger_sequence=5, target_speed=26.95666047)
    vehicle2.changeLane(trigger_sequence=5, target_lane=1, target_speed=12.88030988)
    vehicle3.decelerate(trigger_sequence=5, target_speed=5.25428646)

2025-07-15 Tuesday 13:18:47  random_test.py : INFO  === Evaluation Finished === 
 Fitness: [3.5003833753702094, -0.0], Collision: False
2025-07-15 Tuesday 13:18:50  simulate.py : INFO  Rear-end collision with vehicle 4852 ignored
2025-07-15 Tuesday 13:18:52  random_test.py : INFO  === Evaluate Testcase === 
 def testcase(self):
    vehicle1 = NPC(lane_id=5, offset=28.84320533, initial_speed=39.95023972)
    ego = NPC(lane_id=5, offset=39.0909967, initial_speed=4.59316814)
    vehicle1.accelerate(trigger_sequence=4, target_speed=33.68743194)
    vehicle1.decelerate(trigger_sequence=5, target_speed=1.60847732)

2025-07-15 Tuesday 13:18:52  random_test.py : INFO  === Evaluation Finished === 
 Fitness: [4.749775670692119, -0.008670520231213872], Collision: False
2025-07-15 Tuesday 13:18:57  random_test.py : INFO  === Evaluate Testcase === 
 def testcase(self):
    vehicle1 = NPC(lane_id=3, offset=35.62750445, initial_speed=32.96668381)
    vehicle2 = NPC(lane_id=5, offset=7.7976953, initial_speed=23.1220102)
    ego = NPC(lane_id=5, offset=37.87882407, initial_speed=17.39330845)
    vehicle1.changeLane(trigger_sequence=1, target_lane=1, target_speed=31.36019034)
    vehicle2.accelerate(trigger_sequence=1, target_speed=50.83577228)
    vehicle1.accelerate(trigger_sequence=2, target_speed=47.34443694)
    vehicle1.decelerate(trigger_sequence=3, target_speed=28.23534295)
    vehicle2.decelerate(trigger_sequence=3, target_speed=4.96228422)
    vehicle2.accelerate(trigger_sequence=5, target_speed=47.67489996)

2025-07-15 Tuesday 13:18:57  random_test.py : INFO  === Evaluation Finished === 
 Fitness: [6.992922908403555, -0.0], Collision: False
2025-07-15 Tuesday 13:19:03  random_test.py : INFO  === Evaluate Testcase === 
 def testcase(self):
    vehicle1 = NPC(lane_id=4, offset=46.60509506, initial_speed=18.38028439)
    vehicle2 = NPC(lane_id=3, offset=13.83482277, initial_speed=25.42313295)
    ego = NPC(lane_id=5, offset=19.48256985, initial_speed=5.35227713)
    vehicle1.decelerate(trigger_sequence=2, target_speed=8.53911907)
    vehicle2.changeLane(trigger_sequence=2, target_lane=3, target_speed=28.92878481)
    vehicle2.changeLane(trigger_sequence=3, target_lane=1, target_speed=32.24361423)
    vehicle2.decelerate(trigger_sequence=4, target_speed=11.03073903)
    vehicle2.decelerate(trigger_sequence=5, target_speed=0.49482338)

2025-07-15 Tuesday 13:19:03  random_test.py : INFO  === Evaluation Finished === 
 Fitness: [3.5009253319911737, -0.0], Collision: False
2025-07-15 Tuesday 13:19:08  random_test.py : INFO  === Evaluate Testcase === 
 def testcase(self):
    ego = NPC(lane_id=3, offset=39.16894213, initial_speed=37.49031034)
    vehicle2 = NPC(lane_id=2, offset=11.81909411, initial_speed=32.00770891)
    vehicle2.accelerate(trigger_sequence=1, target_speed=48.2692874)
    vehicle2.decelerate(trigger_sequence=2, target_speed=19.62771045)
    vehicle2.changeLane(trigger_sequence=3, target_lane=3, target_speed=33.22184888)
    vehicle2.decelerate(trigger_sequence=4, target_speed=10.13365351)

2025-07-15 Tuesday 13:19:08  random_test.py : INFO  === Evaluation Finished === 
 Fitness: [27.624756713961606, -0.0], Collision: False
2025-07-15 Tuesday 13:19:13  random_test.py : INFO  === Evaluate Testcase === 
 def testcase(self):
    vehicle1 = NPC(lane_id=3, offset=47.90749016, initial_speed=12.36689097)
    ego = NPC(lane_id=5, offset=10.40722707, initial_speed=39.4404483)
    vehicle3 = NPC(lane_id=2, offset=33.49524945, initial_speed=16.94140279)
    vehicle3.decelerate(trigger_sequence=2, target_speed=21.44854175)
    vehicle3.accelerate(trigger_sequence=3, target_speed=54.86939083)
    vehicle1.changeLane(trigger_sequence=4, target_lane=1, target_speed=41.67393997)
    vehicle3.accelerate(trigger_sequence=4, target_speed=57.01253035)
    vehicle1.decelerate(trigger_sequence=5, target_speed=13.0269581)
    vehicle3.decelerate(trigger_sequence=5, target_speed=0.77459214)

2025-07-15 Tuesday 13:19:13  random_test.py : INFO  === Evaluation Finished === 
 Fitness: [6.999626334262855, -0.0], Collision: False
2025-07-15 Tuesday 13:19:19  random_test.py : INFO  === Evaluate Testcase === 
 def testcase(self):
    vehicle1 = NPC(lane_id=4, offset=9.92302516, initial_speed=24.804195)
    vehicle2 = NPC(lane_id=3, offset=11.69205993, initial_speed=39.01993706)
    vehicle3 = NPC(lane_id=2, offset=3.80812051, initial_speed=14.10571559)
    ego = NPC(lane_id=2, offset=44.04033016, initial_speed=7.2193611)
    vehicle1.changeLane(trigger_sequence=1, target_lane=3, target_speed=58.74974814)
    vehicle3.accelerate(trigger_sequence=1, target_speed=51.7334001)
    vehicle3.accelerate(trigger_sequence=3, target_speed=59.49431307)
    vehicle2.accelerate(trigger_sequence=5, target_speed=55.74371217)
    vehicle3.changeLane(trigger_sequence=5, target_lane=3, target_speed=22.92766867)

2025-07-15 Tuesday 13:19:19  random_test.py : INFO  === Evaluation Finished === 
 Fitness: [3.50045192533741, -0.0], Collision: False
2025-07-15 Tuesday 13:19:25  random_test.py : INFO  === Evaluate Testcase === 
 def testcase(self):
    ego = NPC(lane_id=4, offset=15.42014747, initial_speed=34.32255997)
    vehicle2 = NPC(lane_id=5, offset=25.89700471, initial_speed=11.70266704)
    vehicle3 = NPC(lane_id=2, offset=20.28885081, initial_speed=17.32682955)
    vehicle3.accelerate(trigger_sequence=1, target_speed=38.62319385)
    vehicle2.changeLane(trigger_sequence=4, target_lane=1, target_speed=43.55768395)
    vehicle2.accelerate(trigger_sequence=5, target_speed=33.92335995)
    vehicle3.changeLane(trigger_sequence=5, target_lane=3, target_speed=22.69917694)

2025-07-15 Tuesday 13:19:25  random_test.py : INFO  === Evaluation Finished === 
 Fitness: [3.4998681982526527, -0.0], Collision: False
2025-07-15 Tuesday 13:19:30  random_test.py : INFO  === Evaluate Testcase === 
 def testcase(self):
    vehicle1 = NPC(lane_id=5, offset=37.70809208, initial_speed=16.6224934)
    ego = NPC(lane_id=3, offset=13.19136889, initial_speed=24.25026241)
    vehicle3 = NPC(lane_id=1, offset=39.96543478, initial_speed=6.80833358)
    vehicle3.decelerate(trigger_sequence=2, target_speed=29.86765272)
    vehicle3.accelerate(trigger_sequence=5, target_speed=52.35055326)

2025-07-15 Tuesday 13:19:30  random_test.py : INFO  === Evaluation Finished === 
 Fitness: [7.000243228293252, -0.0], Collision: False
2025-07-15 Tuesday 13:19:36  random_test.py : INFO  === Evaluate Testcase === 
 def testcase(self):
    vehicle1 = NPC(lane_id=1, offset=24.43735026, initial_speed=13.14514006)
    ego = NPC(lane_id=3, offset=1.71181895, initial_speed=12.35817665)
    vehicle3 = NPC(lane_id=5, offset=43.22579815, initial_speed=21.74910814)
    vehicle4 = NPC(lane_id=1, offset=30.11973011, initial_speed=31.91201329)
    vehicle1.changeLane(trigger_sequence=3, target_lane=1, target_speed=41.79826422)
    vehicle4.changeLane(trigger_sequence=3, target_lane=1, target_speed=25.6694862)
    vehicle1.decelerate(trigger_sequence=5, target_speed=9.59743933)
    vehicle4.accelerate(trigger_sequence=5, target_speed=59.09699963)

2025-07-15 Tuesday 13:19:36  random_test.py : INFO  === Evaluation Finished === 
 Fitness: [7.000156168098367, -0.0], Collision: False
2025-07-15 Tuesday 13:19:41  random_test.py : INFO  === Evaluate Testcase === 
 def testcase(self):
    ego = NPC(lane_id=3, offset=29.20129663, initial_speed=12.48492454)
    vehicle2 = NPC(lane_id=3, offset=5.61469496, initial_speed=4.51837385)
    vehicle3 = NPC(lane_id=5, offset=9.79399394, initial_speed=32.51621888)
    vehicle2.accelerate(trigger_sequence=1, target_speed=34.83566714)
    vehicle2.changeLane(trigger_sequence=2, target_lane=3, target_speed=21.58861634)
    vehicle3.accelerate(trigger_sequence=2, target_speed=51.95662651)
    vehicle2.accelerate(trigger_sequence=3, target_speed=44.12803785)
    vehicle3.changeLane(trigger_sequence=3, target_lane=1, target_speed=25.64273102)
    vehicle3.decelerate(trigger_sequence=4, target_speed=10.10801264)
    vehicle3.changeLane(trigger_sequence=5, target_lane=3, target_speed=12.85799348)

2025-07-15 Tuesday 13:19:41  random_test.py : INFO  === Evaluation Finished === 
 Fitness: [15.632838016905211, -0.0], Collision: False
2025-07-15 Tuesday 13:19:47  random_test.py : INFO  === Evaluate Testcase === 
 def testcase(self):
    vehicle1 = NPC(lane_id=2, offset=29.21665395, initial_speed=11.20625157)
    ego = NPC(lane_id=3, offset=22.44201604, initial_speed=13.69731528)
    vehicle3 = NPC(lane_id=1, offset=35.48446186, initial_speed=25.61948884)
    vehicle4 = NPC(lane_id=4, offset=5.67914582, initial_speed=2.30188881)
    vehicle3.decelerate(trigger_sequence=1, target_speed=12.83389934)
    vehicle4.changeLane(trigger_sequence=1, target_lane=3, target_speed=32.72626985)
    vehicle1.changeLane(trigger_sequence=2, target_lane=1, target_speed=4.2870939)
    vehicle4.changeLane(trigger_sequence=2, target_lane=1, target_speed=27.10105265)
    vehicle1.accelerate(trigger_sequence=5, target_speed=53.89815134)
    vehicle3.decelerate(trigger_sequence=5, target_speed=2.46253099)
    vehicle4.changeLane(trigger_sequence=5, target_lane=3, target_speed=7.50425231)

2025-07-15 Tuesday 13:19:47  random_test.py : INFO  === Evaluation Finished === 
 Fitness: [3.502098405366121, -0.0], Collision: False
2025-07-15 Tuesday 13:19:53  random_test.py : INFO  === Evaluate Testcase === 
 def testcase(self):
    vehicle1 = NPC(lane_id=4, offset=1.17813757, initial_speed=3.01131395)
    vehicle2 = NPC(lane_id=1, offset=37.09105734, initial_speed=14.92569795)
    vehicle3 = NPC(lane_id=3, offset=22.27263359, initial_speed=26.31312358)
    ego = NPC(lane_id=5, offset=2.28998771, initial_speed=2.88904263)
    vehicle3.changeLane(trigger_sequence=1, target_lane=1, target_speed=57.98505108)
    vehicle1.decelerate(trigger_sequence=2, target_speed=7.30503635)
    vehicle2.changeLane(trigger_sequence=2, target_lane=3, target_speed=9.91252806)
    vehicle3.changeLane(trigger_sequence=2, target_lane=1, target_speed=54.04678656)
    vehicle1.changeLane(trigger_sequence=4, target_lane=1, target_speed=5.30805895)
    vehicle2.decelerate(trigger_sequence=4, target_speed=1.04663604)
    vehicle2.decelerate(trigger_sequence=5, target_speed=21.63649457)
    vehicle3.accelerate(trigger_sequence=5, target_speed=37.60917307)

2025-07-15 Tuesday 13:19:53  random_test.py : INFO  === Evaluation Finished === 
 Fitness: [3.681001990212329, -0.0], Collision: False
2025-07-15 Tuesday 13:19:59  random_test.py : INFO  === Evaluate Testcase === 
 def testcase(self):
    ego = NPC(lane_id=1, offset=13.94921263, initial_speed=10.95905398)
    vehicle2 = NPC(lane_id=4, offset=9.01343347, initial_speed=18.64846963)
    vehicle2.accelerate(trigger_sequence=3, target_speed=58.62987309)
    vehicle2.changeLane(trigger_sequence=5, target_lane=3, target_speed=8.55083091)

2025-07-15 Tuesday 13:19:59  random_test.py : INFO  === Evaluation Finished === 
 Fitness: [11.191876741640499, -0.0], Collision: False
2025-07-15 Tuesday 13:20:03  random_test.py : INFO  === Evaluate Testcase === 
 def testcase(self):
    vehicle1 = NPC(lane_id=5, offset=0.60824651, initial_speed=18.58974783)
    vehicle2 = NPC(lane_id=2, offset=38.66318345, initial_speed=16.30150891)
    vehicle3 = NPC(lane_id=2, offset=38.74270777, initial_speed=26.26046835)
    ego = NPC(lane_id=2, offset=37.13899936, initial_speed=39.4349677)
    vehicle3.changeLane(trigger_sequence=1, target_lane=1, target_speed=0.56945306)
    vehicle1.decelerate(trigger_sequence=2, target_speed=26.4932256)
    vehicle3.accelerate(trigger_sequence=2, target_speed=38.03147399)
    vehicle2.decelerate(trigger_sequence=3, target_speed=26.7077635)
    vehicle3.accelerate(trigger_sequence=3, target_speed=45.13314756)
    vehicle1.accelerate(trigger_sequence=4, target_speed=51.28759923)
    vehicle1.changeLane(trigger_sequence=5, target_lane=3, target_speed=8.22496955)

2025-07-15 Tuesday 13:20:03  random_test.py : INFO  === Evaluation Finished === 
 Fitness: [inf, 0], Collision: False
2025-07-15 Tuesday 13:20:08  random_test.py : INFO  === Evaluate Testcase === 
 def testcase(self):
    vehicle1 = NPC(lane_id=4, offset=36.78816596, initial_speed=5.24697901)
    vehicle2 = NPC(lane_id=1, offset=31.32042848, initial_speed=33.72390459)
    ego = NPC(lane_id=3, offset=44.77472175, initial_speed=4.65877781)
    vehicle1.accelerate(trigger_sequence=1, target_speed=46.31003114)
    vehicle2.changeLane(trigger_sequence=1, target_lane=3, target_speed=38.38252231)
    vehicle1.accelerate(trigger_sequence=2, target_speed=36.16201428)
    vehicle1.changeLane(trigger_sequence=3, target_lane=1, target_speed=17.57335496)
    vehicle2.accelerate(trigger_sequence=3, target_speed=59.59527272)
    vehicle1.changeLane(trigger_sequence=4, target_lane=1, target_speed=15.43535715)

2025-07-15 Tuesday 13:20:08  random_test.py : INFO  === Evaluation Finished === 
 Fitness: [7.301392062351741, -0.0], Collision: False
2025-07-15 Tuesday 13:20:13  random_test.py : INFO  === Evaluate Testcase === 
 def testcase(self):
    ego = NPC(lane_id=3, offset=19.17566237, initial_speed=16.18508754)
    vehicle2 = NPC(lane_id=5, offset=12.97607918, initial_speed=6.28786588)
    vehicle2.accelerate(trigger_sequence=1, target_speed=59.767646)
    vehicle2.accelerate(trigger_sequence=2, target_speed=46.18472057)
    vehicle2.decelerate(trigger_sequence=3, target_speed=17.46881141)
    vehicle2.decelerate(trigger_sequence=4, target_speed=28.17152774)
    vehicle2.accelerate(trigger_sequence=5, target_speed=35.6779816)

2025-07-15 Tuesday 13:20:13  random_test.py : INFO  === Evaluation Finished === 
 Fitness: [9.756198342769615, -0.0], Collision: False
2025-07-15 Tuesday 13:20:19  random_test.py : INFO  === Evaluate Testcase === 
 def testcase(self):
    vehicle1 = NPC(lane_id=5, offset=31.99919582, initial_speed=13.25468493)
    ego = NPC(lane_id=2, offset=3.10076951, initial_speed=32.07907463)
    vehicle3 = NPC(lane_id=3, offset=11.52516772, initial_speed=5.00026123)
    vehicle1.decelerate(trigger_sequence=1, target_speed=20.91433835)
    vehicle3.changeLane(trigger_sequence=1, target_lane=1, target_speed=38.18906729)
    vehicle3.accelerate(trigger_sequence=2, target_speed=34.72932126)
    vehicle1.changeLane(trigger_sequence=4, target_lane=1, target_speed=10.14855302)

2025-07-15 Tuesday 13:20:19  random_test.py : INFO  === Evaluation Finished === 
 Fitness: [3.5025127273465704, -0.0], Collision: False
2025-07-15 Tuesday 13:20:24  random_test.py : INFO  === Evaluate Testcase === 
 def testcase(self):
    vehicle1 = NPC(lane_id=4, offset=47.44730824, initial_speed=4.30586346)
    vehicle2 = NPC(lane_id=3, offset=39.04647869, initial_speed=13.48586889)
    ego = NPC(lane_id=2, offset=2.01609509, initial_speed=32.52537926)
    vehicle1.decelerate(trigger_sequence=1, target_speed=22.673908)
    vehicle1.accelerate(trigger_sequence=4, target_speed=49.63264952)
    vehicle1.decelerate(trigger_sequence=5, target_speed=27.79196719)

2025-07-15 Tuesday 13:20:24  random_test.py : INFO  === Evaluation Finished === 
 Fitness: [3.502479062289447, -0.0], Collision: False
2025-07-15 Tuesday 13:20:29  random_test.py : INFO  === Evaluate Testcase === 
 def testcase(self):
    vehicle1 = NPC(lane_id=2, offset=5.05498782, initial_speed=20.95682342)
    ego = NPC(lane_id=5, offset=47.62582556, initial_speed=17.39417011)
    vehicle3 = NPC(lane_id=3, offset=11.08930526, initial_speed=1.01697097)
    vehicle1.accelerate(trigger_sequence=1, target_speed=56.79964556)
    vehicle1.accelerate(trigger_sequence=3, target_speed=45.02071553)
    vehicle1.changeLane(trigger_sequence=4, target_lane=1, target_speed=6.23503601)

2025-07-15 Tuesday 13:20:29  random_test.py : INFO  === Evaluation Finished === 
 Fitness: [38.13494094118492, -0.0], Collision: False
2025-07-15 Tuesday 13:20:33  random_test.py : INFO  === Evaluate Testcase === 
 def testcase(self):
    vehicle1 = NPC(lane_id=5, offset=45.92648946, initial_speed=1.10635189)
    ego = NPC(lane_id=5, offset=47.89240959, initial_speed=10.73980209)
    vehicle1.decelerate(trigger_sequence=4, target_speed=29.38881076)

2025-07-15 Tuesday 13:20:33  random_test.py : INFO  === Evaluation Finished === 
 Fitness: [inf, 0], Collision: False
2025-07-15 Tuesday 13:20:37  random_test.py : INFO  === Evaluate Testcase === 
 def testcase(self):
    vehicle1 = NPC(lane_id=2, offset=29.34025157, initial_speed=35.21318865)
    vehicle2 = NPC(lane_id=5, offset=25.47262102, initial_speed=15.04558725)
    ego = NPC(lane_id=2, offset=33.29432745, initial_speed=17.59571036)
    vehicle2.accelerate(trigger_sequence=1, target_speed=39.11503799)
    vehicle2.accelerate(trigger_sequence=2, target_speed=45.57187608)
    vehicle2.changeLane(trigger_sequence=3, target_lane=3, target_speed=31.29954527)
    vehicle1.changeLane(trigger_sequence=5, target_lane=1, target_speed=44.83430262)
    vehicle2.decelerate(trigger_sequence=5, target_speed=29.91238484)

2025-07-15 Tuesday 13:20:37  random_test.py : INFO  === Evaluation Finished === 
 Fitness: [inf, 0], Collision: False
2025-07-15 Tuesday 13:20:43  random_test.py : INFO  === Evaluate Testcase === 
 def testcase(self):
    vehicle1 = NPC(lane_id=4, offset=12.99633803, initial_speed=32.28646369)
    vehicle2 = NPC(lane_id=4, offset=21.04847194, initial_speed=27.58275138)
    ego = NPC(lane_id=5, offset=28.65811026, initial_speed=3.02482839)
    vehicle1.decelerate(trigger_sequence=1, target_speed=28.3867231)
    vehicle1.decelerate(trigger_sequence=3, target_speed=12.99366893)
    vehicle2.accelerate(trigger_sequence=3, target_speed=51.81460254)

2025-07-15 Tuesday 13:20:43  random_test.py : INFO  === Evaluation Finished === 
 Fitness: [3.500155727307271, -0.0], Collision: False
2025-07-15 Tuesday 13:20:48  random_test.py : INFO  === Evaluate Testcase === 
 def testcase(self):
    ego = NPC(lane_id=4, offset=35.74721793, initial_speed=22.47376034)
    vehicle2 = NPC(lane_id=3, offset=14.79692436, initial_speed=25.6250941)
    vehicle3 = NPC(lane_id=3, offset=3.62102855, initial_speed=28.95047644)
    vehicle3.decelerate(trigger_sequence=2, target_speed=22.14441182)
    vehicle2.changeLane(trigger_sequence=3, target_lane=3, target_speed=51.30861614)
    vehicle3.accelerate(trigger_sequence=5, target_speed=34.38962875)

2025-07-15 Tuesday 13:20:48  random_test.py : INFO  === Evaluation Finished === 
 Fitness: [21.04244699083931, -0.0], Collision: False
2025-07-15 Tuesday 13:20:54  random_test.py : INFO  === Evaluate Testcase === 
 def testcase(self):
    ego = NPC(lane_id=1, offset=35.0908532, initial_speed=14.45965003)
    vehicle2 = NPC(lane_id=4, offset=49.27350166, initial_speed=17.65015263)
    vehicle3 = NPC(lane_id=5, offset=32.56280917, initial_speed=38.77789213)
    vehicle4 = NPC(lane_id=5, offset=25.02802243, initial_speed=6.63559794)
    vehicle2.decelerate(trigger_sequence=1, target_speed=9.85533681)
    vehicle3.decelerate(trigger_sequence=1, target_speed=29.49416649)
    vehicle4.accelerate(trigger_sequence=1, target_speed=34.65151824)
    vehicle2.changeLane(trigger_sequence=2, target_lane=1, target_speed=15.75167828)
    vehicle4.changeLane(trigger_sequence=2, target_lane=1, target_speed=57.7938653)
    vehicle4.accelerate(trigger_sequence=3, target_speed=34.82272023)
    vehicle3.decelerate(trigger_sequence=5, target_speed=1.17154478)
    vehicle4.accelerate(trigger_sequence=5, target_speed=38.23740445)

2025-07-15 Tuesday 13:20:54  random_test.py : INFO  === Evaluation Finished === 
 Fitness: [10.500227861483378, -0.0], Collision: False
2025-07-15 Tuesday 13:20:58  random_test.py : INFO  === Evaluate Testcase === 
 def testcase(self):
    vehicle1 = NPC(lane_id=2, offset=8.90690713, initial_speed=32.38650185)
    ego = NPC(lane_id=2, offset=8.14669835, initial_speed=29.69703891)
    vehicle3 = NPC(lane_id=4, offset=13.81197008, initial_speed=1.22594544)
    vehicle1.accelerate(trigger_sequence=2, target_speed=52.94284726)
    vehicle3.accelerate(trigger_sequence=2, target_speed=55.48698811)
    vehicle3.decelerate(trigger_sequence=3, target_speed=18.44307388)
    vehicle1.changeLane(trigger_sequence=4, target_lane=3, target_speed=51.16797613)
    vehicle3.accelerate(trigger_sequence=4, target_speed=40.97872679)

2025-07-15 Tuesday 13:20:58  random_test.py : INFO  === Evaluation Finished === 
 Fitness: [inf, 0], Collision: False
2025-07-15 Tuesday 13:21:02  random_test.py : INFO  === Evaluate Testcase === 
 def testcase(self):
    ego = NPC(lane_id=3, offset=10.37072558, initial_speed=28.99277169)
    vehicle2 = NPC(lane_id=2, offset=30.2328252, initial_speed=39.32927947)
    vehicle3 = NPC(lane_id=2, offset=27.37262871, initial_speed=39.79410875)
    vehicle2.accelerate(trigger_sequence=1, target_speed=54.50747477)
    vehicle3.decelerate(trigger_sequence=1, target_speed=13.92699729)
    vehicle3.accelerate(trigger_sequence=2, target_speed=43.30171465)
    vehicle3.accelerate(trigger_sequence=3, target_speed=48.35931142)
    vehicle2.decelerate(trigger_sequence=4, target_speed=3.35722722)
    vehicle2.changeLane(trigger_sequence=5, target_lane=3, target_speed=47.96095153)

2025-07-15 Tuesday 13:21:02  random_test.py : INFO  === Evaluation Finished === 
 Fitness: [inf, 0], Collision: False
2025-07-15 Tuesday 13:21:06  random_test.py : INFO  === Evaluate Testcase === 
 def testcase(self):
    ego = NPC(lane_id=2, offset=13.04771327, initial_speed=7.89954607)
    vehicle2 = NPC(lane_id=2, offset=14.97493538, initial_speed=10.53038643)
    vehicle2.changeLane(trigger_sequence=4, target_lane=3, target_speed=15.04397967)
    vehicle2.accelerate(trigger_sequence=5, target_speed=46.54215851)

2025-07-15 Tuesday 13:21:06  random_test.py : INFO  === Evaluation Finished === 
 Fitness: [inf, 0], Collision: False
2025-07-15 Tuesday 13:21:12  random_test.py : INFO  === Evaluate Testcase === 
 def testcase(self):
    vehicle1 = NPC(lane_id=1, offset=28.3124406, initial_speed=0.57529129)
    ego = NPC(lane_id=1, offset=4.40125244, initial_speed=38.95817469)
    vehicle3 = NPC(lane_id=4, offset=6.85819755, initial_speed=12.75197792)
    vehicle3.changeLane(trigger_sequence=1, target_lane=3, target_speed=5.47013594)
    vehicle1.accelerate(trigger_sequence=2, target_speed=31.3312341)
    vehicle3.changeLane(trigger_sequence=2, target_lane=3, target_speed=39.23660084)
    vehicle1.accelerate(trigger_sequence=4, target_speed=42.99246599)
    vehicle3.changeLane(trigger_sequence=4, target_lane=1, target_speed=55.55448182)
    vehicle1.accelerate(trigger_sequence=5, target_speed=55.47991105)
    vehicle3.changeLane(trigger_sequence=5, target_lane=1, target_speed=44.73836749)

2025-07-15 Tuesday 13:21:12  random_test.py : INFO  === Evaluation Finished === 
 Fitness: [10.500441806154212, -0.007889546351084813], Collision: False
2025-07-15 Tuesday 13:21:17  random_test.py : INFO  === Evaluate Testcase === 
 def testcase(self):
    vehicle1 = NPC(lane_id=1, offset=20.32958842, initial_speed=22.25384857)
    ego = NPC(lane_id=2, offset=46.79624428, initial_speed=13.28609426)
    vehicle1.accelerate(trigger_sequence=2, target_speed=48.02768701)
    vehicle1.changeLane(trigger_sequence=3, target_lane=1, target_speed=52.34623987)

2025-07-15 Tuesday 13:21:17  random_test.py : INFO  === Evaluation Finished === 
 Fitness: [19.751229930627083, -0.0], Collision: False
2025-07-15 Tuesday 13:21:22  random_test.py : INFO  === Evaluate Testcase === 
 def testcase(self):
    ego = NPC(lane_id=3, offset=20.98292026, initial_speed=31.63264991)
    vehicle2 = NPC(lane_id=5, offset=25.49897369, initial_speed=27.61007434)
    vehicle3 = NPC(lane_id=1, offset=5.52909619, initial_speed=27.89866778)
    vehicle2.accelerate(trigger_sequence=1, target_speed=47.15177848)
    vehicle3.accelerate(trigger_sequence=1, target_speed=35.3141941)
    vehicle2.accelerate(trigger_sequence=2, target_speed=41.88798794)
    vehicle3.accelerate(trigger_sequence=2, target_speed=42.52045988)
    vehicle2.changeLane(trigger_sequence=3, target_lane=3, target_speed=27.15197543)
    vehicle3.changeLane(trigger_sequence=3, target_lane=3, target_speed=40.89991063)
    vehicle2.accelerate(trigger_sequence=4, target_speed=43.25154221)
    vehicle2.decelerate(trigger_sequence=5, target_speed=25.43179432)

2025-07-15 Tuesday 13:21:22  random_test.py : INFO  === Evaluation Finished === 
 Fitness: [3.5090629292657356, -0.0], Collision: False
2025-07-15 Tuesday 13:21:27  random_test.py : INFO  === Evaluate Testcase === 
 def testcase(self):
    ego = NPC(lane_id=1, offset=24.59810324, initial_speed=8.57623019)
    vehicle2 = NPC(lane_id=4, offset=8.24046214, initial_speed=13.14457174)
    vehicle2.decelerate(trigger_sequence=4, target_speed=18.29825373)

2025-07-15 Tuesday 13:21:27  random_test.py : INFO  === Evaluation Finished === 
 Fitness: [19.00082324172704, -0.002857142857142857], Collision: False
2025-07-15 Tuesday 13:21:32  random_test.py : INFO  === Evaluate Testcase === 
 def testcase(self):
    ego = NPC(lane_id=4, offset=34.07851089, initial_speed=8.69726016)
    vehicle2 = NPC(lane_id=3, offset=27.56236086, initial_speed=6.20417502)
    vehicle2.changeLane(trigger_sequence=1, target_lane=1, target_speed=23.6598158)
    vehicle2.decelerate(trigger_sequence=2, target_speed=12.83059036)
    vehicle2.changeLane(trigger_sequence=5, target_lane=3, target_speed=22.31139508)

2025-07-15 Tuesday 13:21:32  random_test.py : INFO  === Evaluation Finished === 
 Fitness: [7.6369467106325475, -0.002857142857142857], Collision: False
2025-07-15 Tuesday 13:21:37  random_test.py : INFO  === Evaluate Testcase === 
 def testcase(self):
    vehicle1 = NPC(lane_id=2, offset=1.51030669, initial_speed=32.08632097)
    ego = NPC(lane_id=4, offset=27.22418177, initial_speed=36.74970317)
    vehicle3 = NPC(lane_id=1, offset=21.41740522, initial_speed=16.19251737)
    vehicle3.accelerate(trigger_sequence=1, target_speed=56.6763929)
    vehicle1.accelerate(trigger_sequence=2, target_speed=49.54540738)
    vehicle1.decelerate(trigger_sequence=3, target_speed=14.31412113)
    vehicle3.decelerate(trigger_sequence=3, target_speed=3.72262639)
    vehicle1.decelerate(trigger_sequence=4, target_speed=19.88603267)
    vehicle3.decelerate(trigger_sequence=4, target_speed=11.73573766)
    vehicle3.changeLane(trigger_sequence=5, target_lane=3, target_speed=27.81716385)

2025-07-15 Tuesday 13:21:37  random_test.py : INFO  === Evaluation Finished === 
 Fitness: [12.968626858304079, -0.0], Collision: False
2025-07-15 Tuesday 13:21:43  random_test.py : INFO  === Evaluate Testcase === 
 def testcase(self):
    vehicle1 = NPC(lane_id=3, offset=30.85776548, initial_speed=19.27380572)
    vehicle2 = NPC(lane_id=5, offset=35.96571401, initial_speed=22.31813312)
    ego = NPC(lane_id=4, offset=16.23901077, initial_speed=16.09852923)
    vehicle4 = NPC(lane_id=5, offset=17.88002356, initial_speed=6.93926048)
    vehicle1.accelerate(trigger_sequence=1, target_speed=34.66554034)
    vehicle1.accelerate(trigger_sequence=2, target_speed=47.9346038)
    vehicle2.changeLane(trigger_sequence=2, target_lane=1, target_speed=46.13971934)
    vehicle4.changeLane(trigger_sequence=2, target_lane=1, target_speed=8.58609466)
    vehicle1.accelerate(trigger_sequence=3, target_speed=43.9697113)
    vehicle2.changeLane(trigger_sequence=3, target_lane=3, target_speed=17.07744821)
    vehicle1.decelerate(trigger_sequence=4, target_speed=18.08531242)
    vehicle2.decelerate(trigger_sequence=4, target_speed=23.90917172)

2025-07-15 Tuesday 13:21:43  random_test.py : INFO  === Evaluation Finished === 
 Fitness: [3.4998452833118674, -0.0], Collision: False
2025-07-15 Tuesday 13:21:48  random_test.py : INFO  === Evaluate Testcase === 
 def testcase(self):
    ego = NPC(lane_id=5, offset=32.33247955, initial_speed=1.74546926)
    vehicle2 = NPC(lane_id=2, offset=4.68742731, initial_speed=5.29634533)
    vehicle2.decelerate(trigger_sequence=2, target_speed=27.38740981)
    vehicle2.accelerate(trigger_sequence=3, target_speed=46.12625633)
    vehicle2.accelerate(trigger_sequence=4, target_speed=56.22743383)
    vehicle2.accelerate(trigger_sequence=5, target_speed=53.26075934)

2025-07-15 Tuesday 13:21:48  random_test.py : INFO  === Evaluation Finished === 
 Fitness: [29.07960495977623, -0.0], Collision: False
2025-07-15 Tuesday 13:21:54  random_test.py : INFO  === Evaluate Testcase === 
 def testcase(self):
    vehicle1 = NPC(lane_id=4, offset=41.36463545, initial_speed=14.73878707)
    vehicle2 = NPC(lane_id=5, offset=11.03365009, initial_speed=8.77740783)
    vehicle3 = NPC(lane_id=3, offset=9.55753725, initial_speed=34.99049052)
    ego = NPC(lane_id=2, offset=33.36727566, initial_speed=12.97624651)
    vehicle2.decelerate(trigger_sequence=1, target_speed=23.51653428)
    vehicle3.changeLane(trigger_sequence=2, target_lane=1, target_speed=26.73040871)
    vehicle1.changeLane(trigger_sequence=3, target_lane=1, target_speed=32.64763242)
    vehicle2.changeLane(trigger_sequence=3, target_lane=3, target_speed=27.31083946)
    vehicle3.changeLane(trigger_sequence=3, target_lane=1, target_speed=14.27151552)
    vehicle3.decelerate(trigger_sequence=4, target_speed=5.61040668)
    vehicle3.changeLane(trigger_sequence=5, target_lane=3, target_speed=42.18665185)

2025-07-15 Tuesday 13:21:54  random_test.py : INFO  === Evaluation Finished === 
 Fitness: [7.00008283775911, -0.0], Collision: False
2025-07-15 Tuesday 13:21:58  random_test.py : INFO  === Evaluate Testcase === 
 def testcase(self):
    vehicle1 = NPC(lane_id=2, offset=8.99465548, initial_speed=3.47794058)
    ego = NPC(lane_id=1, offset=27.51698429, initial_speed=10.94105039)
    vehicle3 = NPC(lane_id=2, offset=9.50437471, initial_speed=39.4049651)
    vehicle4 = NPC(lane_id=1, offset=30.67081153, initial_speed=25.19230502)
    vehicle1.accelerate(trigger_sequence=1, target_speed=53.72183856)
    vehicle3.decelerate(trigger_sequence=1, target_speed=22.30869558)
    vehicle1.accelerate(trigger_sequence=2, target_speed=33.22513375)
    vehicle4.accelerate(trigger_sequence=2, target_speed=44.17540983)
    vehicle1.changeLane(trigger_sequence=4, target_lane=3, target_speed=18.9253285)
    vehicle4.changeLane(trigger_sequence=4, target_lane=3, target_speed=31.94476645)

2025-07-15 Tuesday 13:21:58  random_test.py : INFO  === Evaluation Finished === 
 Fitness: [inf, 0], Collision: False
2025-07-15 Tuesday 13:22:03  random_test.py : INFO  === Evaluate Testcase === 
 def testcase(self):
    ego = NPC(lane_id=4, offset=29.06537455, initial_speed=28.34317719)
    vehicle2 = NPC(lane_id=5, offset=45.6419525, initial_speed=5.90494951)
    vehicle2.accelerate(trigger_sequence=1, target_speed=35.85827005)
    vehicle2.accelerate(trigger_sequence=2, target_speed=48.97547308)
    vehicle2.decelerate(trigger_sequence=4, target_speed=2.83248527)
    vehicle2.decelerate(trigger_sequence=5, target_speed=10.27913765)

2025-07-15 Tuesday 13:22:03  random_test.py : INFO  === Evaluation Finished === 
 Fitness: [3.499914644550758, -0.0], Collision: False
2025-07-15 Tuesday 13:22:09  random_test.py : INFO  === Evaluate Testcase === 
 def testcase(self):
    vehicle1 = NPC(lane_id=3, offset=26.93774302, initial_speed=27.8895592)
    vehicle2 = NPC(lane_id=2, offset=2.05472601, initial_speed=32.6852293)
    ego = NPC(lane_id=1, offset=8.41885767, initial_speed=28.76970312)
    vehicle4 = NPC(lane_id=3, offset=40.16712531, initial_speed=27.3102431)
    vehicle1.changeLane(trigger_sequence=2, target_lane=1, target_speed=56.8993595)
    vehicle2.decelerate(trigger_sequence=2, target_speed=18.33828509)
    vehicle1.accelerate(trigger_sequence=3, target_speed=35.84788713)
    vehicle1.decelerate(trigger_sequence=4, target_speed=13.42224484)
    vehicle4.changeLane(trigger_sequence=4, target_lane=3, target_speed=39.74654354)
    vehicle2.changeLane(trigger_sequence=5, target_lane=3, target_speed=20.15793735)

2025-07-15 Tuesday 13:22:09  random_test.py : INFO  === Evaluation Finished === 
 Fitness: [4.058459599842656, -0.0], Collision: False
2025-07-15 Tuesday 13:22:14  random_test.py : INFO  === Evaluate Testcase === 
 def testcase(self):
    ego = NPC(lane_id=4, offset=37.03335341, initial_speed=39.29513991)
    vehicle2 = NPC(lane_id=3, offset=29.14277016, initial_speed=23.01101972)
    vehicle2.decelerate(trigger_sequence=1, target_speed=19.35610624)
    vehicle2.decelerate(trigger_sequence=2, target_speed=3.68128861)
    vehicle2.changeLane(trigger_sequence=4, target_lane=1, target_speed=15.77943232)

2025-07-15 Tuesday 13:22:14  random_test.py : INFO  === Evaluation Finished === 
 Fitness: [9.847784973841549, -0.0], Collision: False
2025-07-15 Tuesday 13:22:21  random_test.py : INFO  === Evaluate Testcase === 
 def testcase(self):
    ego = NPC(lane_id=3, offset=19.99164262, initial_speed=1.68455343)
    vehicle2 = NPC(lane_id=3, offset=32.1848883, initial_speed=7.43590481)
    vehicle3 = NPC(lane_id=5, offset=15.82662465, initial_speed=30.76781333)
    vehicle4 = NPC(lane_id=4, offset=19.9119127, initial_speed=31.66008105)
    vehicle2.accelerate(trigger_sequence=1, target_speed=38.10145662)
    vehicle3.changeLane(trigger_sequence=1, target_lane=1, target_speed=3.63306951)
    vehicle4.accelerate(trigger_sequence=1, target_speed=32.46960048)
    vehicle2.accelerate(trigger_sequence=2, target_speed=38.48207255)
    vehicle3.accelerate(trigger_sequence=2, target_speed=41.21462453)
    vehicle4.decelerate(trigger_sequence=2, target_speed=9.81487355)
    vehicle2.changeLane(trigger_sequence=3, target_lane=3, target_speed=25.16921939)
    vehicle4.accelerate(trigger_sequence=3, target_speed=36.93076782)
    vehicle2.decelerate(trigger_sequence=4, target_speed=19.32894074)
    vehicle4.changeLane(trigger_sequence=4, target_lane=3, target_speed=1.17448245)
    vehicle2.changeLane(trigger_sequence=5, target_lane=3, target_speed=24.7152605)
    vehicle3.changeLane(trigger_sequence=5, target_lane=1, target_speed=30.48061264)

2025-07-15 Tuesday 13:22:21  random_test.py : INFO  === Evaluation Finished === 
 Fitness: [3.5003032949392323, -0.008403361344537815], Collision: False
2025-07-15 Tuesday 13:22:26  random_test.py : INFO  === Evaluate Testcase === 
 def testcase(self):
    vehicle1 = NPC(lane_id=5, offset=6.69083434, initial_speed=33.25675683)
    ego = NPC(lane_id=5, offset=28.70394679, initial_speed=38.01237645)
    vehicle3 = NPC(lane_id=4, offset=23.20814197, initial_speed=32.90045192)
    vehicle1.decelerate(trigger_sequence=3, target_speed=19.70651282)
    vehicle3.accelerate(trigger_sequence=3, target_speed=54.01252453)
    vehicle1.changeLane(trigger_sequence=4, target_lane=1, target_speed=48.31616566)
    vehicle3.decelerate(trigger_sequence=5, target_speed=11.32886251)

2025-07-15 Tuesday 13:22:26  random_test.py : INFO  === Evaluation Finished === 
 Fitness: [3.4999774417645164, -0.0], Collision: False
2025-07-15 Tuesday 13:22:32  random_test.py : INFO  === Evaluate Testcase === 
 def testcase(self):
    vehicle1 = NPC(lane_id=3, offset=18.39352878, initial_speed=37.44082836)
    vehicle2 = NPC(lane_id=5, offset=47.21516261, initial_speed=9.42991368)
    vehicle3 = NPC(lane_id=5, offset=32.06621027, initial_speed=18.9235939)
    ego = NPC(lane_id=5, offset=2.60157012, initial_speed=39.4374186)
    vehicle2.accelerate(trigger_sequence=1, target_speed=42.20879459)
    vehicle3.accelerate(trigger_sequence=1, target_speed=47.82904232)
    vehicle2.decelerate(trigger_sequence=2, target_speed=24.6289616)
    vehicle3.changeLane(trigger_sequence=4, target_lane=3, target_speed=37.01250035)
    vehicle1.changeLane(trigger_sequence=5, target_lane=3, target_speed=52.53240082)
    vehicle2.changeLane(trigger_sequence=5, target_lane=1, target_speed=47.52349096)
    vehicle3.changeLane(trigger_sequence=5, target_lane=1, target_speed=15.30541556)

2025-07-15 Tuesday 13:22:32  random_test.py : INFO  === Evaluation Finished === 
 Fitness: [13.667343797935965, -0.002680965147453083], Collision: False
2025-07-15 Tuesday 13:22:38  random_test.py : INFO  === Evaluate Testcase === 
 def testcase(self):
    vehicle1 = NPC(lane_id=2, offset=44.96062658, initial_speed=13.68687655)
    vehicle2 = NPC(lane_id=4, offset=49.73252775, initial_speed=6.11152339)
    ego = NPC(lane_id=1, offset=20.90717762, initial_speed=1.06995269)
    vehicle1.changeLane(trigger_sequence=3, target_lane=3, target_speed=16.19041057)
    vehicle2.decelerate(trigger_sequence=4, target_speed=16.40937117)

2025-07-15 Tuesday 13:22:38  random_test.py : INFO  === Evaluation Finished === 
 Fitness: [3.50080534178464, -0.0], Collision: False
2025-07-15 Tuesday 13:22:44  random_test.py : INFO  === Evaluate Testcase === 
 def testcase(self):
    vehicle1 = NPC(lane_id=2, offset=47.33378382, initial_speed=27.59753119)
    ego = NPC(lane_id=3, offset=33.99476868, initial_speed=12.85644234)
    vehicle3 = NPC(lane_id=3, offset=44.11379157, initial_speed=28.91052826)
    vehicle4 = NPC(lane_id=4, offset=12.97639585, initial_speed=33.96732985)
    vehicle1.changeLane(trigger_sequence=1, target_lane=3, target_speed=6.61218845)
    vehicle4.decelerate(trigger_sequence=1, target_speed=29.57533783)
    vehicle1.accelerate(trigger_sequence=2, target_speed=46.67827488)
    vehicle4.decelerate(trigger_sequence=2, target_speed=1.93415938)
    vehicle3.decelerate(trigger_sequence=4, target_speed=1.98019051)
    vehicle1.changeLane(trigger_sequence=5, target_lane=1, target_speed=23.87490458)
    vehicle4.accelerate(trigger_sequence=5, target_speed=37.91749052)

2025-07-15 Tuesday 13:22:44  random_test.py : INFO  === Evaluation Finished === 
 Fitness: [3.499794826417037, -0.004048582995951417], Collision: False
2025-07-15 Tuesday 13:22:49  random_test.py : INFO  === Evaluate Testcase === 
 def testcase(self):
    vehicle1 = NPC(lane_id=2, offset=41.79729516, initial_speed=32.03468823)
    ego = NPC(lane_id=1, offset=24.30633526, initial_speed=31.48687971)
    vehicle3 = NPC(lane_id=3, offset=8.5910312, initial_speed=1.38967081)
    vehicle1.accelerate(trigger_sequence=2, target_speed=34.68052902)
    vehicle3.accelerate(trigger_sequence=2, target_speed=43.01530292)
    vehicle3.accelerate(trigger_sequence=3, target_speed=32.93334231)
    vehicle1.decelerate(trigger_sequence=4, target_speed=23.40066419)
    vehicle1.decelerate(trigger_sequence=5, target_speed=13.47628685)

2025-07-15 Tuesday 13:22:49  random_test.py : INFO  === Evaluation Finished === 
 Fitness: [4.2176803356733785, -0.0], Collision: False
2025-07-15 Tuesday 13:22:54  random_test.py : INFO  === Evaluate Testcase === 
 def testcase(self):
    vehicle1 = NPC(lane_id=5, offset=3.54191866, initial_speed=7.28958917)
    ego = NPC(lane_id=2, offset=37.66461327, initial_speed=33.14480602)
    vehicle1.accelerate(trigger_sequence=1, target_speed=43.56535126)
    vehicle1.decelerate(trigger_sequence=3, target_speed=0.24910736)

2025-07-15 Tuesday 13:22:54  random_test.py : INFO  === Evaluation Finished === 
 Fitness: [36.92913009440225, -0.0], Collision: False
2025-07-15 Tuesday 13:23:00  random_test.py : INFO  === Evaluate Testcase === 
 def testcase(self):
    vehicle1 = NPC(lane_id=2, offset=37.51374913, initial_speed=0.05451133)
    ego = NPC(lane_id=5, offset=47.59030637, initial_speed=2.42093891)
    vehicle1.decelerate(trigger_sequence=1, target_speed=27.49481398)
    vehicle1.changeLane(trigger_sequence=5, target_lane=1, target_speed=9.78607864)

2025-07-15 Tuesday 13:23:00  random_test.py : INFO  === Evaluation Finished === 
 Fitness: [14.61583107736179, -0.0], Collision: False
2025-07-15 Tuesday 13:23:04  random_test.py : INFO  === Evaluate Testcase === 
 def testcase(self):
    vehicle1 = NPC(lane_id=3, offset=15.02723662, initial_speed=35.53451365)
    vehicle2 = NPC(lane_id=4, offset=49.14684267, initial_speed=18.30078286)
    ego = NPC(lane_id=2, offset=42.84878012, initial_speed=12.17181376)
    vehicle4 = NPC(lane_id=2, offset=48.07364357, initial_speed=24.58416486)
    vehicle4.accelerate(trigger_sequence=1, target_speed=49.89553933)
    vehicle1.accelerate(trigger_sequence=2, target_speed=33.61292902)
    vehicle1.changeLane(trigger_sequence=3, target_lane=3, target_speed=10.92051936)
    vehicle2.decelerate(trigger_sequence=3, target_speed=13.58203271)
    vehicle4.accelerate(trigger_sequence=3, target_speed=48.06899112)
    vehicle1.changeLane(trigger_sequence=5, target_lane=1, target_speed=16.83454017)
    vehicle2.accelerate(trigger_sequence=5, target_speed=32.44028273)
    vehicle4.decelerate(trigger_sequence=5, target_speed=7.14855717)

2025-07-15 Tuesday 13:23:04  random_test.py : INFO  === Evaluation Finished === 
 Fitness: [inf, 0], Collision: False
2025-07-15 Tuesday 13:23:08  simulate.py : INFO  Rear-end collision with vehicle 5029 ignored
2025-07-15 Tuesday 13:23:09  random_test.py : INFO  === Evaluate Testcase === 
 def testcase(self):
    vehicle1 = NPC(lane_id=4, offset=13.36281954, initial_speed=21.53281789)
    ego = NPC(lane_id=2, offset=13.71497341, initial_speed=18.56515224)
    vehicle3 = NPC(lane_id=1, offset=45.01563569, initial_speed=16.90640635)
    vehicle1.accelerate(trigger_sequence=1, target_speed=42.8907082)
    vehicle3.decelerate(trigger_sequence=1, target_speed=23.40344132)
    vehicle1.decelerate(trigger_sequence=2, target_speed=20.01728083)
    vehicle3.changeLane(trigger_sequence=4, target_lane=3, target_speed=11.27783974)
    vehicle1.decelerate(trigger_sequence=5, target_speed=1.91124608)
    vehicle3.changeLane(trigger_sequence=5, target_lane=1, target_speed=12.61595964)

2025-07-15 Tuesday 13:23:09  random_test.py : INFO  === Evaluation Finished === 
 Fitness: [3.500715190781994, -0.0], Collision: False
2025-07-15 Tuesday 13:23:15  random_test.py : INFO  === Evaluate Testcase === 
 def testcase(self):
    vehicle1 = NPC(lane_id=4, offset=42.23292121, initial_speed=17.57887113)
    ego = NPC(lane_id=3, offset=11.65196334, initial_speed=27.03928537)
    vehicle3 = NPC(lane_id=5, offset=35.37257777, initial_speed=3.4428749)
    vehicle3.changeLane(trigger_sequence=1, target_lane=1, target_speed=27.40102074)
    vehicle3.decelerate(trigger_sequence=3, target_speed=24.27215126)
    vehicle3.changeLane(trigger_sequence=4, target_lane=3, target_speed=0.60943578)
    vehicle1.accelerate(trigger_sequence=5, target_speed=41.33270401)
    vehicle3.decelerate(trigger_sequence=5, target_speed=10.04218448)

2025-07-15 Tuesday 13:23:15  random_test.py : INFO  === Evaluation Finished === 
 Fitness: [3.500501712381406, -0.0], Collision: False
2025-07-15 Tuesday 13:23:21  random_test.py : INFO  === Evaluate Testcase === 
 def testcase(self):
    vehicle1 = NPC(lane_id=2, offset=2.59891752, initial_speed=4.11709812)
    vehicle2 = NPC(lane_id=3, offset=10.9560787, initial_speed=30.53291485)
    ego = NPC(lane_id=5, offset=31.88247473, initial_speed=37.48801143)
    vehicle4 = NPC(lane_id=5, offset=2.48287151, initial_speed=16.52647438)
    vehicle1.accelerate(trigger_sequence=1, target_speed=30.380669)
    vehicle4.changeLane(trigger_sequence=2, target_lane=3, target_speed=29.372605)
    vehicle1.changeLane(trigger_sequence=3, target_lane=3, target_speed=11.09376157)
    vehicle2.decelerate(trigger_sequence=3, target_speed=24.78957403)
    vehicle1.accelerate(trigger_sequence=4, target_speed=57.79851396)
    vehicle2.decelerate(trigger_sequence=4, target_speed=24.51569646)
    vehicle4.accelerate(trigger_sequence=4, target_speed=55.05494828)
    vehicle1.accelerate(trigger_sequence=5, target_speed=43.03197376)
    vehicle2.accelerate(trigger_sequence=5, target_speed=46.05479912)
    vehicle4.accelerate(trigger_sequence=5, target_speed=39.48775535)

2025-07-15 Tuesday 13:23:21  random_test.py : INFO  === Evaluation Finished === 
 Fitness: [23.73436873810255, -0.0], Collision: False
2025-07-15 Tuesday 13:23:26  random_test.py : INFO  === Evaluate Testcase === 
 def testcase(self):
    ego = NPC(lane_id=1, offset=21.51538823, initial_speed=30.62872482)
    vehicle2 = NPC(lane_id=4, offset=31.24121727, initial_speed=23.51664978)
    vehicle2.changeLane(trigger_sequence=1, target_lane=1, target_speed=32.81249131)
    vehicle2.decelerate(trigger_sequence=2, target_speed=12.47009992)
    vehicle2.decelerate(trigger_sequence=3, target_speed=28.70879487)

2025-07-15 Tuesday 13:23:26  random_test.py : INFO  === Evaluation Finished === 
 Fitness: [10.49971127948262, -0.0], Collision: False
2025-07-15 Tuesday 13:23:32  random_test.py : INFO  === Evaluate Testcase === 
 def testcase(self):
    vehicle1 = NPC(lane_id=5, offset=8.72943433, initial_speed=33.35255809)
    ego = NPC(lane_id=3, offset=46.13694373, initial_speed=34.08252448)
    vehicle3 = NPC(lane_id=3, offset=36.29093761, initial_speed=19.55608271)
    vehicle1.accelerate(trigger_sequence=1, target_speed=30.16088011)
    vehicle1.changeLane(trigger_sequence=3, target_lane=1, target_speed=21.41574697)
    vehicle3.changeLane(trigger_sequence=4, target_lane=1, target_speed=33.85258423)
    vehicle1.accelerate(trigger_sequence=5, target_speed=49.57618275)

2025-07-15 Tuesday 13:23:32  random_test.py : INFO  === Evaluation Finished === 
 Fitness: [11.467612366944865, -0.0], Collision: False
2025-07-15 Tuesday 13:23:36  random_test.py : INFO  === Evaluate Testcase === 
 def testcase(self):
    vehicle1 = NPC(lane_id=2, offset=28.9848047, initial_speed=2.95789312)
    vehicle2 = NPC(lane_id=5, offset=24.13603102, initial_speed=35.46700234)
    vehicle3 = NPC(lane_id=5, offset=4.04359768, initial_speed=26.45786223)
    ego = NPC(lane_id=5, offset=18.87295614, initial_speed=15.12035069)
    vehicle1.decelerate(trigger_sequence=1, target_speed=3.23509269)
    vehicle2.changeLane(trigger_sequence=1, target_lane=3, target_speed=35.32389953)
    vehicle3.decelerate(trigger_sequence=1, target_speed=26.0087719)
    vehicle2.accelerate(trigger_sequence=2, target_speed=33.7189125)
    vehicle3.decelerate(trigger_sequence=2, target_speed=23.28844643)
    vehicle2.changeLane(trigger_sequence=3, target_lane=1, target_speed=39.38732388)
    vehicle3.changeLane(trigger_sequence=3, target_lane=1, target_speed=43.33955635)
    vehicle1.accelerate(trigger_sequence=4, target_speed=59.86464002)
    vehicle2.accelerate(trigger_sequence=4, target_speed=45.95000122)

2025-07-15 Tuesday 13:23:36  random_test.py : INFO  === Evaluation Finished === 
 Fitness: [inf, 0], Collision: False
2025-07-15 Tuesday 13:23:42  random_test.py : INFO  === Evaluate Testcase === 
 def testcase(self):
    vehicle1 = NPC(lane_id=5, offset=2.84768409, initial_speed=24.56665342)
    ego = NPC(lane_id=2, offset=46.5616389, initial_speed=25.46038853)
    vehicle3 = NPC(lane_id=5, offset=29.54521216, initial_speed=15.25985195)
    vehicle4 = NPC(lane_id=4, offset=30.95911252, initial_speed=1.90444807)
    vehicle4.changeLane(trigger_sequence=1, target_lane=3, target_speed=6.28418231)
    vehicle1.decelerate(trigger_sequence=2, target_speed=12.7465985)
    vehicle3.decelerate(trigger_sequence=2, target_speed=19.35729556)
    vehicle4.decelerate(trigger_sequence=3, target_speed=22.52220517)
    vehicle1.decelerate(trigger_sequence=4, target_speed=14.61706396)
    vehicle1.accelerate(trigger_sequence=5, target_speed=31.82106998)
    vehicle3.accelerate(trigger_sequence=5, target_speed=34.85802042)
    vehicle4.accelerate(trigger_sequence=5, target_speed=30.98489221)

2025-07-15 Tuesday 13:23:42  random_test.py : INFO  === Evaluation Finished === 
 Fitness: [18.70649703699433, -0.0], Collision: False
2025-07-15 Tuesday 13:23:46  random_test.py : INFO  === Evaluate Testcase === 
 def testcase(self):
    vehicle1 = NPC(lane_id=4, offset=33.88405152, initial_speed=14.07741794)
    vehicle2 = NPC(lane_id=5, offset=27.98677929, initial_speed=9.36461384)
    vehicle3 = NPC(lane_id=3, offset=21.846927, initial_speed=32.82095092)
    ego = NPC(lane_id=4, offset=37.70913957, initial_speed=24.45735839)
    vehicle1.changeLane(trigger_sequence=1, target_lane=1, target_speed=9.3957893)
    vehicle2.changeLane(trigger_sequence=1, target_lane=1, target_speed=39.77006579)
    vehicle1.changeLane(trigger_sequence=2, target_lane=1, target_speed=12.97492247)
    vehicle2.changeLane(trigger_sequence=2, target_lane=1, target_speed=17.51670145)
    vehicle3.changeLane(trigger_sequence=2, target_lane=1, target_speed=21.79961413)
    vehicle1.changeLane(trigger_sequence=3, target_lane=1, target_speed=58.96858072)
    vehicle3.changeLane(trigger_sequence=3, target_lane=3, target_speed=47.6534418)
    vehicle1.changeLane(trigger_sequence=4, target_lane=1, target_speed=29.29745149)
    vehicle2.decelerate(trigger_sequence=4, target_speed=21.88496855)
    vehicle3.changeLane(trigger_sequence=4, target_lane=1, target_speed=10.77090706)
    vehicle1.accelerate(trigger_sequence=5, target_speed=54.12404314)
    vehicle2.changeLane(trigger_sequence=5, target_lane=3, target_speed=1.13317645)

2025-07-15 Tuesday 13:23:46  random_test.py : INFO  === Evaluation Finished === 
 Fitness: [inf, 0], Collision: False
2025-07-15 Tuesday 13:23:51  random_test.py : INFO  === Evaluate Testcase === 
 def testcase(self):
    vehicle1 = NPC(lane_id=4, offset=8.48605423, initial_speed=37.59275735)
    ego = NPC(lane_id=3, offset=49.37869779, initial_speed=6.32662332)
    vehicle1.accelerate(trigger_sequence=2, target_speed=38.20288892)

2025-07-15 Tuesday 13:23:51  random_test.py : INFO  === Evaluation Finished === 
 Fitness: [23.513623744588735, -0.002840909090909091], Collision: False
2025-07-15 Tuesday 13:23:56  random_test.py : INFO  === Evaluate Testcase === 
 def testcase(self):
    ego = NPC(lane_id=1, offset=0.41384131, initial_speed=5.77278948)
    vehicle2 = NPC(lane_id=4, offset=48.95984732, initial_speed=19.3411424)
    vehicle3 = NPC(lane_id=2, offset=32.01116028, initial_speed=13.24820838)
    vehicle3.changeLane(trigger_sequence=1, target_lane=3, target_speed=44.5395948)
    vehicle3.changeLane(trigger_sequence=2, target_lane=3, target_speed=42.42692955)
    vehicle2.accelerate(trigger_sequence=3, target_speed=36.01808865)
    vehicle3.changeLane(trigger_sequence=3, target_lane=1, target_speed=16.18894521)
    vehicle2.accelerate(trigger_sequence=5, target_speed=43.47886796)
    vehicle3.decelerate(trigger_sequence=5, target_speed=13.6584329)

2025-07-15 Tuesday 13:23:56  random_test.py : INFO  === Evaluation Finished === 
 Fitness: [3.500406742210498, -0.0], Collision: False
2025-07-15 Tuesday 13:24:01  random_test.py : INFO  === Evaluate Testcase === 
 def testcase(self):
    ego = NPC(lane_id=3, offset=35.18061817, initial_speed=0.70561464)
    vehicle2 = NPC(lane_id=2, offset=25.07516941, initial_speed=13.66923337)
    vehicle2.accelerate(trigger_sequence=1, target_speed=55.5761215)
    vehicle2.accelerate(trigger_sequence=2, target_speed=39.96130842)

2025-07-15 Tuesday 13:24:01  random_test.py : INFO  === Evaluation Finished === 
 Fitness: [8.23172083192575, -0.0], Collision: False
2025-07-15 Tuesday 13:24:07  random_test.py : INFO  === Evaluate Testcase === 
 def testcase(self):
    ego = NPC(lane_id=3, offset=32.10994012, initial_speed=39.77004948)
    vehicle2 = NPC(lane_id=5, offset=1.32972428, initial_speed=4.47502445)
    vehicle3 = NPC(lane_id=3, offset=21.22817666, initial_speed=7.72470292)
    vehicle2.accelerate(trigger_sequence=1, target_speed=39.09842159)
    vehicle2.changeLane(trigger_sequence=2, target_lane=3, target_speed=35.06145228)
    vehicle3.changeLane(trigger_sequence=2, target_lane=1, target_speed=9.5519603)
    vehicle2.accelerate(trigger_sequence=3, target_speed=51.33021304)
    vehicle3.changeLane(trigger_sequence=4, target_lane=1, target_speed=50.510526)

2025-07-15 Tuesday 13:24:07  random_test.py : INFO  === Evaluation Finished === 
 Fitness: [12.983595559411054, -0.0], Collision: False
2025-07-15 Tuesday 13:24:13  random_test.py : INFO  === Evaluate Testcase === 
 def testcase(self):
    vehicle1 = NPC(lane_id=3, offset=30.58296218, initial_speed=35.78023206)
    ego = NPC(lane_id=2, offset=27.49336998, initial_speed=14.41374281)
    vehicle3 = NPC(lane_id=2, offset=41.68154966, initial_speed=12.73367699)
    vehicle4 = NPC(lane_id=1, offset=13.89358596, initial_speed=7.14053342)
    vehicle4.changeLane(trigger_sequence=1, target_lane=1, target_speed=59.77668023)
    vehicle1.accelerate(trigger_sequence=2, target_speed=58.79824706)
    vehicle3.changeLane(trigger_sequence=2, target_lane=1, target_speed=58.29879466)
    vehicle3.decelerate(trigger_sequence=3, target_speed=19.20574329)
    vehicle4.decelerate(trigger_sequence=3, target_speed=15.21140926)
    vehicle1.decelerate(trigger_sequence=4, target_speed=21.02625939)
    vehicle4.decelerate(trigger_sequence=5, target_speed=21.77520803)

2025-07-15 Tuesday 13:24:13  random_test.py : INFO  === Evaluation Finished === 
 Fitness: [5.012381885738885, -0.0], Collision: False
2025-07-15 Tuesday 13:24:19  random_test.py : INFO  === Evaluate Testcase === 
 def testcase(self):
    vehicle1 = NPC(lane_id=5, offset=46.19468953, initial_speed=17.90065171)
    ego = NPC(lane_id=4, offset=32.10659047, initial_speed=20.9416128)
    vehicle3 = NPC(lane_id=2, offset=40.21206834, initial_speed=11.85852899)
    vehicle1.changeLane(trigger_sequence=1, target_lane=3, target_speed=18.30620108)
    vehicle3.accelerate(trigger_sequence=3, target_speed=44.19143587)
    vehicle3.decelerate(trigger_sequence=5, target_speed=24.84035609)

2025-07-15 Tuesday 13:24:19  random_test.py : INFO  === Evaluation Finished === 
 Fitness: [3.5021477981988243, -0.0], Collision: False
2025-07-15 Tuesday 13:24:24  random_test.py : INFO  === Evaluate Testcase === 
 def testcase(self):
    vehicle1 = NPC(lane_id=1, offset=35.84749612, initial_speed=22.25304103)
    vehicle2 = NPC(lane_id=5, offset=28.49874083, initial_speed=2.35311639)
    vehicle3 = NPC(lane_id=4, offset=3.76281054, initial_speed=9.6112716)
    ego = NPC(lane_id=2, offset=22.95586449, initial_speed=15.92085437)
    vehicle2.changeLane(trigger_sequence=2, target_lane=1, target_speed=45.85555776)
    vehicle3.changeLane(trigger_sequence=2, target_lane=3, target_speed=9.09487392)
    vehicle2.changeLane(trigger_sequence=3, target_lane=1, target_speed=59.84499106)
    vehicle2.decelerate(trigger_sequence=4, target_speed=15.16877872)
    vehicle1.changeLane(trigger_sequence=5, target_lane=1, target_speed=17.64124268)
    vehicle3.accelerate(trigger_sequence=5, target_speed=33.08128385)

2025-07-15 Tuesday 13:24:24  random_test.py : INFO  === Evaluation Finished === 
 Fitness: [3.5000408047959457, -0.0], Collision: False
2025-07-15 Tuesday 13:24:30  random_test.py : INFO  === Evaluate Testcase === 
 def testcase(self):
    ego = NPC(lane_id=1, offset=35.21652247, initial_speed=0.45227557)
    vehicle2 = NPC(lane_id=3, offset=1.38916652, initial_speed=14.32538624)
    vehicle2.decelerate(trigger_sequence=4, target_speed=11.14562031)

2025-07-15 Tuesday 13:24:30  random_test.py : INFO  === Evaluation Finished === 
 Fitness: [31.748103440600875, -0.0], Collision: False
2025-07-15 Tuesday 13:24:35  random_test.py : INFO  === Evaluate Testcase === 
 def testcase(self):
    vehicle1 = NPC(lane_id=5, offset=9.53633923, initial_speed=26.96661926)
    ego = NPC(lane_id=2, offset=11.01873947, initial_speed=34.71121533)
    vehicle3 = NPC(lane_id=1, offset=24.59603285, initial_speed=18.69413085)
    vehicle4 = NPC(lane_id=5, offset=20.63393888, initial_speed=0.9613983)
    vehicle1.decelerate(trigger_sequence=2, target_speed=15.03750854)
    vehicle1.changeLane(trigger_sequence=3, target_lane=3, target_speed=37.55029311)
    vehicle3.decelerate(trigger_sequence=4, target_speed=19.0537926)
    vehicle4.decelerate(trigger_sequence=4, target_speed=15.96622395)
    vehicle4.changeLane(trigger_sequence=5, target_lane=3, target_speed=37.2162981)

2025-07-15 Tuesday 13:24:35  random_test.py : INFO  === Evaluation Finished === 
 Fitness: [3.500234571382831, -0.0], Collision: False
2025-07-15 Tuesday 13:24:39  simulate.py : INFO  Rear-end collision with vehicle 5092 ignored
2025-07-15 Tuesday 13:24:40  random_test.py : INFO  === Evaluate Testcase === 
 def testcase(self):
    ego = NPC(lane_id=1, offset=38.28782522, initial_speed=32.94008995)
    vehicle2 = NPC(lane_id=1, offset=13.76540235, initial_speed=29.50871701)
    vehicle2.accelerate(trigger_sequence=4, target_speed=57.19196056)

2025-07-15 Tuesday 13:24:40  random_test.py : INFO  === Evaluation Finished === 
 Fitness: [4.748520434462176, -0.0060790273556231], Collision: False
2025-07-15 Tuesday 13:24:46  random_test.py : INFO  === Evaluate Testcase === 
 def testcase(self):
    ego = NPC(lane_id=3, offset=16.24281219, initial_speed=22.77172789)
    vehicle2 = NPC(lane_id=3, offset=28.0861802, initial_speed=12.16450598)
    vehicle3 = NPC(lane_id=4, offset=11.72105643, initial_speed=21.05658851)
    vehicle2.accelerate(trigger_sequence=1, target_speed=42.91783457)
    vehicle2.decelerate(trigger_sequence=2, target_speed=10.23258686)
    vehicle3.changeLane(trigger_sequence=2, target_lane=1, target_speed=15.66788428)
    vehicle2.changeLane(trigger_sequence=4, target_lane=1, target_speed=19.31326954)
    vehicle2.changeLane(trigger_sequence=5, target_lane=3, target_speed=29.77034664)
    vehicle3.changeLane(trigger_sequence=5, target_lane=1, target_speed=16.33812974)

2025-07-15 Tuesday 13:24:46  random_test.py : INFO  === Evaluation Finished === 
 Fitness: [3.5013812215991087, -0.004705882352941176], Collision: False
2025-07-15 Tuesday 13:24:52  random_test.py : INFO  === Evaluate Testcase === 
 def testcase(self):
    ego = NPC(lane_id=2, offset=46.77124786, initial_speed=31.31650281)
    vehicle2 = NPC(lane_id=5, offset=28.78275135, initial_speed=9.69884908)
    vehicle3 = NPC(lane_id=3, offset=4.9661836, initial_speed=20.81062566)
    vehicle4 = NPC(lane_id=4, offset=46.29469722, initial_speed=29.28913939)
    vehicle2.changeLane(trigger_sequence=1, target_lane=3, target_speed=0.58626065)
    vehicle4.changeLane(trigger_sequence=1, target_lane=3, target_speed=17.72467275)
    vehicle2.accelerate(trigger_sequence=2, target_speed=43.33043561)
    vehicle2.decelerate(trigger_sequence=4, target_speed=12.87654035)
    vehicle3.accelerate(trigger_sequence=4, target_speed=48.39931589)
    vehicle2.decelerate(trigger_sequence=5, target_speed=11.96971059)

2025-07-15 Tuesday 13:24:52  random_test.py : INFO  === Evaluation Finished === 
 Fitness: [7.3590165147814375, -0.0], Collision: False
2025-07-15 Tuesday 13:24:57  random_test.py : INFO  === Evaluate Testcase === 
 def testcase(self):
    ego = NPC(lane_id=4, offset=25.19909398, initial_speed=37.73807673)
    vehicle2 = NPC(lane_id=2, offset=1.01406538, initial_speed=33.93876859)
    vehicle2.accelerate(trigger_sequence=1, target_speed=43.63961548)
    vehicle2.changeLane(trigger_sequence=2, target_lane=1, target_speed=1.42730319)
    vehicle2.decelerate(trigger_sequence=3, target_speed=23.86746503)
    vehicle2.changeLane(trigger_sequence=4, target_lane=3, target_speed=28.5542825)

2025-07-15 Tuesday 13:24:57  random_test.py : INFO  === Evaluation Finished === 
 Fitness: [26.23464372557114, -0.0], Collision: False
2025-07-15 Tuesday 13:25:03  random_test.py : INFO  === Evaluate Testcase === 
 def testcase(self):
    vehicle1 = NPC(lane_id=4, offset=3.1309577, initial_speed=11.4894997)
    ego = NPC(lane_id=5, offset=24.66458615, initial_speed=6.60750074)
    vehicle3 = NPC(lane_id=4, offset=13.63144909, initial_speed=5.225318)
    vehicle1.changeLane(trigger_sequence=1, target_lane=1, target_speed=18.75305438)
    vehicle3.decelerate(trigger_sequence=1, target_speed=13.33384103)
    vehicle1.changeLane(trigger_sequence=2, target_lane=3, target_speed=0.88419142)
    vehicle3.accelerate(trigger_sequence=2, target_speed=36.96123482)
    vehicle1.accelerate(trigger_sequence=3, target_speed=59.81846454)
    vehicle1.decelerate(trigger_sequence=4, target_speed=12.72132157)
    vehicle3.accelerate(trigger_sequence=4, target_speed=47.89091739)
    vehicle1.decelerate(trigger_sequence=5, target_speed=5.39472371)

2025-07-15 Tuesday 13:25:03  random_test.py : INFO  === Evaluation Finished === 
 Fitness: [11.853272764629322, -0.0], Collision: False
2025-07-15 Tuesday 13:25:09  random_test.py : INFO  === Evaluate Testcase === 
 def testcase(self):
    vehicle1 = NPC(lane_id=5, offset=28.20716111, initial_speed=4.57921621)
    vehicle2 = NPC(lane_id=1, offset=7.34733499, initial_speed=28.87392595)
    ego = NPC(lane_id=1, offset=48.80687233, initial_speed=12.10326673)
    vehicle4 = NPC(lane_id=5, offset=7.42590342, initial_speed=3.89559482)
    vehicle1.changeLane(trigger_sequence=1, target_lane=3, target_speed=40.67664505)
    vehicle4.changeLane(trigger_sequence=1, target_lane=3, target_speed=42.19879332)
    vehicle1.changeLane(trigger_sequence=2, target_lane=1, target_speed=14.3500513)
    vehicle2.accelerate(trigger_sequence=2, target_speed=57.59111283)
    vehicle2.changeLane(trigger_sequence=3, target_lane=3, target_speed=27.53997257)
    vehicle4.accelerate(trigger_sequence=3, target_speed=48.74854626)
    vehicle4.accelerate(trigger_sequence=4, target_speed=30.86702589)
    vehicle2.changeLane(trigger_sequence=5, target_lane=3, target_speed=48.55947107)

2025-07-15 Tuesday 13:25:09  random_test.py : INFO  === Evaluation Finished === 
 Fitness: [25.451648813598492, -0.0], Collision: False
2025-07-15 Tuesday 13:25:13  random_test.py : INFO  === Evaluate Testcase === 
 def testcase(self):
    ego = NPC(lane_id=4, offset=43.06526389, initial_speed=7.54261108)
    vehicle2 = NPC(lane_id=4, offset=47.01613275, initial_speed=23.77101531)
    vehicle2.accelerate(trigger_sequence=1, target_speed=57.04974544)
    vehicle2.accelerate(trigger_sequence=4, target_speed=31.10214447)

2025-07-15 Tuesday 13:25:13  random_test.py : INFO  === Evaluation Finished === 
 Fitness: [inf, 0], Collision: False
2025-07-15 Tuesday 13:25:18  random_test.py : INFO  === Evaluate Testcase === 
 def testcase(self):
    vehicle1 = NPC(lane_id=1, offset=0.98918065, initial_speed=29.52941013)
    ego = NPC(lane_id=1, offset=39.96529227, initial_speed=12.32557056)
    vehicle1.decelerate(trigger_sequence=1, target_speed=20.93987906)
    vehicle1.changeLane(trigger_sequence=4, target_lane=3, target_speed=37.62802037)

2025-07-15 Tuesday 13:25:18  random_test.py : INFO  === Evaluation Finished === 
 Fitness: [34.6638899851006, -0.0], Collision: False
2025-07-15 Tuesday 13:25:24  random_test.py : INFO  === Evaluate Testcase === 
 def testcase(self):
    vehicle1 = NPC(lane_id=1, offset=15.68946076, initial_speed=23.44872093)
    vehicle2 = NPC(lane_id=5, offset=49.72798769, initial_speed=31.42754587)
    ego = NPC(lane_id=2, offset=42.85958271, initial_speed=24.69060508)
    vehicle1.decelerate(trigger_sequence=1, target_speed=3.21697022)
    vehicle2.changeLane(trigger_sequence=2, target_lane=1, target_speed=13.77783614)
    vehicle2.changeLane(trigger_sequence=5, target_lane=1, target_speed=40.47323702)

2025-07-15 Tuesday 13:25:24  random_test.py : INFO  === Evaluation Finished === 
 Fitness: [10.500361212358687, -0.0], Collision: False
2025-07-15 Tuesday 13:25:29  random_test.py : INFO  === Evaluate Testcase === 
 def testcase(self):
    ego = NPC(lane_id=3, offset=6.38257791, initial_speed=31.77464405)
    vehicle2 = NPC(lane_id=2, offset=32.44811195, initial_speed=2.37513217)
    vehicle2.decelerate(trigger_sequence=1, target_speed=2.52855307)
    vehicle2.decelerate(trigger_sequence=3, target_speed=1.40571548)
    vehicle2.changeLane(trigger_sequence=4, target_lane=3, target_speed=14.01903962)

2025-07-15 Tuesday 13:25:29  random_test.py : INFO  === Evaluation Finished === 
 Fitness: [3.5083121226558123, -0.0], Collision: False
2025-07-15 Tuesday 13:25:34  random_test.py : INFO  === Evaluate Testcase === 
 def testcase(self):
    ego = NPC(lane_id=1, offset=23.07273902, initial_speed=24.43450861)
    vehicle2 = NPC(lane_id=5, offset=30.17828173, initial_speed=34.70893788)
    vehicle2.changeLane(trigger_sequence=3, target_lane=3, target_speed=31.02158579)
    vehicle2.decelerate(trigger_sequence=4, target_speed=24.79915851)
    vehicle2.accelerate(trigger_sequence=5, target_speed=36.44521565)

2025-07-15 Tuesday 13:25:34  random_test.py : INFO  === Evaluation Finished === 
 Fitness: [7.78854568466772, -0.0], Collision: False
2025-07-15 Tuesday 13:25:39  random_test.py : INFO  === Evaluate Testcase === 
 def testcase(self):
    ego = NPC(lane_id=2, offset=32.52519796, initial_speed=35.43983432)
    vehicle2 = NPC(lane_id=1, offset=6.28553305, initial_speed=29.93737205)
    vehicle2.decelerate(trigger_sequence=5, target_speed=6.53813929)

2025-07-15 Tuesday 13:25:39  random_test.py : INFO  === Evaluation Finished === 
 Fitness: [27.52273596493819, -0.0], Collision: False
2025-07-15 Tuesday 13:25:43  simulate.py : INFO  Rear-end collision with vehicle 5133 ignored
2025-07-15 Tuesday 13:25:45  random_test.py : INFO  === Evaluate Testcase === 
 def testcase(self):
    ego = NPC(lane_id=3, offset=26.0678359, initial_speed=34.27134884)
    vehicle2 = NPC(lane_id=5, offset=43.43727352, initial_speed=16.9915972)
    vehicle3 = NPC(lane_id=3, offset=3.68085608, initial_speed=39.2431782)
    vehicle4 = NPC(lane_id=5, offset=37.44704131, initial_speed=10.18416044)
    vehicle3.decelerate(trigger_sequence=1, target_speed=16.78512169)
    vehicle2.changeLane(trigger_sequence=3, target_lane=3, target_speed=50.88176656)
    vehicle4.decelerate(trigger_sequence=3, target_speed=5.1441595)
    vehicle4.decelerate(trigger_sequence=4, target_speed=22.40925087)
    vehicle4.accelerate(trigger_sequence=5, target_speed=33.62347156)

2025-07-15 Tuesday 13:25:45  random_test.py : INFO  === Evaluation Finished === 
 Fitness: [3.8952467970331637, -0.006430868167202572], Collision: False
2025-07-15 Tuesday 13:25:49  random_test.py : INFO  === Evaluate Testcase === 
 def testcase(self):
    vehicle1 = NPC(lane_id=4, offset=45.86583366, initial_speed=12.52360471)
    vehicle2 = NPC(lane_id=1, offset=24.99359979, initial_speed=33.47488317)
    vehicle3 = NPC(lane_id=5, offset=43.09997001, initial_speed=22.69383284)
    ego = NPC(lane_id=5, offset=41.36132357, initial_speed=14.55227743)
    vehicle2.changeLane(trigger_sequence=1, target_lane=3, target_speed=19.65165188)
    vehicle3.accelerate(trigger_sequence=1, target_speed=46.47708265)
    vehicle3.decelerate(trigger_sequence=2, target_speed=15.73742889)
    vehicle3.changeLane(trigger_sequence=3, target_lane=1, target_speed=24.42799646)
    vehicle1.accelerate(trigger_sequence=5, target_speed=36.81567626)
    vehicle2.decelerate(trigger_sequence=5, target_speed=1.65948057)

2025-07-15 Tuesday 13:25:49  random_test.py : INFO  === Evaluation Finished === 
 Fitness: [inf, 0], Collision: False
2025-07-15 Tuesday 13:25:55  random_test.py : INFO  === Evaluate Testcase === 
 def testcase(self):
    vehicle1 = NPC(lane_id=2, offset=8.52583432, initial_speed=0.82875707)
    ego = NPC(lane_id=2, offset=0.23040421, initial_speed=31.45240594)
    vehicle3 = NPC(lane_id=2, offset=20.67582519, initial_speed=27.75487729)
    vehicle4 = NPC(lane_id=2, offset=41.00087738, initial_speed=34.98360005)
    vehicle3.accelerate(trigger_sequence=2, target_speed=33.79434727)
    vehicle3.accelerate(trigger_sequence=3, target_speed=51.02160275)
    vehicle1.accelerate(trigger_sequence=4, target_speed=46.93279427)
    vehicle3.accelerate(trigger_sequence=4, target_speed=45.75182654)
    vehicle4.decelerate(trigger_sequence=4, target_speed=6.74101772)
    vehicle1.accelerate(trigger_sequence=5, target_speed=53.3223471)
    vehicle3.changeLane(trigger_sequence=5, target_lane=3, target_speed=52.99024258)

2025-07-15 Tuesday 13:25:55  random_test.py : INFO  === Evaluation Finished === 
 Fitness: [4.386108309290144, -0.006711409395973154], Collision: True
2025-07-15 Tuesday 13:25:55  random_test.py : INFO  === Find a coollision ===
2025-07-15 Tuesday 13:26:01  random_test.py : INFO  === Evaluate Testcase === 
 def testcase(self):
    vehicle1 = NPC(lane_id=1, offset=33.46286851, initial_speed=18.11040516)
    ego = NPC(lane_id=1, offset=17.35166435, initial_speed=32.14300845)
    vehicle3 = NPC(lane_id=3, offset=31.96715736, initial_speed=33.87695952)
    vehicle4 = NPC(lane_id=2, offset=2.36763864, initial_speed=39.68079433)
    vehicle1.decelerate(trigger_sequence=2, target_speed=5.78335454)
    vehicle3.changeLane(trigger_sequence=2, target_lane=3, target_speed=52.6019559)
    vehicle4.accelerate(trigger_sequence=2, target_speed=56.91170956)
    vehicle3.accelerate(trigger_sequence=3, target_speed=52.38726864)
    vehicle4.changeLane(trigger_sequence=3, target_lane=1, target_speed=19.58733678)
    vehicle3.decelerate(trigger_sequence=4, target_speed=22.62604663)
    vehicle4.changeLane(trigger_sequence=5, target_lane=1, target_speed=27.7415471)

2025-07-15 Tuesday 13:26:01  random_test.py : INFO  === Evaluation Finished === 
 Fitness: [3.49905691525427, -0.006666666666666667], Collision: False
2025-07-15 Tuesday 13:26:06  random_test.py : INFO  === Evaluate Testcase === 
 def testcase(self):
    vehicle1 = NPC(lane_id=3, offset=12.58923728, initial_speed=4.16425454)
    ego = NPC(lane_id=2, offset=21.37527794, initial_speed=31.6758097)
    vehicle1.decelerate(trigger_sequence=2, target_speed=20.93414704)

2025-07-15 Tuesday 13:26:06  random_test.py : INFO  === Evaluation Finished === 
 Fitness: [10.642973681169591, -0.0], Collision: False
2025-07-15 Tuesday 13:26:11  random_test.py : INFO  === Evaluate Testcase === 
 def testcase(self):
    ego = NPC(lane_id=2, offset=29.81123714, initial_speed=10.01720951)
    vehicle2 = NPC(lane_id=1, offset=12.28458584, initial_speed=4.82855671)
    vehicle2.decelerate(trigger_sequence=1, target_speed=15.89230578)
    vehicle2.decelerate(trigger_sequence=2, target_speed=11.6774307)
    vehicle2.accelerate(trigger_sequence=3, target_speed=53.9658163)
    vehicle2.accelerate(trigger_sequence=4, target_speed=44.91367724)
    vehicle2.accelerate(trigger_sequence=5, target_speed=38.33349496)

2025-07-15 Tuesday 13:26:11  random_test.py : INFO  === Evaluation Finished === 
 Fitness: [18.214618865682827, -0.0028653295128939827], Collision: False
2025-07-15 Tuesday 13:26:17  random_test.py : INFO  === Evaluate Testcase === 
 def testcase(self):
    vehicle1 = NPC(lane_id=1, offset=14.04303362, initial_speed=21.79080025)
    ego = NPC(lane_id=5, offset=24.7466533, initial_speed=4.12822393)
    vehicle3 = NPC(lane_id=2, offset=36.02337778, initial_speed=17.19934264)
    vehicle1.accelerate(trigger_sequence=3, target_speed=59.81496305)
    vehicle3.changeLane(trigger_sequence=3, target_lane=3, target_speed=55.71223099)
    vehicle3.decelerate(trigger_sequence=4, target_speed=27.77731276)
    vehicle1.decelerate(trigger_sequence=5, target_speed=21.84137049)
    vehicle3.accelerate(trigger_sequence=5, target_speed=32.97255643)

2025-07-15 Tuesday 13:26:17  random_test.py : INFO  === Evaluation Finished === 
 Fitness: [6.999920611551345, -0.0], Collision: False
2025-07-15 Tuesday 13:26:23  random_test.py : INFO  === Evaluate Testcase === 
 def testcase(self):
    vehicle1 = NPC(lane_id=4, offset=32.40910295, initial_speed=10.7825892)
    vehicle2 = NPC(lane_id=3, offset=39.45170639, initial_speed=12.24002367)
    vehicle3 = NPC(lane_id=3, offset=48.27105973, initial_speed=0.65926922)
    ego = NPC(lane_id=1, offset=19.44789014, initial_speed=18.7207081)
    vehicle1.changeLane(trigger_sequence=1, target_lane=1, target_speed=20.31721418)
    vehicle2.changeLane(trigger_sequence=1, target_lane=3, target_speed=21.22929925)
    vehicle3.decelerate(trigger_sequence=1, target_speed=2.67914525)
    vehicle3.decelerate(trigger_sequence=2, target_speed=2.75567051)
    vehicle1.changeLane(trigger_sequence=4, target_lane=1, target_speed=40.89558)
    vehicle3.decelerate(trigger_sequence=4, target_speed=18.48891709)
    vehicle1.decelerate(trigger_sequence=5, target_speed=26.87907301)
    vehicle2.decelerate(trigger_sequence=5, target_speed=0.15856026)

2025-07-15 Tuesday 13:26:23  random_test.py : INFO  === Evaluation Finished === 
 Fitness: [7.001215056521585, -0.0], Collision: False
2025-07-15 Tuesday 13:26:28  random_test.py : INFO  === Evaluate Testcase === 
 def testcase(self):
    ego = NPC(lane_id=3, offset=15.33528159, initial_speed=35.73163613)
    vehicle2 = NPC(lane_id=5, offset=18.20297166, initial_speed=1.85321696)
    vehicle3 = NPC(lane_id=4, offset=18.566486, initial_speed=2.42350049)
    vehicle4 = NPC(lane_id=1, offset=15.31314763, initial_speed=1.02781043)
    vehicle3.changeLane(trigger_sequence=1, target_lane=1, target_speed=0.10829398)
    vehicle4.accelerate(trigger_sequence=1, target_speed=31.383799)
    vehicle2.decelerate(trigger_sequence=2, target_speed=29.80681686)
    vehicle3.decelerate(trigger_sequence=2, target_speed=9.78999858)
    vehicle2.accelerate(trigger_sequence=3, target_speed=37.54459716)
    vehicle2.decelerate(trigger_sequence=4, target_speed=7.11293394)
    vehicle3.decelerate(trigger_sequence=4, target_speed=24.9557677)
    vehicle4.accelerate(trigger_sequence=4, target_speed=44.18905881)
    vehicle4.changeLane(trigger_sequence=5, target_lane=1, target_speed=34.11646108)

2025-07-15 Tuesday 13:26:28  random_test.py : INFO  === Evaluation Finished === 
 Fitness: [3.509661736256656, -0.0], Collision: False
