Random第二次实验 basic
2025-04-22 Tuesday 15:30:05  random_test.py : INFO  === Evaluate Testcase ===
 def testcase(self):
    ego = NPC(lane_id=2, offset=25.27151061, initial_speed=30.56252745)
    vehicle2 = NPC(lane_id=3, offset=5.2366202, initial_speed=13.07562541)
    vehicle2.accelerate(trigger_sequence=1, target_speed=35.67775946)
    vehicle2.changeLane(trigger_sequence=2, target_lane=3, target_speed=47.2212108)
    vehicle2.accelerate(trigger_sequence=4, target_speed=40.92167552)

2025-04-22 Tuesday 15:30:05  random_test.py : INFO  === Evaluation Finished === 
 Fitness: [3.5001223748443473, -0.40608228980322003], Collision: False
2025-04-22 Tuesday 15:30:25  random_test.py : INFO  === Evaluate Testcase === 
 def testcase(self):
    vehicle1 = NPC(lane_id=3, offset=22.12995583, initial_speed=36.142228)
    ego = NPC(lane_id=5, offset=46.36362216, initial_speed=25.51408334)
    vehicle1.decelerate(trigger_sequence=1, target_speed=7.7509327)
    vehicle1.accelerate(trigger_sequence=3, target_speed=48.82440737)

2025-04-22 Tuesday 15:30:25  random_test.py : INFO  === Evaluation Finished === 
 Fitness: [7.000280813818171, -0.5026548672566372], Collision: False
2025-04-22 Tuesday 15:30:44  random_test.py : INFO  === Evaluate Testcase === 
 def testcase(self):
    vehicle1 = NPC(lane_id=1, offset=48.54312125, initial_speed=9.82055443)
    vehicle2 = NPC(lane_id=5, offset=19.29239182, initial_speed=8.92399704)
    ego = NPC(lane_id=4, offset=2.04537732, initial_speed=36.86528008)
    vehicle4 = NPC(lane_id=2, offset=39.80411636, initial_speed=25.92715571)
    vehicle1.decelerate(trigger_sequence=1, target_speed=13.1801519)
    vehicle1.accelerate(trigger_sequence=2, target_speed=37.84472252)
    vehicle4.accelerate(trigger_sequence=2, target_speed=42.6565918)
    vehicle4.accelerate(trigger_sequence=3, target_speed=43.26264866)
    vehicle1.changeLane(trigger_sequence=4, target_lane=1, target_speed=44.91308582)
    vehicle2.decelerate(trigger_sequence=4, target_speed=16.26269857)
    vehicle1.changeLane(trigger_sequence=5, target_lane=3, target_speed=38.6496558)
    vehicle4.accelerate(trigger_sequence=5, target_speed=56.04037112)

2025-04-22 Tuesday 15:30:44  random_test.py : INFO  === Evaluation Finished === 
 Fitness: [3.500984104441323, -0.27636363636363637], Collision: False
2025-04-22 Tuesday 15:31:04  random_test.py : INFO  === Evaluate Testcase === 
 def testcase(self):
    ego = NPC(lane_id=3, offset=33.33990029, initial_speed=16.17722775)
    vehicle2 = NPC(lane_id=5, offset=21.54725848, initial_speed=21.8666974)
    vehicle2.changeLane(trigger_sequence=2, target_lane=3, target_speed=32.70078595)
    vehicle2.accelerate(trigger_sequence=3, target_speed=55.58463866)
    vehicle2.decelerate(trigger_sequence=5, target_speed=6.33227169)

2025-04-22 Tuesday 15:31:04  random_test.py : INFO  === Evaluation Finished === 
 Fitness: [7.000518096746057, -0.02348993288590604], Collision: False
2025-04-22 Tuesday 15:31:26  random_test.py : INFO  === Evaluate Testcase === 
 def testcase(self):
    vehicle1 = NPC(lane_id=2, offset=15.50558959, initial_speed=16.75485324)
    ego = NPC(lane_id=1, offset=12.92081971, initial_speed=6.88971309)
    vehicle3 = NPC(lane_id=3, offset=36.76433711, initial_speed=18.72440738)
    vehicle4 = NPC(lane_id=5, offset=16.58615837, initial_speed=28.28247896)
    vehicle1.accelerate(trigger_sequence=1, target_speed=48.75129773)
    vehicle3.changeLane(trigger_sequence=1, target_lane=1, target_speed=31.76826785)
    vehicle4.changeLane(trigger_sequence=1, target_lane=3, target_speed=48.93266541)
    vehicle3.decelerate(trigger_sequence=2, target_speed=26.06675446)
    vehicle4.accelerate(trigger_sequence=2, target_speed=51.75091915)
    vehicle3.decelerate(trigger_sequence=3, target_speed=13.44031001)
    vehicle1.changeLane(trigger_sequence=4, target_lane=3, target_speed=28.49444993)
    vehicle4.accelerate(trigger_sequence=4, target_speed=57.43465689)
    vehicle1.decelerate(trigger_sequence=5, target_speed=22.3205069)
    vehicle3.changeLane(trigger_sequence=5, target_lane=1, target_speed=43.14280312)

2025-04-22 Tuesday 15:31:26  random_test.py : INFO  === Evaluation Finished === 
 Fitness: [4.8053938615138145, -0.03691275167785235], Collision: False
2025-04-22 Tuesday 15:31:47  random_test.py : INFO  === Evaluate Testcase === 
 def testcase(self):
    ego = NPC(lane_id=4, offset=18.15685204, initial_speed=8.98453034)
    vehicle2 = NPC(lane_id=2, offset=34.11892411, initial_speed=12.76311058)
    vehicle3 = NPC(lane_id=3, offset=40.12201654, initial_speed=20.9363499)
    vehicle2.decelerate(trigger_sequence=2, target_speed=25.78942805)
    vehicle3.decelerate(trigger_sequence=2, target_speed=3.13463548)
    vehicle3.changeLane(trigger_sequence=3, target_lane=3, target_speed=33.23471966)
    vehicle2.changeLane(trigger_sequence=4, target_lane=1, target_speed=13.00712619)
    vehicle3.changeLane(trigger_sequence=4, target_lane=3, target_speed=51.71558201)
    vehicle2.accelerate(trigger_sequence=5, target_speed=31.75434643)

2025-04-22 Tuesday 15:31:47  random_test.py : INFO  === Evaluation Finished === 
 Fitness: [17.751102088954394, -0.035], Collision: False
2025-04-22 Tuesday 15:32:06  random_test.py : INFO  === Evaluate Testcase === 
 def testcase(self):
    vehicle1 = NPC(lane_id=1, offset=6.29776505, initial_speed=3.72969844)
    ego = NPC(lane_id=5, offset=23.05800513, initial_speed=20.93661595)
    vehicle3 = NPC(lane_id=4, offset=3.2980111, initial_speed=4.4733085)
    vehicle1.accelerate(trigger_sequence=1, target_speed=50.81483478)
    vehicle3.accelerate(trigger_sequence=2, target_speed=41.26002834)
    vehicle3.decelerate(trigger_sequence=4, target_speed=2.57278173)
    vehicle1.changeLane(trigger_sequence=5, target_lane=1, target_speed=59.91761386)
    vehicle3.decelerate(trigger_sequence=5, target_speed=9.64078324)

2025-04-22 Tuesday 15:32:06  random_test.py : INFO  === Evaluation Finished === 
 Fitness: [13.999443291544159, -0.5975609756097561], Collision: False
2025-04-22 Tuesday 15:32:25  random_test.py : INFO  === Evaluate Testcase === 
 def testcase(self):
    vehicle1 = NPC(lane_id=3, offset=13.52481957, initial_speed=37.00025914)
    ego = NPC(lane_id=1, offset=43.3179139, initial_speed=7.25185129)
    vehicle1.decelerate(trigger_sequence=1, target_speed=16.155167)
    vehicle1.decelerate(trigger_sequence=2, target_speed=14.30187328)
    vehicle1.changeLane(trigger_sequence=3, target_lane=3, target_speed=39.41624923)
    vehicle1.changeLane(trigger_sequence=4, target_lane=1, target_speed=45.26070152)

2025-04-22 Tuesday 15:32:25  random_test.py : INFO  === Evaluation Finished === 
 Fitness: [7.00357786057123, -0.03833333333333333], Collision: False
2025-04-22 Tuesday 15:32:46  random_test.py : INFO  === Evaluate Testcase === 
 def testcase(self):
    vehicle1 = NPC(lane_id=4, offset=45.94671098, initial_speed=18.86636626)
    ego = NPC(lane_id=4, offset=21.10648781, initial_speed=39.35948689)
    vehicle3 = NPC(lane_id=1, offset=4.09305962, initial_speed=11.5527334)
    vehicle3.accelerate(trigger_sequence=1, target_speed=57.09555848)
    vehicle1.accelerate(trigger_sequence=2, target_speed=55.22910881)
    vehicle3.accelerate(trigger_sequence=3, target_speed=49.85682825)
    vehicle1.changeLane(trigger_sequence=4, target_lane=1, target_speed=33.13443772)
    vehicle1.decelerate(trigger_sequence=5, target_speed=20.84985879)

2025-04-22 Tuesday 15:32:46  random_test.py : INFO  === Evaluation Finished === 
 Fitness: [10.500286136757769, -0.3510054844606947], Collision: False
2025-04-22 Tuesday 15:33:08  random_test.py : INFO  === Evaluate Testcase === 
 def testcase(self):
    vehicle1 = NPC(lane_id=5, offset=49.63560149, initial_speed=19.42650317)
    ego = NPC(lane_id=4, offset=16.11854124, initial_speed=12.30889278)
    vehicle3 = NPC(lane_id=5, offset=9.41110452, initial_speed=33.63016015)
    vehicle4 = NPC(lane_id=3, offset=30.17858476, initial_speed=36.29459444)
    vehicle4.accelerate(trigger_sequence=1, target_speed=36.28778418)
    vehicle1.changeLane(trigger_sequence=2, target_lane=1, target_speed=57.52519336)
    vehicle1.decelerate(trigger_sequence=3, target_speed=1.97517855)
    vehicle3.changeLane(trigger_sequence=3, target_lane=1, target_speed=17.36505598)
    vehicle4.changeLane(trigger_sequence=3, target_lane=1, target_speed=42.75870713)
    vehicle1.decelerate(trigger_sequence=4, target_speed=0.96918597)
    vehicle3.decelerate(trigger_sequence=4, target_speed=28.34201798)
    vehicle3.decelerate(trigger_sequence=5, target_speed=24.68884084)

2025-04-22 Tuesday 15:33:08  random_test.py : INFO  === Evaluation Finished === 
 Fitness: [3.516076957904115, -0.03166666666666667], Collision: False
2025-04-22 Tuesday 15:33:30  random_test.py : INFO  === Evaluate Testcase === 
 def testcase(self):
    vehicle1 = NPC(lane_id=5, offset=29.76612066, initial_speed=39.83158977)
    ego = NPC(lane_id=3, offset=20.20470429, initial_speed=13.52698663)
    vehicle3 = NPC(lane_id=5, offset=42.28834633, initial_speed=22.86740548)
    vehicle1.changeLane(trigger_sequence=1, target_lane=1, target_speed=9.31822263)
    vehicle1.decelerate(trigger_sequence=2, target_speed=17.48798569)
    vehicle3.accelerate(trigger_sequence=2, target_speed=48.89762651)
    vehicle1.decelerate(trigger_sequence=3, target_speed=4.08242135)
    vehicle1.changeLane(trigger_sequence=5, target_lane=3, target_speed=46.4591439)
    vehicle3.accelerate(trigger_sequence=5, target_speed=38.37934904)

2025-04-22 Tuesday 15:33:30  random_test.py : INFO  === Evaluation Finished === 
 Fitness: [12.764408353095666, -0.026755852842809364], Collision: False
2025-04-22 Tuesday 15:33:51  random_test.py : INFO  === Evaluate Testcase === 
 def testcase(self):
    ego = NPC(lane_id=4, offset=16.78044379, initial_speed=11.79593476)
    vehicle2 = NPC(lane_id=3, offset=10.40199045, initial_speed=35.40699348)
    vehicle2.decelerate(trigger_sequence=2, target_speed=17.84514505)
    vehicle2.decelerate(trigger_sequence=3, target_speed=6.67553218)
    vehicle2.decelerate(trigger_sequence=5, target_speed=6.81827719)

2025-04-22 Tuesday 15:33:51  random_test.py : INFO  === Evaluation Finished === 
 Fitness: [3.4913470570164327, -0.021739130434782608], Collision: False
2025-04-22 Tuesday 15:34:12  random_test.py : INFO  === Evaluate Testcase === 
 def testcase(self):
    vehicle1 = NPC(lane_id=3, offset=44.51528359, initial_speed=35.45984601)
    ego = NPC(lane_id=2, offset=18.6656197, initial_speed=15.40612508)
    vehicle1.accelerate(trigger_sequence=4, target_speed=34.3399444)
    vehicle1.changeLane(trigger_sequence=5, target_lane=1, target_speed=42.2056542)

2025-04-22 Tuesday 15:34:12  random_test.py : INFO  === Evaluation Finished === 
 Fitness: [26.574848091582783, -0.018456375838926176], Collision: False
2025-04-22 Tuesday 15:34:34  random_test.py : INFO  === Evaluate Testcase === 
 def testcase(self):
    ego = NPC(lane_id=1, offset=48.21922211, initial_speed=16.66459236)
    vehicle2 = NPC(lane_id=5, offset=4.51609019, initial_speed=37.65260756)
    vehicle3 = NPC(lane_id=1, offset=3.57775289, initial_speed=25.35999614)
    vehicle4 = NPC(lane_id=3, offset=4.06962921, initial_speed=25.3767283)
    vehicle2.accelerate(trigger_sequence=1, target_speed=32.28373996)
    vehicle2.decelerate(trigger_sequence=2, target_speed=9.8249724)
    vehicle4.changeLane(trigger_sequence=2, target_lane=1, target_speed=54.42921171)
    vehicle2.accelerate(trigger_sequence=3, target_speed=57.72165644)
    vehicle2.decelerate(trigger_sequence=4, target_speed=3.86319558)
    vehicle4.changeLane(trigger_sequence=4, target_lane=3, target_speed=1.30550835)
    vehicle2.changeLane(trigger_sequence=5, target_lane=3, target_speed=40.41730955)
    vehicle3.decelerate(trigger_sequence=5, target_speed=5.23515424)

2025-04-22 Tuesday 15:34:34  random_test.py : INFO  === Evaluation Finished === 
 Fitness: [3.507189673209424, -0.04482758620689655], Collision: True
2025-04-22 Tuesday 15:34:34  random_test.py : INFO  === Find a coollision ===
2025-04-22 Tuesday 15:34:55  random_test.py : INFO  === Evaluate Testcase === 
 def testcase(self):
    vehicle1 = NPC(lane_id=2, offset=1.10600265, initial_speed=23.37277843)
    vehicle2 = NPC(lane_id=5, offset=18.79383819, initial_speed=23.20049851)
    ego = NPC(lane_id=1, offset=15.28561682, initial_speed=34.20116506)
    vehicle4 = NPC(lane_id=2, offset=29.39544793, initial_speed=12.89972305)
    vehicle1.accelerate(trigger_sequence=2, target_speed=54.06833754)
    vehicle4.decelerate(trigger_sequence=2, target_speed=19.53848505)
    vehicle2.changeLane(trigger_sequence=3, target_lane=3, target_speed=49.84947246)
    vehicle1.changeLane(trigger_sequence=4, target_lane=3, target_speed=27.24640134)
    vehicle4.accelerate(trigger_sequence=5, target_speed=47.06751861)

2025-04-22 Tuesday 15:34:55  random_test.py : INFO  === Evaluation Finished === 
 Fitness: [3.5007709400226945, -0.3303249097472924], Collision: False
2025-04-22 Tuesday 15:35:17  random_test.py : INFO  === Evaluate Testcase === 
 def testcase(self):
    vehicle1 = NPC(lane_id=2, offset=11.3023281, initial_speed=15.61406088)
    ego = NPC(lane_id=5, offset=14.9826146, initial_speed=12.25887836)
    vehicle1.decelerate(trigger_sequence=1, target_speed=26.82784269)
    vehicle1.decelerate(trigger_sequence=2, target_speed=21.9859376)
    vehicle1.decelerate(trigger_sequence=4, target_speed=24.79181923)
    vehicle1.changeLane(trigger_sequence=5, target_lane=1, target_speed=41.51322825)

2025-04-22 Tuesday 15:35:17  random_test.py : INFO  === Evaluation Finished === 
 Fitness: [10.491603174162002, -0.030100334448160536], Collision: False
2025-04-22 Tuesday 15:35:22  random_test.py : INFO  === Evaluate Testcase === 
 def testcase(self):
    ego = NPC(lane_id=4, offset=47.05949953, initial_speed=6.65895673)
    vehicle2 = NPC(lane_id=4, offset=49.13914941, initial_speed=13.81319752)
    vehicle2.accelerate(trigger_sequence=2, target_speed=41.29462228)
    vehicle2.accelerate(trigger_sequence=3, target_speed=37.60944874)

2025-04-22 Tuesday 15:35:22  random_test.py : INFO  === Evaluation Finished === 
 Fitness: [inf, 0], Collision: False
2025-04-22 Tuesday 15:35:43  random_test.py : INFO  === Evaluate Testcase === 
 def testcase(self):
    ego = NPC(lane_id=1, offset=41.56354388, initial_speed=36.33352026)
    vehicle2 = NPC(lane_id=1, offset=30.30697055, initial_speed=15.44702676)
    vehicle2.changeLane(trigger_sequence=2, target_lane=1, target_speed=53.56009062)
    vehicle2.changeLane(trigger_sequence=4, target_lane=3, target_speed=41.25692334)
    vehicle2.accelerate(trigger_sequence=5, target_speed=39.99384144)

2025-04-22 Tuesday 15:35:43  random_test.py : INFO  === Evaluation Finished === 
 Fitness: [8.016676343584189, -0.29945553539019965], Collision: False
2025-04-22 Tuesday 15:36:03  random_test.py : INFO  === Evaluate Testcase === 
 def testcase(self):
    vehicle1 = NPC(lane_id=5, offset=12.23424919, initial_speed=30.88053959)
    ego = NPC(lane_id=3, offset=18.56566635, initial_speed=0.70875301)
    vehicle3 = NPC(lane_id=2, offset=6.41435094, initial_speed=32.69674496)
    vehicle3.accelerate(trigger_sequence=4, target_speed=45.53866752)
    vehicle1.accelerate(trigger_sequence=5, target_speed=33.92125867)
    vehicle3.changeLane(trigger_sequence=5, target_lane=3, target_speed=55.00534944)

2025-04-22 Tuesday 15:36:03  random_test.py : INFO  === Evaluation Finished === 
 Fitness: [3.4946624655775835, -0.6380471380471381], Collision: False
2025-04-22 Tuesday 15:36:08  random_test.py : INFO  === Evaluate Testcase === 
 def testcase(self):
    vehicle1 = NPC(lane_id=3, offset=21.68276708, initial_speed=15.83552904)
    vehicle2 = NPC(lane_id=5, offset=26.39828122, initial_speed=27.49421482)
    ego = NPC(lane_id=3, offset=25.28212177, initial_speed=11.44729188)
    vehicle1.decelerate(trigger_sequence=1, target_speed=21.53574175)
    vehicle2.decelerate(trigger_sequence=1, target_speed=1.20585835)
    vehicle1.accelerate(trigger_sequence=2, target_speed=58.07988818)
    vehicle2.accelerate(trigger_sequence=4, target_speed=58.54413514)
    vehicle1.accelerate(trigger_sequence=5, target_speed=52.83027416)

2025-04-22 Tuesday 15:36:08  random_test.py : INFO  === Evaluation Finished === 
 Fitness: [inf, 0], Collision: False
2025-04-22 Tuesday 15:36:29  random_test.py : INFO  === Evaluate Testcase === 
 def testcase(self):
    vehicle1 = NPC(lane_id=5, offset=14.14266505, initial_speed=0.69935603)
    ego = NPC(lane_id=3, offset=15.22999775, initial_speed=16.79555325)
    vehicle3 = NPC(lane_id=4, offset=12.20884768, initial_speed=15.41195844)
    vehicle4 = NPC(lane_id=1, offset=24.92623492, initial_speed=33.77128467)
    vehicle3.accelerate(trigger_sequence=1, target_speed=30.54711353)
    vehicle1.accelerate(trigger_sequence=2, target_speed=45.69232256)
    vehicle3.changeLane(trigger_sequence=2, target_lane=1, target_speed=48.40508429)
    vehicle4.accelerate(trigger_sequence=3, target_speed=47.10848445)
    vehicle1.accelerate(trigger_sequence=4, target_speed=54.39068535)
    vehicle3.decelerate(trigger_sequence=4, target_speed=10.08560019)

2025-04-22 Tuesday 15:36:29  random_test.py : INFO  === Evaluation Finished === 
 Fitness: [3.500948741701215, -0.017271157167530225], Collision: False
2025-04-22 Tuesday 15:36:51  random_test.py : INFO  === Evaluate Testcase === 
 def testcase(self):
    ego = NPC(lane_id=4, offset=27.5144257, initial_speed=14.65570642)
    vehicle2 = NPC(lane_id=5, offset=49.98725662, initial_speed=36.08059019)
    vehicle3 = NPC(lane_id=2, offset=46.33917919, initial_speed=28.47947328)
    vehicle4 = NPC(lane_id=1, offset=38.31531704, initial_speed=0.36036961)
    vehicle2.accelerate(trigger_sequence=1, target_speed=57.85724407)
    vehicle3.accelerate(trigger_sequence=1, target_speed=40.74116983)
    vehicle2.decelerate(trigger_sequence=2, target_speed=1.28709687)
    vehicle3.decelerate(trigger_sequence=3, target_speed=16.32070293)
    vehicle4.accelerate(trigger_sequence=3, target_speed=54.47034453)
    vehicle3.accelerate(trigger_sequence=4, target_speed=52.55531242)
    vehicle4.decelerate(trigger_sequence=4, target_speed=10.50452733)
    vehicle3.decelerate(trigger_sequence=5, target_speed=18.00122268)

2025-04-22 Tuesday 15:36:51  random_test.py : INFO  === Evaluation Finished === 
 Fitness: [10.498520635571575, -0.02337228714524207], Collision: False
2025-04-22 Tuesday 15:37:11  random_test.py : INFO  === Evaluate Testcase === 
 def testcase(self):
    ego = NPC(lane_id=2, offset=18.23173831, initial_speed=9.99072854)
    vehicle2 = NPC(lane_id=2, offset=1.53492615, initial_speed=17.38746352)
    vehicle2.decelerate(trigger_sequence=2, target_speed=19.2665995)
    vehicle2.changeLane(trigger_sequence=4, target_lane=3, target_speed=59.37667867)
    vehicle2.changeLane(trigger_sequence=5, target_lane=3, target_speed=25.56520763)

2025-04-22 Tuesday 15:37:11  random_test.py : INFO  === Evaluation Finished === 
 Fitness: [3.3436764498795117, -0.18363939899833054], Collision: True
2025-04-22 Tuesday 15:37:11  random_test.py : INFO  === Find a coollision ===
2025-04-22 Tuesday 15:37:16  random_test.py : INFO  === Evaluate Testcase === 
 def testcase(self):
    ego = NPC(lane_id=2, offset=2.22811119, initial_speed=36.39517865)
    vehicle2 = NPC(lane_id=5, offset=25.13809929, initial_speed=2.31310442)
    vehicle3 = NPC(lane_id=2, offset=0.76196477, initial_speed=32.82947971)
    vehicle3.changeLane(trigger_sequence=4, target_lane=3, target_speed=20.14560897)
    vehicle3.accelerate(trigger_sequence=5, target_speed=41.2227484)

2025-04-22 Tuesday 15:37:16  random_test.py : INFO  === Evaluation Finished === 
 Fitness: [inf, 0], Collision: False
2025-04-22 Tuesday 15:37:36  random_test.py : INFO  === Evaluate Testcase === 
 def testcase(self):
    ego = NPC(lane_id=5, offset=29.32840742, initial_speed=31.8611697)
    vehicle2 = NPC(lane_id=4, offset=24.44544615, initial_speed=6.45870008)
    vehicle2.accelerate(trigger_sequence=3, target_speed=58.44396457)

2025-04-22 Tuesday 15:37:36  random_test.py : INFO  === Evaluation Finished === 
 Fitness: [5.1515971061563475, -0.3770197486535009], Collision: False
2025-04-22 Tuesday 15:37:57  random_test.py : INFO  === Evaluate Testcase === 
 def testcase(self):
    vehicle1 = NPC(lane_id=5, offset=48.59865467, initial_speed=35.92679662)
    vehicle2 = NPC(lane_id=4, offset=11.33364752, initial_speed=5.75326032)
    vehicle3 = NPC(lane_id=5, offset=15.18795184, initial_speed=14.61106983)
    ego = NPC(lane_id=3, offset=43.97189772, initial_speed=35.60139698)
    vehicle1.decelerate(trigger_sequence=1, target_speed=6.7143915)
    vehicle2.accelerate(trigger_sequence=1, target_speed=39.70389391)
    vehicle1.accelerate(trigger_sequence=2, target_speed=44.93211869)
    vehicle3.decelerate(trigger_sequence=3, target_speed=7.58576084)
    vehicle1.changeLane(trigger_sequence=4, target_lane=1, target_speed=32.97870212)
    vehicle2.accelerate(trigger_sequence=4, target_speed=54.27827562)
    vehicle1.changeLane(trigger_sequence=5, target_lane=1, target_speed=39.81821507)
    vehicle3.accelerate(trigger_sequence=5, target_speed=38.69018647)

2025-04-22 Tuesday 15:37:57  random_test.py : INFO  === Evaluation Finished === 
 Fitness: [1.9114627035032674, -0.3496376811594203], Collision: True
2025-04-22 Tuesday 15:37:57  random_test.py : INFO  === Find a coollision ===
2025-04-22 Tuesday 15:38:19  random_test.py : INFO  === Evaluate Testcase === 
 def testcase(self):
    vehicle1 = NPC(lane_id=3, offset=12.62925002, initial_speed=25.90759427)
    ego = NPC(lane_id=2, offset=18.84490172, initial_speed=3.13673032)
    vehicle3 = NPC(lane_id=4, offset=6.35585563, initial_speed=26.02488073)
    vehicle3.decelerate(trigger_sequence=1, target_speed=22.18216107)
    vehicle1.changeLane(trigger_sequence=2, target_lane=1, target_speed=6.90424595)
    vehicle3.changeLane(trigger_sequence=2, target_lane=1, target_speed=57.91823496)
    vehicle1.changeLane(trigger_sequence=5, target_lane=3, target_speed=4.87542724)

2025-04-22 Tuesday 15:38:19  random_test.py : INFO  === Evaluation Finished === 
 Fitness: [3.5127827417403026, -0.5445378151260504], Collision: False
2025-04-22 Tuesday 15:38:39  random_test.py : INFO  === Evaluate Testcase === 
 def testcase(self):
    vehicle1 = NPC(lane_id=2, offset=0.9700587, initial_speed=38.41881517)
    ego = NPC(lane_id=4, offset=36.37301262, initial_speed=17.51314639)
    vehicle1.changeLane(trigger_sequence=5, target_lane=1, target_speed=33.57176221)

2025-04-22 Tuesday 15:38:39  random_test.py : INFO  === Evaluation Finished === 
 Fitness: [6.999564625437315, -0.16062176165803108], Collision: False
2025-04-22 Tuesday 15:39:00  random_test.py : INFO  === Evaluate Testcase === 
 def testcase(self):
    ego = NPC(lane_id=1, offset=47.94363035, initial_speed=27.36346975)
    vehicle2 = NPC(lane_id=3, offset=28.53160777, initial_speed=9.87180351)
    vehicle3 = NPC(lane_id=1, offset=1.87571353, initial_speed=10.59614704)
    vehicle2.accelerate(trigger_sequence=2, target_speed=47.9744539)
    vehicle2.accelerate(trigger_sequence=4, target_speed=58.28203654)
    vehicle3.decelerate(trigger_sequence=4, target_speed=7.91608194)
    vehicle3.decelerate(trigger_sequence=5, target_speed=22.69599515)

2025-04-22 Tuesday 15:39:00  random_test.py : INFO  === Evaluation Finished === 
 Fitness: [6.999946688048957, -0.4849023090586146], Collision: False
2025-04-22 Tuesday 15:39:21  random_test.py : INFO  === Evaluate Testcase === 
 def testcase(self):
    vehicle1 = NPC(lane_id=3, offset=33.72327006, initial_speed=33.01534568)
    ego = NPC(lane_id=3, offset=2.09680565, initial_speed=39.54749892)
    vehicle1.decelerate(trigger_sequence=1, target_speed=12.5293851)
    vehicle1.decelerate(trigger_sequence=3, target_speed=5.18758896)

2025-04-22 Tuesday 15:39:21  random_test.py : INFO  === Evaluation Finished === 
 Fitness: [8.981811777477597, -0.3315018315018315], Collision: False
2025-04-22 Tuesday 15:39:42  random_test.py : INFO  === Evaluate Testcase === 
 def testcase(self):
    ego = NPC(lane_id=4, offset=24.31544428, initial_speed=37.29464989)
    vehicle2 = NPC(lane_id=5, offset=39.46201704, initial_speed=7.00955485)
    vehicle3 = NPC(lane_id=4, offset=19.49551506, initial_speed=7.44006865)
    vehicle2.changeLane(trigger_sequence=1, target_lane=3, target_speed=11.11227504)
    vehicle2.accelerate(trigger_sequence=2, target_speed=40.6227265)
    vehicle3.decelerate(trigger_sequence=2, target_speed=11.33052573)
    vehicle3.changeLane(trigger_sequence=5, target_lane=3, target_speed=30.05524696)

2025-04-22 Tuesday 15:39:42  random_test.py : INFO  === Evaluation Finished === 
 Fitness: [3.5005249909421456, -0.27075812274368233], Collision: True
2025-04-22 Tuesday 15:39:42  random_test.py : INFO  === Find a coollision ===
2025-04-22 Tuesday 15:40:03  random_test.py : INFO  === Evaluate Testcase === 
 def testcase(self):
    vehicle1 = NPC(lane_id=4, offset=27.79997199, initial_speed=29.67214233)
    ego = NPC(lane_id=3, offset=32.61699286, initial_speed=26.95428991)
    vehicle1.accelerate(trigger_sequence=1, target_speed=48.95172311)
    vehicle1.accelerate(trigger_sequence=4, target_speed=49.52688208)

2025-04-22 Tuesday 15:40:03  random_test.py : INFO  === Evaluation Finished === 
 Fitness: [3.5097510808477907, -0.4955595026642984], Collision: False
2025-04-22 Tuesday 15:40:24  random_test.py : INFO  === Evaluate Testcase === 
 def testcase(self):
    vehicle1 = NPC(lane_id=3, offset=5.1751207, initial_speed=33.31510381)
    ego = NPC(lane_id=4, offset=24.85780892, initial_speed=26.9028029)
    vehicle1.accelerate(trigger_sequence=1, target_speed=41.33629392)
    vehicle1.accelerate(trigger_sequence=2, target_speed=48.52589076)
    vehicle1.accelerate(trigger_sequence=3, target_speed=50.63732092)
    vehicle1.accelerate(trigger_sequence=5, target_speed=43.48972236)

2025-04-22 Tuesday 15:40:24  random_test.py : INFO  === Evaluation Finished === 
 Fitness: [3.5009226388183516, -0.4706927175843694], Collision: False
2025-04-22 Tuesday 15:40:45  random_test.py : INFO  === Evaluate Testcase === 
 def testcase(self):
    vehicle1 = NPC(lane_id=4, offset=16.87984867, initial_speed=6.22196504)
    ego = NPC(lane_id=2, offset=30.460625, initial_speed=24.98840448)
    vehicle1.changeLane(trigger_sequence=1, target_lane=1, target_speed=55.18691192)
    vehicle1.changeLane(trigger_sequence=2, target_lane=3, target_speed=25.16696379)

2025-04-22 Tuesday 15:40:45  random_test.py : INFO  === Evaluation Finished === 
 Fitness: [0.7794512134883479, -0.6130742049469965], Collision: True
2025-04-22 Tuesday 15:40:45  random_test.py : INFO  === Find a coollision ===
2025-04-22 Tuesday 15:40:50  random_test.py : INFO  === Evaluate Testcase === 
 def testcase(self):
    vehicle1 = NPC(lane_id=5, offset=15.20773427, initial_speed=9.00077273)
    vehicle2 = NPC(lane_id=3, offset=5.49736398, initial_speed=35.75115582)
    ego = NPC(lane_id=3, offset=9.46304227, initial_speed=0.51889441)
    vehicle4 = NPC(lane_id=3, offset=43.29464317, initial_speed=2.08571175)
    vehicle1.accelerate(trigger_sequence=1, target_speed=56.12261617)
    vehicle4.accelerate(trigger_sequence=1, target_speed=35.95009915)
    vehicle1.decelerate(trigger_sequence=2, target_speed=13.23224517)
    vehicle2.changeLane(trigger_sequence=2, target_lane=1, target_speed=31.87394873)
    vehicle4.accelerate(trigger_sequence=2, target_speed=58.07853379)
    vehicle1.decelerate(trigger_sequence=3, target_speed=22.6619887)
    vehicle1.accelerate(trigger_sequence=4, target_speed=44.40512273)
    vehicle4.changeLane(trigger_sequence=4, target_lane=1, target_speed=2.57954408)
    vehicle1.accelerate(trigger_sequence=5, target_speed=35.31668075)
    vehicle2.accelerate(trigger_sequence=5, target_speed=30.77367431)
    vehicle4.accelerate(trigger_sequence=5, target_speed=41.3707514)

2025-04-22 Tuesday 15:40:50  random_test.py : INFO  === Evaluation Finished === 
 Fitness: [inf, 0], Collision: False
2025-04-22 Tuesday 15:41:11  random_test.py : INFO  === Evaluate Testcase === 
 def testcase(self):
    ego = NPC(lane_id=2, offset=18.18722791, initial_speed=14.60496934)
    vehicle2 = NPC(lane_id=2, offset=32.33865578, initial_speed=7.30899277)
    vehicle3 = NPC(lane_id=4, offset=6.5836356, initial_speed=5.25243527)
    vehicle4 = NPC(lane_id=1, offset=11.01644556, initial_speed=13.15968349)
    vehicle4.changeLane(trigger_sequence=1, target_lane=3, target_speed=41.78975644)
    vehicle2.changeLane(trigger_sequence=2, target_lane=1, target_speed=4.20549739)
    vehicle3.accelerate(trigger_sequence=2, target_speed=53.25302973)
    vehicle2.changeLane(trigger_sequence=3, target_lane=1, target_speed=8.91602977)
    vehicle3.changeLane(trigger_sequence=4, target_lane=3, target_speed=43.30106836)
    vehicle4.accelerate(trigger_sequence=4, target_speed=30.41477037)
    vehicle3.accelerate(trigger_sequence=5, target_speed=58.53181925)
    vehicle4.decelerate(trigger_sequence=5, target_speed=12.4212923)

2025-04-22 Tuesday 15:41:11  random_test.py : INFO  === Evaluation Finished === 
 Fitness: [3.4994672203521544, -0.18864774624373956], Collision: False
2025-04-22 Tuesday 15:41:31  random_test.py : INFO  === Evaluate Testcase === 
 def testcase(self):
    vehicle1 = NPC(lane_id=1, offset=33.26954044, initial_speed=3.13203184)
    ego = NPC(lane_id=4, offset=40.50575517, initial_speed=13.34643451)
    vehicle1.accelerate(trigger_sequence=1, target_speed=35.66409501)
    vehicle1.changeLane(trigger_sequence=2, target_lane=1, target_speed=43.97823518)
    vehicle1.changeLane(trigger_sequence=3, target_lane=1, target_speed=4.42914624)
    vehicle1.accelerate(trigger_sequence=5, target_speed=30.21706824)

2025-04-22 Tuesday 15:41:31  random_test.py : INFO  === Evaluation Finished === 
 Fitness: [10.500390732619632, -0.021775544388609715], Collision: False
2025-04-22 Tuesday 15:41:36  random_test.py : INFO  === Evaluate Testcase === 
 def testcase(self):
    vehicle1 = NPC(lane_id=4, offset=39.5115762, initial_speed=39.28694761)
    ego = NPC(lane_id=1, offset=46.01927578, initial_speed=10.85604838)
    vehicle3 = NPC(lane_id=5, offset=26.45909654, initial_speed=3.47791302)
    vehicle4 = NPC(lane_id=4, offset=42.43794754, initial_speed=34.73801251)
    vehicle3.decelerate(trigger_sequence=1, target_speed=10.06039982)
    vehicle1.decelerate(trigger_sequence=3, target_speed=14.27083251)
    vehicle4.decelerate(trigger_sequence=3, target_speed=23.52090981)
    vehicle1.decelerate(trigger_sequence=4, target_speed=15.4119045)
    vehicle3.changeLane(trigger_sequence=4, target_lane=3, target_speed=15.53462661)
    vehicle4.decelerate(trigger_sequence=4, target_speed=13.74545)
    vehicle1.accelerate(trigger_sequence=5, target_speed=41.48107687)
    vehicle3.accelerate(trigger_sequence=5, target_speed=38.77109996)
    vehicle4.accelerate(trigger_sequence=5, target_speed=48.47229864)

2025-04-22 Tuesday 15:41:36  random_test.py : INFO  === Evaluation Finished === 
 Fitness: [inf, 0], Collision: False
2025-04-22 Tuesday 15:41:57  random_test.py : INFO  === Evaluate Testcase === 
 def testcase(self):
    vehicle1 = NPC(lane_id=1, offset=31.52460931, initial_speed=14.0595831)
    ego = NPC(lane_id=2, offset=12.72944319, initial_speed=12.20407309)
    vehicle3 = NPC(lane_id=5, offset=4.51451151, initial_speed=15.14406171)
    vehicle4 = NPC(lane_id=3, offset=41.50165697, initial_speed=26.26213109)
    vehicle1.accelerate(trigger_sequence=5, target_speed=31.18500592)

2025-04-22 Tuesday 15:41:57  random_test.py : INFO  === Evaluation Finished === 
 Fitness: [10.500275807735491, -0.028333333333333332], Collision: False
2025-04-22 Tuesday 15:42:18  random_test.py : INFO  === Evaluate Testcase === 
 def testcase(self):
    vehicle1 = NPC(lane_id=5, offset=6.87408449, initial_speed=2.49862783)
    vehicle2 = NPC(lane_id=4, offset=11.91351236, initial_speed=26.09177656)
    ego = NPC(lane_id=4, offset=21.05852332, initial_speed=19.53142011)
    vehicle4 = NPC(lane_id=1, offset=7.45669052, initial_speed=5.11476001)
    vehicle2.changeLane(trigger_sequence=2, target_lane=3, target_speed=21.58549617)
    vehicle2.accelerate(trigger_sequence=3, target_speed=58.04175037)
    vehicle4.changeLane(trigger_sequence=5, target_lane=1, target_speed=24.34031368)

2025-04-22 Tuesday 15:42:18  random_test.py : INFO  === Evaluation Finished === 
 Fitness: [4.800555338158303, -0.608318890814558], Collision: True
2025-04-22 Tuesday 15:42:18  random_test.py : INFO  === Find a coollision ===
2025-04-22 Tuesday 15:42:39  random_test.py : INFO  === Evaluate Testcase === 
 def testcase(self):
    vehicle1 = NPC(lane_id=3, offset=14.37708696, initial_speed=37.36086689)
    ego = NPC(lane_id=4, offset=8.19222096, initial_speed=38.85848213)
    vehicle3 = NPC(lane_id=4, offset=41.77551433, initial_speed=29.16103959)
    vehicle4 = NPC(lane_id=1, offset=30.54631708, initial_speed=33.74488643)
    vehicle1.changeLane(trigger_sequence=1, target_lane=1, target_speed=43.67596075)
    vehicle3.accelerate(trigger_sequence=1, target_speed=54.93987487)
    vehicle1.decelerate(trigger_sequence=2, target_speed=19.67093591)
    vehicle4.accelerate(trigger_sequence=2, target_speed=32.7799192)
    vehicle3.decelerate(trigger_sequence=3, target_speed=22.34273423)
    vehicle4.accelerate(trigger_sequence=3, target_speed=40.0881364)
    vehicle1.decelerate(trigger_sequence=4, target_speed=4.35586443)
    vehicle3.changeLane(trigger_sequence=4, target_lane=1, target_speed=40.70453909)
    vehicle4.changeLane(trigger_sequence=5, target_lane=3, target_speed=7.92274481)

2025-04-22 Tuesday 15:42:39  random_test.py : INFO  === Evaluation Finished === 
 Fitness: [8.492054401377356, -0.23217550274223034], Collision: False
2025-04-22 Tuesday 15:43:00  random_test.py : INFO  === Evaluate Testcase === 
 def testcase(self):
    ego = NPC(lane_id=2, offset=49.58550066, initial_speed=2.37652849)
    vehicle2 = NPC(lane_id=1, offset=33.32414208, initial_speed=25.69748421)
    vehicle3 = NPC(lane_id=5, offset=21.64607281, initial_speed=28.86842373)
    vehicle4 = NPC(lane_id=4, offset=34.87913369, initial_speed=10.49227294)
    vehicle2.changeLane(trigger_sequence=1, target_lane=3, target_speed=4.98342925)
    vehicle4.changeLane(trigger_sequence=1, target_lane=3, target_speed=37.31676345)
    vehicle2.accelerate(trigger_sequence=2, target_speed=47.93357637)
    vehicle3.changeLane(trigger_sequence=2, target_lane=3, target_speed=31.23376449)
    vehicle3.changeLane(trigger_sequence=3, target_lane=1, target_speed=9.67167456)
    vehicle2.decelerate(trigger_sequence=4, target_speed=21.40896279)
    vehicle2.decelerate(trigger_sequence=5, target_speed=21.93381216)
    vehicle4.changeLane(trigger_sequence=5, target_lane=3, target_speed=24.71706089)

2025-04-22 Tuesday 15:43:00  random_test.py : INFO  === Evaluation Finished === 
 Fitness: [3.4946818314092156, -0.5302013422818792], Collision: False
2025-04-22 Tuesday 15:43:21  random_test.py : INFO  === Evaluate Testcase === 
 def testcase(self):
    ego = NPC(lane_id=4, offset=5.08970951, initial_speed=1.57802967)
    vehicle2 = NPC(lane_id=1, offset=47.00996692, initial_speed=32.50610137)
    vehicle2.decelerate(trigger_sequence=2, target_speed=25.7872499)
    vehicle2.changeLane(trigger_sequence=4, target_lane=3, target_speed=24.2573748)

2025-04-22 Tuesday 15:43:21  random_test.py : INFO  === Evaluation Finished === 
 Fitness: [43.65112014711452, -0.642495784148398], Collision: False
2025-04-22 Tuesday 15:43:42  random_test.py : INFO  === Evaluate Testcase === 
 def testcase(self):
    vehicle1 = NPC(lane_id=2, offset=41.8718287, initial_speed=19.17450275)
    vehicle2 = NPC(lane_id=4, offset=8.40515026, initial_speed=13.28248368)
    vehicle3 = NPC(lane_id=3, offset=15.57010401, initial_speed=25.47859071)
    ego = NPC(lane_id=2, offset=22.47353785, initial_speed=2.05423746)
    vehicle1.decelerate(trigger_sequence=1, target_speed=2.67105945)
    vehicle3.decelerate(trigger_sequence=2, target_speed=6.5650941)
    vehicle1.decelerate(trigger_sequence=3, target_speed=5.01550486)
    vehicle3.accelerate(trigger_sequence=3, target_speed=43.98237199)
    vehicle3.changeLane(trigger_sequence=4, target_lane=3, target_speed=55.10582515)

2025-04-22 Tuesday 15:43:42  random_test.py : INFO  === Evaluation Finished === 
 Fitness: [3.5096251579313464, -0.639261744966443], Collision: False
2025-04-22 Tuesday 15:44:04  random_test.py : INFO  === Evaluate Testcase === 
 def testcase(self):
    ego = NPC(lane_id=5, offset=26.86568144, initial_speed=29.11833034)
    vehicle2 = NPC(lane_id=2, offset=21.89714566, initial_speed=30.68559434)
    vehicle3 = NPC(lane_id=3, offset=46.46530885, initial_speed=14.88459342)
    vehicle4 = NPC(lane_id=1, offset=15.33244112, initial_speed=39.89347542)
    vehicle2.accelerate(trigger_sequence=1, target_speed=31.91276635)
    vehicle3.decelerate(trigger_sequence=3, target_speed=20.97193203)
    vehicle4.changeLane(trigger_sequence=3, target_lane=3, target_speed=15.30929469)
    vehicle2.decelerate(trigger_sequence=4, target_speed=6.44438274)
    vehicle2.changeLane(trigger_sequence=5, target_lane=3, target_speed=0.54834443)

2025-04-22 Tuesday 15:44:04  random_test.py : INFO  === Evaluation Finished === 
 Fitness: [7.000740073298802, -0.37142857142857144], Collision: False
2025-04-22 Tuesday 15:44:09  random_test.py : INFO  === Evaluate Testcase === 
 def testcase(self):
    vehicle1 = NPC(lane_id=1, offset=17.14149273, initial_speed=11.72841095)
    vehicle2 = NPC(lane_id=3, offset=9.66201582, initial_speed=27.91977534)
    ego = NPC(lane_id=3, offset=43.59761647, initial_speed=18.33043209)
    vehicle4 = NPC(lane_id=1, offset=17.46623373, initial_speed=23.0259596)
    vehicle1.changeLane(trigger_sequence=1, target_lane=1, target_speed=58.4560876)
    vehicle4.accelerate(trigger_sequence=1, target_speed=31.73071914)
    vehicle1.decelerate(trigger_sequence=2, target_speed=6.78208444)
    vehicle2.decelerate(trigger_sequence=2, target_speed=24.21992741)
    vehicle1.changeLane(trigger_sequence=3, target_lane=1, target_speed=23.9107732)
    vehicle2.accelerate(trigger_sequence=3, target_speed=44.59680754)
    vehicle4.accelerate(trigger_sequence=3, target_speed=31.99077601)
    vehicle1.changeLane(trigger_sequence=4, target_lane=3, target_speed=30.0538999)
    vehicle4.changeLane(trigger_sequence=4, target_lane=1, target_speed=30.1246203)
    vehicle4.decelerate(trigger_sequence=5, target_speed=0.21784637)

2025-04-22 Tuesday 15:44:09  random_test.py : INFO  === Evaluation Finished === 
 Fitness: [inf, 0], Collision: False
2025-04-22 Tuesday 15:44:31  random_test.py : INFO  === Evaluate Testcase === 
 def testcase(self):
    ego = NPC(lane_id=5, offset=6.23406597, initial_speed=24.43247699)
    vehicle2 = NPC(lane_id=1, offset=25.19443086, initial_speed=3.66510072)
    vehicle2.accelerate(trigger_sequence=2, target_speed=43.39600617)
    vehicle2.changeLane(trigger_sequence=5, target_lane=3, target_speed=27.65452517)

2025-04-22 Tuesday 15:44:31  random_test.py : INFO  === Evaluation Finished === 
 Fitness: [9.91129836613378, -0.5255731922398589], Collision: False
2025-04-22 Tuesday 15:44:52  random_test.py : INFO  === Evaluate Testcase === 
 def testcase(self):
    ego = NPC(lane_id=4, offset=32.53702753, initial_speed=23.13861079)
    vehicle2 = NPC(lane_id=2, offset=30.55136198, initial_speed=7.67755546)
    vehicle2.accelerate(trigger_sequence=1, target_speed=50.36903511)
    vehicle2.accelerate(trigger_sequence=4, target_speed=59.18829411)

2025-04-22 Tuesday 15:44:52  random_test.py : INFO  === Evaluation Finished === 
 Fitness: [7.003046465149942, -0.5483304042179262], Collision: False
2025-04-22 Tuesday 15:45:13  random_test.py : INFO  === Evaluate Testcase === 
 def testcase(self):
    ego = NPC(lane_id=4, offset=38.4812782, initial_speed=26.50054801)
    vehicle2 = NPC(lane_id=1, offset=13.58651309, initial_speed=37.24526472)
    vehicle3 = NPC(lane_id=4, offset=8.92767047, initial_speed=35.52797243)
    vehicle2.accelerate(trigger_sequence=1, target_speed=59.91801708)
    vehicle3.changeLane(trigger_sequence=1, target_lane=3, target_speed=35.95418154)
    vehicle2.changeLane(trigger_sequence=2, target_lane=3, target_speed=3.87859336)
    vehicle3.accelerate(trigger_sequence=2, target_speed=47.32188734)
    vehicle2.decelerate(trigger_sequence=3, target_speed=3.93131626)
    vehicle2.changeLane(trigger_sequence=5, target_lane=3, target_speed=6.58507838)

2025-04-22 Tuesday 15:45:13  random_test.py : INFO  === Evaluation Finished === 
 Fitness: [3.5004284234741783, -0.3528368794326241], Collision: True
2025-04-22 Tuesday 15:45:13  random_test.py : INFO  === Find a coollision ===
2025-04-22 Tuesday 15:45:34  random_test.py : INFO  === Evaluate Testcase === 
 def testcase(self):
    ego = NPC(lane_id=2, offset=6.55627474, initial_speed=26.96685903)
    vehicle2 = NPC(lane_id=5, offset=12.93504507, initial_speed=12.18268862)
    vehicle3 = NPC(lane_id=3, offset=15.34531733, initial_speed=10.21885203)
    vehicle4 = NPC(lane_id=4, offset=30.79474183, initial_speed=33.46923434)
    vehicle2.decelerate(trigger_sequence=2, target_speed=0.47537174)
    vehicle4.decelerate(trigger_sequence=2, target_speed=22.15691706)
    vehicle2.decelerate(trigger_sequence=4, target_speed=24.55320857)
    vehicle3.accelerate(trigger_sequence=4, target_speed=44.72223204)
    vehicle4.decelerate(trigger_sequence=4, target_speed=7.00557406)
    vehicle2.accelerate(trigger_sequence=5, target_speed=40.23341969)

2025-04-22 Tuesday 15:45:34  random_test.py : INFO  === Evaluation Finished === 
 Fitness: [3.5007647139338656, -0.4724689165186501], Collision: False
2025-04-22 Tuesday 15:45:54  random_test.py : INFO  === Evaluate Testcase === 
 def testcase(self):
    vehicle1 = NPC(lane_id=3, offset=40.97145441, initial_speed=26.70079936)
    ego = NPC(lane_id=4, offset=9.5497606, initial_speed=3.87935079)
    vehicle1.decelerate(trigger_sequence=1, target_speed=25.82188194)
    vehicle1.accelerate(trigger_sequence=2, target_speed=32.2169902)
    vehicle1.changeLane(trigger_sequence=3, target_lane=3, target_speed=13.20678911)
    vehicle1.accelerate(trigger_sequence=5, target_speed=33.21132878)

2025-04-22 Tuesday 15:45:54  random_test.py : INFO  === Evaluation Finished === 
 Fitness: [31.983612212288282, -0.51010101010101], Collision: False
2025-04-22 Tuesday 15:46:16  random_test.py : INFO  === Evaluate Testcase === 
 def testcase(self):
    ego = NPC(lane_id=2, offset=1.40658662, initial_speed=6.17447839)
    vehicle2 = NPC(lane_id=3, offset=36.04039665, initial_speed=24.40971753)
    vehicle3 = NPC(lane_id=4, offset=30.07227361, initial_speed=38.79962694)
    vehicle4 = NPC(lane_id=1, offset=41.90423639, initial_speed=27.2462243)
    vehicle2.decelerate(trigger_sequence=1, target_speed=2.82490129)
    vehicle3.accelerate(trigger_sequence=1, target_speed=30.91836129)
    vehicle2.changeLane(trigger_sequence=2, target_lane=1, target_speed=18.79842205)
    vehicle4.changeLane(trigger_sequence=2, target_lane=1, target_speed=50.27521576)
    vehicle2.decelerate(trigger_sequence=3, target_speed=0.41184484)
    vehicle3.decelerate(trigger_sequence=4, target_speed=24.96652972)

2025-04-22 Tuesday 15:46:16  random_test.py : INFO  === Evaluation Finished === 
 Fitness: [30.55809372694416, -0.9731543624161074], Collision: False
2025-04-22 Tuesday 15:46:37  random_test.py : INFO  === Evaluate Testcase === 
 def testcase(self):
    ego = NPC(lane_id=4, offset=7.10227645, initial_speed=12.18728671)
    vehicle2 = NPC(lane_id=2, offset=9.45539703, initial_speed=31.84826371)
    vehicle3 = NPC(lane_id=2, offset=40.01880381, initial_speed=20.03770085)
    vehicle3.decelerate(trigger_sequence=2, target_speed=14.53398068)
    vehicle3.changeLane(trigger_sequence=4, target_lane=3, target_speed=32.53314098)
    vehicle2.changeLane(trigger_sequence=5, target_lane=1, target_speed=15.55381996)

2025-04-22 Tuesday 15:46:37  random_test.py : INFO  === Evaluation Finished === 
 Fitness: [7.70416646444292, -0.035058430717863104], Collision: False
2025-04-22 Tuesday 15:46:59  random_test.py : INFO  === Evaluate Testcase === 
 def testcase(self):
    vehicle1 = NPC(lane_id=4, offset=46.07210545, initial_speed=28.69687925)
    vehicle2 = NPC(lane_id=2, offset=37.09780952, initial_speed=24.81760404)
    ego = NPC(lane_id=1, offset=2.97284977, initial_speed=34.40245921)
    vehicle4 = NPC(lane_id=5, offset=4.86520629, initial_speed=16.12908284)
    vehicle1.changeLane(trigger_sequence=1, target_lane=1, target_speed=27.37073724)
    vehicle2.accelerate(trigger_sequence=1, target_speed=40.28974565)
    vehicle4.accelerate(trigger_sequence=1, target_speed=33.71394317)
    vehicle1.accelerate(trigger_sequence=2, target_speed=43.13184671)
    vehicle1.accelerate(trigger_sequence=3, target_speed=32.33902744)
    vehicle4.decelerate(trigger_sequence=3, target_speed=29.28062562)
    vehicle4.changeLane(trigger_sequence=4, target_lane=1, target_speed=37.95920144)
    vehicle1.accelerate(trigger_sequence=5, target_speed=50.04282064)

2025-04-22 Tuesday 15:46:59  random_test.py : INFO  === Evaluation Finished === 
 Fitness: [0.18167125087371475, -0.35443037974683544], Collision: False
2025-04-22 Tuesday 15:47:20  random_test.py : INFO  === Evaluate Testcase === 
 def testcase(self):
    vehicle1 = NPC(lane_id=3, offset=14.8574834, initial_speed=5.09142661)
    ego = NPC(lane_id=4, offset=43.81447561, initial_speed=10.00219542)
    vehicle1.changeLane(trigger_sequence=1, target_lane=3, target_speed=27.1741516)
    vehicle1.changeLane(trigger_sequence=3, target_lane=3, target_speed=43.31904568)

2025-04-22 Tuesday 15:47:20  random_test.py : INFO  === Evaluation Finished === 
 Fitness: [27.980885882283424, -0.03171953255425709], Collision: False
2025-04-22 Tuesday 15:47:41  random_test.py : INFO  === Evaluate Testcase === 
 def testcase(self):
    vehicle1 = NPC(lane_id=2, offset=34.161704, initial_speed=9.03215011)
    vehicle2 = NPC(lane_id=3, offset=17.23345604, initial_speed=1.91476503)
    vehicle3 = NPC(lane_id=4, offset=30.74640059, initial_speed=37.96363962)
    ego = NPC(lane_id=5, offset=33.33588032, initial_speed=38.00529332)
    vehicle1.accelerate(trigger_sequence=2, target_speed=40.71596835)
    vehicle2.changeLane(trigger_sequence=2, target_lane=3, target_speed=34.34798116)
    vehicle3.changeLane(trigger_sequence=2, target_lane=3, target_speed=38.13479058)
    vehicle1.changeLane(trigger_sequence=4, target_lane=3, target_speed=8.62557206)
    vehicle2.accelerate(trigger_sequence=4, target_speed=57.11412845)
    vehicle3.changeLane(trigger_sequence=4, target_lane=3, target_speed=17.00184588)
    vehicle1.changeLane(trigger_sequence=5, target_lane=1, target_speed=0.74896427)
    vehicle3.accelerate(trigger_sequence=5, target_speed=42.21417887)

2025-04-22 Tuesday 15:47:41  random_test.py : INFO  === Evaluation Finished === 
 Fitness: [3.491107079096509, -0.2568306010928962], Collision: False
2025-04-22 Tuesday 15:48:03  random_test.py : INFO  === Evaluate Testcase === 
 def testcase(self):
    ego = NPC(lane_id=2, offset=15.26490212, initial_speed=12.21356085)
    vehicle2 = NPC(lane_id=1, offset=43.46438967, initial_speed=3.07463726)
    vehicle3 = NPC(lane_id=1, offset=27.11866197, initial_speed=8.97509269)
    vehicle2.decelerate(trigger_sequence=1, target_speed=2.7242301)
    vehicle3.decelerate(trigger_sequence=1, target_speed=26.71166535)
    vehicle2.changeLane(trigger_sequence=2, target_lane=1, target_speed=13.49143903)
    vehicle3.decelerate(trigger_sequence=3, target_speed=16.53445798)
    vehicle3.accelerate(trigger_sequence=4, target_speed=54.95337894)
    vehicle3.changeLane(trigger_sequence=5, target_lane=1, target_speed=59.64474116)

2025-04-22 Tuesday 15:48:03  random_test.py : INFO  === Evaluation Finished === 
 Fitness: [3.4998356640740975, -0.035058430717863104], Collision: False
2025-04-22 Tuesday 15:48:23  random_test.py : INFO  === Evaluate Testcase === 
 def testcase(self):
    ego = NPC(lane_id=2, offset=2.42824169, initial_speed=24.46945047)
    vehicle2 = NPC(lane_id=2, offset=40.49354252, initial_speed=26.11663016)
    vehicle2.changeLane(trigger_sequence=1, target_lane=1, target_speed=34.74624745)
    vehicle2.decelerate(trigger_sequence=3, target_speed=26.51531382)
    vehicle2.decelerate(trigger_sequence=5, target_speed=29.82583684)

2025-04-22 Tuesday 15:48:23  random_test.py : INFO  === Evaluation Finished === 
 Fitness: [38.42803974931843, -0.5308641975308642], Collision: False
2025-04-22 Tuesday 15:48:45  random_test.py : INFO  === Evaluate Testcase === 
 def testcase(self):
    vehicle1 = NPC(lane_id=4, offset=11.70877704, initial_speed=20.56119261)
    ego = NPC(lane_id=3, offset=19.51021076, initial_speed=13.08014848)
    vehicle1.decelerate(trigger_sequence=3, target_speed=10.77520322)
    vehicle1.accelerate(trigger_sequence=4, target_speed=49.49950951)
    vehicle1.decelerate(trigger_sequence=5, target_speed=17.78448765)

2025-04-22 Tuesday 15:48:45  random_test.py : INFO  === Evaluation Finished === 
 Fitness: [3.502989109827491, -0.023411371237458192], Collision: False
2025-04-22 Tuesday 15:49:06  random_test.py : INFO  === Evaluate Testcase === 
 def testcase(self):
    vehicle1 = NPC(lane_id=1, offset=6.7169967, initial_speed=19.40014254)
    ego = NPC(lane_id=5, offset=30.94291759, initial_speed=13.41695274)
    vehicle1.changeLane(trigger_sequence=2, target_lane=1, target_speed=53.76161205)

2025-04-22 Tuesday 15:49:06  random_test.py : INFO  === Evaluation Finished === 
 Fitness: [14.000015272767202, -0.021775544388609715], Collision: False
2025-04-22 Tuesday 15:49:28  random_test.py : INFO  === Evaluate Testcase === 
 def testcase(self):
    vehicle1 = NPC(lane_id=4, offset=24.81697354, initial_speed=9.26120346)
    vehicle2 = NPC(lane_id=1, offset=41.77518782, initial_speed=12.21384913)
    ego = NPC(lane_id=1, offset=20.37978197, initial_speed=12.04537127)
    vehicle1.accelerate(trigger_sequence=1, target_speed=41.71733199)
    vehicle2.decelerate(trigger_sequence=1, target_speed=29.72383353)
    vehicle1.changeLane(trigger_sequence=2, target_lane=3, target_speed=34.03136524)
    vehicle2.decelerate(trigger_sequence=2, target_speed=28.94400687)
    vehicle1.changeLane(trigger_sequence=4, target_lane=3, target_speed=40.55828904)
    vehicle1.accelerate(trigger_sequence=5, target_speed=45.82632449)
    vehicle2.changeLane(trigger_sequence=5, target_lane=3, target_speed=37.52553394)

2025-04-22 Tuesday 15:49:28  random_test.py : INFO  === Evaluation Finished === 
 Fitness: [10.757087904851469, -0.02671118530884808], Collision: False
2025-04-22 Tuesday 15:49:51  random_test.py : INFO  === Evaluate Testcase === 
 def testcase(self):
    ego = NPC(lane_id=4, offset=3.7513025, initial_speed=31.89170083)
    vehicle2 = NPC(lane_id=5, offset=11.04375411, initial_speed=7.39027953)
    vehicle3 = NPC(lane_id=4, offset=12.84912546, initial_speed=7.11009105)
    vehicle4 = NPC(lane_id=3, offset=47.54033601, initial_speed=2.49983245)
    vehicle2.decelerate(trigger_sequence=1, target_speed=6.61091409)
    vehicle3.changeLane(trigger_sequence=1, target_lane=1, target_speed=51.98702552)
    vehicle2.changeLane(trigger_sequence=2, target_lane=1, target_speed=13.58766374)
    vehicle3.changeLane(trigger_sequence=2, target_lane=1, target_speed=53.87796346)
    vehicle2.accelerate(trigger_sequence=3, target_speed=40.64093491)
    vehicle4.decelerate(trigger_sequence=3, target_speed=8.86381798)
    vehicle3.changeLane(trigger_sequence=4, target_lane=1, target_speed=0.8625135)
    vehicle4.changeLane(trigger_sequence=4, target_lane=3, target_speed=20.87672344)
    vehicle3.decelerate(trigger_sequence=5, target_speed=15.64594025)

2025-04-22 Tuesday 15:49:51  random_test.py : INFO  === Evaluation Finished === 
 Fitness: [3.500972188106568, -0.35990888382687924], Collision: False
2025-04-22 Tuesday 15:50:13  random_test.py : INFO  === Evaluate Testcase === 
 def testcase(self):
    ego = NPC(lane_id=4, offset=14.77522602, initial_speed=11.15223016)
    vehicle2 = NPC(lane_id=1, offset=37.12973239, initial_speed=35.90183889)
    vehicle3 = NPC(lane_id=1, offset=12.4491842, initial_speed=35.34335369)
    vehicle3.accelerate(trigger_sequence=1, target_speed=46.07567656)
    vehicle2.changeLane(trigger_sequence=2, target_lane=1, target_speed=25.39273402)
    vehicle3.changeLane(trigger_sequence=2, target_lane=3, target_speed=28.91784167)
    vehicle2.decelerate(trigger_sequence=4, target_speed=5.07614322)
    vehicle3.accelerate(trigger_sequence=4, target_speed=59.90605068)
    vehicle2.accelerate(trigger_sequence=5, target_speed=32.90483015)
    vehicle3.accelerate(trigger_sequence=5, target_speed=58.91781424)

2025-04-22 Tuesday 15:50:13  random_test.py : INFO  === Evaluation Finished === 
 Fitness: [10.491566704296547, -0.023333333333333334], Collision: False
2025-04-22 Tuesday 15:50:34  random_test.py : INFO  === Evaluate Testcase === 
 def testcase(self):
    vehicle1 = NPC(lane_id=1, offset=29.72130891, initial_speed=24.80992294)
    ego = NPC(lane_id=5, offset=45.05403881, initial_speed=37.96133532)
    vehicle3 = NPC(lane_id=3, offset=34.28808367, initial_speed=6.05787222)
    vehicle1.changeLane(trigger_sequence=1, target_lane=1, target_speed=50.2359061)
    vehicle3.decelerate(trigger_sequence=1, target_speed=15.58727438)
    vehicle3.accelerate(trigger_sequence=2, target_speed=33.51984375)
    vehicle1.accelerate(trigger_sequence=4, target_speed=43.60925979)
    vehicle1.accelerate(trigger_sequence=5, target_speed=41.98470486)

2025-04-22 Tuesday 15:50:34  random_test.py : INFO  === Evaluation Finished === 
 Fitness: [11.99336744620166, -0.2586520947176685], Collision: False
2025-04-22 Tuesday 15:50:40  random_test.py : INFO  === Evaluate Testcase === 
 def testcase(self):
    vehicle1 = NPC(lane_id=2, offset=12.84234559, initial_speed=38.26955454)
    ego = NPC(lane_id=1, offset=7.60888569, initial_speed=4.68940242)
    vehicle3 = NPC(lane_id=1, offset=39.75313938, initial_speed=39.14528848)
    vehicle4 = NPC(lane_id=1, offset=9.16877555, initial_speed=1.430594)
    vehicle3.decelerate(trigger_sequence=1, target_speed=7.41705771)
    vehicle4.accelerate(trigger_sequence=1, target_speed=37.9137366)
    vehicle1.decelerate(trigger_sequence=2, target_speed=12.81136512)
    vehicle3.accelerate(trigger_sequence=2, target_speed=48.15721471)
    vehicle4.decelerate(trigger_sequence=2, target_speed=5.17272616)
    vehicle1.accelerate(trigger_sequence=3, target_speed=38.85636894)
    vehicle3.accelerate(trigger_sequence=3, target_speed=56.36170735)
    vehicle4.decelerate(trigger_sequence=3, target_speed=19.43075024)
    vehicle4.accelerate(trigger_sequence=4, target_speed=34.06670124)

2025-04-22 Tuesday 15:50:40  random_test.py : INFO  === Evaluation Finished === 
 Fitness: [inf, 0], Collision: False
2025-04-22 Tuesday 15:51:02  random_test.py : INFO  === Evaluate Testcase === 
 def testcase(self):
    ego = NPC(lane_id=3, offset=3.84821054, initial_speed=2.37168789)
    vehicle2 = NPC(lane_id=4, offset=32.88476288, initial_speed=5.62090311)

2025-04-22 Tuesday 15:51:02  random_test.py : INFO  === Evaluation Finished === 
 Fitness: [29.325356024593894, -0.4983164983164983], Collision: False
2025-04-22 Tuesday 15:51:23  random_test.py : INFO  === Evaluate Testcase === 
 def testcase(self):
    vehicle1 = NPC(lane_id=2, offset=25.04324408, initial_speed=11.44763228)
    ego = NPC(lane_id=1, offset=30.94808167, initial_speed=15.67556182)
    vehicle1.changeLane(trigger_sequence=1, target_lane=1, target_speed=54.61475364)

2025-04-22 Tuesday 15:51:23  random_test.py : INFO  === Evaluation Finished === 
 Fitness: [1.040710757284984, -0.05704697986577181], Collision: True
2025-04-22 Tuesday 15:51:23  random_test.py : INFO  === Find a coollision ===
2025-04-22 Tuesday 15:51:45  random_test.py : INFO  === Evaluate Testcase === 
 def testcase(self):
    vehicle1 = NPC(lane_id=2, offset=29.38129843, initial_speed=15.43490594)
    vehicle2 = NPC(lane_id=5, offset=20.21025739, initial_speed=1.51085782)
    ego = NPC(lane_id=5, offset=27.65101136, initial_speed=15.08237482)
    vehicle4 = NPC(lane_id=1, offset=14.90408585, initial_speed=15.28475684)
    vehicle1.decelerate(trigger_sequence=1, target_speed=14.8458513)
    vehicle4.changeLane(trigger_sequence=1, target_lane=3, target_speed=1.70500662)
    vehicle2.accelerate(trigger_sequence=2, target_speed=48.49092773)
    vehicle4.decelerate(trigger_sequence=2, target_speed=26.55480521)
    vehicle2.accelerate(trigger_sequence=3, target_speed=43.09024454)
    vehicle1.accelerate(trigger_sequence=4, target_speed=40.45389952)
    vehicle2.accelerate(trigger_sequence=4, target_speed=55.32866376)
    vehicle4.accelerate(trigger_sequence=4, target_speed=46.58336066)
    vehicle4.decelerate(trigger_sequence=5, target_speed=23.05308564)

2025-04-22 Tuesday 15:51:45  random_test.py : INFO  === Evaluation Finished === 
 Fitness: [4.741960801252218, -0.0903010033444816], Collision: True
2025-04-22 Tuesday 15:51:45  random_test.py : INFO  === Find a coollision ===
2025-04-22 Tuesday 15:52:08  random_test.py : INFO  === Evaluate Testcase === 
 def testcase(self):
    ego = NPC(lane_id=3, offset=33.69173415, initial_speed=0.62295946)
    vehicle2 = NPC(lane_id=4, offset=19.118945, initial_speed=16.96615188)
    vehicle2.changeLane(trigger_sequence=2, target_lane=3, target_speed=5.98111979)
    vehicle2.decelerate(trigger_sequence=4, target_speed=2.96118663)

2025-04-22 Tuesday 15:52:08  random_test.py : INFO  === Evaluation Finished === 
 Fitness: [3.5072558479132123, -0.6458684654300169], Collision: False
2025-04-22 Tuesday 15:52:29  random_test.py : INFO  === Evaluate Testcase === 
 def testcase(self):
    ego = NPC(lane_id=3, offset=11.25657768, initial_speed=28.15921092)
    vehicle2 = NPC(lane_id=3, offset=35.22498728, initial_speed=26.70226897)
    vehicle2.accelerate(trigger_sequence=3, target_speed=53.83811042)
    vehicle2.accelerate(trigger_sequence=5, target_speed=40.38155523)

2025-04-22 Tuesday 15:52:29  random_test.py : INFO  === Evaluation Finished === 
 Fitness: [20.606705981196484, -0.4483985765124555], Collision: False
2025-04-22 Tuesday 15:52:52  random_test.py : INFO  === Evaluate Testcase === 
 def testcase(self):
    ego = NPC(lane_id=1, offset=44.51032332, initial_speed=35.60077564)
    vehicle2 = NPC(lane_id=5, offset=3.45282427, initial_speed=21.77204509)
    vehicle2.accelerate(trigger_sequence=4, target_speed=50.22399705)
    vehicle2.changeLane(trigger_sequence=5, target_lane=1, target_speed=43.44107737)

2025-04-22 Tuesday 15:52:52  random_test.py : INFO  === Evaluation Finished === 
 Fitness: [38.2373606343325, -0.2971014492753623], Collision: False
2025-04-22 Tuesday 15:53:14  random_test.py : INFO  === Evaluate Testcase === 
 def testcase(self):
    vehicle1 = NPC(lane_id=5, offset=44.51502508, initial_speed=26.55186382)
    vehicle2 = NPC(lane_id=1, offset=37.69881359, initial_speed=5.8803977)
    ego = NPC(lane_id=2, offset=15.70041635, initial_speed=0.03076129)
    vehicle1.changeLane(trigger_sequence=1, target_lane=3, target_speed=1.24692026)
    vehicle2.decelerate(trigger_sequence=3, target_speed=15.40239406)
    vehicle2.changeLane(trigger_sequence=4, target_lane=3, target_speed=22.07585595)
    vehicle1.accelerate(trigger_sequence=5, target_speed=31.35935761)

2025-04-22 Tuesday 15:53:14  random_test.py : INFO  === Evaluation Finished === 
 Fitness: [22.354303218813296, -0.003367003367003367], Collision: False
2025-04-22 Tuesday 15:53:37  random_test.py : INFO  === Evaluate Testcase === 
 def testcase(self):
    ego = NPC(lane_id=1, offset=11.72861718, initial_speed=6.23786346)
    vehicle2 = NPC(lane_id=4, offset=37.89114966, initial_speed=37.56706497)
    vehicle3 = NPC(lane_id=4, offset=10.42444593, initial_speed=29.6924416)
    vehicle4 = NPC(lane_id=5, offset=40.43380571, initial_speed=23.71551868)
    vehicle3.changeLane(trigger_sequence=1, target_lane=3, target_speed=3.49935377)
    vehicle2.accelerate(trigger_sequence=2, target_speed=56.08701558)
    vehicle3.accelerate(trigger_sequence=2, target_speed=40.05818657)
    vehicle4.accelerate(trigger_sequence=2, target_speed=35.59204424)
    vehicle4.decelerate(trigger_sequence=4, target_speed=23.24215079)

2025-04-22 Tuesday 15:53:37  random_test.py : INFO  === Evaluation Finished === 
 Fitness: [4.394481632190972, -0.9530201342281879], Collision: False
2025-04-22 Tuesday 15:53:59  random_test.py : INFO  === Evaluate Testcase === 
 def testcase(self):
    vehicle1 = NPC(lane_id=5, offset=43.18313245, initial_speed=25.24089757)
    vehicle2 = NPC(lane_id=4, offset=22.67039669, initial_speed=34.6543603)
    ego = NPC(lane_id=5, offset=7.14268738, initial_speed=17.96245932)
    vehicle4 = NPC(lane_id=5, offset=31.39902405, initial_speed=4.60359748)
    vehicle1.decelerate(trigger_sequence=1, target_speed=20.14202192)
    vehicle2.changeLane(trigger_sequence=1, target_lane=1, target_speed=49.04133929)
    vehicle2.accelerate(trigger_sequence=2, target_speed=41.81806293)
    vehicle4.changeLane(trigger_sequence=2, target_lane=1, target_speed=15.49243878)
    vehicle1.accelerate(trigger_sequence=3, target_speed=37.92880297)
    vehicle2.changeLane(trigger_sequence=3, target_lane=1, target_speed=39.25812477)
    vehicle1.accelerate(trigger_sequence=4, target_speed=46.20062654)
    vehicle2.changeLane(trigger_sequence=4, target_lane=1, target_speed=49.07674944)
    vehicle4.changeLane(trigger_sequence=4, target_lane=1, target_speed=45.48087021)
    vehicle1.changeLane(trigger_sequence=5, target_lane=1, target_speed=2.198278)
    vehicle2.accelerate(trigger_sequence=5, target_speed=34.85600973)

2025-04-22 Tuesday 15:53:59  random_test.py : INFO  === Evaluation Finished === 
 Fitness: [8.76302451695459, -0.14186851211072665], Collision: False
2025-04-22 Tuesday 15:54:22  random_test.py : INFO  === Evaluate Testcase === 
 def testcase(self):
    vehicle1 = NPC(lane_id=1, offset=24.86785326, initial_speed=19.35502142)
    vehicle2 = NPC(lane_id=3, offset=41.77415425, initial_speed=12.71235062)
    ego = NPC(lane_id=5, offset=30.56619736, initial_speed=26.66758131)
    vehicle4 = NPC(lane_id=3, offset=49.85187708, initial_speed=32.79978489)
    vehicle1.accelerate(trigger_sequence=1, target_speed=31.37730373)
    vehicle2.changeLane(trigger_sequence=1, target_lane=1, target_speed=46.65538137)
    vehicle2.accelerate(trigger_sequence=2, target_speed=45.76440036)
    vehicle4.changeLane(trigger_sequence=2, target_lane=1, target_speed=8.39790035)
    vehicle1.accelerate(trigger_sequence=3, target_speed=43.17220696)
    vehicle2.accelerate(trigger_sequence=3, target_speed=53.66987403)
    vehicle1.accelerate(trigger_sequence=4, target_speed=58.51590854)
    vehicle1.decelerate(trigger_sequence=5, target_speed=23.51031799)
    vehicle4.changeLane(trigger_sequence=5, target_lane=3, target_speed=27.15129428)

2025-04-22 Tuesday 15:54:22  random_test.py : INFO  === Evaluation Finished === 
 Fitness: [6.999976770780755, -0.4769503546099291], Collision: False
2025-04-22 Tuesday 15:54:43  random_test.py : INFO  === Evaluate Testcase === 
 def testcase(self):
    vehicle1 = NPC(lane_id=3, offset=44.35637846, initial_speed=29.81819582)
    vehicle2 = NPC(lane_id=4, offset=32.10573731, initial_speed=13.43920307)
    ego = NPC(lane_id=1, offset=44.18083977, initial_speed=25.05491764)
    vehicle4 = NPC(lane_id=2, offset=7.65910501, initial_speed=5.98862992)
    vehicle2.accelerate(trigger_sequence=1, target_speed=31.45820785)
    vehicle4.changeLane(trigger_sequence=1, target_lane=3, target_speed=12.74930943)
    vehicle1.changeLane(trigger_sequence=5, target_lane=1, target_speed=29.26835782)
    vehicle4.changeLane(trigger_sequence=5, target_lane=3, target_speed=8.68978401)

2025-04-22 Tuesday 15:54:43  random_test.py : INFO  === Evaluation Finished === 
 Fitness: [7.151178698590004, -0.5], Collision: False
2025-04-22 Tuesday 15:55:05  random_test.py : INFO  === Evaluate Testcase === 
 def testcase(self):
    vehicle1 = NPC(lane_id=5, offset=24.30987866, initial_speed=11.91561512)
    ego = NPC(lane_id=2, offset=46.94680085, initial_speed=39.72926568)
    vehicle3 = NPC(lane_id=1, offset=2.35158398, initial_speed=31.57291975)
    vehicle1.changeLane(trigger_sequence=1, target_lane=3, target_speed=7.31765869)
    vehicle3.decelerate(trigger_sequence=1, target_speed=21.02324704)
    vehicle1.changeLane(trigger_sequence=2, target_lane=1, target_speed=58.58978361)
    vehicle1.changeLane(trigger_sequence=3, target_lane=3, target_speed=49.50758384)
    vehicle3.decelerate(trigger_sequence=4, target_speed=5.67676239)

2025-04-22 Tuesday 15:55:05  random_test.py : INFO  === Evaluation Finished === 
 Fitness: [22.764728432704363, -0.22344322344322345], Collision: False
2025-04-22 Tuesday 15:55:27  random_test.py : INFO  === Evaluate Testcase === 
 def testcase(self):
    ego = NPC(lane_id=5, offset=0.74901071, initial_speed=23.00121961)
    vehicle2 = NPC(lane_id=5, offset=22.69024734, initial_speed=22.36367501)
    vehicle3 = NPC(lane_id=5, offset=16.69314131, initial_speed=19.42737099)
    vehicle3.changeLane(trigger_sequence=1, target_lane=1, target_speed=56.06245957)
    vehicle3.accelerate(trigger_sequence=2, target_speed=37.77666716)
    vehicle3.accelerate(trigger_sequence=4, target_speed=49.66623438)

2025-04-22 Tuesday 15:55:27  random_test.py : INFO  === Evaluation Finished === 
 Fitness: [12.527405477743217, -0.5483304042179262], Collision: False
2025-04-22 Tuesday 15:55:49  random_test.py : INFO  === Evaluate Testcase === 
 def testcase(self):
    ego = NPC(lane_id=2, offset=9.94951342, initial_speed=37.64454437)
    vehicle2 = NPC(lane_id=5, offset=28.3117259, initial_speed=39.04713179)
    vehicle2.changeLane(trigger_sequence=1, target_lane=3, target_speed=32.96186996)

2025-04-22 Tuesday 15:55:49  random_test.py : INFO  === Evaluation Finished === 
 Fitness: [3.5006560487821052, -0.2859744990892532], Collision: False
2025-04-22 Tuesday 15:56:11  random_test.py : INFO  === Evaluate Testcase === 
 def testcase(self):
    vehicle1 = NPC(lane_id=2, offset=14.41932517, initial_speed=25.6720055)
    ego = NPC(lane_id=4, offset=9.38423477, initial_speed=8.20420214)
    vehicle1.accelerate(trigger_sequence=1, target_speed=50.03983205)
    vehicle1.accelerate(trigger_sequence=2, target_speed=49.23387834)
    vehicle1.decelerate(trigger_sequence=4, target_speed=28.29743929)

2025-04-22 Tuesday 15:56:11  random_test.py : INFO  === Evaluation Finished === 
 Fitness: [8.828410170273104, -0.041666666666666664], Collision: False
2025-04-22 Tuesday 15:56:33  random_test.py : INFO  === Evaluate Testcase === 
 def testcase(self):
    vehicle1 = NPC(lane_id=4, offset=48.30421696, initial_speed=7.3736712)
    vehicle2 = NPC(lane_id=2, offset=41.86195485, initial_speed=19.58406132)
    ego = NPC(lane_id=1, offset=3.57230284, initial_speed=35.8910004)
    vehicle4 = NPC(lane_id=5, offset=15.92798555, initial_speed=26.95568387)
    vehicle1.decelerate(trigger_sequence=1, target_speed=1.70878146)
    vehicle2.decelerate(trigger_sequence=1, target_speed=24.17729061)
    vehicle4.decelerate(trigger_sequence=1, target_speed=14.76532624)
    vehicle1.changeLane(trigger_sequence=2, target_lane=1, target_speed=9.67429198)
    vehicle4.decelerate(trigger_sequence=4, target_speed=26.57095007)

2025-04-22 Tuesday 15:56:33  random_test.py : INFO  === Evaluation Finished === 
 Fitness: [3.500838585985072, -0.30490018148820325], Collision: False
2025-04-22 Tuesday 15:56:56  random_test.py : INFO  === Evaluate Testcase === 
 def testcase(self):
    ego = NPC(lane_id=1, offset=47.01050932, initial_speed=1.23376933)
    vehicle2 = NPC(lane_id=5, offset=12.4272486, initial_speed=15.69483464)
    vehicle2.changeLane(trigger_sequence=1, target_lane=3, target_speed=18.68658486)
    vehicle2.accelerate(trigger_sequence=3, target_speed=46.69455371)
    vehicle2.changeLane(trigger_sequence=4, target_lane=3, target_speed=26.88997213)

2025-04-22 Tuesday 15:56:56  random_test.py : INFO  === Evaluation Finished === 
 Fitness: [16.01210860733328, -0.6694772344013491], Collision: False
2025-04-22 Tuesday 15:57:01  random_test.py : INFO  === Evaluate Testcase === 
 def testcase(self):
    vehicle1 = NPC(lane_id=1, offset=22.12292588, initial_speed=4.89548409)
    vehicle2 = NPC(lane_id=3, offset=19.62265481, initial_speed=35.69751341)
    ego = NPC(lane_id=1, offset=22.14108502, initial_speed=12.03716132)
    vehicle2.accelerate(trigger_sequence=1, target_speed=46.95021854)
    vehicle2.decelerate(trigger_sequence=2, target_speed=9.20272634)
    vehicle1.accelerate(trigger_sequence=3, target_speed=46.23526257)
    vehicle1.decelerate(trigger_sequence=5, target_speed=2.58359688)

2025-04-22 Tuesday 15:57:01  random_test.py : INFO  === Evaluation Finished === 
 Fitness: [inf, 0], Collision: False
2025-04-22 Tuesday 15:57:24  random_test.py : INFO  === Evaluate Testcase === 
 def testcase(self):
    vehicle1 = NPC(lane_id=3, offset=39.57322038, initial_speed=11.94402314)
    vehicle2 = NPC(lane_id=5, offset=44.31508845, initial_speed=8.43047076)
    ego = NPC(lane_id=4, offset=32.72768327, initial_speed=5.67660733)
    vehicle4 = NPC(lane_id=5, offset=36.5895534, initial_speed=0.61476462)
    vehicle1.accelerate(trigger_sequence=1, target_speed=39.98464729)
    vehicle4.changeLane(trigger_sequence=1, target_lane=3, target_speed=27.13900741)
    vehicle1.changeLane(trigger_sequence=3, target_lane=1, target_speed=26.09400799)
    vehicle2.changeLane(trigger_sequence=3, target_lane=1, target_speed=41.71120973)
    vehicle1.decelerate(trigger_sequence=4, target_speed=5.14737193)
    vehicle4.decelerate(trigger_sequence=4, target_speed=28.45319086)
    vehicle1.changeLane(trigger_sequence=5, target_lane=3, target_speed=2.8788232)

2025-04-22 Tuesday 15:57:24  random_test.py : INFO  === Evaluation Finished === 
 Fitness: [3.5026565712285787, -0.9077181208053692], Collision: False
2025-04-22 Tuesday 15:57:45  random_test.py : INFO  === Evaluate Testcase === 
 def testcase(self):
    vehicle1 = NPC(lane_id=2, offset=14.97121532, initial_speed=20.91288377)
    ego = NPC(lane_id=4, offset=26.77343764, initial_speed=34.36330963)
    vehicle1.accelerate(trigger_sequence=1, target_speed=50.37434751)
    vehicle1.accelerate(trigger_sequence=2, target_speed=49.72790828)

2025-04-22 Tuesday 15:57:45  random_test.py : INFO  === Evaluation Finished === 
 Fitness: [7.0006348209013, -0.33634719710669075], Collision: False
2025-04-22 Tuesday 15:58:06  random_test.py : INFO  === Evaluate Testcase === 
 def testcase(self):
    ego = NPC(lane_id=1, offset=23.25067319, initial_speed=13.75114081)
    vehicle2 = NPC(lane_id=4, offset=1.98714327, initial_speed=20.89161418)
    vehicle2.accelerate(trigger_sequence=1, target_speed=36.93322845)
    vehicle2.decelerate(trigger_sequence=2, target_speed=18.64702999)
    vehicle2.changeLane(trigger_sequence=4, target_lane=1, target_speed=54.9445338)
    vehicle2.decelerate(trigger_sequence=5, target_speed=14.17495535)

2025-04-22 Tuesday 15:58:06  random_test.py : INFO  === Evaluation Finished === 
 Fitness: [10.50034843031345, -0.020100502512562814], Collision: False
2025-04-22 Tuesday 15:58:28  random_test.py : INFO  === Evaluate Testcase === 
 def testcase(self):
    vehicle1 = NPC(lane_id=2, offset=46.45183705, initial_speed=21.10834682)
    vehicle2 = NPC(lane_id=5, offset=48.95372651, initial_speed=39.88936631)
    ego = NPC(lane_id=3, offset=23.70747361, initial_speed=30.8895252)
    vehicle2.decelerate(trigger_sequence=2, target_speed=12.8349324)
    vehicle2.decelerate(trigger_sequence=3, target_speed=2.06447288)
    vehicle1.decelerate(trigger_sequence=4, target_speed=22.79185788)
    vehicle2.decelerate(trigger_sequence=4, target_speed=16.17584793)
    vehicle2.changeLane(trigger_sequence=5, target_lane=1, target_speed=23.81994311)

2025-04-22 Tuesday 15:58:28  random_test.py : INFO  === Evaluation Finished === 
 Fitness: [3.5000953006755084, -0.36200716845878134], Collision: False
2025-04-22 Tuesday 15:58:49  random_test.py : INFO  === Evaluate Testcase === 
 def testcase(self):
    vehicle1 = NPC(lane_id=2, offset=49.75269393, initial_speed=1.55652493)
    vehicle2 = NPC(lane_id=5, offset=16.0004948, initial_speed=28.46823255)
    vehicle3 = NPC(lane_id=3, offset=21.91180057, initial_speed=28.32603414)
    ego = NPC(lane_id=3, offset=45.24069631, initial_speed=24.99590049)
    vehicle2.changeLane(trigger_sequence=1, target_lane=3, target_speed=20.35680571)
    vehicle3.accelerate(trigger_sequence=1, target_speed=53.57779677)
    vehicle2.decelerate(trigger_sequence=2, target_speed=5.04751488)
    vehicle2.changeLane(trigger_sequence=3, target_lane=3, target_speed=6.83849231)
    vehicle1.changeLane(trigger_sequence=4, target_lane=3, target_speed=36.02861937)
    vehicle2.decelerate(trigger_sequence=5, target_speed=26.59335001)

2025-04-22 Tuesday 15:58:49  random_test.py : INFO  === Evaluation Finished === 
 Fitness: [3.4985650958469203, -0.3992932862190813], Collision: True
2025-04-22 Tuesday 15:58:49  random_test.py : INFO  === Find a coollision ===
2025-04-22 Tuesday 15:58:54  random_test.py : INFO  === Evaluate Testcase === 
 def testcase(self):
    vehicle1 = NPC(lane_id=5, offset=26.76778117, initial_speed=36.82586864)
    vehicle2 = NPC(lane_id=3, offset=23.54721664, initial_speed=33.70474725)
    ego = NPC(lane_id=5, offset=22.17153216, initial_speed=16.39698242)
    vehicle2.accelerate(trigger_sequence=1, target_speed=41.732234)
    vehicle1.accelerate(trigger_sequence=2, target_speed=35.8073998)
    vehicle2.decelerate(trigger_sequence=2, target_speed=3.54082088)
    vehicle1.changeLane(trigger_sequence=3, target_lane=3, target_speed=5.78609367)
    vehicle2.decelerate(trigger_sequence=3, target_speed=18.49008849)
    vehicle2.decelerate(trigger_sequence=4, target_speed=17.44681286)
    vehicle1.accelerate(trigger_sequence=5, target_speed=38.83225719)

2025-04-22 Tuesday 15:58:54  random_test.py : INFO  === Evaluation Finished === 
 Fitness: [inf, 0], Collision: False
2025-04-22 Tuesday 15:59:15  random_test.py : INFO  === Evaluate Testcase === 
 def testcase(self):
    vehicle1 = NPC(lane_id=5, offset=29.47074704, initial_speed=36.74116132)
    ego = NPC(lane_id=2, offset=33.80045184, initial_speed=23.25240699)
    vehicle1.decelerate(trigger_sequence=1, target_speed=3.49057696)
    vehicle1.decelerate(trigger_sequence=2, target_speed=28.30564587)
    vehicle1.decelerate(trigger_sequence=3, target_speed=10.32011317)
    vehicle1.accelerate(trigger_sequence=4, target_speed=54.78909201)

2025-04-22 Tuesday 15:59:15  random_test.py : INFO  === Evaluation Finished === 
 Fitness: [10.511905316785386, -0.5404929577464789], Collision: False
2025-04-22 Tuesday 15:59:36  random_test.py : INFO  === Evaluate Testcase === 
 def testcase(self):
    ego = NPC(lane_id=4, offset=17.98173178, initial_speed=13.90561208)
    vehicle2 = NPC(lane_id=1, offset=5.121647, initial_speed=14.08946536)
    vehicle3 = NPC(lane_id=4, offset=27.55313288, initial_speed=30.51784218)
    vehicle3.decelerate(trigger_sequence=1, target_speed=10.72912023)
    vehicle2.decelerate(trigger_sequence=2, target_speed=1.20323898)
    vehicle3.decelerate(trigger_sequence=2, target_speed=11.56319793)
    vehicle2.accelerate(trigger_sequence=3, target_speed=48.01456938)
    vehicle3.accelerate(trigger_sequence=5, target_speed=37.13152807)

2025-04-22 Tuesday 15:59:36  random_test.py : INFO  === Evaluation Finished === 
 Fitness: [9.995240939650285, -0.023411371237458192], Collision: False
2025-04-22 Tuesday 15:59:57  random_test.py : INFO  === Evaluate Testcase === 
 def testcase(self):
    vehicle1 = NPC(lane_id=4, offset=8.34800938, initial_speed=36.70635437)
    ego = NPC(lane_id=3, offset=36.24362862, initial_speed=36.12809679)
    vehicle3 = NPC(lane_id=4, offset=27.42051416, initial_speed=33.26571379)
    vehicle1.decelerate(trigger_sequence=1, target_speed=1.51825785)
    vehicle3.changeLane(trigger_sequence=1, target_lane=3, target_speed=3.19234403)
    vehicle1.changeLane(trigger_sequence=2, target_lane=3, target_speed=17.02894117)
    vehicle1.accelerate(trigger_sequence=3, target_speed=46.40902781)
    vehicle1.changeLane(trigger_sequence=4, target_lane=3, target_speed=57.08944633)
    vehicle3.changeLane(trigger_sequence=5, target_lane=1, target_speed=12.77086679)

2025-04-22 Tuesday 15:59:57  random_test.py : INFO  === Evaluation Finished === 
 Fitness: [1.6520882190792552, -0.23049001814882034], Collision: True
2025-04-22 Tuesday 15:59:57  random_test.py : INFO  === Find a coollision ===
2025-04-22 Tuesday 16:00:17  random_test.py : INFO  === Evaluate Testcase === 
 def testcase(self):
    ego = NPC(lane_id=3, offset=23.16093926, initial_speed=20.90686322)
    vehicle2 = NPC(lane_id=3, offset=29.66622737, initial_speed=20.82721477)
    vehicle3 = NPC(lane_id=3, offset=37.19710033, initial_speed=37.55382024)
    vehicle3.changeLane(trigger_sequence=1, target_lane=3, target_speed=36.34198608)
    vehicle3.accelerate(trigger_sequence=3, target_speed=51.33644816)
    vehicle3.decelerate(trigger_sequence=4, target_speed=10.78731278)
    vehicle3.accelerate(trigger_sequence=5, target_speed=50.47504219)

2025-04-22 Tuesday 16:00:17  random_test.py : INFO  === Evaluation Finished === 
 Fitness: [7.083812153268062, -0.5422535211267606], Collision: False
2025-04-22 Tuesday 16:00:39  random_test.py : INFO  === Evaluate Testcase === 
 def testcase(self):
    ego = NPC(lane_id=4, offset=11.28184012, initial_speed=29.30308954)
    vehicle2 = NPC(lane_id=2, offset=9.40917029, initial_speed=26.36367843)
    vehicle2.changeLane(trigger_sequence=1, target_lane=1, target_speed=58.29333655)

2025-04-22 Tuesday 16:00:39  random_test.py : INFO  === Evaluation Finished === 
 Fitness: [6.99092504600196, -0.4625], Collision: False
2025-04-22 Tuesday 16:01:01  random_test.py : INFO  === Evaluate Testcase === 
 def testcase(self):
    vehicle1 = NPC(lane_id=3, offset=48.01536639, initial_speed=37.61842669)
    vehicle2 = NPC(lane_id=1, offset=46.04515321, initial_speed=6.80818771)
    ego = NPC(lane_id=1, offset=39.85750263, initial_speed=20.57973161)
    vehicle2.accelerate(trigger_sequence=2, target_speed=36.09424152)
    vehicle1.decelerate(trigger_sequence=4, target_speed=15.72334393)
    vehicle2.changeLane(trigger_sequence=4, target_lane=3, target_speed=35.42720224)
    vehicle1.changeLane(trigger_sequence=5, target_lane=3, target_speed=21.79132205)

2025-04-22 Tuesday 16:01:01  random_test.py : INFO  === Evaluation Finished === 
 Fitness: [6.282230534949575, -0.5819935691318328], Collision: False
2025-04-22 Tuesday 16:01:23  random_test.py : INFO  === Evaluate Testcase === 
 def testcase(self):
    vehicle1 = NPC(lane_id=1, offset=6.73370007, initial_speed=26.8798508)
    vehicle2 = NPC(lane_id=5, offset=35.06381025, initial_speed=31.71961922)
    vehicle3 = NPC(lane_id=5, offset=25.82848116, initial_speed=7.35029589)
    ego = NPC(lane_id=4, offset=18.50371046, initial_speed=31.75332273)
    vehicle2.decelerate(trigger_sequence=1, target_speed=0.54037939)
    vehicle1.decelerate(trigger_sequence=2, target_speed=24.79285501)
    vehicle3.changeLane(trigger_sequence=2, target_lane=1, target_speed=10.31264676)
    vehicle2.decelerate(trigger_sequence=3, target_speed=19.23594701)
    vehicle3.accelerate(trigger_sequence=3, target_speed=41.30093883)
    vehicle1.accelerate(trigger_sequence=4, target_speed=53.89782196)

2025-04-22 Tuesday 16:01:23  random_test.py : INFO  === Evaluation Finished === 
 Fitness: [3.5000077656583657, -0.4111310592459605], Collision: False
2025-04-22 Tuesday 16:01:43  random_test.py : INFO  === Evaluate Testcase === 
 def testcase(self):
    vehicle1 = NPC(lane_id=1, offset=0.27675325, initial_speed=20.59635412)
    ego = NPC(lane_id=2, offset=48.92792975, initial_speed=38.36877253)
    vehicle3 = NPC(lane_id=1, offset=42.60490924, initial_speed=27.03799021)
    vehicle4 = NPC(lane_id=3, offset=4.58139544, initial_speed=36.72925064)
    vehicle1.accelerate(trigger_sequence=1, target_speed=55.12977331)
    vehicle3.decelerate(trigger_sequence=2, target_speed=19.76034098)
    vehicle3.accelerate(trigger_sequence=3, target_speed=55.75901818)
    vehicle3.changeLane(trigger_sequence=4, target_lane=3, target_speed=9.23151049)
    vehicle4.decelerate(trigger_sequence=4, target_speed=19.3930147)
    vehicle4.accelerate(trigger_sequence=5, target_speed=59.43862585)

2025-04-22 Tuesday 16:01:43  random_test.py : INFO  === Evaluation Finished === 
 Fitness: [3.492175514678795, -0.24817518248175183], Collision: False
2025-04-22 Tuesday 16:02:05  random_test.py : INFO  === Evaluate Testcase === 
 def testcase(self):
    vehicle1 = NPC(lane_id=3, offset=24.15022373, initial_speed=22.2864145)
    vehicle2 = NPC(lane_id=1, offset=47.66150648, initial_speed=28.40849986)
    vehicle3 = NPC(lane_id=4, offset=24.60983785, initial_speed=12.1364651)
    ego = NPC(lane_id=2, offset=38.89686208, initial_speed=4.43564953)
    vehicle1.decelerate(trigger_sequence=1, target_speed=8.55200001)
    vehicle2.accelerate(trigger_sequence=1, target_speed=49.12227892)
    vehicle3.accelerate(trigger_sequence=1, target_speed=45.27813233)
    vehicle1.changeLane(trigger_sequence=2, target_lane=3, target_speed=39.38651951)
    vehicle3.changeLane(trigger_sequence=3, target_lane=1, target_speed=48.57919538)
    vehicle1.decelerate(trigger_sequence=4, target_speed=21.5036064)
    vehicle1.decelerate(trigger_sequence=5, target_speed=5.69085068)
    vehicle2.accelerate(trigger_sequence=5, target_speed=58.91059704)
    vehicle3.accelerate(trigger_sequence=5, target_speed=31.96489593)

2025-04-22 Tuesday 16:02:05  random_test.py : INFO  === Evaluation Finished === 
 Fitness: [3.5084617313774284, -0.5067114093959731], Collision: False
2025-04-22 Tuesday 16:02:26  random_test.py : INFO  === Evaluate Testcase === 
 def testcase(self):
    ego = NPC(lane_id=3, offset=13.19383694, initial_speed=3.26392668)
    vehicle2 = NPC(lane_id=4, offset=31.37526892, initial_speed=0.45123062)
    vehicle3 = NPC(lane_id=2, offset=49.56667402, initial_speed=10.17188716)
    vehicle2.accelerate(trigger_sequence=1, target_speed=55.86561732)
    vehicle2.decelerate(trigger_sequence=2, target_speed=18.06218398)
    vehicle2.changeLane(trigger_sequence=3, target_lane=3, target_speed=42.93952801)
    vehicle3.accelerate(trigger_sequence=3, target_speed=36.27054634)
    vehicle2.changeLane(trigger_sequence=4, target_lane=1, target_speed=52.79621413)
    vehicle3.changeLane(trigger_sequence=4, target_lane=1, target_speed=56.16101737)
    vehicle2.accelerate(trigger_sequence=5, target_speed=30.67883294)
    vehicle3.accelerate(trigger_sequence=5, target_speed=52.74399516)

2025-04-22 Tuesday 16:02:26  random_test.py : INFO  === Evaluation Finished === 
 Fitness: [15.156282463803992, -0.5176470588235295], Collision: False
2025-04-22 Tuesday 16:02:48  random_test.py : INFO  === Evaluate Testcase === 
 def testcase(self):
    vehicle1 = NPC(lane_id=2, offset=41.68605544, initial_speed=39.1225111)
    vehicle2 = NPC(lane_id=1, offset=22.13782812, initial_speed=19.22276848)
    ego = NPC(lane_id=2, offset=49.47682951, initial_speed=11.04026675)
    vehicle1.changeLane(trigger_sequence=2, target_lane=3, target_speed=58.38505862)
    vehicle1.changeLane(trigger_sequence=3, target_lane=3, target_speed=17.03729399)
    vehicle1.changeLane(trigger_sequence=4, target_lane=3, target_speed=8.92513006)
    vehicle2.decelerate(trigger_sequence=4, target_speed=24.77303344)

2025-04-22 Tuesday 16:02:48  random_test.py : INFO  === Evaluation Finished === 
 Fitness: [3.5000981223718948, -0.03], Collision: True
2025-04-22 Tuesday 16:02:48  random_test.py : INFO  === Find a coollision ===
2025-04-22 Tuesday 16:03:09  random_test.py : INFO  === Evaluate Testcase === 
 def testcase(self):
    vehicle1 = NPC(lane_id=1, offset=15.70344178, initial_speed=34.01005164)
    ego = NPC(lane_id=5, offset=31.86918924, initial_speed=9.59340168)
    vehicle3 = NPC(lane_id=1, offset=23.74987693, initial_speed=31.58229334)
    vehicle4 = NPC(lane_id=2, offset=19.94332737, initial_speed=34.36616408)
    vehicle1.decelerate(trigger_sequence=1, target_speed=2.55192083)
    vehicle1.accelerate(trigger_sequence=2, target_speed=48.31471015)
    vehicle3.accelerate(trigger_sequence=2, target_speed=49.51107914)
    vehicle4.accelerate(trigger_sequence=2, target_speed=31.48892103)
    vehicle1.decelerate(trigger_sequence=3, target_speed=9.25580254)
    vehicle3.accelerate(trigger_sequence=3, target_speed=42.91314749)
    vehicle4.changeLane(trigger_sequence=3, target_lane=1, target_speed=15.83803981)
    vehicle1.decelerate(trigger_sequence=4, target_speed=29.09608786)
    vehicle1.decelerate(trigger_sequence=5, target_speed=29.17580522)
    vehicle3.changeLane(trigger_sequence=5, target_lane=3, target_speed=24.58739181)
    vehicle4.changeLane(trigger_sequence=5, target_lane=3, target_speed=23.50299804)

2025-04-22 Tuesday 16:03:09  random_test.py : INFO  === Evaluation Finished === 
 Fitness: [10.49303049138528, -0.03333333333333333], Collision: False
2025-04-22 Tuesday 16:03:14  random_test.py : INFO  === Evaluate Testcase === 
 def testcase(self):
    vehicle1 = NPC(lane_id=4, offset=12.1357342, initial_speed=6.13031748)
    ego = NPC(lane_id=4, offset=12.25735164, initial_speed=22.56418631)
    vehicle3 = NPC(lane_id=4, offset=9.95582914, initial_speed=30.46765427)
    vehicle3.accelerate(trigger_sequence=1, target_speed=33.81298362)
    vehicle1.accelerate(trigger_sequence=2, target_speed=53.47485311)
    vehicle3.changeLane(trigger_sequence=2, target_lane=1, target_speed=51.06223514)
    vehicle1.accelerate(trigger_sequence=3, target_speed=41.28244051)
    vehicle3.accelerate(trigger_sequence=4, target_speed=51.19940685)
    vehicle1.changeLane(trigger_sequence=5, target_lane=1, target_speed=12.72119989)

2025-04-22 Tuesday 16:03:14  random_test.py : INFO  === Evaluation Finished === 
 Fitness: [inf, 0], Collision: False
2025-04-22 Tuesday 16:03:36  random_test.py : INFO  === Evaluate Testcase === 
 def testcase(self):
    ego = NPC(lane_id=3, offset=38.39525762, initial_speed=8.13717256)
    vehicle2 = NPC(lane_id=4, offset=32.23161794, initial_speed=24.40965883)

2025-04-22 Tuesday 16:03:36  random_test.py : INFO  === Evaluation Finished === 
 Fitness: [3.5101675303794573, -0.021666666666666667], Collision: False
2025-04-22 Tuesday 16:03:57  random_test.py : INFO  === Evaluate Testcase === 
 def testcase(self):
    vehicle1 = NPC(lane_id=4, offset=14.47293561, initial_speed=2.49259304)
    ego = NPC(lane_id=3, offset=18.4690268, initial_speed=29.95355457)
    vehicle1.decelerate(trigger_sequence=4, target_speed=6.82725956)
    vehicle1.accelerate(trigger_sequence=5, target_speed=30.09505329)

2025-04-22 Tuesday 16:03:57  random_test.py : INFO  === Evaluation Finished === 
 Fitness: [5.0241293067658495, -0.40250447227191416], Collision: False
2025-04-22 Tuesday 16:04:19  random_test.py : INFO  === Evaluate Testcase === 
 def testcase(self):
    ego = NPC(lane_id=3, offset=24.32695285, initial_speed=36.05354778)
    vehicle2 = NPC(lane_id=1, offset=5.00943181, initial_speed=10.35742849)
    vehicle3 = NPC(lane_id=2, offset=40.39963812, initial_speed=28.51429757)
    vehicle2.decelerate(trigger_sequence=2, target_speed=7.68340564)
    vehicle3.decelerate(trigger_sequence=4, target_speed=24.39669737)
    vehicle2.changeLane(trigger_sequence=5, target_lane=1, target_speed=23.44035215)

2025-04-22 Tuesday 16:04:19  random_test.py : INFO  === Evaluation Finished === 
 Fitness: [3.499671235972453, -0.3030852994555354], Collision: False
2025-04-22 Tuesday 16:04:43  random_test.py : INFO  === Evaluate Testcase === 
 def testcase(self):
    vehicle1 = NPC(lane_id=1, offset=6.17486796, initial_speed=14.40296587)
    ego = NPC(lane_id=3, offset=38.99153908, initial_speed=3.61996365)
    vehicle1.accelerate(trigger_sequence=1, target_speed=59.97274866)
    vehicle1.changeLane(trigger_sequence=4, target_lane=3, target_speed=36.58418729)
    vehicle1.accelerate(trigger_sequence=5, target_speed=38.39235657)

2025-04-22 Tuesday 16:04:43  random_test.py : INFO  === Evaluation Finished === 
 Fitness: [6.999979875857254, -0.4764309764309764], Collision: False
2025-04-22 Tuesday 16:05:05  random_test.py : INFO  === Evaluate Testcase === 
 def testcase(self):
    ego = NPC(lane_id=2, offset=35.01626964, initial_speed=4.72979109)
    vehicle2 = NPC(lane_id=4, offset=10.52301888, initial_speed=0.70272085)
    vehicle2.changeLane(trigger_sequence=2, target_lane=1, target_speed=5.83396393)
    vehicle2.decelerate(trigger_sequence=4, target_speed=26.89847623)
    vehicle2.accelerate(trigger_sequence=5, target_speed=32.95082422)

2025-04-22 Tuesday 16:05:05  random_test.py : INFO  === Evaluation Finished === 
 Fitness: [21.775949075247585, -0.49166666666666664], Collision: False
2025-04-22 Tuesday 16:05:26  random_test.py : INFO  === Evaluate Testcase === 
 def testcase(self):
    ego = NPC(lane_id=3, offset=8.96437791, initial_speed=0.4974991)
    vehicle2 = NPC(lane_id=5, offset=1.12776618, initial_speed=10.93015724)
    vehicle3 = NPC(lane_id=2, offset=31.68620507, initial_speed=15.6394652)
    vehicle2.changeLane(trigger_sequence=1, target_lane=3, target_speed=21.88681993)
    vehicle2.accelerate(trigger_sequence=5, target_speed=37.84364762)

2025-04-22 Tuesday 16:05:26  random_test.py : INFO  === Evaluation Finished === 
 Fitness: [7.008957390107959, -0.6296296296296297], Collision: False
2025-04-22 Tuesday 16:05:47  random_test.py : INFO  === Evaluate Testcase === 
 def testcase(self):
    vehicle1 = NPC(lane_id=2, offset=20.47285764, initial_speed=17.60981627)
    ego = NPC(lane_id=1, offset=21.58221277, initial_speed=10.26284992)
    vehicle1.changeLane(trigger_sequence=2, target_lane=1, target_speed=41.29215704)
    vehicle1.accelerate(trigger_sequence=3, target_speed=35.53136635)

2025-04-22 Tuesday 16:05:47  random_test.py : INFO  === Evaluation Finished === 
 Fitness: [3.51104307692497, -0.03171953255425709], Collision: False
2025-04-22 Tuesday 16:06:09  random_test.py : INFO  === Evaluate Testcase === 
 def testcase(self):
    ego = NPC(lane_id=1, offset=13.74529286, initial_speed=7.89028121)
    vehicle2 = NPC(lane_id=5, offset=46.12879859, initial_speed=19.22056838)
    vehicle2.changeLane(trigger_sequence=1, target_lane=1, target_speed=38.99053779)
    vehicle2.changeLane(trigger_sequence=2, target_lane=1, target_speed=57.26237424)
    vehicle2.accelerate(trigger_sequence=3, target_speed=44.11236727)

2025-04-22 Tuesday 16:06:09  random_test.py : INFO  === Evaluation Finished === 
 Fitness: [35.52898911777243, -0.03833333333333333], Collision: False
2025-04-22 Tuesday 16:06:30  random_test.py : INFO  === Evaluate Testcase === 
 def testcase(self):
    vehicle1 = NPC(lane_id=2, offset=27.30984187, initial_speed=23.76378652)
    ego = NPC(lane_id=3, offset=49.90893408, initial_speed=1.66022869)
    vehicle1.changeLane(trigger_sequence=1, target_lane=3, target_speed=24.83102595)
    vehicle1.decelerate(trigger_sequence=2, target_speed=0.01305712)
    vehicle1.accelerate(trigger_sequence=4, target_speed=43.20683582)
    vehicle1.accelerate(trigger_sequence=5, target_speed=46.92575004)

2025-04-22 Tuesday 16:06:30  random_test.py : INFO  === Evaluation Finished === 
 Fitness: [3.4906347134371436, -0.6087689713322091], Collision: False
2025-04-22 Tuesday 16:06:51  random_test.py : INFO  === Evaluate Testcase === 
 def testcase(self):
    vehicle1 = NPC(lane_id=5, offset=34.63625201, initial_speed=32.43502759)
    vehicle2 = NPC(lane_id=1, offset=41.7889392, initial_speed=12.34102412)
    ego = NPC(lane_id=5, offset=10.51342664, initial_speed=23.76988089)
    vehicle1.changeLane(trigger_sequence=1, target_lane=3, target_speed=42.5199695)
    vehicle1.changeLane(trigger_sequence=2, target_lane=3, target_speed=34.40108119)
    vehicle2.changeLane(trigger_sequence=2, target_lane=3, target_speed=55.6976988)
    vehicle1.decelerate(trigger_sequence=3, target_speed=13.49974895)
    vehicle2.decelerate(trigger_sequence=4, target_speed=13.10320472)
    vehicle1.changeLane(trigger_sequence=5, target_lane=3, target_speed=34.0730914)
    vehicle2.accelerate(trigger_sequence=5, target_speed=42.74538685)

2025-04-22 Tuesday 16:06:51  random_test.py : INFO  === Evaluation Finished === 
 Fitness: [10.88489953641189, -0.5264084507042254], Collision: False
2025-04-22 Tuesday 16:07:12  random_test.py : INFO  === Evaluate Testcase === 
 def testcase(self):
    vehicle1 = NPC(lane_id=3, offset=0.20610655, initial_speed=13.4475211)
    vehicle2 = NPC(lane_id=4, offset=18.58249358, initial_speed=13.86153839)
    ego = NPC(lane_id=5, offset=46.46457576, initial_speed=32.52441754)
    vehicle1.changeLane(trigger_sequence=2, target_lane=1, target_speed=13.81411503)
    vehicle1.accelerate(trigger_sequence=4, target_speed=33.41694288)
    vehicle2.changeLane(trigger_sequence=4, target_lane=3, target_speed=32.10262781)
    vehicle2.changeLane(trigger_sequence=5, target_lane=1, target_speed=48.04825977)

2025-04-22 Tuesday 16:07:12  random_test.py : INFO  === Evaluation Finished === 
 Fitness: [25.333151789524052, -0.3776978417266187], Collision: False
2025-04-22 Tuesday 16:07:33  random_test.py : INFO  === Evaluate Testcase === 
 def testcase(self):
    vehicle1 = NPC(lane_id=4, offset=43.71233416, initial_speed=27.44688248)
    ego = NPC(lane_id=4, offset=5.62297312, initial_speed=19.99664246)
    vehicle1.changeLane(trigger_sequence=1, target_lane=1, target_speed=48.53244026)

2025-04-22 Tuesday 16:07:33  random_test.py : INFO  === Evaluation Finished === 
 Fitness: [38.470565994216145, -0.6006944444444444], Collision: False
2025-04-22 Tuesday 16:07:54  random_test.py : INFO  === Evaluate Testcase === 
 def testcase(self):
    ego = NPC(lane_id=3, offset=49.34575151, initial_speed=28.4727988)
    vehicle2 = NPC(lane_id=5, offset=16.74241416, initial_speed=23.68986657)
    vehicle2.decelerate(trigger_sequence=1, target_speed=3.71344279)
    vehicle2.decelerate(trigger_sequence=2, target_speed=28.19523199)
    vehicle2.decelerate(trigger_sequence=4, target_speed=24.76497761)
    vehicle2.changeLane(trigger_sequence=5, target_lane=1, target_speed=56.66834535)

2025-04-22 Tuesday 16:07:54  random_test.py : INFO  === Evaluation Finished === 
 Fitness: [27.158255416703565, -0.46345811051693403], Collision: False
2025-04-22 Tuesday 16:08:16  random_test.py : INFO  === Evaluate Testcase === 
 def testcase(self):
    vehicle1 = NPC(lane_id=5, offset=41.50580396, initial_speed=13.66186879)
    vehicle2 = NPC(lane_id=3, offset=8.17491448, initial_speed=3.49662831)
    ego = NPC(lane_id=5, offset=19.20751367, initial_speed=10.67387292)
    vehicle1.accelerate(trigger_sequence=1, target_speed=43.81126812)
    vehicle1.accelerate(trigger_sequence=2, target_speed=42.68008045)
    vehicle2.accelerate(trigger_sequence=2, target_speed=33.26001375)
    vehicle1.decelerate(trigger_sequence=3, target_speed=25.73779548)
    vehicle2.changeLane(trigger_sequence=3, target_lane=3, target_speed=30.72279798)
    vehicle1.accelerate(trigger_sequence=5, target_speed=30.8250697)

2025-04-22 Tuesday 16:08:16  random_test.py : INFO  === Evaluation Finished === 
 Fitness: [7.000036471910622, -0.03166666666666667], Collision: False
2025-04-22 Tuesday 16:08:38  random_test.py : INFO  === Evaluate Testcase === 
 def testcase(self):
    vehicle1 = NPC(lane_id=3, offset=35.164198, initial_speed=28.49298447)
    ego = NPC(lane_id=4, offset=30.74986727, initial_speed=5.00942008)
    vehicle3 = NPC(lane_id=5, offset=49.94654793, initial_speed=14.99614615)
    vehicle1.changeLane(trigger_sequence=1, target_lane=3, target_speed=56.0426357)
    vehicle1.decelerate(trigger_sequence=3, target_speed=3.08847807)
    vehicle3.decelerate(trigger_sequence=3, target_speed=22.15007931)
    vehicle3.decelerate(trigger_sequence=4, target_speed=19.11393676)
    vehicle1.decelerate(trigger_sequence=5, target_speed=15.26180382)

2025-04-22 Tuesday 16:08:38  random_test.py : INFO  === Evaluation Finished === 
 Fitness: [6.267812679710483, -0.5176470588235295], Collision: False
2025-04-22 Tuesday 16:09:00  random_test.py : INFO  === Evaluate Testcase === 
 def testcase(self):
    vehicle1 = NPC(lane_id=3, offset=6.91306861, initial_speed=6.53379388)
    vehicle2 = NPC(lane_id=4, offset=9.06672715, initial_speed=24.93044283)
    vehicle3 = NPC(lane_id=4, offset=1.31195787, initial_speed=33.03078527)
    ego = NPC(lane_id=1, offset=34.58144603, initial_speed=28.60525917)
    vehicle2.decelerate(trigger_sequence=1, target_speed=21.08733178)
    vehicle3.accelerate(trigger_sequence=1, target_speed=38.21144749)
    vehicle3.accelerate(trigger_sequence=2, target_speed=56.0415192)
    vehicle1.accelerate(trigger_sequence=3, target_speed=56.31084342)
    vehicle2.changeLane(trigger_sequence=3, target_lane=3, target_speed=34.16362498)
    vehicle3.decelerate(trigger_sequence=3, target_speed=10.6993345)
    vehicle2.accelerate(trigger_sequence=4, target_speed=49.20096241)
    vehicle3.accelerate(trigger_sequence=4, target_speed=54.52241303)
    vehicle3.accelerate(trigger_sequence=5, target_speed=34.4977437)

2025-04-22 Tuesday 16:09:00  random_test.py : INFO  === Evaluation Finished === 
 Fitness: [6.999835230400051, -0.44385026737967914], Collision: False
2025-04-22 Tuesday 16:09:21  random_test.py : INFO  === Evaluate Testcase === 
 def testcase(self):
    vehicle1 = NPC(lane_id=2, offset=37.38757579, initial_speed=5.87151307)
    ego = NPC(lane_id=2, offset=8.23755125, initial_speed=8.04818318)
    vehicle3 = NPC(lane_id=5, offset=34.16540365, initial_speed=15.64921472)
    vehicle4 = NPC(lane_id=4, offset=13.05765526, initial_speed=36.90716104)
    vehicle3.accelerate(trigger_sequence=1, target_speed=32.72065285)
    vehicle3.changeLane(trigger_sequence=3, target_lane=1, target_speed=29.73305255)
    vehicle4.changeLane(trigger_sequence=4, target_lane=3, target_speed=26.81670375)
    vehicle1.accelerate(trigger_sequence=5, target_speed=49.09947072)

2025-04-22 Tuesday 16:09:21  random_test.py : INFO  === Evaluation Finished === 
 Fitness: [8.807178661940087, -0.015437392795883362], Collision: False
2025-04-22 Tuesday 16:09:42  random_test.py : INFO  === Evaluate Testcase === 
 def testcase(self):
    vehicle1 = NPC(lane_id=5, offset=18.84004552, initial_speed=17.54441337)
    ego = NPC(lane_id=3, offset=27.20995973, initial_speed=27.49424887)
    vehicle3 = NPC(lane_id=2, offset=29.71282225, initial_speed=37.91471563)
    vehicle4 = NPC(lane_id=3, offset=16.65776025, initial_speed=4.59203452)
    vehicle4.changeLane(trigger_sequence=2, target_lane=3, target_speed=37.10786538)
    vehicle4.accelerate(trigger_sequence=3, target_speed=30.94055214)

2025-04-22 Tuesday 16:09:42  random_test.py : INFO  === Evaluation Finished === 
 Fitness: [4.983020626449297, -0.49023090586145646], Collision: False
2025-04-22 Tuesday 16:09:48  random_test.py : INFO  === Evaluate Testcase === 
 def testcase(self):
    vehicle1 = NPC(lane_id=3, offset=33.42073947, initial_speed=7.77080817)
    ego = NPC(lane_id=1, offset=25.30761848, initial_speed=29.49105803)
    vehicle3 = NPC(lane_id=3, offset=21.67354328, initial_speed=37.18150387)
    vehicle4 = NPC(lane_id=3, offset=26.7665694, initial_speed=14.76497166)
    vehicle3.accelerate(trigger_sequence=1, target_speed=30.30272811)
    vehicle4.decelerate(trigger_sequence=1, target_speed=10.57093222)
    vehicle4.decelerate(trigger_sequence=2, target_speed=10.91154469)
    vehicle1.accelerate(trigger_sequence=3, target_speed=51.45802039)
    vehicle3.changeLane(trigger_sequence=3, target_lane=1, target_speed=33.03986876)
    vehicle1.accelerate(trigger_sequence=4, target_speed=50.82460373)

2025-04-22 Tuesday 16:09:48  random_test.py : INFO  === Evaluation Finished === 
 Fitness: [inf, 0], Collision: False
2025-04-22 Tuesday 16:10:10  random_test.py : INFO  === Evaluate Testcase === 
 def testcase(self):
    vehicle1 = NPC(lane_id=4, offset=44.47741202, initial_speed=14.86233806)
    ego = NPC(lane_id=3, offset=21.82510916, initial_speed=6.77492892)
    vehicle3 = NPC(lane_id=2, offset=28.29724744, initial_speed=36.64516288)
    vehicle4 = NPC(lane_id=1, offset=15.63961824, initial_speed=33.8296069)
    vehicle1.changeLane(trigger_sequence=1, target_lane=1, target_speed=16.68328292)
    vehicle4.changeLane(trigger_sequence=2, target_lane=1, target_speed=55.56707717)
    vehicle3.decelerate(trigger_sequence=3, target_speed=5.25562548)
    vehicle4.accelerate(trigger_sequence=3, target_speed=53.90171175)
    vehicle1.decelerate(trigger_sequence=4, target_speed=20.83070056)
    vehicle4.changeLane(trigger_sequence=5, target_lane=3, target_speed=50.59900693)

2025-04-22 Tuesday 16:10:10  random_test.py : INFO  === Evaluation Finished === 
 Fitness: [6.992272708603562, -0.015100671140939598], Collision: False
2025-04-22 Tuesday 16:10:31  random_test.py : INFO  === Evaluate Testcase === 
 def testcase(self):
    vehicle1 = NPC(lane_id=2, offset=16.07580623, initial_speed=17.14510027)
    vehicle2 = NPC(lane_id=1, offset=24.97000734, initial_speed=32.37181735)
    vehicle3 = NPC(lane_id=2, offset=3.42234416, initial_speed=15.84944615)
    ego = NPC(lane_id=2, offset=42.16470508, initial_speed=25.6612644)
    vehicle1.accelerate(trigger_sequence=1, target_speed=38.20191245)
    vehicle2.changeLane(trigger_sequence=1, target_lane=3, target_speed=54.19051649)
    vehicle2.decelerate(trigger_sequence=3, target_speed=24.66483237)
    vehicle3.decelerate(trigger_sequence=3, target_speed=22.40303183)
    vehicle1.decelerate(trigger_sequence=4, target_speed=4.33630057)
    vehicle3.decelerate(trigger_sequence=4, target_speed=29.32853324)
    vehicle1.changeLane(trigger_sequence=5, target_lane=1, target_speed=47.90679099)
    vehicle2.decelerate(trigger_sequence=5, target_speed=24.76571323)

2025-04-22 Tuesday 16:10:31  random_test.py : INFO  === Evaluation Finished === 
 Fitness: [0.552697828351692, -0.4814159292035398], Collision: True
2025-04-22 Tuesday 16:10:31  random_test.py : INFO  === Find a coollision ===
2025-04-22 Tuesday 16:10:53  random_test.py : INFO  === Evaluate Testcase === 
 def testcase(self):
    vehicle1 = NPC(lane_id=2, offset=33.94591969, initial_speed=26.52872823)
    ego = NPC(lane_id=5, offset=26.84630613, initial_speed=17.39025216)
    vehicle3 = NPC(lane_id=5, offset=49.32546578, initial_speed=38.67967109)
    vehicle1.accelerate(trigger_sequence=1, target_speed=47.84023435)
    vehicle3.accelerate(trigger_sequence=1, target_speed=54.84468267)
    vehicle3.changeLane(trigger_sequence=3, target_lane=3, target_speed=18.84878573)
    vehicle1.accelerate(trigger_sequence=4, target_speed=57.34744375)
    vehicle3.decelerate(trigger_sequence=4, target_speed=24.68662823)
    vehicle1.decelerate(trigger_sequence=5, target_speed=26.073905)
    vehicle3.changeLane(trigger_sequence=5, target_lane=1, target_speed=1.04282766)

2025-04-22 Tuesday 16:10:53  random_test.py : INFO  === Evaluation Finished === 
 Fitness: [13.094554374490826, -0.022452504317789293], Collision: False
2025-04-22 Tuesday 16:11:14  random_test.py : INFO  === Evaluate Testcase === 
 def testcase(self):
    ego = NPC(lane_id=3, offset=36.26164397, initial_speed=33.44449843)
    vehicle2 = NPC(lane_id=1, offset=7.01688009, initial_speed=13.43833242)
    vehicle3 = NPC(lane_id=4, offset=47.54761886, initial_speed=20.9770644)
    vehicle4 = NPC(lane_id=4, offset=36.51118773, initial_speed=4.2678433)
    vehicle2.changeLane(trigger_sequence=1, target_lane=3, target_speed=50.91382479)
    vehicle3.changeLane(trigger_sequence=1, target_lane=3, target_speed=54.91757227)
    vehicle4.changeLane(trigger_sequence=1, target_lane=3, target_speed=23.00449671)
    vehicle2.decelerate(trigger_sequence=2, target_speed=18.23226923)
    vehicle3.decelerate(trigger_sequence=2, target_speed=25.48248937)
    vehicle4.accelerate(trigger_sequence=2, target_speed=52.27239575)
    vehicle2.changeLane(trigger_sequence=3, target_lane=1, target_speed=35.06745017)
    vehicle3.decelerate(trigger_sequence=3, target_speed=10.22500881)
    vehicle4.decelerate(trigger_sequence=3, target_speed=0.90413639)
    vehicle2.changeLane(trigger_sequence=4, target_lane=1, target_speed=22.16605786)
    vehicle2.accelerate(trigger_sequence=5, target_speed=30.11991428)
    vehicle3.accelerate(trigger_sequence=5, target_speed=31.76966805)

2025-04-22 Tuesday 16:11:14  random_test.py : INFO  === Evaluation Finished === 
 Fitness: [1.7309013888397033, -0.4126126126126126], Collision: True
2025-04-22 Tuesday 16:11:14  random_test.py : INFO  === Find a coollision ===
2025-04-22 Tuesday 16:11:19  random_test.py : INFO  === Evaluate Testcase === 
 def testcase(self):
    vehicle1 = NPC(lane_id=4, offset=35.01210999, initial_speed=9.87688501)
    ego = NPC(lane_id=4, offset=36.01853473, initial_speed=14.07921082)
    vehicle3 = NPC(lane_id=1, offset=13.53919009, initial_speed=12.95816255)
    vehicle1.accelerate(trigger_sequence=2, target_speed=44.57240424)
    vehicle3.changeLane(trigger_sequence=2, target_lane=3, target_speed=1.12322123)
    vehicle1.decelerate(trigger_sequence=4, target_speed=26.46237776)
    vehicle3.changeLane(trigger_sequence=4, target_lane=1, target_speed=18.32537242)

2025-04-22 Tuesday 16:11:19  random_test.py : INFO  === Evaluation Finished === 
 Fitness: [inf, 0], Collision: False
2025-04-22 Tuesday 16:11:41  random_test.py : INFO  === Evaluate Testcase === 
 def testcase(self):
    vehicle1 = NPC(lane_id=5, offset=27.48436313, initial_speed=9.08251374)
    ego = NPC(lane_id=3, offset=45.72064425, initial_speed=8.85647598)
    vehicle3 = NPC(lane_id=2, offset=16.79728836, initial_speed=5.66098591)
    vehicle1.accelerate(trigger_sequence=1, target_speed=39.79927853)
    vehicle3.decelerate(trigger_sequence=1, target_speed=24.83534603)
    vehicle1.changeLane(trigger_sequence=2, target_lane=1, target_speed=20.48849317)
    vehicle1.changeLane(trigger_sequence=3, target_lane=1, target_speed=9.31017948)
    vehicle3.accelerate(trigger_sequence=3, target_speed=34.91356486)
    vehicle3.accelerate(trigger_sequence=4, target_speed=38.12134826)

2025-04-22 Tuesday 16:11:41  random_test.py : INFO  === Evaluation Finished === 
 Fitness: [3.5020340723247205, -0.03833333333333333], Collision: False
2025-04-22 Tuesday 16:12:02  random_test.py : INFO  === Evaluate Testcase === 
 def testcase(self):
    vehicle1 = NPC(lane_id=4, offset=1.56233212, initial_speed=21.19680571)
    ego = NPC(lane_id=3, offset=4.75141269, initial_speed=20.34949406)
    vehicle1.accelerate(trigger_sequence=1, target_speed=58.09293403)
    vehicle1.accelerate(trigger_sequence=3, target_speed=44.51961479)
    vehicle1.decelerate(trigger_sequence=5, target_speed=15.00493919)

2025-04-22 Tuesday 16:12:02  random_test.py : INFO  === Evaluation Finished === 
 Fitness: [3.5090233942013667, -0.6069565217391304], Collision: False
2025-04-22 Tuesday 16:12:24  random_test.py : INFO  === Evaluate Testcase === 
 def testcase(self):
    ego = NPC(lane_id=4, offset=7.01178202, initial_speed=21.16660233)
    vehicle2 = NPC(lane_id=2, offset=45.24263642, initial_speed=0.29442144)
    vehicle2.accelerate(trigger_sequence=5, target_speed=30.3942826)

2025-04-22 Tuesday 16:12:24  random_test.py : INFO  === Evaluation Finished === 
 Fitness: [7.000347539836357, -0.573170731707317], Collision: False
2025-04-22 Tuesday 16:12:46  random_test.py : INFO  === Evaluate Testcase === 
 def testcase(self):
    ego = NPC(lane_id=1, offset=1.23016967, initial_speed=15.06778878)
    vehicle2 = NPC(lane_id=3, offset=5.99123677, initial_speed=10.12830381)
    vehicle2.accelerate(trigger_sequence=1, target_speed=47.63790576)
    vehicle2.changeLane(trigger_sequence=5, target_lane=1, target_speed=11.07436572)

2025-04-22 Tuesday 16:12:46  random_test.py : INFO  === Evaluation Finished === 
 Fitness: [7.00053508095029, -0.02348993288590604], Collision: False
2025-04-22 Tuesday 16:13:08  random_test.py : INFO  === Evaluate Testcase === 
 def testcase(self):
    ego = NPC(lane_id=4, offset=5.09993343, initial_speed=35.10416294)
    vehicle2 = NPC(lane_id=1, offset=4.74925797, initial_speed=2.43900795)
    vehicle3 = NPC(lane_id=2, offset=20.08788933, initial_speed=22.45618696)
    vehicle2.accelerate(trigger_sequence=1, target_speed=55.17679743)
    vehicle3.accelerate(trigger_sequence=1, target_speed=32.7409845)
    vehicle2.decelerate(trigger_sequence=3, target_speed=2.03047657)
    vehicle2.accelerate(trigger_sequence=4, target_speed=46.45777015)
    vehicle3.decelerate(trigger_sequence=4, target_speed=4.53386712)

2025-04-22 Tuesday 16:13:08  random_test.py : INFO  === Evaluation Finished === 
 Fitness: [6.999674209745056, -0.32007233273056057], Collision: False
2025-04-22 Tuesday 16:13:31  random_test.py : INFO  === Evaluate Testcase === 
 def testcase(self):
    vehicle1 = NPC(lane_id=1, offset=26.94560512, initial_speed=22.88178113)
    ego = NPC(lane_id=3, offset=26.57873819, initial_speed=38.45009239)
    vehicle3 = NPC(lane_id=4, offset=20.95917911, initial_speed=27.43933291)
    vehicle1.decelerate(trigger_sequence=2, target_speed=11.96566339)
    vehicle3.decelerate(trigger_sequence=2, target_speed=16.92287627)
    vehicle1.changeLane(trigger_sequence=4, target_lane=1, target_speed=2.35286048)
    vehicle3.accelerate(trigger_sequence=4, target_speed=43.9422443)

2025-04-22 Tuesday 16:13:31  random_test.py : INFO  === Evaluation Finished === 
 Fitness: [3.500549836035915, -0.24817518248175183], Collision: False
2025-04-22 Tuesday 16:13:54  random_test.py : INFO  === Evaluate Testcase === 
 def testcase(self):
    ego = NPC(lane_id=4, offset=26.80527479, initial_speed=10.7563491)
    vehicle2 = NPC(lane_id=1, offset=37.69318233, initial_speed=36.96491025)
    vehicle2.accelerate(trigger_sequence=1, target_speed=52.00461697)
    vehicle2.accelerate(trigger_sequence=2, target_speed=30.8678348)
    vehicle2.decelerate(trigger_sequence=5, target_speed=17.8287201)

2025-04-22 Tuesday 16:13:54  random_test.py : INFO  === Evaluation Finished === 
 Fitness: [15.493414011827173, -0.02003338898163606], Collision: False
2025-04-22 Tuesday 16:14:16  random_test.py : INFO  === Evaluate Testcase === 
 def testcase(self):
    vehicle1 = NPC(lane_id=1, offset=5.19516195, initial_speed=7.23353324)
    vehicle2 = NPC(lane_id=5, offset=30.85388317, initial_speed=23.33443697)
    ego = NPC(lane_id=1, offset=41.22269828, initial_speed=33.13786791)
    vehicle2.decelerate(trigger_sequence=2, target_speed=12.11622726)
    vehicle2.accelerate(trigger_sequence=3, target_speed=55.92755058)
    vehicle1.accelerate(trigger_sequence=4, target_speed=37.14732045)
    vehicle2.decelerate(trigger_sequence=5, target_speed=9.77325811)

2025-04-22 Tuesday 16:14:16  random_test.py : INFO  === Evaluation Finished === 
 Fitness: [14.61005643849701, -0.36396396396396397], Collision: False
2025-04-22 Tuesday 16:14:39  random_test.py : INFO  === Evaluate Testcase === 
 def testcase(self):
    ego = NPC(lane_id=1, offset=10.33557612, initial_speed=20.38717026)
    vehicle2 = NPC(lane_id=4, offset=44.06901047, initial_speed=9.94163199)
    vehicle2.accelerate(trigger_sequence=1, target_speed=46.95070315)
    vehicle2.changeLane(trigger_sequence=2, target_lane=1, target_speed=59.66027343)
    vehicle2.changeLane(trigger_sequence=4, target_lane=1, target_speed=59.37293652)
    vehicle2.decelerate(trigger_sequence=5, target_speed=22.95771393)

2025-04-22 Tuesday 16:14:39  random_test.py : INFO  === Evaluation Finished === 
 Fitness: [23.019121557570724, -0.6121739130434782], Collision: False
2025-04-22 Tuesday 16:15:01  random_test.py : INFO  === Evaluate Testcase === 
 def testcase(self):
    vehicle1 = NPC(lane_id=1, offset=46.54863394, initial_speed=13.80119228)
    vehicle2 = NPC(lane_id=3, offset=18.80437951, initial_speed=21.6609601)
    ego = NPC(lane_id=4, offset=20.77903573, initial_speed=5.2929507)
    vehicle2.accelerate(trigger_sequence=1, target_speed=48.6483203)
    vehicle2.changeLane(trigger_sequence=3, target_lane=3, target_speed=19.72677728)

2025-04-22 Tuesday 16:15:01  random_test.py : INFO  === Evaluation Finished === 
 Fitness: [3.493468792085206, -0.5176470588235295], Collision: False
2025-04-22 Tuesday 16:15:06  random_test.py : INFO  === Evaluate Testcase === 
 def testcase(self):
    vehicle1 = NPC(lane_id=2, offset=29.69853578, initial_speed=13.91883216)
    vehicle2 = NPC(lane_id=2, offset=22.71970386, initial_speed=27.56380368)
    ego = NPC(lane_id=2, offset=30.92514301, initial_speed=14.72867148)
    vehicle4 = NPC(lane_id=4, offset=9.08739907, initial_speed=4.30160459)
    vehicle2.accelerate(trigger_sequence=1, target_speed=57.87409777)
    vehicle2.accelerate(trigger_sequence=2, target_speed=56.76210839)
    vehicle4.changeLane(trigger_sequence=2, target_lane=3, target_speed=43.37016819)
    vehicle1.decelerate(trigger_sequence=3, target_speed=17.63744923)
    vehicle4.accelerate(trigger_sequence=3, target_speed=31.92638641)
    vehicle1.decelerate(trigger_sequence=4, target_speed=11.59136584)
    vehicle2.decelerate(trigger_sequence=4, target_speed=0.02483783)
    vehicle1.changeLane(trigger_sequence=5, target_lane=3, target_speed=23.69250197)

2025-04-22 Tuesday 16:15:06  random_test.py : INFO  === Evaluation Finished === 
 Fitness: [inf, 0], Collision: False
2025-04-22 Tuesday 16:15:28  random_test.py : INFO  === Evaluate Testcase === 
 def testcase(self):
    ego = NPC(lane_id=5, offset=9.87909444, initial_speed=5.39769744)
    vehicle2 = NPC(lane_id=5, offset=41.18260527, initial_speed=18.41797638)
    vehicle2.changeLane(trigger_sequence=1, target_lane=1, target_speed=54.1779554)
    vehicle2.changeLane(trigger_sequence=4, target_lane=1, target_speed=19.34979129)
    vehicle2.changeLane(trigger_sequence=5, target_lane=3, target_speed=42.3193204)

2025-04-22 Tuesday 16:15:28  random_test.py : INFO  === Evaluation Finished === 
 Fitness: [31.559326210253037, -0.475], Collision: False
2025-04-22 Tuesday 16:15:50  random_test.py : INFO  === Evaluate Testcase === 
 def testcase(self):
    ego = NPC(lane_id=5, offset=23.61562383, initial_speed=18.79812)
    vehicle2 = NPC(lane_id=1, offset=42.89334716, initial_speed=26.3752122)
    vehicle2.changeLane(trigger_sequence=1, target_lane=3, target_speed=22.86626564)
    vehicle2.changeLane(trigger_sequence=2, target_lane=1, target_speed=10.2931762)
    vehicle2.accelerate(trigger_sequence=3, target_speed=48.07659957)
    vehicle2.accelerate(trigger_sequence=5, target_speed=49.75784039)

2025-04-22 Tuesday 16:15:50  random_test.py : INFO  === Evaluation Finished === 
 Fitness: [24.11702189189857, -0.8336221837088388], Collision: False
2025-04-22 Tuesday 16:16:12  random_test.py : INFO  === Evaluate Testcase === 
 def testcase(self):
    vehicle1 = NPC(lane_id=2, offset=38.98843248, initial_speed=34.55297901)
    ego = NPC(lane_id=1, offset=3.57497863, initial_speed=17.49361916)
    vehicle3 = NPC(lane_id=2, offset=0.24609373, initial_speed=38.50674831)
    vehicle1.changeLane(trigger_sequence=1, target_lane=3, target_speed=2.7977924)
    vehicle3.changeLane(trigger_sequence=1, target_lane=3, target_speed=2.73650618)
    vehicle1.accelerate(trigger_sequence=2, target_speed=50.59815282)
    vehicle1.decelerate(trigger_sequence=3, target_speed=22.99007937)
    vehicle3.decelerate(trigger_sequence=3, target_speed=15.35018334)
    vehicle1.changeLane(trigger_sequence=4, target_lane=3, target_speed=53.46472941)

2025-04-22 Tuesday 16:16:12  random_test.py : INFO  === Evaluation Finished === 
 Fitness: [3.5008407747665067, -0.031088082901554404], Collision: False
2025-04-22 Tuesday 16:16:35  random_test.py : INFO  === Evaluate Testcase === 
 def testcase(self):
    vehicle1 = NPC(lane_id=2, offset=21.50395998, initial_speed=39.07125823)
    ego = NPC(lane_id=1, offset=47.8489184, initial_speed=2.07103604)
    vehicle3 = NPC(lane_id=4, offset=2.89583036, initial_speed=30.86119626)
    vehicle1.changeLane(trigger_sequence=2, target_lane=3, target_speed=53.3979171)
    vehicle3.changeLane(trigger_sequence=2, target_lane=3, target_speed=42.42629491)
    vehicle3.changeLane(trigger_sequence=4, target_lane=1, target_speed=28.21094865)
    vehicle1.changeLane(trigger_sequence=5, target_lane=1, target_speed=29.79259176)
    vehicle3.changeLane(trigger_sequence=5, target_lane=1, target_speed=8.62640865)

2025-04-22 Tuesday 16:16:35  random_test.py : INFO  === Evaluation Finished === 
 Fitness: [3.515292963931582, -0.6302521008403361], Collision: False
2025-04-22 Tuesday 16:16:40  random_test.py : INFO  === Evaluate Testcase === 
 def testcase(self):
    vehicle1 = NPC(lane_id=4, offset=49.45828461, initial_speed=19.80001341)
    vehicle2 = NPC(lane_id=4, offset=4.24859275, initial_speed=25.5750582)
    ego = NPC(lane_id=4, offset=46.46152078, initial_speed=39.86985548)
    vehicle4 = NPC(lane_id=4, offset=9.80441429, initial_speed=6.91523103)
    vehicle1.decelerate(trigger_sequence=1, target_speed=25.64845091)
    vehicle1.changeLane(trigger_sequence=2, target_lane=3, target_speed=24.30100326)
    vehicle4.decelerate(trigger_sequence=2, target_speed=27.37960971)
    vehicle2.decelerate(trigger_sequence=3, target_speed=26.35142538)
    vehicle4.decelerate(trigger_sequence=3, target_speed=5.36964307)
    vehicle2.changeLane(trigger_sequence=4, target_lane=3, target_speed=0.95398204)
    vehicle4.changeLane(trigger_sequence=4, target_lane=3, target_speed=59.50217768)
    vehicle1.accelerate(trigger_sequence=5, target_speed=54.9167002)
    vehicle2.accelerate(trigger_sequence=5, target_speed=33.64026845)

2025-04-22 Tuesday 16:16:40  random_test.py : INFO  === Evaluation Finished === 
 Fitness: [inf, 0], Collision: False
2025-04-22 Tuesday 16:17:03  random_test.py : INFO  === Evaluate Testcase === 
 def testcase(self):
    vehicle1 = NPC(lane_id=5, offset=27.05977192, initial_speed=8.55306389)
    vehicle2 = NPC(lane_id=4, offset=31.1902095, initial_speed=12.03173145)
    ego = NPC(lane_id=5, offset=40.93887615, initial_speed=20.97971019)
    vehicle4 = NPC(lane_id=2, offset=13.98001796, initial_speed=4.03219463)
    vehicle1.decelerate(trigger_sequence=1, target_speed=0.08878157)
    vehicle2.decelerate(trigger_sequence=1, target_speed=1.07978503)
    vehicle4.changeLane(trigger_sequence=1, target_lane=3, target_speed=8.60052452)
    vehicle2.changeLane(trigger_sequence=2, target_lane=3, target_speed=57.63268365)
    vehicle2.decelerate(trigger_sequence=4, target_speed=27.78083127)
    vehicle4.changeLane(trigger_sequence=4, target_lane=3, target_speed=19.60815739)
    vehicle1.changeLane(trigger_sequence=5, target_lane=1, target_speed=28.56005361)
    vehicle4.accelerate(trigger_sequence=5, target_speed=35.9694728)

2025-04-22 Tuesday 16:17:03  random_test.py : INFO  === Evaluation Finished === 
 Fitness: [7.00149166672821, -0.5801393728222997], Collision: False
2025-04-22 Tuesday 16:17:25  random_test.py : INFO  === Evaluate Testcase === 
 def testcase(self):
    vehicle1 = NPC(lane_id=2, offset=23.59571177, initial_speed=19.88919726)
    vehicle2 = NPC(lane_id=5, offset=35.08251876, initial_speed=11.16320321)
    vehicle3 = NPC(lane_id=1, offset=9.50428045, initial_speed=4.32879416)
    ego = NPC(lane_id=2, offset=1.31885141, initial_speed=11.66019103)
    vehicle1.accelerate(trigger_sequence=1, target_speed=41.25781936)
    vehicle3.decelerate(trigger_sequence=1, target_speed=28.67671671)
    vehicle3.decelerate(trigger_sequence=2, target_speed=29.66617292)
    vehicle3.decelerate(trigger_sequence=3, target_speed=16.07639216)

2025-04-22 Tuesday 16:17:25  random_test.py : INFO  === Evaluation Finished === 
 Fitness: [3.5002937465706556, -0.03], Collision: False
2025-04-22 Tuesday 16:17:30  random_test.py : INFO  === Evaluate Testcase === 
 def testcase(self):
    vehicle1 = NPC(lane_id=5, offset=3.55592736, initial_speed=4.77507112)
    vehicle2 = NPC(lane_id=5, offset=2.03283088, initial_speed=12.13687933)
    ego = NPC(lane_id=2, offset=37.81876419, initial_speed=0.13706581)
    vehicle1.decelerate(trigger_sequence=1, target_speed=10.71263812)
    vehicle1.decelerate(trigger_sequence=2, target_speed=11.69772269)
    vehicle2.changeLane(trigger_sequence=4, target_lane=3, target_speed=6.91205915)
    vehicle2.decelerate(trigger_sequence=5, target_speed=18.96353642)

2025-04-22 Tuesday 16:17:30  random_test.py : INFO  === Evaluation Finished === 
 Fitness: [inf, 0], Collision: False
2025-04-22 Tuesday 16:17:51  random_test.py : INFO  === Evaluate Testcase === 
 def testcase(self):
    vehicle1 = NPC(lane_id=3, offset=31.8664474, initial_speed=17.32481138)
    vehicle2 = NPC(lane_id=4, offset=29.91770722, initial_speed=31.13938554)
    ego = NPC(lane_id=5, offset=24.92823688, initial_speed=16.99049159)
    vehicle1.accelerate(trigger_sequence=1, target_speed=43.9518812)
    vehicle2.accelerate(trigger_sequence=2, target_speed=31.36951737)
    vehicle2.accelerate(trigger_sequence=3, target_speed=38.33804864)
    vehicle1.accelerate(trigger_sequence=5, target_speed=58.86263531)

2025-04-22 Tuesday 16:17:51  random_test.py : INFO  === Evaluation Finished === 
 Fitness: [6.448505402973207, -0.018998272884283247], Collision: False
2025-04-22 Tuesday 16:18:13  random_test.py : INFO  === Evaluate Testcase === 
 def testcase(self):
    vehicle1 = NPC(lane_id=2, offset=49.27654229, initial_speed=8.66039459)
    vehicle2 = NPC(lane_id=5, offset=46.51748479, initial_speed=23.12969145)
    vehicle3 = NPC(lane_id=2, offset=38.84076101, initial_speed=38.69073247)
    ego = NPC(lane_id=3, offset=24.6248879, initial_speed=34.78843466)
    vehicle1.accelerate(trigger_sequence=1, target_speed=42.71733657)
    vehicle3.decelerate(trigger_sequence=1, target_speed=8.56499136)
    vehicle1.decelerate(trigger_sequence=2, target_speed=0.09862648)
    vehicle2.changeLane(trigger_sequence=2, target_lane=1, target_speed=32.15734687)
    vehicle3.decelerate(trigger_sequence=2, target_speed=15.57799328)
    vehicle1.changeLane(trigger_sequence=4, target_lane=1, target_speed=43.01292811)

2025-04-22 Tuesday 16:18:13  random_test.py : INFO  === Evaluation Finished === 
 Fitness: [3.5000283688354523, -0.3291139240506329], Collision: False
2025-04-22 Tuesday 16:18:35  random_test.py : INFO  === Evaluate Testcase === 
 def testcase(self):
    vehicle1 = NPC(lane_id=2, offset=10.2695963, initial_speed=18.34191167)
    vehicle2 = NPC(lane_id=1, offset=42.11846615, initial_speed=13.36593083)
    ego = NPC(lane_id=2, offset=46.09102037, initial_speed=2.81155649)
    vehicle1.accelerate(trigger_sequence=1, target_speed=46.96569511)
    vehicle2.changeLane(trigger_sequence=1, target_lane=3, target_speed=56.04446636)
    vehicle1.decelerate(trigger_sequence=2, target_speed=15.9097845)
    vehicle2.accelerate(trigger_sequence=2, target_speed=33.27386397)
    vehicle2.accelerate(trigger_sequence=3, target_speed=48.30218379)
    vehicle1.changeLane(trigger_sequence=4, target_lane=1, target_speed=56.31076062)
    vehicle1.changeLane(trigger_sequence=5, target_lane=1, target_speed=26.34732982)
    vehicle2.decelerate(trigger_sequence=5, target_speed=15.50553784)

2025-04-22 Tuesday 16:18:35  random_test.py : INFO  === Evaluation Finished === 
 Fitness: [3.492223153863052, -0.534453781512605], Collision: True
2025-04-22 Tuesday 16:18:35  random_test.py : INFO  === Find a coollision ===
2025-04-22 Tuesday 16:18:56  random_test.py : INFO  === Evaluate Testcase === 
 def testcase(self):
    vehicle1 = NPC(lane_id=5, offset=16.75811846, initial_speed=20.14850073)
    vehicle2 = NPC(lane_id=2, offset=48.68191307, initial_speed=8.89518109)
    vehicle3 = NPC(lane_id=5, offset=41.86077475, initial_speed=16.11600899)
    ego = NPC(lane_id=3, offset=34.55264966, initial_speed=24.75323314)
    vehicle1.accelerate(trigger_sequence=1, target_speed=37.22061786)
    vehicle2.decelerate(trigger_sequence=1, target_speed=7.07463485)
    vehicle1.accelerate(trigger_sequence=2, target_speed=46.27406291)
    vehicle3.decelerate(trigger_sequence=3, target_speed=11.78600181)
    vehicle3.changeLane(trigger_sequence=4, target_lane=3, target_speed=52.78151605)
    vehicle2.accelerate(trigger_sequence=5, target_speed=46.06554039)

2025-04-22 Tuesday 16:18:56  random_test.py : INFO  === Evaluation Finished === 
 Fitness: [3.4995946891950545, -0.4840989399293286], Collision: False
2025-04-22 Tuesday 16:19:18  random_test.py : INFO  === Evaluate Testcase === 
 def testcase(self):
    ego = NPC(lane_id=5, offset=10.3845067, initial_speed=31.50385989)
    vehicle2 = NPC(lane_id=3, offset=7.17714122, initial_speed=35.50240382)
    vehicle3 = NPC(lane_id=4, offset=43.48913668, initial_speed=18.19969725)
    vehicle3.changeLane(trigger_sequence=1, target_lane=3, target_speed=7.00927433)
    vehicle2.accelerate(trigger_sequence=3, target_speed=56.30905571)
    vehicle3.accelerate(trigger_sequence=3, target_speed=53.75724936)
    vehicle2.accelerate(trigger_sequence=4, target_speed=36.97084657)
    vehicle3.decelerate(trigger_sequence=5, target_speed=22.04985946)

2025-04-22 Tuesday 16:19:18  random_test.py : INFO  === Evaluation Finished === 
 Fitness: [6.9950311308113555, -0.3877917414721723], Collision: False
2025-04-22 Tuesday 16:19:40  random_test.py : INFO  === Evaluate Testcase === 
 def testcase(self):
    vehicle1 = NPC(lane_id=3, offset=21.24329504, initial_speed=25.61989879)
    vehicle2 = NPC(lane_id=4, offset=9.48420707, initial_speed=26.98561942)
    ego = NPC(lane_id=1, offset=40.0443406, initial_speed=9.36818381)
    vehicle2.accelerate(trigger_sequence=1, target_speed=58.08153372)
    vehicle1.changeLane(trigger_sequence=2, target_lane=3, target_speed=40.86964951)
    vehicle2.accelerate(trigger_sequence=3, target_speed=36.75069984)
    vehicle2.decelerate(trigger_sequence=4, target_speed=14.59718822)
    vehicle2.accelerate(trigger_sequence=5, target_speed=37.15877356)

2025-04-22 Tuesday 16:19:40  random_test.py : INFO  === Evaluation Finished === 
 Fitness: [7.002860637950629, -0.03833333333333333], Collision: False
2025-04-22 Tuesday 16:20:02  random_test.py : INFO  === Evaluate Testcase === 
 def testcase(self):
    ego = NPC(lane_id=3, offset=49.71180029, initial_speed=27.25538871)
    vehicle2 = NPC(lane_id=2, offset=20.1052685, initial_speed=35.38243151)
    vehicle3 = NPC(lane_id=1, offset=47.77068007, initial_speed=16.83544235)
    vehicle2.accelerate(trigger_sequence=1, target_speed=33.14309656)
    vehicle3.decelerate(trigger_sequence=2, target_speed=22.87904609)
    vehicle2.decelerate(trigger_sequence=4, target_speed=6.66569929)

2025-04-22 Tuesday 16:20:02  random_test.py : INFO  === Evaluation Finished === 
 Fitness: [3.500384386542574, -0.4866785079928952], Collision: False
2025-04-22 Tuesday 16:20:25  random_test.py : INFO  === Evaluate Testcase === 
 def testcase(self):
    vehicle1 = NPC(lane_id=4, offset=40.52359988, initial_speed=25.33973313)
    ego = NPC(lane_id=4, offset=35.05021698, initial_speed=4.61784371)
    vehicle1.accelerate(trigger_sequence=1, target_speed=59.124519)
    vehicle1.accelerate(trigger_sequence=2, target_speed=49.52640927)
    vehicle1.decelerate(trigger_sequence=3, target_speed=1.58491072)
    vehicle1.accelerate(trigger_sequence=4, target_speed=43.23785315)

2025-04-22 Tuesday 16:20:25  random_test.py : INFO  === Evaluation Finished === 
 Fitness: [5.825321853894817, -0.48833333333333334], Collision: False
2025-04-22 Tuesday 16:20:47  random_test.py : INFO  === Evaluate Testcase === 
 def testcase(self):
    vehicle1 = NPC(lane_id=2, offset=1.68124946, initial_speed=14.46034027)
    vehicle2 = NPC(lane_id=3, offset=1.81430933, initial_speed=4.54382307)
    ego = NPC(lane_id=2, offset=43.91778023, initial_speed=28.9496685)
    vehicle4 = NPC(lane_id=3, offset=8.34557287, initial_speed=0.21610268)
    vehicle1.accelerate(trigger_sequence=1, target_speed=44.69080346)
    vehicle2.accelerate(trigger_sequence=1, target_speed=35.66239276)
    vehicle4.changeLane(trigger_sequence=1, target_lane=3, target_speed=11.41809306)
    vehicle2.accelerate(trigger_sequence=2, target_speed=38.35641985)
    vehicle1.decelerate(trigger_sequence=3, target_speed=2.90460429)
    vehicle1.accelerate(trigger_sequence=4, target_speed=53.46853825)
    vehicle2.decelerate(trigger_sequence=4, target_speed=26.82971114)
    vehicle4.accelerate(trigger_sequence=5, target_speed=35.72893643)

2025-04-22 Tuesday 16:20:47  random_test.py : INFO  === Evaluation Finished === 
 Fitness: [23.237687444981333, -0.37433155080213903], Collision: False
2025-04-22 Tuesday 16:21:09  random_test.py : INFO  === Evaluate Testcase === 
 def testcase(self):
    vehicle1 = NPC(lane_id=1, offset=21.26226545, initial_speed=13.38297976)
    ego = NPC(lane_id=1, offset=10.24429664, initial_speed=10.11279377)
    vehicle1.accelerate(trigger_sequence=1, target_speed=44.58172446)
    vehicle1.accelerate(trigger_sequence=3, target_speed=51.65845665)
    vehicle1.accelerate(trigger_sequence=4, target_speed=40.39697082)
    vehicle1.changeLane(trigger_sequence=5, target_lane=3, target_speed=29.38302073)

2025-04-22 Tuesday 16:21:09  random_test.py : INFO  === Evaluation Finished === 
 Fitness: [11.203858716642994, -0.03005008347245409], Collision: False
2025-04-22 Tuesday 16:21:29  random_test.py : INFO  === Evaluate Testcase === 
 def testcase(self):
    vehicle1 = NPC(lane_id=2, offset=2.11707832, initial_speed=25.32960609)
    vehicle2 = NPC(lane_id=2, offset=30.49333076, initial_speed=6.99335506)
    ego = NPC(lane_id=3, offset=27.53461069, initial_speed=22.85497211)
    vehicle1.accelerate(trigger_sequence=2, target_speed=43.10417663)
    vehicle1.decelerate(trigger_sequence=3, target_speed=20.76276637)
    vehicle2.decelerate(trigger_sequence=3, target_speed=15.25653707)
    vehicle2.accelerate(trigger_sequence=4, target_speed=53.10019738)
    vehicle1.accelerate(trigger_sequence=5, target_speed=47.40464204)

2025-04-22 Tuesday 16:21:29  random_test.py : INFO  === Evaluation Finished === 
 Fitness: [3.497272531980481, -0.5413005272407733], Collision: False
2025-04-22 Tuesday 16:21:49  random_test.py : INFO  === Evaluate Testcase === 
 def testcase(self):
    ego = NPC(lane_id=3, offset=20.02204027, initial_speed=2.71534099)
    vehicle2 = NPC(lane_id=1, offset=28.75351954, initial_speed=11.62362343)
    vehicle3 = NPC(lane_id=2, offset=43.09674994, initial_speed=25.75766868)
    vehicle4 = NPC(lane_id=1, offset=38.37869236, initial_speed=26.91767558)
    vehicle4.changeLane(trigger_sequence=2, target_lane=1, target_speed=11.45375666)
    vehicle3.accelerate(trigger_sequence=3, target_speed=31.65773521)
    vehicle2.changeLane(trigger_sequence=5, target_lane=1, target_speed=29.01064276)
    vehicle3.accelerate(trigger_sequence=5, target_speed=39.10687228)
    vehicle4.changeLane(trigger_sequence=5, target_lane=1, target_speed=6.04333566)

2025-04-22 Tuesday 16:21:49  random_test.py : INFO  === Evaluation Finished === 
 Fitness: [11.567251101577689, -0.5671140939597316], Collision: False
2025-04-22 Tuesday 16:22:09  random_test.py : INFO  === Evaluate Testcase === 
 def testcase(self):
    vehicle1 = NPC(lane_id=1, offset=27.74488889, initial_speed=35.28525761)
    ego = NPC(lane_id=5, offset=13.29116476, initial_speed=35.78165542)
    vehicle3 = NPC(lane_id=3, offset=38.76822094, initial_speed=24.33448773)
    vehicle4 = NPC(lane_id=5, offset=26.95069265, initial_speed=1.99968939)
    vehicle4.changeLane(trigger_sequence=1, target_lane=1, target_speed=17.98478879)
    vehicle4.accelerate(trigger_sequence=2, target_speed=37.11400389)
    vehicle3.decelerate(trigger_sequence=3, target_speed=24.37563459)
    vehicle1.accelerate(trigger_sequence=4, target_speed=47.04835707)
    vehicle4.changeLane(trigger_sequence=4, target_lane=1, target_speed=40.26284326)
    vehicle3.changeLane(trigger_sequence=5, target_lane=1, target_speed=33.60942489)
    vehicle4.accelerate(trigger_sequence=5, target_speed=55.79270164)

2025-04-22 Tuesday 16:22:09  random_test.py : INFO  === Evaluation Finished === 
 Fitness: [7.000530573671327, -0.3148148148148148], Collision: False
2025-04-22 Tuesday 16:22:28  random_test.py : INFO  === Evaluate Testcase === 
 def testcase(self):
    ego = NPC(lane_id=2, offset=11.9761748, initial_speed=25.10608426)
    vehicle2 = NPC(lane_id=3, offset=42.85336081, initial_speed=30.19755048)
    vehicle2.accelerate(trigger_sequence=1, target_speed=35.836196)
    vehicle2.changeLane(trigger_sequence=4, target_lane=3, target_speed=22.39721888)

2025-04-22 Tuesday 16:22:28  random_test.py : INFO  === Evaluation Finished === 
 Fitness: [31.49267493778193, -0.5035335689045937], Collision: False
2025-04-22 Tuesday 16:22:33  random_test.py : INFO  === Evaluate Testcase === 
 def testcase(self):
    vehicle1 = NPC(lane_id=2, offset=40.51424062, initial_speed=30.31503367)
    vehicle2 = NPC(lane_id=2, offset=40.97186416, initial_speed=10.64984088)
    vehicle3 = NPC(lane_id=1, offset=34.45939875, initial_speed=2.05579535)
    ego = NPC(lane_id=3, offset=24.23474717, initial_speed=17.52234142)
    vehicle1.decelerate(trigger_sequence=1, target_speed=10.39301791)
    vehicle2.decelerate(trigger_sequence=1, target_speed=26.1449832)
    vehicle1.accelerate(trigger_sequence=2, target_speed=54.97583902)
    vehicle2.decelerate(trigger_sequence=2, target_speed=2.90128478)
    vehicle1.decelerate(trigger_sequence=3, target_speed=8.44436261)
    vehicle2.decelerate(trigger_sequence=3, target_speed=2.75412424)
    vehicle1.decelerate(trigger_sequence=4, target_speed=27.35084745)
    vehicle3.changeLane(trigger_sequence=5, target_lane=3, target_speed=43.38788848)

2025-04-22 Tuesday 16:22:33  random_test.py : INFO  === Evaluation Finished === 
 Fitness: [inf, 0], Collision: False
2025-04-22 Tuesday 16:22:53  random_test.py : INFO  === Evaluate Testcase === 
 def testcase(self):
    vehicle1 = NPC(lane_id=4, offset=10.92728203, initial_speed=37.71732085)
    ego = NPC(lane_id=1, offset=17.31334093, initial_speed=3.00040242)
    vehicle3 = NPC(lane_id=3, offset=7.60545825, initial_speed=7.07032026)
    vehicle1.decelerate(trigger_sequence=1, target_speed=12.53880227)
    vehicle3.accelerate(trigger_sequence=1, target_speed=41.5360139)
    vehicle1.accelerate(trigger_sequence=2, target_speed=55.38165307)
    vehicle1.changeLane(trigger_sequence=3, target_lane=3, target_speed=6.64343985)

2025-04-22 Tuesday 16:22:53  random_test.py : INFO  === Evaluation Finished === 
 Fitness: [7.004253387063703, -0.5680672268907563], Collision: False
2025-04-22 Tuesday 16:23:14  random_test.py : INFO  === Evaluate Testcase === 
 def testcase(self):
    vehicle1 = NPC(lane_id=4, offset=33.06415032, initial_speed=26.34161037)
    vehicle2 = NPC(lane_id=5, offset=20.69423153, initial_speed=31.29400259)
    ego = NPC(lane_id=1, offset=36.83677476, initial_speed=3.81498282)
    vehicle4 = NPC(lane_id=5, offset=3.54807033, initial_speed=9.5639363)
    vehicle2.accelerate(trigger_sequence=1, target_speed=43.96887676)
    vehicle4.decelerate(trigger_sequence=1, target_speed=18.10433914)
    vehicle1.accelerate(trigger_sequence=2, target_speed=32.50471138)
    vehicle2.accelerate(trigger_sequence=2, target_speed=38.3234895)
    vehicle4.changeLane(trigger_sequence=2, target_lane=1, target_speed=18.61139058)
    vehicle2.accelerate(trigger_sequence=4, target_speed=36.73647042)
    vehicle4.accelerate(trigger_sequence=4, target_speed=38.25750516)
    vehicle1.decelerate(trigger_sequence=5, target_speed=10.25854251)

2025-04-22 Tuesday 16:23:14  random_test.py : INFO  === Evaluation Finished === 
 Fitness: [10.509695731658857, -0.5134228187919463], Collision: False
2025-04-22 Tuesday 16:23:34  random_test.py : INFO  === Evaluate Testcase === 
 def testcase(self):
    vehicle1 = NPC(lane_id=2, offset=21.35531496, initial_speed=8.7601352)
    vehicle2 = NPC(lane_id=2, offset=3.52056844, initial_speed=35.93652549)
    vehicle3 = NPC(lane_id=1, offset=17.43513982, initial_speed=26.0651388)
    ego = NPC(lane_id=3, offset=2.5847858, initial_speed=34.26887793)
    vehicle3.decelerate(trigger_sequence=2, target_speed=4.60246374)
    vehicle3.changeLane(trigger_sequence=3, target_lane=1, target_speed=59.08675519)
    vehicle1.decelerate(trigger_sequence=4, target_speed=11.5608953)
    vehicle3.changeLane(trigger_sequence=4, target_lane=3, target_speed=25.03108622)
    vehicle1.changeLane(trigger_sequence=5, target_lane=1, target_speed=0.76183825)
    vehicle3.decelerate(trigger_sequence=5, target_speed=7.08260333)

2025-04-22 Tuesday 16:23:34  random_test.py : INFO  === Evaluation Finished === 
 Fitness: [3.4999850402998214, -0.33574007220216606], Collision: False
2025-04-22 Tuesday 16:23:39  random_test.py : INFO  === Evaluate Testcase === 
 def testcase(self):
    ego = NPC(lane_id=2, offset=31.16541603, initial_speed=8.52611818)
    vehicle2 = NPC(lane_id=2, offset=18.32219808, initial_speed=26.27552499)
    vehicle3 = NPC(lane_id=2, offset=26.95456695, initial_speed=39.76035585)
    vehicle4 = NPC(lane_id=1, offset=23.64318024, initial_speed=14.52389316)
    vehicle2.changeLane(trigger_sequence=2, target_lane=1, target_speed=38.68814881)
    vehicle2.decelerate(trigger_sequence=3, target_speed=19.8542632)
    vehicle3.decelerate(trigger_sequence=3, target_speed=3.10100417)
    vehicle4.decelerate(trigger_sequence=3, target_speed=16.13615678)
    vehicle3.accelerate(trigger_sequence=4, target_speed=55.67091897)
    vehicle4.decelerate(trigger_sequence=4, target_speed=15.25254229)
    vehicle2.changeLane(trigger_sequence=5, target_lane=1, target_speed=25.82294229)
    vehicle3.changeLane(trigger_sequence=5, target_lane=3, target_speed=7.68383088)
    vehicle4.decelerate(trigger_sequence=5, target_speed=11.28100142)

2025-04-22 Tuesday 16:23:39  random_test.py : INFO  === Evaluation Finished === 
 Fitness: [inf, 0], Collision: False
2025-04-22 Tuesday 16:23:58  random_test.py : INFO  === Evaluate Testcase === 
 def testcase(self):
    ego = NPC(lane_id=2, offset=41.18882046, initial_speed=27.84669943)
    vehicle2 = NPC(lane_id=5, offset=46.36461125, initial_speed=12.26763094)
    vehicle3 = NPC(lane_id=4, offset=20.3920766, initial_speed=37.28051277)
    vehicle2.changeLane(trigger_sequence=1, target_lane=3, target_speed=16.31145715)
    vehicle3.accelerate(trigger_sequence=1, target_speed=43.51861225)
    vehicle2.decelerate(trigger_sequence=2, target_speed=11.86362517)
    vehicle3.decelerate(trigger_sequence=2, target_speed=0.15632534)
    vehicle2.decelerate(trigger_sequence=3, target_speed=4.21252711)
    vehicle3.accelerate(trigger_sequence=3, target_speed=56.03336917)
    vehicle2.accelerate(trigger_sequence=4, target_speed=58.08046281)
    vehicle3.accelerate(trigger_sequence=4, target_speed=56.87334005)
    vehicle2.changeLane(trigger_sequence=5, target_lane=3, target_speed=33.89218474)
    vehicle3.accelerate(trigger_sequence=5, target_speed=31.49476182)

2025-04-22 Tuesday 16:23:58  random_test.py : INFO  === Evaluation Finished === 
 Fitness: [6.999718091977324, -0.4750889679715303], Collision: False
2025-04-22 Tuesday 16:24:18  random_test.py : INFO  === Evaluate Testcase === 
 def testcase(self):
    vehicle1 = NPC(lane_id=1, offset=30.06187382, initial_speed=39.84974355)
    vehicle2 = NPC(lane_id=4, offset=46.24301779, initial_speed=20.93092997)
    ego = NPC(lane_id=5, offset=4.63359501, initial_speed=31.93318595)
    vehicle1.decelerate(trigger_sequence=1, target_speed=2.36243704)
    vehicle2.changeLane(trigger_sequence=1, target_lane=1, target_speed=49.91453484)
    vehicle2.decelerate(trigger_sequence=2, target_speed=1.67501202)
    vehicle1.decelerate(trigger_sequence=3, target_speed=24.99843181)
    vehicle2.accelerate(trigger_sequence=3, target_speed=41.34902741)
    vehicle1.accelerate(trigger_sequence=5, target_speed=31.22651695)

2025-04-22 Tuesday 16:24:18  random_test.py : INFO  === Evaluation Finished === 
 Fitness: [14.000064651873027, -0.4021543985637343], Collision: False
2025-04-22 Tuesday 16:24:23  random_test.py : INFO  === Evaluate Testcase === 
 def testcase(self):
    vehicle1 = NPC(lane_id=5, offset=18.19768217, initial_speed=13.09741761)
    ego = NPC(lane_id=3, offset=18.59772837, initial_speed=14.41355703)
    vehicle3 = NPC(lane_id=3, offset=15.32420384, initial_speed=31.32929296)
    vehicle1.accelerate(trigger_sequence=1, target_speed=58.11497817)
    vehicle3.changeLane(trigger_sequence=1, target_lane=1, target_speed=12.61996256)
    vehicle1.decelerate(trigger_sequence=3, target_speed=20.25773445)
    vehicle3.changeLane(trigger_sequence=3, target_lane=3, target_speed=25.82241344)
    vehicle1.accelerate(trigger_sequence=4, target_speed=46.47458652)
    vehicle1.accelerate(trigger_sequence=5, target_speed=52.3133664)
    vehicle3.decelerate(trigger_sequence=5, target_speed=7.13756497)

2025-04-22 Tuesday 16:24:23  random_test.py : INFO  === Evaluation Finished === 
 Fitness: [inf, 0], Collision: False
2025-04-22 Tuesday 16:24:43  random_test.py : INFO  === Evaluate Testcase === 
 def testcase(self):
    vehicle1 = NPC(lane_id=4, offset=7.09515267, initial_speed=23.71225576)
    ego = NPC(lane_id=5, offset=47.8446815, initial_speed=39.88243562)
    vehicle1.accelerate(trigger_sequence=1, target_speed=56.26209659)
    vehicle1.decelerate(trigger_sequence=3, target_speed=23.837396)
    vehicle1.decelerate(trigger_sequence=5, target_speed=3.89046503)

2025-04-22 Tuesday 16:24:43  random_test.py : INFO  === Evaluation Finished === 
 Fitness: [14.959760006461273, -0.21978021978021978], Collision: False
2025-04-22 Tuesday 16:24:48  random_test.py : INFO  === Evaluate Testcase === 
 def testcase(self):
    vehicle1 = NPC(lane_id=4, offset=16.22067123, initial_speed=20.62316149)
    ego = NPC(lane_id=1, offset=6.09308681, initial_speed=1.88244072)
    vehicle3 = NPC(lane_id=4, offset=17.23219664, initial_speed=29.10275141)
    vehicle1.accelerate(trigger_sequence=1, target_speed=32.4481727)
    vehicle1.changeLane(trigger_sequence=3, target_lane=3, target_speed=21.64929761)
    vehicle1.changeLane(trigger_sequence=4, target_lane=3, target_speed=5.89714392)

2025-04-22 Tuesday 16:24:48  random_test.py : INFO  === Evaluation Finished === 
 Fitness: [inf, 0], Collision: False
2025-04-22 Tuesday 16:25:08  random_test.py : INFO  === Evaluate Testcase === 
 def testcase(self):
    vehicle1 = NPC(lane_id=3, offset=9.76839392, initial_speed=31.94058019)
    vehicle2 = NPC(lane_id=2, offset=28.80898161, initial_speed=18.08050106)
    ego = NPC(lane_id=2, offset=14.52970139, initial_speed=33.69124552)
    vehicle4 = NPC(lane_id=5, offset=42.8220418, initial_speed=38.90335378)
    vehicle1.changeLane(trigger_sequence=1, target_lane=1, target_speed=59.11575255)
    vehicle2.decelerate(trigger_sequence=1, target_speed=27.87913423)
    vehicle4.accelerate(trigger_sequence=1, target_speed=30.84611689)
    vehicle1.decelerate(trigger_sequence=2, target_speed=8.67497355)
    vehicle1.accelerate(trigger_sequence=3, target_speed=53.79743272)
    vehicle2.changeLane(trigger_sequence=3, target_lane=1, target_speed=49.06854744)
    vehicle1.changeLane(trigger_sequence=4, target_lane=3, target_speed=17.84428079)
    vehicle4.changeLane(trigger_sequence=4, target_lane=1, target_speed=10.44661746)

2025-04-22 Tuesday 16:25:08  random_test.py : INFO  === Evaluation Finished === 
 Fitness: [3.5100755923492413, -0.3953068592057762], Collision: False
2025-04-22 Tuesday 16:25:13  random_test.py : INFO  === Evaluate Testcase === 
 def testcase(self):
    vehicle1 = NPC(lane_id=4, offset=18.95540091, initial_speed=39.52190112)
    vehicle2 = NPC(lane_id=3, offset=17.07508382, initial_speed=39.64852826)
    vehicle3 = NPC(lane_id=3, offset=14.02537899, initial_speed=5.57018874)
    ego = NPC(lane_id=1, offset=43.43869347, initial_speed=28.12758571)
    vehicle1.accelerate(trigger_sequence=1, target_speed=36.70232525)
    vehicle3.changeLane(trigger_sequence=1, target_lane=3, target_speed=14.03706323)
    vehicle1.accelerate(trigger_sequence=3, target_speed=57.59258438)
    vehicle2.accelerate(trigger_sequence=3, target_speed=59.05626334)
    vehicle3.changeLane(trigger_sequence=3, target_lane=3, target_speed=36.34854916)
    vehicle3.changeLane(trigger_sequence=4, target_lane=1, target_speed=56.94267544)
    vehicle2.accelerate(trigger_sequence=5, target_speed=34.41421136)
    vehicle3.changeLane(trigger_sequence=5, target_lane=3, target_speed=33.85695838)

2025-04-22 Tuesday 16:25:13  random_test.py : INFO  === Evaluation Finished === 
 Fitness: [inf, 0], Collision: False
2025-04-22 Tuesday 16:25:34  random_test.py : INFO  === Evaluate Testcase === 
 def testcase(self):
    vehicle1 = NPC(lane_id=1, offset=45.92556153, initial_speed=8.67867258)
    ego = NPC(lane_id=5, offset=10.6463694, initial_speed=13.88090358)
    vehicle1.changeLane(trigger_sequence=1, target_lane=1, target_speed=35.21647752)
    vehicle1.accelerate(trigger_sequence=2, target_speed=35.08037838)
    vehicle1.accelerate(trigger_sequence=4, target_speed=59.61605209)
    vehicle1.decelerate(trigger_sequence=5, target_speed=7.82087356)

2025-04-22 Tuesday 16:25:34  random_test.py : INFO  === Evaluation Finished === 
 Fitness: [25.70348979387081, -0.023450586264656615], Collision: False
2025-04-22 Tuesday 16:25:55  random_test.py : INFO  === Evaluate Testcase === 
 def testcase(self):
    ego = NPC(lane_id=1, offset=30.7160655, initial_speed=3.55525164)
    vehicle2 = NPC(lane_id=4, offset=5.94602399, initial_speed=30.01059216)

2025-04-22 Tuesday 16:25:55  random_test.py : INFO  === Evaluation Finished === 
 Fitness: [10.508703170313266, -0.5168350168350169], Collision: False
2025-04-22 Tuesday 16:26:15  random_test.py : INFO  === Evaluate Testcase === 
 def testcase(self):
    vehicle1 = NPC(lane_id=4, offset=44.55294186, initial_speed=2.68081734)
    ego = NPC(lane_id=3, offset=0.05129919, initial_speed=29.1981726)
    vehicle1.decelerate(trigger_sequence=1, target_speed=18.04764316)
    vehicle1.decelerate(trigger_sequence=2, target_speed=5.74544399)
    vehicle1.decelerate(trigger_sequence=3, target_speed=11.37334567)
    vehicle1.decelerate(trigger_sequence=5, target_speed=3.6674017)

2025-04-22 Tuesday 16:26:15  random_test.py : INFO  === Evaluation Finished === 
 Fitness: [3.4999590572901176, -0.37142857142857144], Collision: False
2025-04-22 Tuesday 16:26:35  random_test.py : INFO  === Evaluate Testcase === 
 def testcase(self):
    ego = NPC(lane_id=2, offset=43.30477387, initial_speed=4.34084992)
    vehicle2 = NPC(lane_id=1, offset=3.89795901, initial_speed=6.40627009)
    vehicle2.decelerate(trigger_sequence=1, target_speed=11.90075952)
    vehicle2.accelerate(trigger_sequence=2, target_speed=51.43238066)
    vehicle2.accelerate(trigger_sequence=4, target_speed=39.11467025)

2025-04-22 Tuesday 16:26:35  random_test.py : INFO  === Evaluation Finished === 
 Fitness: [3.502663263416354, -0.5033670033670034], Collision: False
2025-04-22 Tuesday 16:26:55  random_test.py : INFO  === Evaluate Testcase === 
 def testcase(self):
    vehicle1 = NPC(lane_id=5, offset=7.45079028, initial_speed=12.579574)
    ego = NPC(lane_id=2, offset=36.71424198, initial_speed=16.35136534)
    vehicle1.changeLane(trigger_sequence=4, target_lane=3, target_speed=54.00084468)
    vehicle1.changeLane(trigger_sequence=5, target_lane=1, target_speed=12.86760036)

2025-04-22 Tuesday 16:26:55  random_test.py : INFO  === Evaluation Finished === 
 Fitness: [3.50109783043052, -0.02181208053691275], Collision: False
2025-04-22 Tuesday 16:27:15  random_test.py : INFO  === Evaluate Testcase === 
 def testcase(self):
    vehicle1 = NPC(lane_id=2, offset=25.10681068, initial_speed=17.44357603)
    ego = NPC(lane_id=2, offset=14.43475431, initial_speed=16.52574946)
    vehicle1.decelerate(trigger_sequence=2, target_speed=18.51261312)
    vehicle1.changeLane(trigger_sequence=5, target_lane=1, target_speed=40.57470022)

2025-04-22 Tuesday 16:27:15  random_test.py : INFO  === Evaluation Finished === 
 Fitness: [10.9143461622768, -0.020134228187919462], Collision: False
2025-04-22 Tuesday 16:27:35  random_test.py : INFO  === Evaluate Testcase === 
 def testcase(self):
    vehicle1 = NPC(lane_id=3, offset=11.32954755, initial_speed=16.62540826)
    ego = NPC(lane_id=2, offset=39.4430552, initial_speed=16.6844182)
    vehicle3 = NPC(lane_id=2, offset=44.22429933, initial_speed=27.54044468)
    vehicle4 = NPC(lane_id=4, offset=48.42392254, initial_speed=8.43708693)
    vehicle3.decelerate(trigger_sequence=1, target_speed=23.01800605)
    vehicle4.changeLane(trigger_sequence=1, target_lane=1, target_speed=49.72466081)
    vehicle1.accelerate(trigger_sequence=2, target_speed=31.66735914)
    vehicle3.accelerate(trigger_sequence=2, target_speed=32.51266806)
    vehicle3.decelerate(trigger_sequence=4, target_speed=9.85565337)
    vehicle1.decelerate(trigger_sequence=5, target_speed=19.30843641)
    vehicle3.accelerate(trigger_sequence=5, target_speed=37.19885974)
    vehicle4.changeLane(trigger_sequence=5, target_lane=3, target_speed=8.25958604)

2025-04-22 Tuesday 16:27:35  random_test.py : INFO  === Evaluation Finished === 
 Fitness: [3.5020763029959516, -0.01916376306620209], Collision: False
2025-04-22 Tuesday 16:27:55  random_test.py : INFO  === Evaluate Testcase === 
 def testcase(self):
    vehicle1 = NPC(lane_id=5, offset=11.78259518, initial_speed=7.45367516)
    ego = NPC(lane_id=3, offset=10.91241277, initial_speed=34.58878734)
    vehicle3 = NPC(lane_id=4, offset=15.12005803, initial_speed=4.27014842)
    vehicle3.changeLane(trigger_sequence=1, target_lane=3, target_speed=30.01334483)
    vehicle1.decelerate(trigger_sequence=3, target_speed=9.76054265)
    vehicle3.decelerate(trigger_sequence=3, target_speed=9.20842633)
    vehicle1.accelerate(trigger_sequence=4, target_speed=51.95206252)
    vehicle3.decelerate(trigger_sequence=5, target_speed=16.02718935)

2025-04-22 Tuesday 16:27:55  random_test.py : INFO  === Evaluation Finished === 
 Fitness: [3.503566446422776, -0.33273056057866185], Collision: False
2025-04-22 Tuesday 16:28:00  random_test.py : INFO  === Evaluate Testcase === 
 def testcase(self):
    ego = NPC(lane_id=5, offset=9.16566777, initial_speed=25.71732189)
    vehicle2 = NPC(lane_id=1, offset=13.30891947, initial_speed=38.45469975)
    vehicle3 = NPC(lane_id=1, offset=11.83333462, initial_speed=29.43918052)
    vehicle3.changeLane(trigger_sequence=2, target_lane=3, target_speed=23.10226621)
    vehicle2.changeLane(trigger_sequence=3, target_lane=3, target_speed=13.89909446)
    vehicle2.accelerate(trigger_sequence=5, target_speed=32.58636511)
    vehicle3.accelerate(trigger_sequence=5, target_speed=48.07527931)

2025-04-22 Tuesday 16:28:00  random_test.py : INFO  === Evaluation Finished === 
 Fitness: [inf, 0], Collision: False
2025-04-22 Tuesday 16:28:20  random_test.py : INFO  === Evaluate Testcase === 
 def testcase(self):
    vehicle1 = NPC(lane_id=1, offset=35.33667618, initial_speed=12.15688643)
    ego = NPC(lane_id=1, offset=10.73909597, initial_speed=33.22474349)
    vehicle1.changeLane(trigger_sequence=1, target_lane=1, target_speed=18.12043921)
    vehicle1.changeLane(trigger_sequence=2, target_lane=1, target_speed=10.18469979)
    vehicle1.accelerate(trigger_sequence=3, target_speed=54.72740257)

2025-04-22 Tuesday 16:28:20  random_test.py : INFO  === Evaluation Finished === 
 Fitness: [10.386353116624731, -0.3207207207207207], Collision: False
2025-04-22 Tuesday 16:28:40  random_test.py : INFO  === Evaluate Testcase === 
 def testcase(self):
    ego = NPC(lane_id=1, offset=15.38837214, initial_speed=4.7340772)
    vehicle2 = NPC(lane_id=3, offset=1.19825393, initial_speed=32.95503262)
    vehicle2.decelerate(trigger_sequence=1, target_speed=1.47529838)
    vehicle2.changeLane(trigger_sequence=4, target_lane=3, target_speed=23.30825864)

2025-04-22 Tuesday 16:28:40  random_test.py : INFO  === Evaluation Finished === 
 Fitness: [7.009968756434136, -0.47333333333333333], Collision: False
2025-04-22 Tuesday 16:29:00  random_test.py : INFO  === Evaluate Testcase === 
 def testcase(self):
    vehicle1 = NPC(lane_id=2, offset=26.16559208, initial_speed=21.67886795)
    vehicle2 = NPC(lane_id=3, offset=10.68404892, initial_speed=22.83888367)
    ego = NPC(lane_id=2, offset=3.62218054, initial_speed=6.54742979)
    vehicle2.changeLane(trigger_sequence=1, target_lane=3, target_speed=55.8263972)
    vehicle1.accelerate(trigger_sequence=3, target_speed=57.63783035)
    vehicle2.accelerate(trigger_sequence=3, target_speed=40.88287297)
    vehicle1.changeLane(trigger_sequence=5, target_lane=1, target_speed=38.85601089)
    vehicle2.changeLane(trigger_sequence=5, target_lane=3, target_speed=13.38469832)

2025-04-22 Tuesday 16:29:00  random_test.py : INFO  === Evaluation Finished === 
 Fitness: [8.170972472648096, -0.9683333333333334], Collision: False
2025-04-22 Tuesday 16:29:20  random_test.py : INFO  === Evaluate Testcase === 
 def testcase(self):
    vehicle1 = NPC(lane_id=3, offset=2.63584207, initial_speed=33.93873512)
    ego = NPC(lane_id=5, offset=12.64230975, initial_speed=10.92250553)
    vehicle3 = NPC(lane_id=3, offset=8.12736856, initial_speed=34.57702863)
    vehicle1.changeLane(trigger_sequence=1, target_lane=1, target_speed=46.83151737)
    vehicle1.accelerate(trigger_sequence=4, target_speed=45.6594442)
    vehicle3.changeLane(trigger_sequence=4, target_lane=3, target_speed=25.4949)
    vehicle1.changeLane(trigger_sequence=5, target_lane=1, target_speed=37.9310691)
    vehicle3.accelerate(trigger_sequence=5, target_speed=52.87215864)

2025-04-22 Tuesday 16:29:20  random_test.py : INFO  === Evaluation Finished === 
 Fitness: [6.992123304670421, -0.03], Collision: False
2025-04-22 Tuesday 16:29:39  random_test.py : INFO  === Evaluate Testcase === 
 def testcase(self):
    vehicle1 = NPC(lane_id=1, offset=30.21781658, initial_speed=0.86424047)
    ego = NPC(lane_id=3, offset=15.26767093, initial_speed=30.18273618)
    vehicle1.decelerate(trigger_sequence=2, target_speed=2.65965856)
    vehicle1.decelerate(trigger_sequence=3, target_speed=27.54825445)
    vehicle1.changeLane(trigger_sequence=4, target_lane=1, target_speed=43.61466928)
    vehicle1.decelerate(trigger_sequence=5, target_speed=15.91169011)

2025-04-22 Tuesday 16:29:39  random_test.py : INFO  === Evaluation Finished === 
 Fitness: [6.999073481740947, -0.3953488372093023], Collision: False
2025-04-22 Tuesday 16:29:59  random_test.py : INFO  === Evaluate Testcase === 
 def testcase(self):
    ego = NPC(lane_id=5, offset=16.62981808, initial_speed=30.9055933)
    vehicle2 = NPC(lane_id=3, offset=37.32926509, initial_speed=31.92502172)
    vehicle3 = NPC(lane_id=4, offset=32.14112284, initial_speed=37.58071867)
    vehicle4 = NPC(lane_id=1, offset=13.83369368, initial_speed=23.06375945)
    vehicle3.accelerate(trigger_sequence=2, target_speed=50.55882553)
    vehicle3.decelerate(trigger_sequence=3, target_speed=29.8631995)
    vehicle4.accelerate(trigger_sequence=3, target_speed=40.62724379)
    vehicle2.decelerate(trigger_sequence=4, target_speed=3.31522224)
    vehicle4.changeLane(trigger_sequence=4, target_lane=1, target_speed=21.25598223)
    vehicle4.accelerate(trigger_sequence=5, target_speed=30.98746332)

2025-04-22 Tuesday 16:29:59  random_test.py : INFO  === Evaluation Finished === 
 Fitness: [7.0002840254043885, -0.38530465949820786], Collision: False
2025-04-22 Tuesday 16:30:20  random_test.py : INFO  === Evaluate Testcase === 
 def testcase(self):
    vehicle1 = NPC(lane_id=1, offset=18.89580413, initial_speed=29.21876825)
    vehicle2 = NPC(lane_id=1, offset=5.22238794, initial_speed=32.15124209)
    ego = NPC(lane_id=5, offset=11.8649957, initial_speed=1.30112941)
    vehicle1.changeLane(trigger_sequence=1, target_lane=1, target_speed=3.81362752)
    vehicle2.decelerate(trigger_sequence=3, target_speed=28.25507491)
    vehicle1.decelerate(trigger_sequence=5, target_speed=0.61637935)
    vehicle2.accelerate(trigger_sequence=5, target_speed=53.22879348)

2025-04-22 Tuesday 16:30:20  random_test.py : INFO  === Evaluation Finished === 
 Fitness: [13.991090232970286, -0.67003367003367], Collision: False
2025-04-22 Tuesday 16:30:39  random_test.py : INFO  === Evaluate Testcase === 
 def testcase(self):
    ego = NPC(lane_id=2, offset=12.0692396, initial_speed=8.65875009)
    vehicle2 = NPC(lane_id=5, offset=42.17217413, initial_speed=22.10392351)
    vehicle2.accelerate(trigger_sequence=2, target_speed=40.41319038)
    vehicle2.decelerate(trigger_sequence=3, target_speed=11.988922)
    vehicle2.decelerate(trigger_sequence=4, target_speed=10.83728313)
    vehicle2.decelerate(trigger_sequence=5, target_speed=12.42097702)

2025-04-22 Tuesday 16:30:39  random_test.py : INFO  === Evaluation Finished === 
 Fitness: [32.17461073880334, -0.03666666666666667], Collision: False
2025-04-22 Tuesday 16:30:59  random_test.py : INFO  === Evaluate Testcase === 
 def testcase(self):
    vehicle1 = NPC(lane_id=1, offset=12.46268021, initial_speed=16.18347124)
    ego = NPC(lane_id=3, offset=8.9145667, initial_speed=26.46091782)
    vehicle3 = NPC(lane_id=3, offset=34.9982045, initial_speed=9.49616999)
    vehicle4 = NPC(lane_id=1, offset=30.56817188, initial_speed=24.7735561)
    vehicle1.changeLane(trigger_sequence=1, target_lane=1, target_speed=54.28240332)
    vehicle1.accelerate(trigger_sequence=3, target_speed=37.49367152)
    vehicle4.changeLane(trigger_sequence=4, target_lane=1, target_speed=21.34684982)

2025-04-22 Tuesday 16:30:59  random_test.py : INFO  === Evaluation Finished === 
 Fitness: [6.999641638672047, -0.2198581560283688], Collision: False
2025-04-22 Tuesday 16:31:19  random_test.py : INFO  === Evaluate Testcase === 
 def testcase(self):
    ego = NPC(lane_id=1, offset=12.12995893, initial_speed=18.24629332)
    vehicle2 = NPC(lane_id=1, offset=28.80125495, initial_speed=36.06512157)
    vehicle3 = NPC(lane_id=1, offset=19.09190553, initial_speed=38.18549512)
    vehicle4 = NPC(lane_id=5, offset=35.55955909, initial_speed=18.47265812)
    vehicle3.changeLane(trigger_sequence=1, target_lane=1, target_speed=27.36626173)
    vehicle4.changeLane(trigger_sequence=1, target_lane=3, target_speed=16.63300179)
    vehicle2.accelerate(trigger_sequence=2, target_speed=48.30901681)
    vehicle3.changeLane(trigger_sequence=2, target_lane=3, target_speed=35.27022496)
    vehicle2.accelerate(trigger_sequence=3, target_speed=59.54827633)
    vehicle3.changeLane(trigger_sequence=3, target_lane=1, target_speed=42.32372762)
    vehicle2.decelerate(trigger_sequence=4, target_speed=23.67529374)
    vehicle4.accelerate(trigger_sequence=4, target_speed=45.75379202)
    vehicle3.accelerate(trigger_sequence=5, target_speed=40.05220333)

2025-04-22 Tuesday 16:31:19  random_test.py : INFO  === Evaluation Finished === 
 Fitness: [8.022570357748991, -0.24738675958188153], Collision: False
2025-04-22 Tuesday 16:31:39  random_test.py : INFO  === Evaluate Testcase === 
 def testcase(self):
    ego = NPC(lane_id=3, offset=6.1886008, initial_speed=30.64026433)
    vehicle2 = NPC(lane_id=5, offset=10.01967489, initial_speed=14.24977476)
    vehicle3 = NPC(lane_id=1, offset=32.18486063, initial_speed=26.46571446)
    vehicle2.accelerate(trigger_sequence=1, target_speed=51.75633861)
    vehicle2.changeLane(trigger_sequence=2, target_lane=3, target_speed=52.35041794)
    vehicle3.changeLane(trigger_sequence=2, target_lane=3, target_speed=11.49555273)
    vehicle3.decelerate(trigger_sequence=3, target_speed=0.30387036)
    vehicle2.changeLane(trigger_sequence=4, target_lane=3, target_speed=13.71798724)
    vehicle3.accelerate(trigger_sequence=4, target_speed=44.78621021)
    vehicle2.changeLane(trigger_sequence=5, target_lane=1, target_speed=52.17216025)

2025-04-22 Tuesday 16:31:39  random_test.py : INFO  === Evaluation Finished === 
 Fitness: [3.5006805603370057, -0.4121863799283154], Collision: False
2025-04-22 Tuesday 16:31:59  random_test.py : INFO  === Evaluate Testcase === 
 def testcase(self):
    vehicle1 = NPC(lane_id=1, offset=33.17217112, initial_speed=26.81858977)
    ego = NPC(lane_id=2, offset=12.35309136, initial_speed=17.67163791)
    vehicle3 = NPC(lane_id=3, offset=27.35768273, initial_speed=30.35304176)
    vehicle3.decelerate(trigger_sequence=2, target_speed=10.850884)
    vehicle1.changeLane(trigger_sequence=3, target_lane=1, target_speed=37.22936763)
    vehicle1.changeLane(trigger_sequence=5, target_lane=3, target_speed=27.24503824)

2025-04-22 Tuesday 16:31:59  random_test.py : INFO  === Evaluation Finished === 
 Fitness: [15.820246245216413, -0.02422145328719723], Collision: False
2025-04-22 Tuesday 16:32:19  random_test.py : INFO  === Evaluate Testcase === 
 def testcase(self):
    vehicle1 = NPC(lane_id=3, offset=9.22234351, initial_speed=20.60619917)
    ego = NPC(lane_id=1, offset=31.52272555, initial_speed=21.52338808)
    vehicle3 = NPC(lane_id=5, offset=16.93145686, initial_speed=20.27547673)
    vehicle1.decelerate(trigger_sequence=1, target_speed=16.11066617)
    vehicle3.decelerate(trigger_sequence=1, target_speed=7.73601468)
    vehicle1.changeLane(trigger_sequence=2, target_lane=1, target_speed=56.52626165)
    vehicle3.decelerate(trigger_sequence=2, target_speed=10.62193667)
    vehicle1.decelerate(trigger_sequence=3, target_speed=12.20489832)
    vehicle3.decelerate(trigger_sequence=3, target_speed=1.67397863)
    vehicle3.decelerate(trigger_sequence=4, target_speed=1.33570306)

2025-04-22 Tuesday 16:32:19  random_test.py : INFO  === Evaluation Finished === 
 Fitness: [3.5003628059776393, -0.5714285714285714], Collision: False
2025-04-22 Tuesday 16:32:39  random_test.py : INFO  === Evaluate Testcase === 
 def testcase(self):
    vehicle1 = NPC(lane_id=3, offset=27.30510993, initial_speed=22.81540003)
    ego = NPC(lane_id=4, offset=4.58419093, initial_speed=31.60500112)
    vehicle1.changeLane(trigger_sequence=1, target_lane=3, target_speed=48.38958164)
    vehicle1.decelerate(trigger_sequence=4, target_speed=20.01958998)

2025-04-22 Tuesday 16:32:39  random_test.py : INFO  === Evaluation Finished === 
 Fitness: [3.500020440641441, -0.39676840215439857], Collision: False
2025-04-22 Tuesday 16:32:59  random_test.py : INFO  === Evaluate Testcase === 
 def testcase(self):
    ego = NPC(lane_id=3, offset=24.42163777, initial_speed=11.30998414)
    vehicle2 = NPC(lane_id=5, offset=27.86064037, initial_speed=12.70180083)
    vehicle3 = NPC(lane_id=3, offset=45.7454566, initial_speed=0.72266836)
    vehicle2.accelerate(trigger_sequence=1, target_speed=31.26001542)
    vehicle2.accelerate(trigger_sequence=2, target_speed=52.60113012)
    vehicle2.accelerate(trigger_sequence=3, target_speed=38.87050423)
    vehicle2.changeLane(trigger_sequence=4, target_lane=1, target_speed=33.96850426)
    vehicle3.changeLane(trigger_sequence=4, target_lane=3, target_speed=2.06236379)
    vehicle2.accelerate(trigger_sequence=5, target_speed=47.3766163)

2025-04-22 Tuesday 16:32:59  random_test.py : INFO  === Evaluation Finished === 
 Fitness: [7.7161181297941255, -0.47], Collision: False
2025-04-22 Tuesday 16:33:19  random_test.py : INFO  === Evaluate Testcase === 
 def testcase(self):
    ego = NPC(lane_id=3, offset=2.86866797, initial_speed=19.56313512)
    vehicle2 = NPC(lane_id=1, offset=18.81539539, initial_speed=33.72364607)
    vehicle3 = NPC(lane_id=4, offset=46.6111407, initial_speed=31.88053902)
    vehicle2.decelerate(trigger_sequence=1, target_speed=19.54982746)
    vehicle2.changeLane(trigger_sequence=2, target_lane=3, target_speed=46.28356964)
    vehicle3.changeLane(trigger_sequence=2, target_lane=3, target_speed=36.43528428)
    vehicle3.decelerate(trigger_sequence=3, target_speed=9.79537836)
    vehicle3.changeLane(trigger_sequence=4, target_lane=1, target_speed=33.09625633)
    vehicle3.decelerate(trigger_sequence=5, target_speed=11.82219769)

2025-04-22 Tuesday 16:33:19  random_test.py : INFO  === Evaluation Finished === 
 Fitness: [18.27351439408563, -0.6059027777777778], Collision: False
2025-04-22 Tuesday 16:33:39  random_test.py : INFO  === Evaluate Testcase === 
 def testcase(self):
    vehicle1 = NPC(lane_id=3, offset=9.88372871, initial_speed=33.71934608)
    ego = NPC(lane_id=1, offset=0.67012963, initial_speed=37.0998015)
    vehicle1.changeLane(trigger_sequence=3, target_lane=3, target_speed=37.85609657)
    vehicle1.decelerate(trigger_sequence=4, target_speed=28.44535554)

2025-04-22 Tuesday 16:33:39  random_test.py : INFO  === Evaluation Finished === 
 Fitness: [7.000444906212382, -0.2781818181818182], Collision: False
2025-04-22 Tuesday 16:33:59  random_test.py : INFO  === Evaluate Testcase === 
 def testcase(self):
    ego = NPC(lane_id=3, offset=36.15935272, initial_speed=10.35623129)
    vehicle2 = NPC(lane_id=3, offset=44.43747448, initial_speed=30.41954149)
    vehicle3 = NPC(lane_id=2, offset=30.7501505, initial_speed=19.72280221)
    vehicle4 = NPC(lane_id=3, offset=0.59311474, initial_speed=7.30416191)
    vehicle4.changeLane(trigger_sequence=1, target_lane=3, target_speed=55.16769352)
    vehicle2.decelerate(trigger_sequence=2, target_speed=23.53448514)
    vehicle4.accelerate(trigger_sequence=2, target_speed=45.84412283)
    vehicle3.accelerate(trigger_sequence=3, target_speed=45.47922988)
    vehicle2.decelerate(trigger_sequence=4, target_speed=25.63543824)
    vehicle2.changeLane(trigger_sequence=5, target_lane=1, target_speed=6.86075145)
    vehicle4.accelerate(trigger_sequence=5, target_speed=43.78423284)

2025-04-22 Tuesday 16:33:59  random_test.py : INFO  === Evaluation Finished === 
 Fitness: [3.4916940051442493, -0.07833333333333334], Collision: True
2025-04-22 Tuesday 16:33:59  random_test.py : INFO  === Find a coollision ===
2025-04-22 Tuesday 16:34:19  random_test.py : INFO  === Evaluate Testcase === 
 def testcase(self):
    vehicle1 = NPC(lane_id=1, offset=12.96285609, initial_speed=1.52537944)
    ego = NPC(lane_id=4, offset=27.14731889, initial_speed=37.75021845)
    vehicle3 = NPC(lane_id=2, offset=8.05318784, initial_speed=1.33466199)
    vehicle1.decelerate(trigger_sequence=1, target_speed=5.00667797)
    vehicle1.decelerate(trigger_sequence=2, target_speed=5.346968)
    vehicle1.decelerate(trigger_sequence=3, target_speed=4.24362266)
    vehicle3.changeLane(trigger_sequence=3, target_lane=1, target_speed=21.20770458)
    vehicle3.changeLane(trigger_sequence=4, target_lane=1, target_speed=23.26491903)
    vehicle1.changeLane(trigger_sequence=5, target_lane=3, target_speed=10.71261158)

2025-04-22 Tuesday 16:34:19  random_test.py : INFO  === Evaluation Finished === 
 Fitness: [17.433112621780033, -0.2786885245901639], Collision: False
2025-04-22 Tuesday 16:34:39  random_test.py : INFO  === Evaluate Testcase === 
 def testcase(self):
    vehicle1 = NPC(lane_id=5, offset=18.05377927, initial_speed=37.28903193)
    ego = NPC(lane_id=4, offset=49.874629, initial_speed=16.37070269)
    vehicle1.changeLane(trigger_sequence=2, target_lane=1, target_speed=23.79164487)
    vehicle1.changeLane(trigger_sequence=3, target_lane=3, target_speed=5.07766767)
    vehicle1.decelerate(trigger_sequence=4, target_speed=5.73687415)
    vehicle1.changeLane(trigger_sequence=5, target_lane=1, target_speed=55.84098749)

2025-04-22 Tuesday 16:34:39  random_test.py : INFO  === Evaluation Finished === 
 Fitness: [3.50161476125012, -0.02181208053691275], Collision: False
2025-04-22 Tuesday 16:34:59  random_test.py : INFO  === Evaluate Testcase === 
 def testcase(self):
    vehicle1 = NPC(lane_id=5, offset=5.04177535, initial_speed=38.98891348)
    ego = NPC(lane_id=5, offset=24.57035765, initial_speed=22.3610212)
    vehicle1.accelerate(trigger_sequence=1, target_speed=46.09502071)
    vehicle1.decelerate(trigger_sequence=2, target_speed=0.86543513)
    vehicle1.changeLane(trigger_sequence=4, target_lane=3, target_speed=12.76465822)
    vehicle1.changeLane(trigger_sequence=5, target_lane=3, target_speed=25.63617718)

2025-04-22 Tuesday 16:34:59  random_test.py : INFO  === Evaluation Finished === 
 Fitness: [4.751784620735071, -0.6789473684210526], Collision: True
2025-04-22 Tuesday 16:34:59  random_test.py : INFO  === Find a coollision ===
2025-04-22 Tuesday 16:35:19  random_test.py : INFO  === Evaluate Testcase === 
 def testcase(self):
    vehicle1 = NPC(lane_id=2, offset=29.89622196, initial_speed=5.63190861)
    ego = NPC(lane_id=1, offset=44.5510336, initial_speed=2.39202151)
    vehicle3 = NPC(lane_id=4, offset=6.72591414, initial_speed=9.40794395)
    vehicle1.changeLane(trigger_sequence=2, target_lane=1, target_speed=39.13874057)
    vehicle3.accelerate(trigger_sequence=2, target_speed=33.36533599)
    vehicle1.accelerate(trigger_sequence=3, target_speed=40.19662309)
    vehicle3.accelerate(trigger_sequence=4, target_speed=32.98990745)
    vehicle1.decelerate(trigger_sequence=5, target_speed=0.17371652)
    vehicle3.accelerate(trigger_sequence=5, target_speed=48.46340223)

2025-04-22 Tuesday 16:35:19  random_test.py : INFO  === Evaluation Finished === 
 Fitness: [3.5063706757439, -0.5529411764705883], Collision: False
2025-04-22 Tuesday 16:35:39  random_test.py : INFO  === Evaluate Testcase === 
 def testcase(self):
    vehicle1 = NPC(lane_id=1, offset=9.94858701, initial_speed=2.57080463)
    ego = NPC(lane_id=2, offset=22.49436946, initial_speed=2.77412775)
    vehicle1.decelerate(trigger_sequence=3, target_speed=13.9382804)
    vehicle1.decelerate(trigger_sequence=4, target_speed=6.18015091)

2025-04-22 Tuesday 16:35:39  random_test.py : INFO  === Evaluation Finished === 
 Fitness: [3.498561364226796, -0.5555555555555556], Collision: False
2025-04-22 Tuesday 16:35:59  random_test.py : INFO  === Evaluate Testcase === 
 def testcase(self):
    ego = NPC(lane_id=4, offset=20.95732744, initial_speed=25.5893502)
    vehicle2 = NPC(lane_id=3, offset=47.30450823, initial_speed=15.88143059)
    vehicle3 = NPC(lane_id=1, offset=6.33298928, initial_speed=27.2444413)
    vehicle2.accelerate(trigger_sequence=1, target_speed=32.28466203)
    vehicle3.accelerate(trigger_sequence=1, target_speed=53.52757755)
    vehicle2.changeLane(trigger_sequence=2, target_lane=3, target_speed=2.32613508)
    vehicle3.accelerate(trigger_sequence=4, target_speed=30.52400942)
    vehicle2.accelerate(trigger_sequence=5, target_speed=53.81258238)

2025-04-22 Tuesday 16:35:59  random_test.py : INFO  === Evaluation Finished === 
 Fitness: [10.500698407557909, -0.4672566371681416], Collision: False
2025-04-22 Tuesday 16:36:19  random_test.py : INFO  === Evaluate Testcase === 
 def testcase(self):
    vehicle1 = NPC(lane_id=1, offset=29.77174798, initial_speed=2.1470462)
    ego = NPC(lane_id=1, offset=45.21601, initial_speed=39.9032988)
    vehicle3 = NPC(lane_id=3, offset=12.11337642, initial_speed=3.61891612)
    vehicle4 = NPC(lane_id=5, offset=45.24268124, initial_speed=34.54419072)
    vehicle3.decelerate(trigger_sequence=1, target_speed=12.63584825)
    vehicle4.accelerate(trigger_sequence=1, target_speed=45.39061497)
    vehicle1.changeLane(trigger_sequence=2, target_lane=3, target_speed=47.67903362)
    vehicle4.accelerate(trigger_sequence=2, target_speed=54.22462228)
    vehicle1.accelerate(trigger_sequence=3, target_speed=56.56115587)
    vehicle3.accelerate(trigger_sequence=4, target_speed=55.95454225)

2025-04-22 Tuesday 16:36:19  random_test.py : INFO  === Evaluation Finished === 
 Fitness: [14.018357410077947, -0.21428571428571427], Collision: False
2025-04-22 Tuesday 16:36:39  random_test.py : INFO  === Evaluate Testcase === 
 def testcase(self):
    vehicle1 = NPC(lane_id=5, offset=33.27588436, initial_speed=39.69864812)
    vehicle2 = NPC(lane_id=2, offset=26.13881856, initial_speed=17.97674966)
    ego = NPC(lane_id=5, offset=11.97851724, initial_speed=30.00428312)
    vehicle4 = NPC(lane_id=2, offset=49.9766057, initial_speed=36.33793188)
    vehicle4.accelerate(trigger_sequence=1, target_speed=35.67908049)
    vehicle2.accelerate(trigger_sequence=2, target_speed=40.49901621)
    vehicle4.decelerate(trigger_sequence=2, target_speed=8.5481704)
    vehicle2.decelerate(trigger_sequence=3, target_speed=10.82784205)
    vehicle2.changeLane(trigger_sequence=4, target_lane=1, target_speed=38.68234279)
    vehicle4.decelerate(trigger_sequence=4, target_speed=11.53103491)
    vehicle4.decelerate(trigger_sequence=5, target_speed=20.76159463)

2025-04-22 Tuesday 16:36:39  random_test.py : INFO  === Evaluation Finished === 
 Fitness: [10.500119405929036, -0.39892665474060823], Collision: False
2025-04-22 Tuesday 16:36:44  random_test.py : INFO  === Evaluate Testcase === 
 def testcase(self):
    vehicle1 = NPC(lane_id=3, offset=25.43451266, initial_speed=15.2254452)
    vehicle2 = NPC(lane_id=3, offset=35.80016666, initial_speed=22.82683992)
    ego = NPC(lane_id=3, offset=20.774186, initial_speed=17.84028782)
    vehicle1.accelerate(trigger_sequence=1, target_speed=35.89389658)
    vehicle2.accelerate(trigger_sequence=1, target_speed=32.97711309)
    vehicle1.accelerate(trigger_sequence=3, target_speed=54.13628186)
    vehicle2.changeLane(trigger_sequence=4, target_lane=1, target_speed=9.8997916)
    vehicle1.decelerate(trigger_sequence=5, target_speed=20.4204035)
    vehicle2.changeLane(trigger_sequence=5, target_lane=1, target_speed=25.70012162)

2025-04-22 Tuesday 16:36:44  random_test.py : INFO  === Evaluation Finished === 
 Fitness: [inf, 0], Collision: False
2025-04-22 Tuesday 16:37:04  random_test.py : INFO  === Evaluate Testcase === 
 def testcase(self):
    vehicle1 = NPC(lane_id=3, offset=7.36843122, initial_speed=18.10726233)
    vehicle2 = NPC(lane_id=1, offset=25.16938753, initial_speed=28.36064958)
    ego = NPC(lane_id=5, offset=45.27265778, initial_speed=21.54842303)
    vehicle4 = NPC(lane_id=1, offset=34.25052651, initial_speed=23.04071885)
    vehicle2.changeLane(trigger_sequence=2, target_lane=1, target_speed=30.52902935)
    vehicle4.changeLane(trigger_sequence=2, target_lane=1, target_speed=0.50451593)
    vehicle1.changeLane(trigger_sequence=3, target_lane=1, target_speed=40.38111571)
    vehicle4.changeLane(trigger_sequence=3, target_lane=3, target_speed=5.56733065)
    vehicle1.decelerate(trigger_sequence=4, target_speed=20.05660707)
    vehicle2.accelerate(trigger_sequence=5, target_speed=50.45081875)
    vehicle4.decelerate(trigger_sequence=5, target_speed=25.08090464)

2025-04-22 Tuesday 16:37:04  random_test.py : INFO  === Evaluation Finished === 
 Fitness: [2.941577386539859, -0.5357766143106457], Collision: True
2025-04-22 Tuesday 16:37:04  random_test.py : INFO  === Find a coollision ===
2025-04-22 Tuesday 16:37:09  random_test.py : INFO  === Evaluate Testcase === 
 def testcase(self):
    vehicle1 = NPC(lane_id=3, offset=17.3205996, initial_speed=15.71622036)
    ego = NPC(lane_id=5, offset=10.44895733, initial_speed=27.85221842)
    vehicle3 = NPC(lane_id=1, offset=4.34151074, initial_speed=36.90685508)
    vehicle4 = NPC(lane_id=5, offset=8.11786242, initial_speed=2.00257161)
    vehicle1.decelerate(trigger_sequence=1, target_speed=18.56309426)
    vehicle3.decelerate(trigger_sequence=1, target_speed=11.11806884)
    vehicle3.accelerate(trigger_sequence=2, target_speed=38.92762216)
    vehicle4.accelerate(trigger_sequence=2, target_speed=46.5128228)
    vehicle1.decelerate(trigger_sequence=3, target_speed=22.1423103)
    vehicle4.changeLane(trigger_sequence=3, target_lane=3, target_speed=8.66982378)
    vehicle1.changeLane(trigger_sequence=4, target_lane=1, target_speed=3.22082305)
    vehicle3.decelerate(trigger_sequence=4, target_speed=23.37994476)
    vehicle1.decelerate(trigger_sequence=5, target_speed=5.71527909)
    vehicle3.accelerate(trigger_sequence=5, target_speed=54.402961)

2025-04-22 Tuesday 16:37:09  random_test.py : INFO  === Evaluation Finished === 
 Fitness: [inf, 0], Collision: False
2025-04-22 Tuesday 16:37:29  random_test.py : INFO  === Evaluate Testcase === 
 def testcase(self):
    ego = NPC(lane_id=1, offset=3.11863495, initial_speed=11.84647723)
    vehicle2 = NPC(lane_id=3, offset=33.13947801, initial_speed=12.5607967)
    vehicle3 = NPC(lane_id=5, offset=5.48516009, initial_speed=12.48228307)
    vehicle3.decelerate(trigger_sequence=1, target_speed=27.90873103)
    vehicle2.accelerate(trigger_sequence=2, target_speed=44.84249887)
    vehicle2.changeLane(trigger_sequence=3, target_lane=3, target_speed=25.31260748)
    vehicle3.accelerate(trigger_sequence=3, target_speed=32.30989882)
    vehicle2.decelerate(trigger_sequence=4, target_speed=24.08502802)

2025-04-22 Tuesday 16:37:29  random_test.py : INFO  === Evaluation Finished === 
 Fitness: [14.237591184475603, -0.028380634390651086], Collision: False
2025-04-22 Tuesday 16:37:49  random_test.py : INFO  === Evaluate Testcase === 
 def testcase(self):
    vehicle1 = NPC(lane_id=4, offset=47.68331382, initial_speed=20.2142521)
    vehicle2 = NPC(lane_id=3, offset=38.78450998, initial_speed=38.82734253)
    ego = NPC(lane_id=2, offset=21.77938931, initial_speed=22.46484789)
    vehicle1.decelerate(trigger_sequence=1, target_speed=7.98423531)
    vehicle1.decelerate(trigger_sequence=3, target_speed=24.29169361)
    vehicle2.changeLane(trigger_sequence=3, target_lane=3, target_speed=22.33508677)
    vehicle2.accelerate(trigger_sequence=4, target_speed=30.89691321)

2025-04-22 Tuesday 16:37:49  random_test.py : INFO  === Evaluation Finished === 
 Fitness: [6.99928715829307, -0.5578947368421052], Collision: False
2025-04-22 Tuesday 16:38:09  random_test.py : INFO  === Evaluate Testcase === 
 def testcase(self):
    vehicle1 = NPC(lane_id=3, offset=15.8833955, initial_speed=37.75275655)
    vehicle2 = NPC(lane_id=5, offset=39.92032589, initial_speed=38.54764238)
    ego = NPC(lane_id=2, offset=12.9462441, initial_speed=30.75519858)
    vehicle4 = NPC(lane_id=4, offset=49.24224622, initial_speed=2.44227967)
    vehicle1.decelerate(trigger_sequence=1, target_speed=7.91804036)
    vehicle4.changeLane(trigger_sequence=1, target_lane=1, target_speed=40.40712326)
    vehicle4.accelerate(trigger_sequence=2, target_speed=32.09750606)
    vehicle1.changeLane(trigger_sequence=3, target_lane=1, target_speed=8.19585391)
    vehicle1.accelerate(trigger_sequence=4, target_speed=33.18873768)
    vehicle2.changeLane(trigger_sequence=4, target_lane=3, target_speed=8.61475186)
    vehicle4.accelerate(trigger_sequence=4, target_speed=59.17716141)
    vehicle2.decelerate(trigger_sequence=5, target_speed=4.50900412)

2025-04-22 Tuesday 16:38:09  random_test.py : INFO  === Evaluation Finished === 
 Fitness: [3.500039318255824, -0.46774193548387094], Collision: True
2025-04-22 Tuesday 16:38:09  random_test.py : INFO  === Find a coollision ===
2025-04-22 Tuesday 16:38:29  random_test.py : INFO  === Evaluate Testcase === 
 def testcase(self):
    vehicle1 = NPC(lane_id=2, offset=15.07076507, initial_speed=14.95384436)
    ego = NPC(lane_id=5, offset=3.11190756, initial_speed=21.5931473)
    vehicle1.changeLane(trigger_sequence=1, target_lane=3, target_speed=35.57271687)
    vehicle1.accelerate(trigger_sequence=3, target_speed=52.71432544)
    vehicle1.decelerate(trigger_sequence=4, target_speed=26.07834571)
    vehicle1.changeLane(trigger_sequence=5, target_lane=1, target_speed=4.99316024)

2025-04-22 Tuesday 16:38:29  random_test.py : INFO  === Evaluation Finished === 
 Fitness: [9.762727656393858, -0.5716783216783217], Collision: False
2025-04-22 Tuesday 16:38:49  random_test.py : INFO  === Evaluate Testcase === 
 def testcase(self):
    ego = NPC(lane_id=4, offset=18.89353106, initial_speed=26.12395771)
    vehicle2 = NPC(lane_id=1, offset=1.06183536, initial_speed=38.57775453)
    vehicle2.changeLane(trigger_sequence=1, target_lane=3, target_speed=39.70566316)
    vehicle2.changeLane(trigger_sequence=2, target_lane=1, target_speed=50.37337655)

2025-04-22 Tuesday 16:38:49  random_test.py : INFO  === Evaluation Finished === 
 Fitness: [10.49899187475569, -0.4769503546099291], Collision: False
2025-04-22 Tuesday 16:39:10  random_test.py : INFO  === Evaluate Testcase === 
 def testcase(self):
    vehicle1 = NPC(lane_id=1, offset=30.90322048, initial_speed=5.36258799)
    ego = NPC(lane_id=2, offset=27.07359016, initial_speed=23.94210758)
    vehicle3 = NPC(lane_id=3, offset=24.70037767, initial_speed=23.66149213)
    vehicle4 = NPC(lane_id=4, offset=28.95898488, initial_speed=14.20096357)
    vehicle1.changeLane(trigger_sequence=1, target_lane=3, target_speed=52.43282834)
    vehicle4.decelerate(trigger_sequence=1, target_speed=13.35871677)
    vehicle3.decelerate(trigger_sequence=2, target_speed=6.81518797)
    vehicle4.changeLane(trigger_sequence=2, target_lane=1, target_speed=39.18989576)
    vehicle1.decelerate(trigger_sequence=3, target_speed=17.22208009)
    vehicle3.accelerate(trigger_sequence=3, target_speed=39.17646953)
    vehicle3.changeLane(trigger_sequence=4, target_lane=1, target_speed=17.28020539)
    vehicle1.accelerate(trigger_sequence=5, target_speed=52.18148388)
    vehicle4.decelerate(trigger_sequence=5, target_speed=13.86026639)

2025-04-22 Tuesday 16:39:10  random_test.py : INFO  === Evaluation Finished === 
 Fitness: [3.328437013625895, -0.564373897707231], Collision: True
2025-04-22 Tuesday 16:39:10  random_test.py : INFO  === Find a coollision ===
2025-04-22 Tuesday 16:39:30  random_test.py : INFO  === Evaluate Testcase === 
 def testcase(self):
    ego = NPC(lane_id=4, offset=45.77468398, initial_speed=8.69473087)
    vehicle2 = NPC(lane_id=1, offset=9.1621434, initial_speed=36.31639364)
    vehicle3 = NPC(lane_id=5, offset=17.49197775, initial_speed=1.27767616)
    vehicle4 = NPC(lane_id=3, offset=6.2015655, initial_speed=15.9140097)
    vehicle2.accelerate(trigger_sequence=1, target_speed=56.96533711)
    vehicle3.changeLane(trigger_sequence=1, target_lane=3, target_speed=33.24329343)
    vehicle3.accelerate(trigger_sequence=2, target_speed=34.21976276)
    vehicle4.decelerate(trigger_sequence=2, target_speed=10.05536541)
    vehicle2.accelerate(trigger_sequence=3, target_speed=41.96906414)
    vehicle3.accelerate(trigger_sequence=3, target_speed=57.90350034)
    vehicle3.decelerate(trigger_sequence=5, target_speed=23.70880585)
    vehicle4.accelerate(trigger_sequence=5, target_speed=54.18135313)

2025-04-22 Tuesday 16:39:30  random_test.py : INFO  === Evaluation Finished === 
 Fitness: [3.500583874387856, -0.041666666666666664], Collision: False
2025-04-22 Tuesday 16:39:50  random_test.py : INFO  === Evaluate Testcase === 
 def testcase(self):
    ego = NPC(lane_id=2, offset=21.5869958, initial_speed=30.04783312)
    vehicle2 = NPC(lane_id=5, offset=33.5629245, initial_speed=8.42045201)
    vehicle2.decelerate(trigger_sequence=1, target_speed=12.9177169)
    vehicle2.changeLane(trigger_sequence=3, target_lane=3, target_speed=30.81029909)
    vehicle2.decelerate(trigger_sequence=5, target_speed=14.55927528)

2025-04-22 Tuesday 16:39:50  random_test.py : INFO  === Evaluation Finished === 
 Fitness: [10.501204916103838, -0.41681574239713776], Collision: False
2025-04-22 Tuesday 16:40:10  random_test.py : INFO  === Evaluate Testcase === 
 def testcase(self):
    ego = NPC(lane_id=5, offset=20.4985995, initial_speed=38.33022713)
    vehicle2 = NPC(lane_id=4, offset=19.04062899, initial_speed=3.92337376)
    vehicle2.changeLane(trigger_sequence=1, target_lane=3, target_speed=22.73254394)

2025-04-22 Tuesday 16:40:10  random_test.py : INFO  === Evaluation Finished === 
 Fitness: [3.5862527098308306, -0.25364963503649635], Collision: False
2025-04-22 Tuesday 16:40:31  random_test.py : INFO  === Evaluate Testcase === 
 def testcase(self):
    vehicle1 = NPC(lane_id=3, offset=29.05169671, initial_speed=19.79991609)
    ego = NPC(lane_id=5, offset=2.96885286, initial_speed=4.61659737)
    vehicle1.decelerate(trigger_sequence=4, target_speed=12.33723861)

2025-04-22 Tuesday 16:40:31  random_test.py : INFO  === Evaluation Finished === 
 Fitness: [27.269149893205583, -0.48333333333333334], Collision: False
2025-04-22 Tuesday 16:40:51  random_test.py : INFO  === Evaluate Testcase === 
 def testcase(self):
    vehicle1 = NPC(lane_id=5, offset=1.24750971, initial_speed=2.64723735)
    ego = NPC(lane_id=2, offset=32.23172294, initial_speed=0.43334239)
    vehicle1.accelerate(trigger_sequence=2, target_speed=31.04166203)
    vehicle1.changeLane(trigger_sequence=3, target_lane=1, target_speed=6.13777519)
    vehicle1.decelerate(trigger_sequence=4, target_speed=16.894394)

2025-04-22 Tuesday 16:40:51  random_test.py : INFO  === Evaluation Finished === 
 Fitness: [12.617536956226402, -0.6391231028667791], Collision: False
2025-04-22 Tuesday 16:41:12  random_test.py : INFO  === Evaluate Testcase === 
 def testcase(self):
    vehicle1 = NPC(lane_id=4, offset=41.0645761, initial_speed=1.90231684)
    vehicle2 = NPC(lane_id=5, offset=31.60904867, initial_speed=39.96194614)
    ego = NPC(lane_id=5, offset=26.65340368, initial_speed=39.47612353)
    vehicle1.changeLane(trigger_sequence=2, target_lane=1, target_speed=38.13587802)
    vehicle2.changeLane(trigger_sequence=2, target_lane=1, target_speed=31.98322869)
    vehicle2.accelerate(trigger_sequence=3, target_speed=49.5103932)
    vehicle1.accelerate(trigger_sequence=4, target_speed=59.11002953)
    vehicle1.accelerate(trigger_sequence=5, target_speed=33.56211827)
    vehicle2.accelerate(trigger_sequence=5, target_speed=35.58068112)

2025-04-22 Tuesday 16:41:12  random_test.py : INFO  === Evaluation Finished === 
 Fitness: [3.501279676189562, -0.22592592592592592], Collision: False
2025-04-22 Tuesday 16:41:32  random_test.py : INFO  === Evaluate Testcase === 
 def testcase(self):
    vehicle1 = NPC(lane_id=5, offset=23.63258877, initial_speed=7.38421952)
    ego = NPC(lane_id=5, offset=14.42044932, initial_speed=33.44289247)
    vehicle1.accelerate(trigger_sequence=1, target_speed=56.70327481)
    vehicle1.accelerate(trigger_sequence=4, target_speed=36.30824014)

2025-04-22 Tuesday 16:41:32  random_test.py : INFO  === Evaluation Finished === 
 Fitness: [8.46469893459051, -0.3333333333333333], Collision: False
2025-04-22 Tuesday 16:41:52  random_test.py : INFO  === Evaluate Testcase === 
 def testcase(self):
    vehicle1 = NPC(lane_id=3, offset=34.66037864, initial_speed=8.55339188)
    vehicle2 = NPC(lane_id=5, offset=36.01582796, initial_speed=28.760418)
    ego = NPC(lane_id=1, offset=22.73312835, initial_speed=31.47428374)
    vehicle2.changeLane(trigger_sequence=1, target_lane=1, target_speed=14.00824751)
    vehicle1.accelerate(trigger_sequence=3, target_speed=55.85175691)
    vehicle2.accelerate(trigger_sequence=3, target_speed=40.97783053)
    vehicle1.decelerate(trigger_sequence=4, target_speed=8.11974974)

2025-04-22 Tuesday 16:41:52  random_test.py : INFO  === Evaluation Finished === 
 Fitness: [7.000052161204001, -0.40394973070017953], Collision: False
2025-04-22 Tuesday 16:42:13  random_test.py : INFO  === Evaluate Testcase === 
 def testcase(self):
    vehicle1 = NPC(lane_id=3, offset=22.03785687, initial_speed=33.13814782)
    vehicle2 = NPC(lane_id=4, offset=40.48999132, initial_speed=14.49977882)
    ego = NPC(lane_id=2, offset=29.32128618, initial_speed=32.53386834)
    vehicle2.changeLane(trigger_sequence=1, target_lane=1, target_speed=51.10666557)
    vehicle1.decelerate(trigger_sequence=2, target_speed=16.90885704)
    vehicle2.accelerate(trigger_sequence=2, target_speed=30.98460306)
    vehicle1.accelerate(trigger_sequence=3, target_speed=52.79702814)
    vehicle2.changeLane(trigger_sequence=4, target_lane=3, target_speed=3.13256666)
    vehicle1.changeLane(trigger_sequence=5, target_lane=3, target_speed=18.0656216)
    vehicle2.accelerate(trigger_sequence=5, target_speed=43.91241313)

2025-04-22 Tuesday 16:42:13  random_test.py : INFO  === Evaluation Finished === 
 Fitness: [3.5001949309304736, -0.4172661870503597], Collision: True
2025-04-22 Tuesday 16:42:13  random_test.py : INFO  === Find a coollision ===
2025-04-22 Tuesday 16:42:33  random_test.py : INFO  === Evaluate Testcase === 
 def testcase(self):
    ego = NPC(lane_id=3, offset=9.97166111, initial_speed=29.9360564)
    vehicle2 = NPC(lane_id=5, offset=13.132407, initial_speed=38.28979981)
    vehicle2.accelerate(trigger_sequence=1, target_speed=49.66391875)
    vehicle2.changeLane(trigger_sequence=2, target_lane=1, target_speed=5.46043542)
    vehicle2.decelerate(trigger_sequence=5, target_speed=2.87029979)

2025-04-22 Tuesday 16:42:33  random_test.py : INFO  === Evaluation Finished === 
 Fitness: [3.5294403188264956, -0.32021466905187834], Collision: True
2025-04-22 Tuesday 16:42:33  random_test.py : INFO  === Find a coollision ===
2025-04-22 Tuesday 16:42:53  random_test.py : INFO  === Evaluate Testcase === 
 def testcase(self):
    vehicle1 = NPC(lane_id=4, offset=25.62394426, initial_speed=31.64420806)
    vehicle2 = NPC(lane_id=4, offset=33.5576966, initial_speed=12.50573368)
    ego = NPC(lane_id=3, offset=29.40896401, initial_speed=38.3074842)
    vehicle4 = NPC(lane_id=2, offset=30.41983349, initial_speed=2.35524952)
    vehicle1.changeLane(trigger_sequence=1, target_lane=1, target_speed=33.93756871)
    vehicle2.accelerate(trigger_sequence=1, target_speed=43.68479982)
    vehicle2.changeLane(trigger_sequence=2, target_lane=3, target_speed=58.90917858)
    vehicle1.decelerate(trigger_sequence=3, target_speed=25.40499512)
    vehicle2.changeLane(trigger_sequence=3, target_lane=3, target_speed=54.93493909)
    vehicle1.decelerate(trigger_sequence=4, target_speed=25.73886061)
    vehicle2.changeLane(trigger_sequence=4, target_lane=3, target_speed=33.15114303)
    vehicle1.changeLane(trigger_sequence=5, target_lane=1, target_speed=47.39841456)

2025-04-22 Tuesday 16:42:53  random_test.py : INFO  === Evaluation Finished === 
 Fitness: [2.5487236809524125, -0.2755474452554745], Collision: True
2025-04-22 Tuesday 16:42:53  random_test.py : INFO  === Find a coollision ===
2025-04-22 Tuesday 16:43:13  random_test.py : INFO  === Evaluate Testcase === 
 def testcase(self):
    ego = NPC(lane_id=2, offset=3.01222124, initial_speed=32.18633145)
    vehicle2 = NPC(lane_id=1, offset=21.1824417, initial_speed=13.54582127)
    vehicle2.decelerate(trigger_sequence=1, target_speed=15.23346768)
    vehicle2.decelerate(trigger_sequence=2, target_speed=15.32186116)
    vehicle2.changeLane(trigger_sequence=3, target_lane=3, target_speed=40.14367658)

2025-04-22 Tuesday 16:43:13  random_test.py : INFO  === Evaluation Finished === 
 Fitness: [3.5016430594797168, -0.381294964028777], Collision: False
2025-04-22 Tuesday 16:43:18  random_test.py : INFO  === Evaluate Testcase === 
 def testcase(self):
    ego = NPC(lane_id=5, offset=6.62378364, initial_speed=31.83293637)
    vehicle2 = NPC(lane_id=5, offset=6.44598167, initial_speed=21.17423348)
    vehicle2.changeLane(trigger_sequence=2, target_lane=3, target_speed=51.9816425)
    vehicle2.decelerate(trigger_sequence=3, target_speed=24.09312522)
    vehicle2.decelerate(trigger_sequence=5, target_speed=3.42800915)

2025-04-22 Tuesday 16:43:18  random_test.py : INFO  === Evaluation Finished === 
 Fitness: [inf, 0], Collision: False
2025-04-22 Tuesday 16:43:38  random_test.py : INFO  === Evaluate Testcase === 
 def testcase(self):
    vehicle1 = NPC(lane_id=2, offset=1.02437581, initial_speed=25.64934831)
    ego = NPC(lane_id=2, offset=6.46329379, initial_speed=20.25371388)
    vehicle1.accelerate(trigger_sequence=1, target_speed=57.03917543)
    vehicle1.changeLane(trigger_sequence=3, target_lane=1, target_speed=52.59889183)

2025-04-22 Tuesday 16:43:38  random_test.py : INFO  === Evaluation Finished === 
 Fitness: [3.501078890158961, -0.6086956521739131], Collision: True
2025-04-22 Tuesday 16:43:38  random_test.py : INFO  === Find a coollision ===
2025-04-22 Tuesday 16:43:59  random_test.py : INFO  === Evaluate Testcase === 
 def testcase(self):
    vehicle1 = NPC(lane_id=1, offset=1.81180892, initial_speed=0.04117077)
    ego = NPC(lane_id=3, offset=28.83890882, initial_speed=9.55331658)
    vehicle3 = NPC(lane_id=2, offset=40.14410395, initial_speed=25.54957531)
    vehicle4 = NPC(lane_id=1, offset=47.38907477, initial_speed=0.65096491)
    vehicle1.changeLane(trigger_sequence=1, target_lane=1, target_speed=40.69701328)
    vehicle3.decelerate(trigger_sequence=1, target_speed=29.80394199)
    vehicle4.decelerate(trigger_sequence=1, target_speed=14.37633674)
    vehicle1.decelerate(trigger_sequence=2, target_speed=24.63846445)
    vehicle3.accelerate(trigger_sequence=3, target_speed=52.68258522)
    vehicle3.decelerate(trigger_sequence=4, target_speed=26.95997639)
    vehicle1.decelerate(trigger_sequence=5, target_speed=24.51103354)
    vehicle3.changeLane(trigger_sequence=5, target_lane=1, target_speed=50.58713795)

2025-04-22 Tuesday 16:43:59  random_test.py : INFO  === Evaluation Finished === 
 Fitness: [7.0004178417669305, -0.023333333333333334], Collision: False
2025-04-22 Tuesday 16:44:20  random_test.py : INFO  === Evaluate Testcase === 
 def testcase(self):
    vehicle1 = NPC(lane_id=5, offset=1.16122728, initial_speed=34.14868185)
    ego = NPC(lane_id=1, offset=4.75192143, initial_speed=9.71627132)
    vehicle1.decelerate(trigger_sequence=1, target_speed=22.66413757)
    vehicle1.changeLane(trigger_sequence=2, target_lane=3, target_speed=39.64741074)

2025-04-22 Tuesday 16:44:20  random_test.py : INFO  === Evaluation Finished === 
 Fitness: [14.010403700438566, -0.0333889816360601], Collision: False
2025-04-22 Tuesday 16:44:41  random_test.py : INFO  === Evaluate Testcase === 
 def testcase(self):
    ego = NPC(lane_id=5, offset=21.7299186, initial_speed=5.25903788)
    vehicle2 = NPC(lane_id=3, offset=10.65789241, initial_speed=12.79012539)
    vehicle2.changeLane(trigger_sequence=3, target_lane=1, target_speed=28.98478869)
    vehicle2.accelerate(trigger_sequence=4, target_speed=36.5006159)
    vehicle2.decelerate(trigger_sequence=5, target_speed=28.41032296)

2025-04-22 Tuesday 16:44:41  random_test.py : INFO  === Evaluation Finished === 
 Fitness: [6.995245728603326, -0.48333333333333334], Collision: False
2025-04-22 Tuesday 16:45:01  random_test.py : INFO  === Evaluate Testcase === 
 def testcase(self):
    ego = NPC(lane_id=1, offset=17.83935125, initial_speed=9.53552714)
    vehicle2 = NPC(lane_id=1, offset=38.36921549, initial_speed=30.34110048)
    vehicle3 = NPC(lane_id=4, offset=38.53018164, initial_speed=8.25724539)
    vehicle4 = NPC(lane_id=2, offset=49.47849016, initial_speed=29.43345317)
    vehicle2.changeLane(trigger_sequence=1, target_lane=1, target_speed=4.39476149)
    vehicle4.changeLane(trigger_sequence=1, target_lane=3, target_speed=18.86916504)
    vehicle2.changeLane(trigger_sequence=2, target_lane=1, target_speed=22.89324075)
    vehicle4.accelerate(trigger_sequence=2, target_speed=41.06235692)
    vehicle2.accelerate(trigger_sequence=4, target_speed=30.45473079)
    vehicle4.changeLane(trigger_sequence=4, target_lane=3, target_speed=37.21341496)
    vehicle2.accelerate(trigger_sequence=5, target_speed=53.72483973)
    vehicle3.decelerate(trigger_sequence=5, target_speed=17.20788698)

2025-04-22 Tuesday 16:45:01  random_test.py : INFO  === Evaluation Finished === 
 Fitness: [13.662527268634582, -0.03333333333333333], Collision: False
2025-04-22 Tuesday 16:45:22  random_test.py : INFO  === Evaluate Testcase === 
 def testcase(self):
    vehicle1 = NPC(lane_id=4, offset=2.50323917, initial_speed=32.88475202)
    vehicle2 = NPC(lane_id=5, offset=35.05606467, initial_speed=16.58427764)
    ego = NPC(lane_id=1, offset=29.03651977, initial_speed=23.83890748)
    vehicle4 = NPC(lane_id=2, offset=38.80807028, initial_speed=31.78501434)
    vehicle2.accelerate(trigger_sequence=1, target_speed=53.55935529)
    vehicle4.accelerate(trigger_sequence=1, target_speed=56.62217307)
    vehicle1.decelerate(trigger_sequence=2, target_speed=1.33297905)
    vehicle4.changeLane(trigger_sequence=2, target_lane=1, target_speed=36.32610452)
    vehicle4.accelerate(trigger_sequence=3, target_speed=38.41658635)
    vehicle1.changeLane(trigger_sequence=4, target_lane=1, target_speed=48.19724823)
    vehicle2.accelerate(trigger_sequence=4, target_speed=45.3720155)

2025-04-22 Tuesday 16:45:22  random_test.py : INFO  === Evaluation Finished === 
 Fitness: [6.464974627671855, -0.5238095238095238], Collision: False
2025-04-22 Tuesday 16:45:43  random_test.py : INFO  === Evaluate Testcase === 
 def testcase(self):
    vehicle1 = NPC(lane_id=4, offset=19.63482613, initial_speed=33.95613372)
    vehicle2 = NPC(lane_id=2, offset=14.97041546, initial_speed=39.88905021)
    vehicle3 = NPC(lane_id=4, offset=29.20770347, initial_speed=17.04478439)
    ego = NPC(lane_id=5, offset=40.95390086, initial_speed=1.22536444)
    vehicle1.decelerate(trigger_sequence=2, target_speed=28.70990524)
    vehicle2.changeLane(trigger_sequence=2, target_lane=1, target_speed=23.11365967)
    vehicle3.decelerate(trigger_sequence=2, target_speed=24.82773577)
    vehicle1.changeLane(trigger_sequence=3, target_lane=3, target_speed=24.350314)
    vehicle2.changeLane(trigger_sequence=3, target_lane=1, target_speed=55.82368131)
    vehicle3.accelerate(trigger_sequence=3, target_speed=32.26003638)
    vehicle1.changeLane(trigger_sequence=5, target_lane=1, target_speed=8.30666867)
    vehicle2.changeLane(trigger_sequence=5, target_lane=3, target_speed=55.46864296)

2025-04-22 Tuesday 16:45:43  random_test.py : INFO  === Evaluation Finished === 
 Fitness: [3.491937617863171, -0.66890756302521], Collision: False
2025-04-22 Tuesday 16:46:03  random_test.py : INFO  === Evaluate Testcase === 
 def testcase(self):
    vehicle1 = NPC(lane_id=4, offset=36.40154701, initial_speed=14.26181451)
    ego = NPC(lane_id=5, offset=10.77913535, initial_speed=11.09138015)
    vehicle1.changeLane(trigger_sequence=3, target_lane=1, target_speed=8.40902983)
    vehicle1.changeLane(trigger_sequence=5, target_lane=3, target_speed=44.87375706)

2025-04-22 Tuesday 16:46:03  random_test.py : INFO  === Evaluation Finished === 
 Fitness: [26.055412937965393, -0.03005008347245409], Collision: False
2025-04-22 Tuesday 16:46:23  random_test.py : INFO  === Evaluate Testcase === 
 def testcase(self):
    vehicle1 = NPC(lane_id=3, offset=33.3180477, initial_speed=2.47997918)
    vehicle2 = NPC(lane_id=1, offset=31.81274518, initial_speed=0.59850402)
    ego = NPC(lane_id=5, offset=4.42794044, initial_speed=38.76420287)
    vehicle1.decelerate(trigger_sequence=1, target_speed=27.3002202)
    vehicle2.accelerate(trigger_sequence=3, target_speed=58.62495576)
    vehicle2.changeLane(trigger_sequence=4, target_lane=1, target_speed=5.43790462)
    vehicle2.changeLane(trigger_sequence=5, target_lane=3, target_speed=50.70712753)

2025-04-22 Tuesday 16:46:23  random_test.py : INFO  === Evaluation Finished === 
 Fitness: [6.999939774120184, -0.23948811700182815], Collision: False
2025-04-22 Tuesday 16:46:28  random_test.py : INFO  === Evaluate Testcase === 
 def testcase(self):
    ego = NPC(lane_id=5, offset=42.84527107, initial_speed=0.99520382)
    vehicle2 = NPC(lane_id=2, offset=9.29397594, initial_speed=4.17615603)
    vehicle3 = NPC(lane_id=4, offset=18.77607048, initial_speed=4.25073879)
    vehicle4 = NPC(lane_id=5, offset=38.44005887, initial_speed=5.23337698)
    vehicle2.changeLane(trigger_sequence=1, target_lane=1, target_speed=16.48888981)
    vehicle3.decelerate(trigger_sequence=1, target_speed=4.89090359)
    vehicle2.changeLane(trigger_sequence=3, target_lane=1, target_speed=48.14222128)
    vehicle4.accelerate(trigger_sequence=3, target_speed=51.46471054)
    vehicle2.changeLane(trigger_sequence=5, target_lane=3, target_speed=2.20869947)
    vehicle3.decelerate(trigger_sequence=5, target_speed=26.94386195)

2025-04-22 Tuesday 16:46:28  random_test.py : INFO  === Evaluation Finished === 
 Fitness: [inf, 0], Collision: False
2025-04-22 Tuesday 16:46:49  random_test.py : INFO  === Evaluate Testcase === 
 def testcase(self):
    vehicle1 = NPC(lane_id=3, offset=25.97635668, initial_speed=21.51712304)
    vehicle2 = NPC(lane_id=2, offset=44.68553995, initial_speed=25.56992906)
    ego = NPC(lane_id=1, offset=34.87859156, initial_speed=2.49141862)
    vehicle2.changeLane(trigger_sequence=1, target_lane=1, target_speed=39.54146855)
    vehicle1.decelerate(trigger_sequence=2, target_speed=22.31805388)
    vehicle1.decelerate(trigger_sequence=3, target_speed=19.953886)
    vehicle2.accelerate(trigger_sequence=3, target_speed=47.41999498)
    vehicle1.decelerate(trigger_sequence=4, target_speed=21.4005308)
    vehicle2.decelerate(trigger_sequence=4, target_speed=3.45103503)
    vehicle2.decelerate(trigger_sequence=5, target_speed=1.82055049)

2025-04-22 Tuesday 16:46:49  random_test.py : INFO  === Evaluation Finished === 
 Fitness: [7.0073059002886575, -0.5058823529411764], Collision: False
2025-04-22 Tuesday 16:47:09  random_test.py : INFO  === Evaluate Testcase === 
 def testcase(self):
    vehicle1 = NPC(lane_id=1, offset=36.47528217, initial_speed=15.79202225)
    ego = NPC(lane_id=1, offset=19.94540493, initial_speed=34.79426887)
    vehicle3 = NPC(lane_id=4, offset=35.0109284, initial_speed=24.94017023)
    vehicle4 = NPC(lane_id=1, offset=1.1119239, initial_speed=11.85743254)
    vehicle4.decelerate(trigger_sequence=1, target_speed=24.42246405)
    vehicle1.accelerate(trigger_sequence=2, target_speed=38.95562605)
    vehicle1.decelerate(trigger_sequence=3, target_speed=3.86651934)
    vehicle3.decelerate(trigger_sequence=3, target_speed=12.03938039)
    vehicle4.changeLane(trigger_sequence=3, target_lane=3, target_speed=5.8930649)
    vehicle4.decelerate(trigger_sequence=4, target_speed=7.54954186)
    vehicle3.decelerate(trigger_sequence=5, target_speed=16.2367139)
    vehicle4.decelerate(trigger_sequence=5, target_speed=27.51492384)

2025-04-22 Tuesday 16:47:09  random_test.py : INFO  === Evaluation Finished === 
 Fitness: [8.656053292673464, -0.35443037974683544], Collision: False
2025-04-22 Tuesday 16:47:29  random_test.py : INFO  === Evaluate Testcase === 
 def testcase(self):
    ego = NPC(lane_id=1, offset=47.29975852, initial_speed=11.34630759)
    vehicle2 = NPC(lane_id=1, offset=19.51857212, initial_speed=12.19373387)
    vehicle2.changeLane(trigger_sequence=2, target_lane=3, target_speed=56.67872822)
    vehicle2.decelerate(trigger_sequence=3, target_speed=27.32908939)

2025-04-22 Tuesday 16:47:29  random_test.py : INFO  === Evaluation Finished === 
 Fitness: [3.500427670093092, -0.03177257525083612], Collision: False
2025-04-22 Tuesday 16:47:50  random_test.py : INFO  === Evaluate Testcase === 
 def testcase(self):
    vehicle1 = NPC(lane_id=2, offset=36.3144402, initial_speed=28.05890732)
    ego = NPC(lane_id=4, offset=26.9153421, initial_speed=18.94262271)
    vehicle3 = NPC(lane_id=1, offset=22.51534545, initial_speed=25.23331103)
    vehicle3.accelerate(trigger_sequence=1, target_speed=53.49314238)
    vehicle1.changeLane(trigger_sequence=2, target_lane=1, target_speed=46.73924432)
    vehicle3.decelerate(trigger_sequence=2, target_speed=27.12698496)
    vehicle3.decelerate(trigger_sequence=3, target_speed=13.17384353)
    vehicle1.changeLane(trigger_sequence=4, target_lane=3, target_speed=26.12202421)
    vehicle3.decelerate(trigger_sequence=4, target_speed=24.34559648)
    vehicle1.accelerate(trigger_sequence=5, target_speed=43.76694544)
    vehicle3.accelerate(trigger_sequence=5, target_speed=37.23929029)

2025-04-22 Tuesday 16:47:50  random_test.py : INFO  === Evaluation Finished === 
 Fitness: [10.491315317635577, -0.5944540727902946], Collision: False
2025-04-22 Tuesday 16:48:10  random_test.py : INFO  === Evaluate Testcase === 
 def testcase(self):
    vehicle1 = NPC(lane_id=4, offset=44.13939367, initial_speed=32.73682522)
    ego = NPC(lane_id=4, offset=30.63883933, initial_speed=11.78429776)
    vehicle1.changeLane(trigger_sequence=2, target_lane=3, target_speed=58.68953213)
    vehicle1.accelerate(trigger_sequence=3, target_speed=38.44768147)
    vehicle1.decelerate(trigger_sequence=5, target_speed=22.73127257)

2025-04-22 Tuesday 16:48:10  random_test.py : INFO  === Evaluation Finished === 
 Fitness: [13.955223789910141, -0.021739130434782608], Collision: False
2025-04-22 Tuesday 16:48:30  random_test.py : INFO  === Evaluate Testcase === 
 def testcase(self):
    vehicle1 = NPC(lane_id=4, offset=22.58168031, initial_speed=22.90008428)
    ego = NPC(lane_id=1, offset=21.21809072, initial_speed=36.26793521)
    vehicle1.accelerate(trigger_sequence=4, target_speed=35.70376223)

2025-04-22 Tuesday 16:48:30  random_test.py : INFO  === Evaluation Finished === 
 Fitness: [10.500341913074108, -0.29945553539019965], Collision: False
2025-04-22 Tuesday 16:48:50  random_test.py : INFO  === Evaluate Testcase === 
 def testcase(self):
    ego = NPC(lane_id=3, offset=41.00389378, initial_speed=20.67576835)
    vehicle2 = NPC(lane_id=1, offset=8.02692306, initial_speed=1.71300552)
    vehicle3 = NPC(lane_id=5, offset=11.12362483, initial_speed=2.90874592)
    vehicle2.accelerate(trigger_sequence=2, target_speed=44.77084939)
    vehicle2.changeLane(trigger_sequence=3, target_lane=1, target_speed=5.82925363)
    vehicle3.accelerate(trigger_sequence=3, target_speed=32.48408533)
    vehicle2.accelerate(trigger_sequence=4, target_speed=43.03854154)
    vehicle2.decelerate(trigger_sequence=5, target_speed=0.24341045)

2025-04-22 Tuesday 16:48:50  random_test.py : INFO  === Evaluation Finished === 
 Fitness: [30.234150518159563, -0.6069565217391304], Collision: False
2025-04-22 Tuesday 16:49:11  random_test.py : INFO  === Evaluate Testcase === 
 def testcase(self):
    ego = NPC(lane_id=4, offset=41.41948128, initial_speed=5.90896405)
    vehicle2 = NPC(lane_id=4, offset=19.0592826, initial_speed=12.5787307)
    vehicle2.changeLane(trigger_sequence=3, target_lane=3, target_speed=24.64982578)
    vehicle2.changeLane(trigger_sequence=4, target_lane=1, target_speed=57.21674531)

2025-04-22 Tuesday 16:49:11  random_test.py : INFO  === Evaluation Finished === 
 Fitness: [3.290159475231082, -0.7116666666666667], Collision: True
2025-04-22 Tuesday 16:49:11  random_test.py : INFO  === Find a coollision ===
2025-04-22 Tuesday 16:49:32  random_test.py : INFO  === Evaluate Testcase === 
 def testcase(self):
    ego = NPC(lane_id=2, offset=22.73880104, initial_speed=4.86140511)
    vehicle2 = NPC(lane_id=5, offset=41.29115127, initial_speed=2.46794291)
    vehicle3 = NPC(lane_id=4, offset=39.94897765, initial_speed=9.42164898)
    vehicle2.decelerate(trigger_sequence=1, target_speed=16.91190248)
    vehicle3.accelerate(trigger_sequence=1, target_speed=32.34184961)
    vehicle3.changeLane(trigger_sequence=2, target_lane=3, target_speed=4.74526131)
    vehicle2.accelerate(trigger_sequence=3, target_speed=45.7796787)
    vehicle3.decelerate(trigger_sequence=3, target_speed=2.1801995)
    vehicle2.changeLane(trigger_sequence=4, target_lane=3, target_speed=32.40511931)
    vehicle2.accelerate(trigger_sequence=5, target_speed=37.50161912)

2025-04-22 Tuesday 16:49:32  random_test.py : INFO  === Evaluation Finished === 
 Fitness: [18.704014896616666, -0.48067226890756304], Collision: False
2025-04-22 Tuesday 16:49:53  random_test.py : INFO  === Evaluate Testcase === 
 def testcase(self):
    ego = NPC(lane_id=4, offset=36.61156667, initial_speed=28.16950836)
    vehicle2 = NPC(lane_id=2, offset=1.90078569, initial_speed=19.846259)
    vehicle2.accelerate(trigger_sequence=1, target_speed=51.31435129)
    vehicle2.accelerate(trigger_sequence=3, target_speed=48.23743416)
    vehicle2.changeLane(trigger_sequence=4, target_lane=1, target_speed=23.82755531)
    vehicle2.accelerate(trigger_sequence=5, target_speed=41.99145024)

2025-04-22 Tuesday 16:49:53  random_test.py : INFO  === Evaluation Finished === 
 Fitness: [7.000512867804753, -0.4750889679715303], Collision: False
2025-04-22 Tuesday 16:50:13  random_test.py : INFO  === Evaluate Testcase === 
 def testcase(self):
    vehicle1 = NPC(lane_id=2, offset=22.50401839, initial_speed=31.71399275)
    ego = NPC(lane_id=4, offset=8.60720711, initial_speed=0.36055093)
    vehicle3 = NPC(lane_id=3, offset=4.95549577, initial_speed=7.6037716)
    vehicle1.decelerate(trigger_sequence=1, target_speed=13.48931585)
    vehicle1.changeLane(trigger_sequence=2, target_lane=3, target_speed=6.23406772)
    vehicle3.changeLane(trigger_sequence=3, target_lane=3, target_speed=3.06833088)
    vehicle3.changeLane(trigger_sequence=4, target_lane=1, target_speed=15.28004156)
    vehicle3.changeLane(trigger_sequence=5, target_lane=3, target_speed=26.69401761)

2025-04-22 Tuesday 16:50:13  random_test.py : INFO  === Evaluation Finished === 
 Fitness: [3.4913061003953385, -0.5336700336700336], Collision: False
2025-04-22 Tuesday 16:50:34  random_test.py : INFO  === Evaluate Testcase === 
 def testcase(self):
    vehicle1 = NPC(lane_id=2, offset=3.72238343, initial_speed=33.80905356)
    ego = NPC(lane_id=4, offset=23.15420741, initial_speed=38.39921655)
    vehicle1.decelerate(trigger_sequence=1, target_speed=18.31037145)
    vehicle1.decelerate(trigger_sequence=4, target_speed=9.26983963)

2025-04-22 Tuesday 16:50:34  random_test.py : INFO  === Evaluation Finished === 
 Fitness: [10.131122214953804, -0.23905109489051096], Collision: False
2025-04-22 Tuesday 16:50:54  random_test.py : INFO  === Evaluate Testcase === 
 def testcase(self):
    ego = NPC(lane_id=3, offset=6.07642242, initial_speed=24.75572158)
    vehicle2 = NPC(lane_id=1, offset=47.25422326, initial_speed=38.77453863)
    vehicle2.changeLane(trigger_sequence=2, target_lane=1, target_speed=57.0437696)
    vehicle2.changeLane(trigger_sequence=5, target_lane=3, target_speed=9.13859938)

2025-04-22 Tuesday 16:50:54  random_test.py : INFO  === Evaluation Finished === 
 Fitness: [42.29801549658283, -0.49823321554770317], Collision: False
2025-04-22 Tuesday 16:51:14  random_test.py : INFO  === Evaluate Testcase === 
 def testcase(self):
    vehicle1 = NPC(lane_id=3, offset=11.73275199, initial_speed=34.79220673)
    ego = NPC(lane_id=1, offset=8.7743152, initial_speed=36.92677067)
    vehicle1.changeLane(trigger_sequence=1, target_lane=3, target_speed=3.56620407)
    vehicle1.accelerate(trigger_sequence=4, target_speed=46.33827085)

2025-04-22 Tuesday 16:51:14  random_test.py : INFO  === Evaluation Finished === 
 Fitness: [7.000340001865428, -0.2690909090909091], Collision: False
2025-04-22 Tuesday 16:51:34  random_test.py : INFO  === Evaluate Testcase === 
 def testcase(self):
    vehicle1 = NPC(lane_id=3, offset=33.08588076, initial_speed=16.84167387)
    vehicle2 = NPC(lane_id=5, offset=6.34893016, initial_speed=17.16576837)
    vehicle3 = NPC(lane_id=3, offset=40.59769479, initial_speed=12.91199613)
    ego = NPC(lane_id=1, offset=22.08919973, initial_speed=29.03015633)
    vehicle2.changeLane(trigger_sequence=1, target_lane=3, target_speed=17.20926371)
    vehicle1.accelerate(trigger_sequence=2, target_speed=38.4566961)
    vehicle2.accelerate(trigger_sequence=2, target_speed=54.89341264)
    vehicle3.changeLane(trigger_sequence=3, target_lane=3, target_speed=46.3658876)
    vehicle1.decelerate(trigger_sequence=4, target_speed=11.33107513)
    vehicle2.decelerate(trigger_sequence=4, target_speed=14.18065132)
    vehicle3.decelerate(trigger_sequence=5, target_speed=20.5880672)

2025-04-22 Tuesday 16:51:34  random_test.py : INFO  === Evaluation Finished === 
 Fitness: [3.49973692102168, -0.41711229946524064], Collision: False
2025-04-22 Tuesday 16:51:55  random_test.py : INFO  === Evaluate Testcase === 
 def testcase(self):
    ego = NPC(lane_id=3, offset=37.25375902, initial_speed=9.2838637)
    vehicle2 = NPC(lane_id=2, offset=10.40421171, initial_speed=31.19831064)
    vehicle3 = NPC(lane_id=1, offset=8.45023977, initial_speed=17.95437492)
    vehicle2.accelerate(trigger_sequence=1, target_speed=58.71054416)
    vehicle3.accelerate(trigger_sequence=1, target_speed=55.46562011)
    vehicle3.changeLane(trigger_sequence=2, target_lane=3, target_speed=59.56420028)
    vehicle2.decelerate(trigger_sequence=3, target_speed=15.06042246)
    vehicle3.accelerate(trigger_sequence=3, target_speed=37.83440926)
    vehicle2.accelerate(trigger_sequence=4, target_speed=30.53958696)

2025-04-22 Tuesday 16:51:55  random_test.py : INFO  === Evaluation Finished === 
 Fitness: [3.4979015721737885, -0.03833333333333333], Collision: False
2025-04-22 Tuesday 16:52:00  random_test.py : INFO  === Evaluate Testcase === 
 def testcase(self):
    ego = NPC(lane_id=2, offset=21.88691205, initial_speed=30.54002993)
    vehicle2 = NPC(lane_id=1, offset=31.09104356, initial_speed=23.86839706)
    vehicle3 = NPC(lane_id=2, offset=26.47123411, initial_speed=31.6470398)
    vehicle3.accelerate(trigger_sequence=2, target_speed=52.81941655)
    vehicle2.accelerate(trigger_sequence=3, target_speed=46.53956236)
    vehicle2.changeLane(trigger_sequence=4, target_lane=1, target_speed=24.23329642)
    vehicle2.decelerate(trigger_sequence=5, target_speed=21.98990909)

2025-04-22 Tuesday 16:52:00  random_test.py : INFO  === Evaluation Finished === 
 Fitness: [inf, 0], Collision: False
2025-04-22 Tuesday 16:52:21  random_test.py : INFO  === Evaluate Testcase === 
 def testcase(self):
    vehicle1 = NPC(lane_id=5, offset=19.72577272, initial_speed=22.72770578)
    ego = NPC(lane_id=3, offset=33.9829829, initial_speed=34.64616669)
    vehicle1.changeLane(trigger_sequence=2, target_lane=3, target_speed=18.03099851)
    vehicle1.accelerate(trigger_sequence=4, target_speed=54.21332232)
    vehicle1.decelerate(trigger_sequence=5, target_speed=5.35889773)

2025-04-22 Tuesday 16:52:21  random_test.py : INFO  === Evaluation Finished === 
 Fitness: [10.897940217582324, -0.3453887884267631], Collision: False
2025-04-22 Tuesday 16:52:41  random_test.py : INFO  === Evaluate Testcase === 
 def testcase(self):
    ego = NPC(lane_id=5, offset=23.73669985, initial_speed=24.34711602)
    vehicle2 = NPC(lane_id=2, offset=16.39266541, initial_speed=0.2639789)
    vehicle2.changeLane(trigger_sequence=1, target_lane=1, target_speed=39.44350582)
    vehicle2.decelerate(trigger_sequence=2, target_speed=25.52210637)
    vehicle2.changeLane(trigger_sequence=3, target_lane=3, target_speed=38.15113844)
    vehicle2.changeLane(trigger_sequence=5, target_lane=1, target_speed=54.13436262)

2025-04-22 Tuesday 16:52:41  random_test.py : INFO  === Evaluation Finished === 
 Fitness: [12.788049783406125, -0.5291005291005291], Collision: False
2025-04-22 Tuesday 16:53:01  random_test.py : INFO  === Evaluate Testcase === 
 def testcase(self):
    ego = NPC(lane_id=2, offset=32.43096563, initial_speed=22.46110814)
    vehicle2 = NPC(lane_id=5, offset=12.25722114, initial_speed=35.55648607)
    vehicle2.decelerate(trigger_sequence=2, target_speed=5.74989488)
    vehicle2.changeLane(trigger_sequence=4, target_lane=1, target_speed=50.18179577)

2025-04-22 Tuesday 16:53:01  random_test.py : INFO  === Evaluation Finished === 
 Fitness: [10.50103784763622, -0.5561403508771929], Collision: False
2025-04-22 Tuesday 16:53:22  random_test.py : INFO  === Evaluate Testcase === 
 def testcase(self):
    ego = NPC(lane_id=4, offset=43.60726076, initial_speed=15.12093454)
    vehicle2 = NPC(lane_id=5, offset=18.93991357, initial_speed=11.05793469)
    vehicle3 = NPC(lane_id=3, offset=36.58048503, initial_speed=2.12027257)
    vehicle4 = NPC(lane_id=5, offset=8.04284269, initial_speed=28.58329791)
    vehicle2.decelerate(trigger_sequence=1, target_speed=19.5878365)
    vehicle2.changeLane(trigger_sequence=3, target_lane=3, target_speed=28.29896422)
    vehicle4.decelerate(trigger_sequence=3, target_speed=9.61314691)

2025-04-22 Tuesday 16:53:22  random_test.py : INFO  === Evaluation Finished === 
 Fitness: [2.123621702294524, -0.13377926421404682], Collision: True
2025-04-22 Tuesday 16:53:22  random_test.py : INFO  === Find a coollision ===
2025-04-22 Tuesday 16:53:42  random_test.py : INFO  === Evaluate Testcase === 
 def testcase(self):
    ego = NPC(lane_id=3, offset=40.55578138, initial_speed=5.8155396)
    vehicle2 = NPC(lane_id=4, offset=39.44545015, initial_speed=31.28028638)
    vehicle3 = NPC(lane_id=5, offset=4.97610446, initial_speed=24.29167001)
    vehicle3.accelerate(trigger_sequence=1, target_speed=43.53805486)
    vehicle2.decelerate(trigger_sequence=2, target_speed=26.36185232)
    vehicle3.decelerate(trigger_sequence=2, target_speed=13.13262731)

2025-04-22 Tuesday 16:53:42  random_test.py : INFO  === Evaluation Finished === 
 Fitness: [3.5145039806045175, -0.7899159663865546], Collision: False
2025-04-22 Tuesday 16:54:03  random_test.py : INFO  === Evaluate Testcase === 
 def testcase(self):
    vehicle1 = NPC(lane_id=3, offset=23.92982236, initial_speed=15.26153649)
    ego = NPC(lane_id=5, offset=28.68126887, initial_speed=19.29301759)
    vehicle3 = NPC(lane_id=5, offset=6.33885917, initial_speed=12.54594932)
    vehicle4 = NPC(lane_id=5, offset=16.62617827, initial_speed=20.66428895)
    vehicle4.changeLane(trigger_sequence=1, target_lane=3, target_speed=40.82331184)
    vehicle1.decelerate(trigger_sequence=2, target_speed=21.56664471)
    vehicle4.decelerate(trigger_sequence=2, target_speed=0.46091771)
    vehicle4.decelerate(trigger_sequence=3, target_speed=14.66609431)
    vehicle1.accelerate(trigger_sequence=4, target_speed=38.84135587)
    vehicle4.changeLane(trigger_sequence=4, target_lane=3, target_speed=46.50352612)
    vehicle1.accelerate(trigger_sequence=5, target_speed=42.14116719)
    vehicle3.changeLane(trigger_sequence=5, target_lane=1, target_speed=35.44424453)
    vehicle4.accelerate(trigger_sequence=5, target_speed=49.25031741)

2025-04-22 Tuesday 16:54:03  random_test.py : INFO  === Evaluation Finished === 
 Fitness: [3.375373596481869, -0.6701388888888888], Collision: True
2025-04-22 Tuesday 16:54:03  random_test.py : INFO  === Find a coollision ===
2025-04-22 Tuesday 16:54:23  random_test.py : INFO  === Evaluate Testcase === 
 def testcase(self):
    ego = NPC(lane_id=1, offset=36.59346742, initial_speed=37.16313424)
    vehicle2 = NPC(lane_id=2, offset=0.58798827, initial_speed=17.18570553)
    vehicle3 = NPC(lane_id=2, offset=34.95036818, initial_speed=38.50723868)
    vehicle3.changeLane(trigger_sequence=1, target_lane=1, target_speed=19.1932482)
    vehicle2.accelerate(trigger_sequence=2, target_speed=59.1896064)
    vehicle3.decelerate(trigger_sequence=2, target_speed=16.97776644)
    vehicle2.accelerate(trigger_sequence=3, target_speed=56.52055679)
    vehicle3.decelerate(trigger_sequence=3, target_speed=24.34964135)
    vehicle3.changeLane(trigger_sequence=4, target_lane=1, target_speed=13.70510221)
    vehicle3.changeLane(trigger_sequence=5, target_lane=3, target_speed=4.59333594)

2025-04-22 Tuesday 16:54:23  random_test.py : INFO  === Evaluation Finished === 
 Fitness: [3.5008186722376795, -0.35454545454545455], Collision: False
2025-04-22 Tuesday 16:54:44  random_test.py : INFO  === Evaluate Testcase === 
 def testcase(self):
    vehicle1 = NPC(lane_id=3, offset=34.4978531, initial_speed=38.61499135)
    ego = NPC(lane_id=5, offset=18.37375075, initial_speed=21.28257256)
    vehicle3 = NPC(lane_id=3, offset=8.08484923, initial_speed=31.52514816)
    vehicle4 = NPC(lane_id=4, offset=1.19822894, initial_speed=10.72899162)
    vehicle3.changeLane(trigger_sequence=1, target_lane=1, target_speed=23.46101713)
    vehicle1.changeLane(trigger_sequence=2, target_lane=3, target_speed=51.87966016)
    vehicle3.changeLane(trigger_sequence=2, target_lane=3, target_speed=13.91903503)
    vehicle4.changeLane(trigger_sequence=2, target_lane=3, target_speed=0.64449874)
    vehicle4.changeLane(trigger_sequence=4, target_lane=3, target_speed=11.22139694)
    vehicle1.accelerate(trigger_sequence=5, target_speed=36.41904613)

2025-04-22 Tuesday 16:54:44  random_test.py : INFO  === Evaluation Finished === 
 Fitness: [6.995592211673457, -0.5766550522648084], Collision: False
2025-04-22 Tuesday 16:55:04  random_test.py : INFO  === Evaluate Testcase === 
 def testcase(self):
    vehicle1 = NPC(lane_id=5, offset=38.70857058, initial_speed=28.96849866)
    vehicle2 = NPC(lane_id=4, offset=31.86121332, initial_speed=22.24324435)
    vehicle3 = NPC(lane_id=4, offset=11.08781116, initial_speed=12.6999384)
    ego = NPC(lane_id=1, offset=39.43420442, initial_speed=22.97878569)
    vehicle2.accelerate(trigger_sequence=1, target_speed=37.35942428)
    vehicle3.decelerate(trigger_sequence=1, target_speed=2.32047262)
    vehicle1.decelerate(trigger_sequence=2, target_speed=27.73186603)
    vehicle2.decelerate(trigger_sequence=2, target_speed=8.49242432)
    vehicle1.accelerate(trigger_sequence=3, target_speed=57.82198044)
    vehicle3.changeLane(trigger_sequence=4, target_lane=1, target_speed=50.51905495)

2025-04-22 Tuesday 16:55:04  random_test.py : INFO  === Evaluation Finished === 
 Fitness: [10.499255312331554, -0.539543057996485], Collision: False
2025-04-22 Tuesday 16:55:09  random_test.py : INFO  === Evaluate Testcase === 
 def testcase(self):
    vehicle1 = NPC(lane_id=5, offset=43.67340986, initial_speed=10.22128149)
    vehicle2 = NPC(lane_id=5, offset=43.15010671, initial_speed=30.04600571)
    vehicle3 = NPC(lane_id=2, offset=34.90255533, initial_speed=37.0533926)
    ego = NPC(lane_id=1, offset=38.62924161, initial_speed=8.27781195)
    vehicle3.decelerate(trigger_sequence=1, target_speed=6.89507544)
    vehicle2.accelerate(trigger_sequence=2, target_speed=31.49728386)
    vehicle1.decelerate(trigger_sequence=3, target_speed=4.28949823)
    vehicle2.changeLane(trigger_sequence=3, target_lane=3, target_speed=37.44608119)
    vehicle2.changeLane(trigger_sequence=4, target_lane=3, target_speed=18.25863908)
    vehicle3.changeLane(trigger_sequence=4, target_lane=1, target_speed=37.62227541)

2025-04-22 Tuesday 16:55:09  random_test.py : INFO  === Evaluation Finished === 
 Fitness: [inf, 0], Collision: False
2025-04-22 Tuesday 16:55:30  random_test.py : INFO  === Evaluate Testcase === 
 def testcase(self):
    vehicle1 = NPC(lane_id=5, offset=42.46707771, initial_speed=32.03753117)
    vehicle2 = NPC(lane_id=3, offset=11.39515144, initial_speed=28.53693719)
    vehicle3 = NPC(lane_id=3, offset=1.08324517, initial_speed=11.38396169)
    ego = NPC(lane_id=3, offset=19.11233018, initial_speed=36.97346244)
    vehicle1.decelerate(trigger_sequence=2, target_speed=27.61848346)
    vehicle3.decelerate(trigger_sequence=3, target_speed=8.85042496)
    vehicle1.changeLane(trigger_sequence=4, target_lane=1, target_speed=49.38773202)
    vehicle2.changeLane(trigger_sequence=5, target_lane=3, target_speed=6.85477764)

2025-04-22 Tuesday 16:55:30  random_test.py : INFO  === Evaluation Finished === 
 Fitness: [4.082261140181492, -0.28909090909090907], Collision: True
2025-04-22 Tuesday 16:55:30  random_test.py : INFO  === Find a coollision ===
2025-04-22 Tuesday 16:55:50  random_test.py : INFO  === Evaluate Testcase === 
 def testcase(self):
    ego = NPC(lane_id=2, offset=29.37801367, initial_speed=13.22085422)
    vehicle2 = NPC(lane_id=4, offset=2.65013849, initial_speed=7.43701925)
    vehicle2.decelerate(trigger_sequence=3, target_speed=0.67190531)
    vehicle2.accelerate(trigger_sequence=4, target_speed=50.50138117)

2025-04-22 Tuesday 16:55:50  random_test.py : INFO  === Evaluation Finished === 
 Fitness: [26.295332043850213, -0.02847571189279732], Collision: False
2025-04-22 Tuesday 16:56:10  random_test.py : INFO  === Evaluate Testcase === 
 def testcase(self):
    ego = NPC(lane_id=4, offset=23.37004597, initial_speed=36.02027228)
    vehicle2 = NPC(lane_id=3, offset=7.87871065, initial_speed=1.86717468)
    vehicle2.accelerate(trigger_sequence=1, target_speed=41.27857402)
    vehicle2.accelerate(trigger_sequence=3, target_speed=40.35989312)
    vehicle2.accelerate(trigger_sequence=4, target_speed=54.3881071)

2025-04-22 Tuesday 16:56:10  random_test.py : INFO  === Evaluation Finished === 
 Fitness: [15.590490774257006, -0.29764065335753176], Collision: False
2025-04-22 Tuesday 16:56:31  random_test.py : INFO  === Evaluate Testcase === 
 def testcase(self):
    ego = NPC(lane_id=2, offset=34.01759126, initial_speed=36.74097982)
    vehicle2 = NPC(lane_id=4, offset=42.14747891, initial_speed=30.24525328)
    vehicle3 = NPC(lane_id=1, offset=33.44964532, initial_speed=26.60044125)
    vehicle4 = NPC(lane_id=3, offset=34.92721295, initial_speed=3.26156835)
    vehicle3.accelerate(trigger_sequence=1, target_speed=48.72745211)
    vehicle4.accelerate(trigger_sequence=2, target_speed=53.19832775)
    vehicle2.decelerate(trigger_sequence=3, target_speed=16.39062999)
    vehicle2.changeLane(trigger_sequence=4, target_lane=3, target_speed=21.44298063)
    vehicle4.decelerate(trigger_sequence=4, target_speed=20.95803996)

2025-04-22 Tuesday 16:56:31  random_test.py : INFO  === Evaluation Finished === 
 Fitness: [3.494968236632183, -0.28], Collision: False
2025-04-22 Tuesday 16:56:51  random_test.py : INFO  === Evaluate Testcase === 
 def testcase(self):
    ego = NPC(lane_id=3, offset=33.39231246, initial_speed=36.13944237)
    vehicle2 = NPC(lane_id=5, offset=28.09306572, initial_speed=22.68205005)
    vehicle3 = NPC(lane_id=2, offset=16.62126956, initial_speed=27.86745268)
    vehicle3.decelerate(trigger_sequence=1, target_speed=27.67206969)
    vehicle2.decelerate(trigger_sequence=2, target_speed=19.27845628)
    vehicle2.accelerate(trigger_sequence=5, target_speed=53.48770943)

2025-04-22 Tuesday 16:56:51  random_test.py : INFO  === Evaluation Finished === 
 Fitness: [7.002159745455273, -0.30490018148820325], Collision: False
2025-04-22 Tuesday 16:57:12  random_test.py : INFO  === Evaluate Testcase === 
 def testcase(self):
    vehicle1 = NPC(lane_id=1, offset=5.88012009, initial_speed=2.18887095)
    ego = NPC(lane_id=5, offset=48.27956353, initial_speed=7.85147059)
    vehicle1.changeLane(trigger_sequence=1, target_lane=3, target_speed=17.75799076)
    vehicle1.changeLane(trigger_sequence=3, target_lane=1, target_speed=19.17818668)
    vehicle1.changeLane(trigger_sequence=4, target_lane=3, target_speed=23.28392341)
    vehicle1.decelerate(trigger_sequence=5, target_speed=17.59577536)

2025-04-22 Tuesday 16:57:12  random_test.py : INFO  === Evaluation Finished === 
 Fitness: [2.5502018108377884, -0.07833333333333334], Collision: True
2025-04-22 Tuesday 16:57:12  random_test.py : INFO  === Find a collision ===
2025-04-22 Tuesday 16:57:33  random_test.py : INFO  === Evaluate Testcase === 
 def testcase(self):
    vehicle1 = NPC(lane_id=4, offset=29.35096948, initial_speed=33.26023245)
    vehicle2 = NPC(lane_id=1, offset=47.3007523, initial_speed=10.0943754)
    ego = NPC(lane_id=2, offset=43.05087083, initial_speed=11.39992597)
    vehicle4 = NPC(lane_id=4, offset=37.11929791, initial_speed=27.77991278)
    vehicle2.accelerate(trigger_sequence=1, target_speed=42.16787652)
    vehicle4.accelerate(trigger_sequence=1, target_speed=36.13481437)
    vehicle2.changeLane(trigger_sequence=3, target_lane=1, target_speed=45.04942662)
    vehicle4.changeLane(trigger_sequence=4, target_lane=1, target_speed=19.09946823)
    vehicle1.accelerate(trigger_sequence=5, target_speed=56.74646933)
    vehicle2.decelerate(trigger_sequence=5, target_speed=16.21778621)
    vehicle4.accelerate(trigger_sequence=5, target_speed=43.32040135)

2025-04-22 Tuesday 16:57:33  random_test.py : INFO  === Evaluation Finished === 
 Fitness: [5.616229683963815, -0.02], Collision: False
2025-04-22 Tuesday 16:57:38  random_test.py : INFO  === Evaluate Testcase === 
 def testcase(self):
    ego = NPC(lane_id=3, offset=21.10905746, initial_speed=2.90987967)
    vehicle2 = NPC(lane_id=4, offset=1.74666379, initial_speed=5.89036269)
    vehicle3 = NPC(lane_id=5, offset=8.34688319, initial_speed=6.93404318)
    vehicle4 = NPC(lane_id=5, offset=10.2669337, initial_speed=23.76742188)
    vehicle2.decelerate(trigger_sequence=1, target_speed=21.99619788)
    vehicle3.decelerate(trigger_sequence=3, target_speed=1.05496488)
    vehicle2.accelerate(trigger_sequence=4, target_speed=34.4613389)
    vehicle3.changeLane(trigger_sequence=4, target_lane=3, target_speed=17.89071735)

2025-04-22 Tuesday 16:57:38  random_test.py : INFO  === Evaluation Finished === 
 Fitness: [inf, 0], Collision: False
2025-04-22 Tuesday 16:57:59  random_test.py : INFO  === Evaluate Testcase === 
 def testcase(self):
    vehicle1 = NPC(lane_id=2, offset=30.20689058, initial_speed=17.70688989)
    ego = NPC(lane_id=2, offset=13.48272331, initial_speed=36.49397266)
    vehicle3 = NPC(lane_id=4, offset=37.16963479, initial_speed=27.28256855)
    vehicle1.accelerate(trigger_sequence=1, target_speed=41.01263372)
    vehicle3.accelerate(trigger_sequence=1, target_speed=43.51458183)
    vehicle1.changeLane(trigger_sequence=2, target_lane=1, target_speed=30.59008163)
    vehicle3.decelerate(trigger_sequence=2, target_speed=12.85842454)
    vehicle1.changeLane(trigger_sequence=3, target_lane=1, target_speed=18.39592884)
    vehicle3.accelerate(trigger_sequence=3, target_speed=44.8038248)
    vehicle1.changeLane(trigger_sequence=4, target_lane=3, target_speed=17.49998117)

2025-04-22 Tuesday 16:57:59  random_test.py : INFO  === Evaluation Finished === 
 Fitness: [3.501846947206567, -0.2250453720508167], Collision: False
2025-04-22 Tuesday 16:58:20  random_test.py : INFO  === Evaluate Testcase === 
 def testcase(self):
    vehicle1 = NPC(lane_id=2, offset=1.64796136, initial_speed=34.37382103)
    vehicle2 = NPC(lane_id=2, offset=49.88875669, initial_speed=6.82651209)
    ego = NPC(lane_id=3, offset=1.31723963, initial_speed=14.1282317)
    vehicle4 = NPC(lane_id=5, offset=32.63489113, initial_speed=39.06423498)
    vehicle1.accelerate(trigger_sequence=1, target_speed=40.48845804)
    vehicle4.decelerate(trigger_sequence=1, target_speed=12.91824836)
    vehicle1.changeLane(trigger_sequence=2, target_lane=3, target_speed=17.34419758)
    vehicle2.accelerate(trigger_sequence=2, target_speed=53.56296056)
    vehicle4.decelerate(trigger_sequence=2, target_speed=5.24929905)
    vehicle1.changeLane(trigger_sequence=3, target_lane=3, target_speed=15.33626225)
    vehicle2.accelerate(trigger_sequence=3, target_speed=48.65175768)
    vehicle4.accelerate(trigger_sequence=3, target_speed=55.39161958)
    vehicle2.decelerate(trigger_sequence=5, target_speed=19.26207828)

2025-04-22 Tuesday 16:58:20  random_test.py : INFO  === Evaluation Finished === 
 Fitness: [3.910650793126335, -0.10851419031719532], Collision: False
2025-04-22 Tuesday 16:58:40  random_test.py : INFO  === Evaluate Testcase === 
 def testcase(self):
    vehicle1 = NPC(lane_id=3, offset=44.59328305, initial_speed=34.24909848)
    ego = NPC(lane_id=3, offset=2.09577802, initial_speed=27.04371693)
    vehicle1.accelerate(trigger_sequence=1, target_speed=53.37363178)
    vehicle1.changeLane(trigger_sequence=2, target_lane=3, target_speed=47.69938503)
    vehicle1.accelerate(trigger_sequence=4, target_speed=44.28839654)
    vehicle1.decelerate(trigger_sequence=5, target_speed=27.58543102)

2025-04-22 Tuesday 16:58:40  random_test.py : INFO  === Evaluation Finished === 
 Fitness: [42.973175394090404, -0.4724689165186501], Collision: False
2025-04-22 Tuesday 16:59:01  random_test.py : INFO  === Evaluate Testcase === 
 def testcase(self):
    vehicle1 = NPC(lane_id=3, offset=36.85110389, initial_speed=14.55206473)
    vehicle2 = NPC(lane_id=3, offset=14.01117787, initial_speed=36.44424561)
    ego = NPC(lane_id=5, offset=22.53889175, initial_speed=33.02802433)
    vehicle2.decelerate(trigger_sequence=1, target_speed=15.32994117)
    vehicle1.changeLane(trigger_sequence=4, target_lane=1, target_speed=50.57977656)
    vehicle2.changeLane(trigger_sequence=5, target_lane=3, target_speed=16.20838049)

2025-04-22 Tuesday 16:59:01  random_test.py : INFO  === Evaluation Finished === 
 Fitness: [6.993319488544658, -0.37117117117117115], Collision: False
2025-04-22 Tuesday 16:59:21  random_test.py : INFO  === Evaluate Testcase === 
 def testcase(self):
    vehicle1 = NPC(lane_id=5, offset=16.90280483, initial_speed=28.45258768)
    ego = NPC(lane_id=1, offset=7.71716968, initial_speed=25.41341141)
    vehicle1.accelerate(trigger_sequence=1, target_speed=54.05454154)
    vehicle1.changeLane(trigger_sequence=2, target_lane=1, target_speed=23.12245974)
    vehicle1.accelerate(trigger_sequence=4, target_speed=40.32761426)

2025-04-22 Tuesday 16:59:21  random_test.py : INFO  === Evaluation Finished === 
 Fitness: [16.972018468654042, -0.5327433628318584], Collision: False
2025-04-22 Tuesday 16:59:42  random_test.py : INFO  === Evaluate Testcase === 
 def testcase(self):
    ego = NPC(lane_id=3, offset=31.4188564, initial_speed=12.54373259)
    vehicle2 = NPC(lane_id=3, offset=41.04308176, initial_speed=15.00203076)
    vehicle3 = NPC(lane_id=1, offset=20.42633612, initial_speed=13.52206699)
    vehicle4 = NPC(lane_id=1, offset=41.27954008, initial_speed=6.88864077)
    vehicle2.accelerate(trigger_sequence=1, target_speed=38.95797192)
    vehicle3.decelerate(trigger_sequence=1, target_speed=13.47353437)
    vehicle4.changeLane(trigger_sequence=1, target_lane=1, target_speed=37.41127764)
    vehicle2.accelerate(trigger_sequence=2, target_speed=34.52675953)
    vehicle3.decelerate(trigger_sequence=3, target_speed=17.72248091)
    vehicle4.accelerate(trigger_sequence=3, target_speed=31.01248047)
    vehicle2.accelerate(trigger_sequence=4, target_speed=34.00692744)

2025-04-22 Tuesday 16:59:42  random_test.py : INFO  === Evaluation Finished === 
 Fitness: [6.9999401952645375, -0.021666666666666667], Collision: False
2025-04-22 Tuesday 17:00:03  random_test.py : INFO  === Evaluate Testcase === 
 def testcase(self):
    vehicle1 = NPC(lane_id=2, offset=23.89960368, initial_speed=32.17932759)
    ego = NPC(lane_id=5, offset=22.66618552, initial_speed=1.77746349)
    vehicle3 = NPC(lane_id=1, offset=5.52242779, initial_speed=36.12252709)
    vehicle1.changeLane(trigger_sequence=1, target_lane=3, target_speed=47.32326695)
    vehicle3.accelerate(trigger_sequence=2, target_speed=41.5700167)
    vehicle1.decelerate(trigger_sequence=3, target_speed=1.09438105)
    vehicle3.accelerate(trigger_sequence=3, target_speed=42.51856958)
    vehicle3.accelerate(trigger_sequence=4, target_speed=51.65561)
    vehicle1.decelerate(trigger_sequence=5, target_speed=15.48070882)
    vehicle3.changeLane(trigger_sequence=5, target_lane=1, target_speed=22.51939959)

2025-04-22 Tuesday 17:00:03  random_test.py : INFO  === Evaluation Finished === 
 Fitness: [10.704288765106806, -0.6447811447811448], Collision: False
2025-04-22 Tuesday 17:00:24  random_test.py : INFO  === Evaluate Testcase === 
 def testcase(self):
    vehicle1 = NPC(lane_id=5, offset=21.90364178, initial_speed=19.35091146)
    ego = NPC(lane_id=1, offset=35.77440293, initial_speed=38.30243432)
    vehicle3 = NPC(lane_id=2, offset=19.64913287, initial_speed=12.03794428)
    vehicle1.accelerate(trigger_sequence=1, target_speed=32.61267947)
    vehicle3.changeLane(trigger_sequence=1, target_lane=1, target_speed=25.56123195)
    vehicle1.accelerate(trigger_sequence=2, target_speed=31.24065463)
    vehicle1.decelerate(trigger_sequence=4, target_speed=19.40758596)
    vehicle3.decelerate(trigger_sequence=4, target_speed=28.6916289)
    vehicle1.changeLane(trigger_sequence=5, target_lane=1, target_speed=36.18245702)
    vehicle3.changeLane(trigger_sequence=5, target_lane=3, target_speed=35.26497159)

2025-04-22 Tuesday 17:00:24  random_test.py : INFO  === Evaluation Finished === 
 Fitness: [14.25267503415512, -0.2427007299270073], Collision: False
2025-04-22 Tuesday 17:00:29  random_test.py : INFO  === Evaluate Testcase === 
 def testcase(self):
    ego = NPC(lane_id=3, offset=30.511761, initial_speed=16.53543969)
    vehicle2 = NPC(lane_id=5, offset=2.6555475, initial_speed=23.79056182)
    vehicle3 = NPC(lane_id=1, offset=44.95841872, initial_speed=9.68496403)
    vehicle4 = NPC(lane_id=5, offset=0.00260474, initial_speed=36.44247767)
    vehicle2.changeLane(trigger_sequence=1, target_lane=3, target_speed=42.40736305)
    vehicle3.accelerate(trigger_sequence=1, target_speed=44.44702987)
    vehicle4.accelerate(trigger_sequence=1, target_speed=41.84798427)
    vehicle2.changeLane(trigger_sequence=2, target_lane=3, target_speed=24.28611492)
    vehicle3.changeLane(trigger_sequence=4, target_lane=1, target_speed=48.29737536)
    vehicle4.changeLane(trigger_sequence=5, target_lane=3, target_speed=8.19350988)

2025-04-22 Tuesday 17:00:29  random_test.py : INFO  === Evaluation Finished === 
 Fitness: [inf, 0], Collision: False
2025-04-22 Tuesday 17:00:50  random_test.py : INFO  === Evaluate Testcase === 
 def testcase(self):
    ego = NPC(lane_id=3, offset=2.47016888, initial_speed=8.12976544)
    vehicle2 = NPC(lane_id=2, offset=27.75757011, initial_speed=26.36001147)
    vehicle2.decelerate(trigger_sequence=5, target_speed=8.87496866)

2025-04-22 Tuesday 17:00:50  random_test.py : INFO  === Evaluation Finished === 
 Fitness: [25.889935358838517, -0.021666666666666667], Collision: False
2025-04-22 Tuesday 17:01:12  random_test.py : INFO  === Evaluate Testcase === 
 def testcase(self):
    vehicle1 = NPC(lane_id=3, offset=28.24017005, initial_speed=33.54318679)
    vehicle2 = NPC(lane_id=1, offset=0.48917309, initial_speed=25.63740195)
    ego = NPC(lane_id=4, offset=32.44525801, initial_speed=3.9892302)
    vehicle4 = NPC(lane_id=1, offset=6.73494037, initial_speed=33.07370323)
    vehicle1.accelerate(trigger_sequence=1, target_speed=55.05744385)
    vehicle2.changeLane(trigger_sequence=1, target_lane=1, target_speed=40.41188515)
    vehicle1.decelerate(trigger_sequence=2, target_speed=13.93426867)
    vehicle2.accelerate(trigger_sequence=2, target_speed=53.22898361)
    vehicle4.accelerate(trigger_sequence=2, target_speed=54.69941078)
    vehicle2.decelerate(trigger_sequence=3, target_speed=12.28648643)
    vehicle4.accelerate(trigger_sequence=5, target_speed=33.80787799)

2025-04-22 Tuesday 17:01:12  random_test.py : INFO  === Evaluation Finished === 
 Fitness: [3.49112892804826, -0.5201342281879194], Collision: False
2025-04-22 Tuesday 17:01:33  random_test.py : INFO  === Evaluate Testcase === 
 def testcase(self):
    vehicle1 = NPC(lane_id=4, offset=13.21441892, initial_speed=23.11464642)
    vehicle2 = NPC(lane_id=1, offset=34.60783772, initial_speed=33.5082833)
    ego = NPC(lane_id=5, offset=36.63354162, initial_speed=21.55224586)
    vehicle1.accelerate(trigger_sequence=1, target_speed=47.67748649)
    vehicle2.decelerate(trigger_sequence=1, target_speed=12.14929182)
    vehicle1.changeLane(trigger_sequence=2, target_lane=3, target_speed=0.88162947)
    vehicle2.decelerate(trigger_sequence=2, target_speed=29.82235904)
    vehicle1.accelerate(trigger_sequence=3, target_speed=56.84113529)
    vehicle2.changeLane(trigger_sequence=3, target_lane=3, target_speed=34.74816741)
    vehicle1.changeLane(trigger_sequence=4, target_lane=1, target_speed=37.84777082)

2025-04-22 Tuesday 17:01:33  random_test.py : INFO  === Evaluation Finished === 
 Fitness: [3.500427749910987, -0.5636998254799301], Collision: False
2025-04-22 Tuesday 17:01:54  random_test.py : INFO  === Evaluate Testcase === 
 def testcase(self):
    ego = NPC(lane_id=5, offset=8.00731082, initial_speed=15.25518777)
    vehicle2 = NPC(lane_id=4, offset=12.02271066, initial_speed=14.83499738)
    vehicle3 = NPC(lane_id=5, offset=18.2441451, initial_speed=13.54241315)
    vehicle3.accelerate(trigger_sequence=1, target_speed=30.45984072)
    vehicle3.decelerate(trigger_sequence=2, target_speed=17.04823604)
    vehicle2.changeLane(trigger_sequence=3, target_lane=1, target_speed=28.04267752)
    vehicle3.decelerate(trigger_sequence=3, target_speed=11.41317631)
    vehicle2.changeLane(trigger_sequence=5, target_lane=3, target_speed=47.85105242)
    vehicle3.decelerate(trigger_sequence=5, target_speed=17.05890568)

2025-04-22 Tuesday 17:01:54  random_test.py : INFO  === Evaluation Finished === 
 Fitness: [5.257464098732461, -0.048576214405360134], Collision: False
2025-04-22 Tuesday 17:02:15  random_test.py : INFO  === Evaluate Testcase === 
 def testcase(self):
    vehicle1 = NPC(lane_id=1, offset=32.77344951, initial_speed=7.28354719)
    vehicle2 = NPC(lane_id=3, offset=45.96727333, initial_speed=23.06997971)
    ego = NPC(lane_id=2, offset=26.36910056, initial_speed=21.03573579)
    vehicle1.changeLane(trigger_sequence=1, target_lane=3, target_speed=21.02536834)
    vehicle1.accelerate(trigger_sequence=2, target_speed=40.45458753)
    vehicle1.accelerate(trigger_sequence=3, target_speed=56.25786035)
    vehicle2.accelerate(trigger_sequence=3, target_speed=43.6806404)
    vehicle2.decelerate(trigger_sequence=4, target_speed=5.67328431)
    vehicle2.decelerate(trigger_sequence=5, target_speed=21.74317546)

2025-04-22 Tuesday 17:02:15  random_test.py : INFO  === Evaluation Finished === 
 Fitness: [3.4989478144417365, -0.5749128919860628], Collision: False
2025-04-22 Tuesday 17:02:35  random_test.py : INFO  === Evaluate Testcase === 
 def testcase(self):
    vehicle1 = NPC(lane_id=2, offset=32.22012965, initial_speed=38.46714764)
    ego = NPC(lane_id=5, offset=23.62471812, initial_speed=24.24554927)
    vehicle1.changeLane(trigger_sequence=1, target_lane=3, target_speed=53.54788192)
    vehicle1.accelerate(trigger_sequence=5, target_speed=54.55687422)

2025-04-22 Tuesday 17:02:35  random_test.py : INFO  === Evaluation Finished === 
 Fitness: [13.907100422806353, -0.5185185185185185], Collision: False
2025-04-22 Tuesday 17:02:40  random_test.py : INFO  === Evaluate Testcase === 
 def testcase(self):
    vehicle1 = NPC(lane_id=4, offset=44.27287219, initial_speed=27.98108945)
    vehicle2 = NPC(lane_id=5, offset=46.49028685, initial_speed=11.27049134)
    ego = NPC(lane_id=4, offset=41.01493412, initial_speed=17.94502677)
    vehicle4 = NPC(lane_id=3, offset=33.96709764, initial_speed=26.56676214)
    vehicle1.decelerate(trigger_sequence=1, target_speed=14.00920338)
    vehicle2.accelerate(trigger_sequence=1, target_speed=52.23491663)
    vehicle4.changeLane(trigger_sequence=1, target_lane=3, target_speed=1.10771451)
    vehicle2.changeLane(trigger_sequence=2, target_lane=1, target_speed=11.49519465)
    vehicle1.changeLane(trigger_sequence=3, target_lane=1, target_speed=31.75845091)
    vehicle1.accelerate(trigger_sequence=4, target_speed=48.62564883)
    vehicle2.changeLane(trigger_sequence=4, target_lane=3, target_speed=6.97871599)
    vehicle4.accelerate(trigger_sequence=4, target_speed=45.36655751)
    vehicle1.accelerate(trigger_sequence=5, target_speed=54.94449843)
    vehicle2.decelerate(trigger_sequence=5, target_speed=8.47691101)

2025-04-22 Tuesday 17:02:40  random_test.py : INFO  === Evaluation Finished === 
 Fitness: [inf, 0], Collision: False
2025-04-22 Tuesday 17:03:01  random_test.py : INFO  === Evaluate Testcase === 
 def testcase(self):
    vehicle1 = NPC(lane_id=1, offset=36.39189068, initial_speed=26.98010883)
    vehicle2 = NPC(lane_id=4, offset=10.16560444, initial_speed=10.84308725)
    ego = NPC(lane_id=3, offset=25.85511677, initial_speed=29.71461899)
    vehicle1.accelerate(trigger_sequence=1, target_speed=48.5494539)
    vehicle2.accelerate(trigger_sequence=2, target_speed=54.78347594)
    vehicle2.decelerate(trigger_sequence=3, target_speed=3.65726047)
    vehicle2.decelerate(trigger_sequence=4, target_speed=29.87261757)

2025-04-22 Tuesday 17:03:01  random_test.py : INFO  === Evaluation Finished === 
 Fitness: [13.275892489474938, -0.4089285714285714], Collision: False
2025-04-22 Tuesday 17:03:21  random_test.py : INFO  === Evaluate Testcase === 
 def testcase(self):
    vehicle1 = NPC(lane_id=1, offset=3.77114069, initial_speed=23.26584376)
    ego = NPC(lane_id=3, offset=1.57417753, initial_speed=25.93471718)
    vehicle1.changeLane(trigger_sequence=1, target_lane=3, target_speed=53.661411)
    vehicle1.accelerate(trigger_sequence=4, target_speed=41.51500641)

2025-04-22 Tuesday 17:03:21  random_test.py : INFO  === Evaluation Finished === 
 Fitness: [6.063012025059611, -0.49557522123893805], Collision: False
2025-04-22 Tuesday 17:03:43  random_test.py : INFO  === Evaluate Testcase === 
 def testcase(self):
    vehicle1 = NPC(lane_id=5, offset=26.84762418, initial_speed=8.24712299)
    vehicle2 = NPC(lane_id=2, offset=2.62819435, initial_speed=37.76982075)
    ego = NPC(lane_id=3, offset=33.28004518, initial_speed=14.50760921)
    vehicle1.accelerate(trigger_sequence=1, target_speed=55.62230809)
    vehicle1.accelerate(trigger_sequence=2, target_speed=44.47066546)
    vehicle1.changeLane(trigger_sequence=4, target_lane=3, target_speed=14.92361009)

2025-04-22 Tuesday 17:03:43  random_test.py : INFO  === Evaluation Finished === 
 Fitness: [3.499674085362584, -0.026755852842809364], Collision: False
2025-04-22 Tuesday 17:04:04  random_test.py : INFO  === Evaluate Testcase === 
 def testcase(self):
    vehicle1 = NPC(lane_id=5, offset=16.50218269, initial_speed=22.86072707)
    vehicle2 = NPC(lane_id=2, offset=47.11401096, initial_speed=31.62108923)
    vehicle3 = NPC(lane_id=5, offset=0.13380569, initial_speed=14.48019677)
    ego = NPC(lane_id=3, offset=42.70408995, initial_speed=11.48525134)
    vehicle2.changeLane(trigger_sequence=1, target_lane=1, target_speed=6.27810939)
    vehicle3.changeLane(trigger_sequence=2, target_lane=1, target_speed=35.53189925)
    vehicle2.accelerate(trigger_sequence=3, target_speed=30.96347259)
    vehicle2.decelerate(trigger_sequence=4, target_speed=29.14069975)
    vehicle3.decelerate(trigger_sequence=5, target_speed=1.06045397)

2025-04-22 Tuesday 17:04:04  random_test.py : INFO  === Evaluation Finished === 
 Fitness: [1.7208663224910314, -0.14333333333333334], Collision: True
2025-04-22 Tuesday 17:04:04  random_test.py : INFO  === Find a coollision ===
2025-04-22 Tuesday 17:04:26  random_test.py : INFO  === Evaluate Testcase === 
 def testcase(self):
    vehicle1 = NPC(lane_id=2, offset=22.25377544, initial_speed=2.6757036)
    ego = NPC(lane_id=5, offset=29.58784514, initial_speed=31.8522491)
    vehicle3 = NPC(lane_id=5, offset=18.31856561, initial_speed=15.87567293)
    vehicle4 = NPC(lane_id=2, offset=45.23244021, initial_speed=21.68719362)
    vehicle3.changeLane(trigger_sequence=1, target_lane=3, target_speed=39.44837238)
    vehicle4.decelerate(trigger_sequence=2, target_speed=1.33378766)
    vehicle1.changeLane(trigger_sequence=3, target_lane=1, target_speed=22.32777938)
    vehicle4.changeLane(trigger_sequence=3, target_lane=3, target_speed=41.20810095)
    vehicle4.decelerate(trigger_sequence=4, target_speed=0.12615482)
    vehicle1.accelerate(trigger_sequence=5, target_speed=42.31457852)
    vehicle4.changeLane(trigger_sequence=5, target_lane=3, target_speed=29.93576432)

2025-04-22 Tuesday 17:04:26  random_test.py : INFO  === Evaluation Finished === 
 Fitness: [6.999954496561998, -0.3895870736086176], Collision: False
2025-04-22 Tuesday 17:04:47  random_test.py : INFO  === Evaluate Testcase === 
 def testcase(self):
    vehicle1 = NPC(lane_id=5, offset=36.42884387, initial_speed=33.30917687)
    vehicle2 = NPC(lane_id=1, offset=0.32445186, initial_speed=37.2597402)
    vehicle3 = NPC(lane_id=1, offset=26.72837385, initial_speed=6.19321541)
    ego = NPC(lane_id=5, offset=13.82999232, initial_speed=3.03144905)
    vehicle1.decelerate(trigger_sequence=1, target_speed=27.82657203)
    vehicle2.changeLane(trigger_sequence=3, target_lane=1, target_speed=24.4646697)
    vehicle3.accelerate(trigger_sequence=3, target_speed=33.61266344)
    vehicle1.accelerate(trigger_sequence=5, target_speed=34.78565525)

2025-04-22 Tuesday 17:04:47  random_test.py : INFO  === Evaluation Finished === 
 Fitness: [13.993200777750372, -0.5553691275167785], Collision: False
2025-04-22 Tuesday 17:05:09  random_test.py : INFO  === Evaluate Testcase === 
 def testcase(self):
    vehicle1 = NPC(lane_id=1, offset=9.77054838, initial_speed=19.56461743)
    ego = NPC(lane_id=5, offset=32.21562085, initial_speed=4.4820408)
    vehicle3 = NPC(lane_id=4, offset=6.7258156, initial_speed=18.87408908)
    vehicle4 = NPC(lane_id=4, offset=18.33602161, initial_speed=37.08797588)
    vehicle3.changeLane(trigger_sequence=1, target_lane=1, target_speed=28.62289349)
    vehicle4.changeLane(trigger_sequence=1, target_lane=3, target_speed=41.38894814)
    vehicle1.accelerate(trigger_sequence=2, target_speed=41.29758734)
    vehicle3.changeLane(trigger_sequence=3, target_lane=3, target_speed=40.02281253)
    vehicle4.accelerate(trigger_sequence=3, target_speed=57.84291801)
    vehicle1.decelerate(trigger_sequence=4, target_speed=22.16831675)
    vehicle3.changeLane(trigger_sequence=4, target_lane=1, target_speed=31.87811409)
    vehicle4.decelerate(trigger_sequence=4, target_speed=23.71257478)
    vehicle1.accelerate(trigger_sequence=5, target_speed=32.66127243)
    vehicle4.accelerate(trigger_sequence=5, target_speed=36.69094054)

2025-04-22 Tuesday 17:05:09  random_test.py : INFO  === Evaluation Finished === 
 Fitness: [3.4936047352173425, -0.5016778523489933], Collision: False
2025-04-22 Tuesday 17:05:30  random_test.py : INFO  === Evaluate Testcase === 
 def testcase(self):
    vehicle1 = NPC(lane_id=5, offset=47.34785049, initial_speed=38.9014528)
    ego = NPC(lane_id=5, offset=1.1364767, initial_speed=16.78749747)

2025-04-22 Tuesday 17:05:30  random_test.py : INFO  === Evaluation Finished === 
 Fitness: [46.75164843569065, -0.018998272884283247], Collision: False
2025-04-22 Tuesday 17:05:50  random_test.py : INFO  === Evaluate Testcase === 
 def testcase(self):
    ego = NPC(lane_id=3, offset=28.63649466, initial_speed=12.57650859)
    vehicle2 = NPC(lane_id=4, offset=37.53348954, initial_speed=11.88248947)
    vehicle3 = NPC(lane_id=1, offset=6.52686844, initial_speed=21.96026471)
    vehicle2.changeLane(trigger_sequence=2, target_lane=3, target_speed=22.31785778)
    vehicle3.accelerate(trigger_sequence=2, target_speed=54.19435465)

2025-04-22 Tuesday 17:05:50  random_test.py : INFO  === Evaluation Finished === 
 Fitness: [6.999763581788516, -0.03171953255425709], Collision: False
2025-04-22 Tuesday 17:06:12  random_test.py : INFO  === Evaluate Testcase === 
 def testcase(self):
    vehicle1 = NPC(lane_id=4, offset=16.38196538, initial_speed=4.05349053)
    ego = NPC(lane_id=3, offset=13.62595743, initial_speed=13.75647641)
    vehicle3 = NPC(lane_id=2, offset=8.97285553, initial_speed=24.56756082)
    vehicle4 = NPC(lane_id=3, offset=49.71081063, initial_speed=10.36327272)
    vehicle3.accelerate(trigger_sequence=1, target_speed=43.20676492)
    vehicle1.decelerate(trigger_sequence=2, target_speed=22.65715429)
    vehicle3.accelerate(trigger_sequence=2, target_speed=54.83312587)
    vehicle4.changeLane(trigger_sequence=2, target_lane=3, target_speed=41.83664274)
    vehicle1.decelerate(trigger_sequence=3, target_speed=0.369331)
    vehicle1.changeLane(trigger_sequence=4, target_lane=1, target_speed=43.44874426)
    vehicle4.changeLane(trigger_sequence=4, target_lane=1, target_speed=45.26556188)
    vehicle4.decelerate(trigger_sequence=5, target_speed=1.47945671)

2025-04-22 Tuesday 17:06:12  random_test.py : INFO  === Evaluation Finished === 
 Fitness: [3.4917894121320976, -0.09015025041736227], Collision: True
2025-04-22 Tuesday 17:06:12  random_test.py : INFO  === Find a coollision ===
2025-04-22 Tuesday 17:06:33  random_test.py : INFO  === Evaluate Testcase === 
 def testcase(self):
    vehicle1 = NPC(lane_id=5, offset=17.16202588, initial_speed=28.8353756)
    vehicle2 = NPC(lane_id=1, offset=39.37502867, initial_speed=15.69869691)
    vehicle3 = NPC(lane_id=2, offset=6.11437579, initial_speed=0.87190391)
    ego = NPC(lane_id=2, offset=18.27403412, initial_speed=14.32737371)
    vehicle2.decelerate(trigger_sequence=1, target_speed=26.3484428)
    vehicle3.changeLane(trigger_sequence=2, target_lane=1, target_speed=31.90220151)
    vehicle1.changeLane(trigger_sequence=3, target_lane=1, target_speed=40.38679063)
    vehicle3.decelerate(trigger_sequence=3, target_speed=2.19222647)
    vehicle1.changeLane(trigger_sequence=4, target_lane=3, target_speed=34.25353867)
    vehicle3.decelerate(trigger_sequence=4, target_speed=8.94244342)
    vehicle3.changeLane(trigger_sequence=5, target_lane=3, target_speed=31.74511428)

2025-04-22 Tuesday 17:06:33  random_test.py : INFO  === Evaluation Finished === 
 Fitness: [10.50958156997479, -0.02337228714524207], Collision: False
2025-04-22 Tuesday 17:06:53  random_test.py : INFO  === Evaluate Testcase === 
 def testcase(self):
    ego = NPC(lane_id=5, offset=5.57785181, initial_speed=18.40646825)
    vehicle2 = NPC(lane_id=1, offset=35.97768879, initial_speed=15.43223919)
    vehicle2.changeLane(trigger_sequence=3, target_lane=3, target_speed=21.34331702)
    vehicle2.accelerate(trigger_sequence=4, target_speed=51.63839808)

2025-04-22 Tuesday 17:06:53  random_test.py : INFO  === Evaluation Finished === 
 Fitness: [22.61163413072494, -0.532871972318339], Collision: False
2025-04-22 Tuesday 17:07:14  random_test.py : INFO  === Evaluate Testcase === 
 def testcase(self):
    vehicle1 = NPC(lane_id=5, offset=26.82251952, initial_speed=33.47781377)
    vehicle2 = NPC(lane_id=3, offset=33.39459088, initial_speed=13.21705637)
    ego = NPC(lane_id=1, offset=38.61266391, initial_speed=28.14178396)
    vehicle1.accelerate(trigger_sequence=1, target_speed=38.90078799)
    vehicle2.changeLane(trigger_sequence=2, target_lane=1, target_speed=40.75405455)
    vehicle2.decelerate(trigger_sequence=3, target_speed=10.28908454)
    vehicle1.decelerate(trigger_sequence=4, target_speed=0.00712931)
    vehicle2.changeLane(trigger_sequence=4, target_lane=1, target_speed=21.69246556)
    vehicle2.accelerate(trigger_sequence=5, target_speed=31.82595494)

2025-04-22 Tuesday 17:07:14  random_test.py : INFO  === Evaluation Finished === 
 Fitness: [7.475659708671925, -0.4893238434163701], Collision: False
2025-04-22 Tuesday 17:07:36  random_test.py : INFO  === Evaluate Testcase === 
 def testcase(self):
    vehicle1 = NPC(lane_id=1, offset=45.02959042, initial_speed=23.77442771)
    ego = NPC(lane_id=2, offset=7.37460473, initial_speed=27.2575353)
    vehicle1.changeLane(trigger_sequence=1, target_lane=3, target_speed=31.81051604)

2025-04-22 Tuesday 17:07:36  random_test.py : INFO  === Evaluation Finished === 
 Fitness: [38.1452190434732, -0.477797513321492], Collision: False
2025-04-22 Tuesday 17:07:59  random_test.py : INFO  === Evaluate Testcase === 
 def testcase(self):
    ego = NPC(lane_id=2, offset=23.66711546, initial_speed=38.57477331)
    vehicle2 = NPC(lane_id=2, offset=9.35801401, initial_speed=23.60425458)
    vehicle3 = NPC(lane_id=3, offset=5.23128085, initial_speed=38.36079253)
    vehicle2.changeLane(trigger_sequence=1, target_lane=1, target_speed=31.11157571)
    vehicle3.decelerate(trigger_sequence=1, target_speed=28.51665556)
    vehicle2.changeLane(trigger_sequence=3, target_lane=1, target_speed=23.77098887)
    vehicle3.accelerate(trigger_sequence=3, target_speed=37.44092251)
    vehicle3.accelerate(trigger_sequence=5, target_speed=43.35226158)

2025-04-22 Tuesday 17:07:59  random_test.py : INFO  === Evaluation Finished === 
 Fitness: [4.191162630348797, -0.25364963503649635], Collision: False
2025-04-22 Tuesday 17:08:20  random_test.py : INFO  === Evaluate Testcase === 
 def testcase(self):
    ego = NPC(lane_id=1, offset=26.77461624, initial_speed=39.04559599)
    vehicle2 = NPC(lane_id=1, offset=48.78294914, initial_speed=38.30302442)
    vehicle2.decelerate(trigger_sequence=2, target_speed=17.39307129)
    vehicle2.accelerate(trigger_sequence=4, target_speed=59.28485184)
    vehicle2.accelerate(trigger_sequence=5, target_speed=39.26213081)

2025-04-22 Tuesday 17:08:20  random_test.py : INFO  === Evaluation Finished === 
 Fitness: [12.446381380300755, -0.3382084095063985], Collision: False
2025-04-22 Tuesday 17:08:42  random_test.py : INFO  === Evaluate Testcase === 
 def testcase(self):
    vehicle1 = NPC(lane_id=5, offset=5.60041965, initial_speed=24.96841803)
    ego = NPC(lane_id=2, offset=27.88624792, initial_speed=30.60600332)
    vehicle1.changeLane(trigger_sequence=1, target_lane=1, target_speed=48.60840546)
    vehicle1.accelerate(trigger_sequence=3, target_speed=56.18037173)
    vehicle1.decelerate(trigger_sequence=4, target_speed=6.06990013)

2025-04-22 Tuesday 17:08:42  random_test.py : INFO  === Evaluation Finished === 
 Fitness: [3.500064143223455, -0.4418604651162791], Collision: False
2025-04-22 Tuesday 17:09:03  random_test.py : INFO  === Evaluate Testcase === 
 def testcase(self):
    vehicle1 = NPC(lane_id=1, offset=16.88435021, initial_speed=38.67746563)
    vehicle2 = NPC(lane_id=3, offset=39.07991891, initial_speed=17.58398984)
    ego = NPC(lane_id=3, offset=5.36176352, initial_speed=29.14004694)
    vehicle1.changeLane(trigger_sequence=1, target_lane=3, target_speed=30.28636461)
    vehicle2.accelerate(trigger_sequence=2, target_speed=31.33666333)
    vehicle1.decelerate(trigger_sequence=4, target_speed=22.17930518)
    vehicle2.decelerate(trigger_sequence=4, target_speed=1.10869428)
    vehicle2.decelerate(trigger_sequence=5, target_speed=26.02928807)

2025-04-22 Tuesday 17:09:03  random_test.py : INFO  === Evaluation Finished === 
 Fitness: [7.971283361421541, -0.425], Collision: False
2025-04-22 Tuesday 17:09:24  random_test.py : INFO  === Evaluate Testcase === 
 def testcase(self):
    vehicle1 = NPC(lane_id=2, offset=17.34648361, initial_speed=1.08161347)
    ego = NPC(lane_id=3, offset=26.00983287, initial_speed=25.11717257)
    vehicle3 = NPC(lane_id=1, offset=5.48981564, initial_speed=20.87179237)
    vehicle4 = NPC(lane_id=3, offset=3.79280709, initial_speed=10.19092286)
    vehicle4.decelerate(trigger_sequence=1, target_speed=11.87301796)
    vehicle1.changeLane(trigger_sequence=2, target_lane=3, target_speed=58.25323099)
    vehicle3.changeLane(trigger_sequence=2, target_lane=1, target_speed=9.94436065)
    vehicle1.changeLane(trigger_sequence=3, target_lane=3, target_speed=0.71041594)
    vehicle4.accelerate(trigger_sequence=3, target_speed=42.18993053)
    vehicle1.accelerate(trigger_sequence=4, target_speed=53.38374837)
    vehicle3.decelerate(trigger_sequence=5, target_speed=29.88709152)
    vehicle4.accelerate(trigger_sequence=5, target_speed=34.17341079)

2025-04-22 Tuesday 17:09:24  random_test.py : INFO  === Evaluation Finished === 
 Fitness: [4.653285911248767, -0.3710247349823322], Collision: True
2025-04-22 Tuesday 17:09:24  random_test.py : INFO  === Find a coollision ===
2025-04-22 Tuesday 17:09:29  random_test.py : INFO  === Evaluate Testcase === 
 def testcase(self):
    ego = NPC(lane_id=1, offset=26.04838808, initial_speed=25.86136476)
    vehicle2 = NPC(lane_id=5, offset=4.19641507, initial_speed=35.11957926)
    vehicle3 = NPC(lane_id=5, offset=9.14039414, initial_speed=12.00608965)
    vehicle2.accelerate(trigger_sequence=2, target_speed=42.61222878)
    vehicle3.accelerate(trigger_sequence=2, target_speed=35.94701032)
    vehicle2.decelerate(trigger_sequence=3, target_speed=9.59592128)
    vehicle2.changeLane(trigger_sequence=5, target_lane=3, target_speed=0.80104747)
    vehicle3.decelerate(trigger_sequence=5, target_speed=20.04185285)

2025-04-22 Tuesday 17:09:29  random_test.py : INFO  === Evaluation Finished === 
 Fitness: [inf, 0], Collision: False
2025-04-22 Tuesday 17:09:51  random_test.py : INFO  === Evaluate Testcase === 
 def testcase(self):
    vehicle1 = NPC(lane_id=2, offset=23.29098153, initial_speed=17.7533432)
    vehicle2 = NPC(lane_id=2, offset=35.62424936, initial_speed=35.04030929)
    ego = NPC(lane_id=5, offset=21.25518151, initial_speed=11.65433354)
    vehicle4 = NPC(lane_id=1, offset=27.21478674, initial_speed=3.74735473)
    vehicle4.decelerate(trigger_sequence=1, target_speed=14.19318816)
    vehicle1.decelerate(trigger_sequence=3, target_speed=5.91625263)
    vehicle2.changeLane(trigger_sequence=3, target_lane=3, target_speed=13.65188214)
    vehicle4.decelerate(trigger_sequence=3, target_speed=4.43706519)
    vehicle1.changeLane(trigger_sequence=4, target_lane=1, target_speed=45.6059185)
    vehicle2.changeLane(trigger_sequence=4, target_lane=1, target_speed=58.3638741)
    vehicle4.accelerate(trigger_sequence=4, target_speed=58.77204334)
    vehicle2.accelerate(trigger_sequence=5, target_speed=42.38849346)

2025-04-22 Tuesday 17:09:51  random_test.py : INFO  === Evaluation Finished === 
 Fitness: [10.85173946304435, -0.023333333333333334], Collision: False
2025-04-22 Tuesday 17:10:13  random_test.py : INFO  === Evaluate Testcase === 
 def testcase(self):
    vehicle1 = NPC(lane_id=4, offset=14.5367211, initial_speed=16.16884465)
    ego = NPC(lane_id=5, offset=41.10721241, initial_speed=13.35076699)
    vehicle1.decelerate(trigger_sequence=1, target_speed=2.31198616)

2025-04-22 Tuesday 17:10:13  random_test.py : INFO  === Evaluation Finished === 
 Fitness: [16.512784977779003, -0.023450586264656615], Collision: False
2025-04-22 Tuesday 17:10:35  random_test.py : INFO  === Evaluate Testcase === 
 def testcase(self):
    ego = NPC(lane_id=4, offset=41.6062464, initial_speed=7.22633205)
    vehicle2 = NPC(lane_id=3, offset=15.66517589, initial_speed=31.52537172)
    vehicle3 = NPC(lane_id=1, offset=44.93873793, initial_speed=9.95755428)
    vehicle4 = NPC(lane_id=2, offset=24.02632872, initial_speed=2.74286074)
    vehicle2.decelerate(trigger_sequence=1, target_speed=7.89382136)
    vehicle3.decelerate(trigger_sequence=1, target_speed=27.33885303)
    vehicle4.changeLane(trigger_sequence=1, target_lane=1, target_speed=5.61128329)
    vehicle2.accelerate(trigger_sequence=2, target_speed=47.09791629)
    vehicle3.decelerate(trigger_sequence=2, target_speed=21.32433934)
    vehicle4.decelerate(trigger_sequence=2, target_speed=1.81037901)
    vehicle3.decelerate(trigger_sequence=4, target_speed=4.24635806)
    vehicle2.decelerate(trigger_sequence=5, target_speed=10.43091287)
    vehicle3.decelerate(trigger_sequence=5, target_speed=24.28835975)

2025-04-22 Tuesday 17:10:35  random_test.py : INFO  === Evaluation Finished === 
 Fitness: [3.5001877853162977, -0.03430531732418525], Collision: False
2025-04-22 Tuesday 17:10:57  random_test.py : INFO  === Evaluate Testcase === 
 def testcase(self):
    vehicle1 = NPC(lane_id=3, offset=14.86349003, initial_speed=39.30835231)
    ego = NPC(lane_id=3, offset=35.86673111, initial_speed=36.25315979)
    vehicle3 = NPC(lane_id=4, offset=17.1035263, initial_speed=39.99158635)
    vehicle1.decelerate(trigger_sequence=1, target_speed=11.05947682)
    vehicle1.accelerate(trigger_sequence=2, target_speed=56.18759059)
    vehicle3.accelerate(trigger_sequence=3, target_speed=40.97140359)
    vehicle1.decelerate(trigger_sequence=4, target_speed=22.62423162)

2025-04-22 Tuesday 17:10:57  random_test.py : INFO  === Evaluation Finished === 
 Fitness: [3.5003384137567304, -0.34601449275362317], Collision: True
2025-04-22 Tuesday 17:10:57  random_test.py : INFO  === Find a coollision ===
2025-04-22 Tuesday 17:11:19  random_test.py : INFO  === Evaluate Testcase === 
 def testcase(self):
    ego = NPC(lane_id=5, offset=40.40656953, initial_speed=1.51140401)
    vehicle2 = NPC(lane_id=3, offset=8.41816761, initial_speed=21.75672141)
    vehicle3 = NPC(lane_id=5, offset=46.41847779, initial_speed=31.8859231)
    vehicle3.decelerate(trigger_sequence=1, target_speed=20.26968281)
    vehicle2.accelerate(trigger_sequence=4, target_speed=40.31132339)
    vehicle3.changeLane(trigger_sequence=4, target_lane=1, target_speed=32.92859581)
    vehicle2.decelerate(trigger_sequence=5, target_speed=14.82213392)
    vehicle3.accelerate(trigger_sequence=5, target_speed=48.2131153)

2025-04-22 Tuesday 17:11:19  random_test.py : INFO  === Evaluation Finished === 
 Fitness: [6.454753860793314, -0.6599326599326599], Collision: False
2025-04-22 Tuesday 17:11:40  random_test.py : INFO  === Evaluate Testcase === 
 def testcase(self):
    ego = NPC(lane_id=3, offset=24.00392696, initial_speed=19.72157033)
    vehicle2 = NPC(lane_id=5, offset=25.54845506, initial_speed=2.51076419)
    vehicle2.changeLane(trigger_sequence=2, target_lane=3, target_speed=36.42043224)
    vehicle2.accelerate(trigger_sequence=3, target_speed=55.05458154)
    vehicle2.accelerate(trigger_sequence=4, target_speed=31.46146276)
    vehicle2.accelerate(trigger_sequence=5, target_speed=54.00022244)

2025-04-22 Tuesday 17:11:40  random_test.py : INFO  === Evaluation Finished === 
 Fitness: [4.711991104449815, -0.6336805555555556], Collision: True
2025-04-22 Tuesday 17:11:40  random_test.py : INFO  === Find a coollision ===
2025-04-22 Tuesday 17:12:02  random_test.py : INFO  === Evaluate Testcase === 
 def testcase(self):
    vehicle1 = NPC(lane_id=1, offset=12.58074554, initial_speed=11.95303042)
    vehicle2 = NPC(lane_id=2, offset=41.17577626, initial_speed=36.07003149)
    ego = NPC(lane_id=3, offset=4.90217095, initial_speed=1.84042719)
    vehicle1.decelerate(trigger_sequence=1, target_speed=24.49936673)
    vehicle1.accelerate(trigger_sequence=2, target_speed=39.75711721)
    vehicle2.accelerate(trigger_sequence=3, target_speed=59.1355041)
    vehicle1.changeLane(trigger_sequence=4, target_lane=1, target_speed=43.17128306)
    vehicle2.decelerate(trigger_sequence=4, target_speed=8.32719419)
    vehicle1.decelerate(trigger_sequence=5, target_speed=16.53619918)

2025-04-22 Tuesday 17:12:02  random_test.py : INFO  === Evaluation Finished === 
 Fitness: [10.632068506794415, -0.6026936026936027], Collision: False
2025-04-22 Tuesday 17:12:24  random_test.py : INFO  === Evaluate Testcase === 
 def testcase(self):
    ego = NPC(lane_id=4, offset=43.65423067, initial_speed=3.99171472)
    vehicle2 = NPC(lane_id=5, offset=42.34418541, initial_speed=32.3297716)
    vehicle3 = NPC(lane_id=5, offset=30.77057763, initial_speed=4.83074646)
    vehicle4 = NPC(lane_id=2, offset=45.53178848, initial_speed=37.53735413)
    vehicle4.accelerate(trigger_sequence=2, target_speed=53.39542995)
    vehicle2.accelerate(trigger_sequence=3, target_speed=41.42768692)
    vehicle3.decelerate(trigger_sequence=3, target_speed=8.24007651)
    vehicle2.accelerate(trigger_sequence=4, target_speed=36.86404823)
    vehicle3.decelerate(trigger_sequence=4, target_speed=9.48157756)
    vehicle4.accelerate(trigger_sequence=4, target_speed=39.90078411)
    vehicle3.decelerate(trigger_sequence=5, target_speed=15.52702526)
    vehicle4.decelerate(trigger_sequence=5, target_speed=26.43635434)

2025-04-22 Tuesday 17:12:24  random_test.py : INFO  === Evaluation Finished === 
 Fitness: [3.5049986465415097, -0.511744966442953], Collision: False
2025-04-22 Tuesday 17:12:45  random_test.py : INFO  === Evaluate Testcase === 
 def testcase(self):
    vehicle1 = NPC(lane_id=2, offset=31.45456197, initial_speed=36.77782933)
    vehicle2 = NPC(lane_id=4, offset=2.57278161, initial_speed=14.40168631)
    ego = NPC(lane_id=2, offset=2.6906542, initial_speed=26.49463644)
    vehicle1.accelerate(trigger_sequence=1, target_speed=42.91232793)
    vehicle1.decelerate(trigger_sequence=2, target_speed=25.14147858)
    vehicle2.decelerate(trigger_sequence=4, target_speed=2.1896044)
    vehicle1.changeLane(trigger_sequence=5, target_lane=1, target_speed=27.30121735)

2025-04-22 Tuesday 17:12:45  random_test.py : INFO  === Evaluation Finished === 
 Fitness: [7.002452448329042, -0.46808510638297873], Collision: False
2025-04-22 Tuesday 17:13:06  random_test.py : INFO  === Evaluate Testcase === 
 def testcase(self):
    vehicle1 = NPC(lane_id=4, offset=7.97928272, initial_speed=39.52061907)
    ego = NPC(lane_id=5, offset=42.10582417, initial_speed=39.99770813)
    vehicle1.accelerate(trigger_sequence=3, target_speed=30.29467389)
    vehicle1.decelerate(trigger_sequence=4, target_speed=9.55059323)
    vehicle1.changeLane(trigger_sequence=5, target_lane=3, target_speed=52.4661393)

2025-04-22 Tuesday 17:13:06  random_test.py : INFO  === Evaluation Finished === 
 Fitness: [18.333477354028677, -0.21062271062271062], Collision: False
2025-04-22 Tuesday 17:13:28  random_test.py : INFO  === Evaluate Testcase === 
 def testcase(self):
    vehicle1 = NPC(lane_id=2, offset=26.66594021, initial_speed=9.5779152)
    vehicle2 = NPC(lane_id=3, offset=38.95066201, initial_speed=14.07764044)
    ego = NPC(lane_id=5, offset=34.75689314, initial_speed=36.57620373)
    vehicle4 = NPC(lane_id=1, offset=24.4271624, initial_speed=15.88538249)
    vehicle2.changeLane(trigger_sequence=1, target_lane=1, target_speed=51.12836235)
    vehicle4.changeLane(trigger_sequence=1, target_lane=1, target_speed=59.31045335)
    vehicle1.changeLane(trigger_sequence=2, target_lane=1, target_speed=40.30082446)
    vehicle4.changeLane(trigger_sequence=2, target_lane=3, target_speed=18.40597673)
    vehicle2.accelerate(trigger_sequence=3, target_speed=52.50505859)
    vehicle4.decelerate(trigger_sequence=3, target_speed=16.36221493)
    vehicle1.accelerate(trigger_sequence=4, target_speed=32.77621943)
    vehicle2.changeLane(trigger_sequence=4, target_lane=1, target_speed=57.45173081)
    vehicle4.accelerate(trigger_sequence=4, target_speed=33.70520098)
    vehicle1.changeLane(trigger_sequence=5, target_lane=1, target_speed=11.86348599)
    vehicle4.decelerate(trigger_sequence=5, target_speed=17.44938358)

2025-04-22 Tuesday 17:13:28  random_test.py : INFO  === Evaluation Finished === 
 Fitness: [6.999103999233932, -0.29454545454545455], Collision: False
2025-04-22 Tuesday 17:13:50  random_test.py : INFO  === Evaluate Testcase === 
 def testcase(self):
    vehicle1 = NPC(lane_id=2, offset=17.65671684, initial_speed=34.28927897)
    ego = NPC(lane_id=3, offset=5.68164116, initial_speed=15.81141735)
    vehicle3 = NPC(lane_id=4, offset=38.86124601, initial_speed=23.12857629)
    vehicle1.changeLane(trigger_sequence=1, target_lane=1, target_speed=30.66862518)
    vehicle3.accelerate(trigger_sequence=1, target_speed=54.1638015)
    vehicle1.changeLane(trigger_sequence=2, target_lane=1, target_speed=30.70845458)
    vehicle3.accelerate(trigger_sequence=3, target_speed=31.62627615)
    vehicle3.decelerate(trigger_sequence=4, target_speed=6.83784031)
    vehicle1.changeLane(trigger_sequence=5, target_lane=3, target_speed=9.70170363)
    vehicle3.decelerate(trigger_sequence=5, target_speed=17.80473655)

2025-04-22 Tuesday 17:13:50  random_test.py : INFO  === Evaluation Finished === 
 Fitness: [6.976454776855226, -0.020100502512562814], Collision: False
2025-04-22 Tuesday 17:14:11  random_test.py : INFO  === Evaluate Testcase === 
 def testcase(self):
    vehicle1 = NPC(lane_id=5, offset=32.8469824, initial_speed=3.89662635)
    vehicle2 = NPC(lane_id=5, offset=9.30778157, initial_speed=3.98859673)
    ego = NPC(lane_id=2, offset=25.22508421, initial_speed=26.41220018)
    vehicle4 = NPC(lane_id=2, offset=45.96129061, initial_speed=25.64323909)
    vehicle1.accelerate(trigger_sequence=1, target_speed=55.38802722)
    vehicle2.changeLane(trigger_sequence=1, target_lane=3, target_speed=9.95783474)
    vehicle2.decelerate(trigger_sequence=2, target_speed=27.24480393)
    vehicle4.accelerate(trigger_sequence=2, target_speed=30.59693532)
    vehicle2.changeLane(trigger_sequence=3, target_lane=3, target_speed=11.48195809)
    vehicle4.changeLane(trigger_sequence=3, target_lane=1, target_speed=14.73940863)
    vehicle1.accelerate(trigger_sequence=4, target_speed=45.86670718)
    vehicle2.decelerate(trigger_sequence=4, target_speed=22.56328859)
    vehicle4.decelerate(trigger_sequence=4, target_speed=22.02330413)
    vehicle1.accelerate(trigger_sequence=5, target_speed=51.67949909)

2025-04-22 Tuesday 17:14:11  random_test.py : INFO  === Evaluation Finished === 
 Fitness: [3.5007887742356583, -0.49645390070921985], Collision: False
2025-04-22 Tuesday 17:14:16  random_test.py : INFO  === Evaluate Testcase === 
 def testcase(self):
    vehicle1 = NPC(lane_id=5, offset=41.43826375, initial_speed=6.96925165)
    vehicle2 = NPC(lane_id=5, offset=41.20172712, initial_speed=16.88512959)
    vehicle3 = NPC(lane_id=5, offset=32.00893076, initial_speed=33.41833807)
    ego = NPC(lane_id=2, offset=44.22158847, initial_speed=29.46668395)
    vehicle2.accelerate(trigger_sequence=1, target_speed=39.72635027)
    vehicle1.decelerate(trigger_sequence=2, target_speed=24.2615527)
    vehicle2.decelerate(trigger_sequence=2, target_speed=24.20251274)
    vehicle3.changeLane(trigger_sequence=2, target_lane=3, target_speed=57.37800951)
    vehicle1.accelerate(trigger_sequence=3, target_speed=32.02080628)
    vehicle3.changeLane(trigger_sequence=3, target_lane=3, target_speed=19.69066437)
    vehicle1.accelerate(trigger_sequence=4, target_speed=56.01088992)
    vehicle2.changeLane(trigger_sequence=4, target_lane=1, target_speed=30.25273731)
    vehicle3.decelerate(trigger_sequence=4, target_speed=27.43798504)
    vehicle1.accelerate(trigger_sequence=5, target_speed=50.02759939)
    vehicle2.decelerate(trigger_sequence=5, target_speed=20.11390214)

2025-04-22 Tuesday 17:14:16  random_test.py : INFO  === Evaluation Finished === 
 Fitness: [inf, 0], Collision: False
2025-04-22 Tuesday 17:14:37  random_test.py : INFO  === Evaluate Testcase === 
 def testcase(self):
    ego = NPC(lane_id=3, offset=28.85184088, initial_speed=10.51070578)
    vehicle2 = NPC(lane_id=5, offset=29.4943627, initial_speed=2.66156)
    vehicle2.changeLane(trigger_sequence=2, target_lane=3, target_speed=27.75385902)
    vehicle2.decelerate(trigger_sequence=4, target_speed=8.4567244)
    vehicle2.accelerate(trigger_sequence=5, target_speed=50.61200098)

2025-04-22 Tuesday 17:14:37  random_test.py : INFO  === Evaluation Finished === 
 Fitness: [0.7317022132206398, -0.07345575959933222], Collision: True
2025-04-22 Tuesday 17:14:37  random_test.py : INFO  === Find a coollision ===
2025-04-22 Tuesday 17:14:59  random_test.py : INFO  === Evaluate Testcase === 
 def testcase(self):
    vehicle1 = NPC(lane_id=5, offset=9.51003233, initial_speed=5.41954509)
    vehicle2 = NPC(lane_id=2, offset=49.90302571, initial_speed=15.99055682)
    ego = NPC(lane_id=2, offset=14.6594847, initial_speed=39.16446067)
    vehicle4 = NPC(lane_id=3, offset=21.38837391, initial_speed=8.33246111)
    vehicle1.decelerate(trigger_sequence=1, target_speed=14.62127274)
    vehicle2.accelerate(trigger_sequence=1, target_speed=56.31476204)
    vehicle4.accelerate(trigger_sequence=1, target_speed=42.81202714)
    vehicle2.accelerate(trigger_sequence=2, target_speed=33.37065751)
    vehicle4.accelerate(trigger_sequence=2, target_speed=48.18314984)
    vehicle1.decelerate(trigger_sequence=3, target_speed=21.23452578)
    vehicle2.changeLane(trigger_sequence=3, target_lane=1, target_speed=7.06714711)
    vehicle1.changeLane(trigger_sequence=4, target_lane=3, target_speed=23.7739662)
    vehicle4.changeLane(trigger_sequence=4, target_lane=1, target_speed=18.42188129)
    vehicle4.changeLane(trigger_sequence=5, target_lane=3, target_speed=51.71066143)

2025-04-22 Tuesday 17:14:59  random_test.py : INFO  === Evaluation Finished === 
 Fitness: [3.501822696812716, -0.2906764168190128], Collision: False
2025-04-22 Tuesday 17:15:04  random_test.py : INFO  === Evaluate Testcase === 
 def testcase(self):
    vehicle1 = NPC(lane_id=2, offset=15.51462929, initial_speed=14.6634088)
    vehicle2 = NPC(lane_id=5, offset=45.44271584, initial_speed=11.01370448)
    ego = NPC(lane_id=2, offset=13.98177835, initial_speed=9.72378295)
    vehicle1.changeLane(trigger_sequence=1, target_lane=3, target_speed=15.10040209)
    vehicle2.changeLane(trigger_sequence=1, target_lane=1, target_speed=48.63446202)
    vehicle2.changeLane(trigger_sequence=3, target_lane=3, target_speed=9.77545644)
    vehicle1.accelerate(trigger_sequence=4, target_speed=56.61060713)
    vehicle2.decelerate(trigger_sequence=4, target_speed=26.25849941)
    vehicle2.decelerate(trigger_sequence=5, target_speed=10.28778675)

2025-04-22 Tuesday 17:15:04  random_test.py : INFO  === Evaluation Finished === 
 Fitness: [inf, 0], Collision: False
2025-04-22 Tuesday 17:15:09  random_test.py : INFO  === Evaluate Testcase === 
 def testcase(self):
    ego = NPC(lane_id=1, offset=40.57459319, initial_speed=16.96603421)
    vehicle2 = NPC(lane_id=3, offset=13.98445591, initial_speed=27.91282352)
    vehicle3 = NPC(lane_id=4, offset=21.60248799, initial_speed=32.60898281)
    vehicle4 = NPC(lane_id=4, offset=21.14803869, initial_speed=20.42802238)
    vehicle2.accelerate(trigger_sequence=1, target_speed=38.60691919)
    vehicle3.decelerate(trigger_sequence=1, target_speed=24.86685004)
    vehicle3.changeLane(trigger_sequence=2, target_lane=3, target_speed=47.21828066)
    vehicle2.decelerate(trigger_sequence=3, target_speed=28.36356822)
    vehicle3.accelerate(trigger_sequence=3, target_speed=45.82204216)
    vehicle4.changeLane(trigger_sequence=4, target_lane=3, target_speed=17.92419222)

2025-04-22 Tuesday 17:15:09  random_test.py : INFO  === Evaluation Finished === 
 Fitness: [inf, 0], Collision: False
2025-04-22 Tuesday 17:15:30  random_test.py : INFO  === Evaluate Testcase === 
 def testcase(self):
    ego = NPC(lane_id=2, offset=47.88805676, initial_speed=14.2117254)
    vehicle2 = NPC(lane_id=3, offset=20.54857094, initial_speed=31.27745896)
    vehicle3 = NPC(lane_id=3, offset=46.60571384, initial_speed=24.3375078)
    vehicle3.changeLane(trigger_sequence=1, target_lane=1, target_speed=48.63111447)
    vehicle2.decelerate(trigger_sequence=2, target_speed=11.02479431)
    vehicle3.decelerate(trigger_sequence=2, target_speed=21.05334819)
    vehicle2.decelerate(trigger_sequence=4, target_speed=25.61800827)
    vehicle3.changeLane(trigger_sequence=4, target_lane=3, target_speed=59.73292756)
    vehicle2.decelerate(trigger_sequence=5, target_speed=11.62706433)
    vehicle3.decelerate(trigger_sequence=5, target_speed=16.26426863)

2025-04-22 Tuesday 17:15:30  random_test.py : INFO  === Evaluation Finished === 
 Fitness: [3.500939952196383, -0.023411371237458192], Collision: False
2025-04-22 Tuesday 17:15:51  random_test.py : INFO  === Evaluate Testcase === 
 def testcase(self):
    ego = NPC(lane_id=5, offset=26.51796072, initial_speed=35.36435439)
    vehicle2 = NPC(lane_id=5, offset=36.44580405, initial_speed=23.9389896)
    vehicle2.decelerate(trigger_sequence=4, target_speed=2.57993025)
    vehicle2.decelerate(trigger_sequence=5, target_speed=19.73391812)

2025-04-22 Tuesday 17:15:51  random_test.py : INFO  === Evaluation Finished === 
 Fitness: [9.43176338276274, -0.0], Collision: False
2025-04-22 Tuesday 17:15:56  random_test.py : INFO  === Evaluate Testcase === 
 def testcase(self):
    vehicle1 = NPC(lane_id=1, offset=39.92632079, initial_speed=23.66125431)
    vehicle2 = NPC(lane_id=1, offset=2.42501416, initial_speed=32.58082899)
    ego = NPC(lane_id=4, offset=30.57834978, initial_speed=18.7315692)
    vehicle4 = NPC(lane_id=1, offset=3.26443619, initial_speed=16.95943257)
    vehicle2.accelerate(trigger_sequence=1, target_speed=40.44600627)
    vehicle1.accelerate(trigger_sequence=2, target_speed=34.54542058)
    vehicle2.accelerate(trigger_sequence=2, target_speed=32.65064906)
    vehicle4.accelerate(trigger_sequence=2, target_speed=31.74899323)
    vehicle1.changeLane(trigger_sequence=3, target_lane=3, target_speed=1.96471602)
    vehicle1.decelerate(trigger_sequence=4, target_speed=17.45154131)
    vehicle2.accelerate(trigger_sequence=4, target_speed=48.33817841)
    vehicle2.changeLane(trigger_sequence=5, target_lane=1, target_speed=3.87026285)
    vehicle4.decelerate(trigger_sequence=5, target_speed=21.84097994)

2025-04-22 Tuesday 17:15:56  random_test.py : INFO  === Evaluation Finished === 
 Fitness: [inf, 0], Collision: False
2025-04-22 Tuesday 17:16:17  random_test.py : INFO  === Evaluate Testcase === 
 def testcase(self):
    ego = NPC(lane_id=4, offset=19.07546014, initial_speed=21.00696266)
    vehicle2 = NPC(lane_id=3, offset=40.98421114, initial_speed=33.66855974)
    vehicle3 = NPC(lane_id=1, offset=36.3278036, initial_speed=12.82353561)
    vehicle2.decelerate(trigger_sequence=2, target_speed=9.82180371)
    vehicle2.accelerate(trigger_sequence=3, target_speed=44.53962077)
    vehicle2.accelerate(trigger_sequence=5, target_speed=41.33945461)
    vehicle3.decelerate(trigger_sequence=5, target_speed=15.34066791)

2025-04-22 Tuesday 17:16:17  random_test.py : INFO  === Evaluation Finished === 
 Fitness: [10.49922056464793, -0.5801393728222997], Collision: False
2025-04-22 Tuesday 17:16:38  random_test.py : INFO  === Evaluate Testcase === 
 def testcase(self):
    ego = NPC(lane_id=4, offset=17.06294574, initial_speed=6.31190382)
    vehicle2 = NPC(lane_id=5, offset=34.16844365, initial_speed=35.69479229)
    vehicle3 = NPC(lane_id=4, offset=49.01450425, initial_speed=9.69363672)
    vehicle3.accelerate(trigger_sequence=1, target_speed=47.09150396)
    vehicle2.accelerate(trigger_sequence=3, target_speed=40.02005446)
    vehicle3.decelerate(trigger_sequence=4, target_speed=22.8792844)

2025-04-22 Tuesday 17:16:38  random_test.py : INFO  === Evaluation Finished === 
 Fitness: [18.434054799292877, -0.9596638655462185], Collision: False
2025-04-22 Tuesday 17:16:43  random_test.py : INFO  === Evaluate Testcase === 
 def testcase(self):
    vehicle1 = NPC(lane_id=2, offset=36.89596308, initial_speed=3.07687856)
    vehicle2 = NPC(lane_id=2, offset=0.18810967, initial_speed=39.40124179)
    ego = NPC(lane_id=2, offset=22.27025654, initial_speed=9.18534768)
    vehicle4 = NPC(lane_id=2, offset=38.66831948, initial_speed=24.30476593)
    vehicle2.accelerate(trigger_sequence=1, target_speed=42.03156536)
    vehicle4.decelerate(trigger_sequence=1, target_speed=5.07163157)
    vehicle1.decelerate(trigger_sequence=2, target_speed=13.38620324)
    vehicle2.decelerate(trigger_sequence=2, target_speed=18.72688148)
    vehicle1.decelerate(trigger_sequence=4, target_speed=1.65623489)
    vehicle4.accelerate(trigger_sequence=4, target_speed=38.55885523)
    vehicle1.changeLane(trigger_sequence=5, target_lane=1, target_speed=59.38875425)

2025-04-22 Tuesday 17:16:43  random_test.py : INFO  === Evaluation Finished === 
 Fitness: [inf, 0], Collision: False
2025-04-22 Tuesday 17:17:05  random_test.py : INFO  === Evaluate Testcase === 
 def testcase(self):
    ego = NPC(lane_id=2, offset=12.80999417, initial_speed=5.33096909)
    vehicle2 = NPC(lane_id=1, offset=19.47627662, initial_speed=18.78783173)
    vehicle2.changeLane(trigger_sequence=1, target_lane=1, target_speed=51.35996137)
    vehicle2.decelerate(trigger_sequence=5, target_speed=29.43662597)

2025-04-22 Tuesday 17:17:05  random_test.py : INFO  === Evaluation Finished === 
 Fitness: [7.757055902624999, -0.4766666666666667], Collision: False
2025-04-22 Tuesday 17:17:26  random_test.py : INFO  === Evaluate Testcase === 
 def testcase(self):
    vehicle1 = NPC(lane_id=4, offset=33.89549722, initial_speed=15.95453188)
    ego = NPC(lane_id=1, offset=43.39531025, initial_speed=18.80538832)
    vehicle1.changeLane(trigger_sequence=3, target_lane=3, target_speed=18.55389915)
    vehicle1.accelerate(trigger_sequence=4, target_speed=50.50064571)
    vehicle1.decelerate(trigger_sequence=5, target_speed=20.56459096)

2025-04-22 Tuesday 17:17:26  random_test.py : INFO  === Evaluation Finished === 
 Fitness: [7.000876019924933, -0.8197573656845754], Collision: False
2025-04-22 Tuesday 17:17:48  random_test.py : INFO  === Evaluate Testcase === 
 def testcase(self):
    vehicle1 = NPC(lane_id=5, offset=28.40763883, initial_speed=25.62135841)
    vehicle2 = NPC(lane_id=3, offset=43.66837163, initial_speed=15.46667)
    vehicle3 = NPC(lane_id=3, offset=26.86317801, initial_speed=21.1220372)
    ego = NPC(lane_id=2, offset=33.05147858, initial_speed=22.83113973)
    vehicle1.accelerate(trigger_sequence=1, target_speed=44.74684821)
    vehicle2.changeLane(trigger_sequence=1, target_lane=1, target_speed=11.24384762)
    vehicle3.decelerate(trigger_sequence=1, target_speed=9.44983743)
    vehicle1.changeLane(trigger_sequence=2, target_lane=1, target_speed=34.84307247)
    vehicle3.changeLane(trigger_sequence=2, target_lane=3, target_speed=10.95524814)
    vehicle1.accelerate(trigger_sequence=3, target_speed=31.5084372)
    vehicle2.accelerate(trigger_sequence=3, target_speed=47.27664456)
    vehicle3.changeLane(trigger_sequence=3, target_lane=1, target_speed=30.70490214)
    vehicle2.decelerate(trigger_sequence=4, target_speed=10.19859877)

2025-04-22 Tuesday 17:17:48  random_test.py : INFO  === Evaluation Finished === 
 Fitness: [1.2325459481497238, -0.38488576449912126], Collision: True
2025-04-22 Tuesday 17:17:48  random_test.py : INFO  === Find a coollision ===
2025-04-22 Tuesday 17:18:10  random_test.py : INFO  === Evaluate Testcase === 
 def testcase(self):
    vehicle1 = NPC(lane_id=5, offset=47.70518979, initial_speed=17.02344326)
    ego = NPC(lane_id=2, offset=49.82365888, initial_speed=36.97896662)
    vehicle3 = NPC(lane_id=3, offset=27.98925678, initial_speed=32.41681508)
    vehicle4 = NPC(lane_id=1, offset=38.93169831, initial_speed=10.46671371)
    vehicle1.decelerate(trigger_sequence=1, target_speed=12.64730828)
    vehicle3.decelerate(trigger_sequence=1, target_speed=7.34291572)
    vehicle4.accelerate(trigger_sequence=1, target_speed=43.12216831)
    vehicle1.changeLane(trigger_sequence=2, target_lane=3, target_speed=51.60083295)
    vehicle3.changeLane(trigger_sequence=3, target_lane=1, target_speed=30.92240928)
    vehicle4.changeLane(trigger_sequence=4, target_lane=3, target_speed=54.55578114)
    vehicle1.accelerate(trigger_sequence=5, target_speed=58.71818271)

2025-04-22 Tuesday 17:18:10  random_test.py : INFO  === Evaluation Finished === 
 Fitness: [3.6773720302007464, -0.28], Collision: True
2025-04-22 Tuesday 17:18:10  random_test.py : INFO  === Find a coollision ===
2025-04-22 Tuesday 17:18:31  random_test.py : INFO  === Evaluate Testcase === 
 def testcase(self):
    vehicle1 = NPC(lane_id=4, offset=20.75891779, initial_speed=28.78319038)
    ego = NPC(lane_id=5, offset=2.61550582, initial_speed=34.37535566)
    vehicle3 = NPC(lane_id=2, offset=41.9579741, initial_speed=0.76880837)
    vehicle1.decelerate(trigger_sequence=2, target_speed=10.89997195)
    vehicle3.accelerate(trigger_sequence=2, target_speed=57.36662574)
    vehicle3.decelerate(trigger_sequence=3, target_speed=10.86916828)
    vehicle1.decelerate(trigger_sequence=4, target_speed=7.23127569)

2025-04-22 Tuesday 17:18:31  random_test.py : INFO  === Evaluation Finished === 
 Fitness: [3.5011068458869117, -0.3291139240506329], Collision: False
2025-04-22 Tuesday 17:18:51  random_test.py : INFO  === Evaluate Testcase === 
 def testcase(self):
    vehicle1 = NPC(lane_id=3, offset=26.22214113, initial_speed=35.38738852)
    ego = NPC(lane_id=1, offset=45.42438622, initial_speed=27.4834768)
    vehicle3 = NPC(lane_id=3, offset=3.86161613, initial_speed=10.04604496)
    vehicle4 = NPC(lane_id=5, offset=33.02385901, initial_speed=33.7637203)
    vehicle4.changeLane(trigger_sequence=1, target_lane=1, target_speed=11.87967235)
    vehicle3.accelerate(trigger_sequence=2, target_speed=40.10752756)
    vehicle4.decelerate(trigger_sequence=2, target_speed=0.16132731)
    vehicle1.decelerate(trigger_sequence=3, target_speed=9.69749474)
    vehicle3.accelerate(trigger_sequence=3, target_speed=49.2157993)
    vehicle4.changeLane(trigger_sequence=3, target_lane=3, target_speed=56.93638244)
    vehicle1.decelerate(trigger_sequence=4, target_speed=13.25180443)
    vehicle1.changeLane(trigger_sequence=5, target_lane=3, target_speed=32.42629632)
    vehicle4.decelerate(trigger_sequence=5, target_speed=17.28604382)

2025-04-22 Tuesday 17:18:51  random_test.py : INFO  === Evaluation Finished === 
 Fitness: [3.500097341313418, -0.477797513321492], Collision: False
2025-04-22 Tuesday 17:19:13  random_test.py : INFO  === Evaluate Testcase === 
 def testcase(self):
    ego = NPC(lane_id=4, offset=7.36053886, initial_speed=27.69724718)
    vehicle2 = NPC(lane_id=4, offset=40.63049734, initial_speed=0.37652846)
    vehicle2.changeLane(trigger_sequence=2, target_lane=3, target_speed=8.62626667)
    vehicle2.decelerate(trigger_sequence=4, target_speed=10.31242046)
    vehicle2.changeLane(trigger_sequence=5, target_lane=3, target_speed=43.61635257)

2025-04-22 Tuesday 17:19:13  random_test.py : INFO  === Evaluation Finished === 
 Fitness: [3.50039907092474, -0.48398576512455516], Collision: False
2025-04-22 Tuesday 17:19:34  random_test.py : INFO  === Evaluate Testcase === 
 def testcase(self):
    vehicle1 = NPC(lane_id=2, offset=33.98125693, initial_speed=19.98351738)
    vehicle2 = NPC(lane_id=3, offset=13.27541671, initial_speed=30.07068681)
    ego = NPC(lane_id=2, offset=8.29847868, initial_speed=24.77511151)
    vehicle1.changeLane(trigger_sequence=1, target_lane=1, target_speed=32.09640098)
    vehicle2.accelerate(trigger_sequence=2, target_speed=47.99964309)
    vehicle1.accelerate(trigger_sequence=4, target_speed=47.65988654)
    vehicle2.changeLane(trigger_sequence=5, target_lane=3, target_speed=13.52762895)

2025-04-22 Tuesday 17:19:34  random_test.py : INFO  === Evaluation Finished === 
 Fitness: [6.435509569746641, -0.5141342756183745], Collision: False
2025-04-22 Tuesday 17:19:39  random_test.py : INFO  === Evaluate Testcase === 
 def testcase(self):
    ego = NPC(lane_id=3, offset=29.87247202, initial_speed=21.29104643)
    vehicle2 = NPC(lane_id=3, offset=29.06190239, initial_speed=29.18530435)
    vehicle2.accelerate(trigger_sequence=1, target_speed=42.15578588)
    vehicle2.decelerate(trigger_sequence=2, target_speed=0.37836495)
    vehicle2.accelerate(trigger_sequence=3, target_speed=44.44846998)
    vehicle2.accelerate(trigger_sequence=4, target_speed=57.62677672)

2025-04-22 Tuesday 17:19:39  random_test.py : INFO  === Evaluation Finished === 
 Fitness: [inf, 0], Collision: False
2025-04-22 Tuesday 17:20:00  random_test.py : INFO  === Evaluate Testcase === 
 def testcase(self):
    vehicle1 = NPC(lane_id=1, offset=6.71294417, initial_speed=35.64222145)
    vehicle2 = NPC(lane_id=4, offset=44.55836333, initial_speed=24.92339802)
    ego = NPC(lane_id=1, offset=45.47643811, initial_speed=23.5019971)
    vehicle2.changeLane(trigger_sequence=2, target_lane=1, target_speed=46.22815325)
    vehicle1.changeLane(trigger_sequence=4, target_lane=3, target_speed=14.05871931)
    vehicle2.accelerate(trigger_sequence=4, target_speed=49.11743343)
    vehicle2.decelerate(trigger_sequence=5, target_speed=23.6015338)

2025-04-22 Tuesday 17:20:00  random_test.py : INFO  === Evaluation Finished === 
 Fitness: [4.74981706746981, -0.545774647887324], Collision: True
2025-04-22 Tuesday 17:20:00  random_test.py : INFO  === Find a coollision ===
2025-04-22 Tuesday 17:20:21  random_test.py : INFO  === Evaluate Testcase === 
 def testcase(self):
    vehicle1 = NPC(lane_id=1, offset=19.97488641, initial_speed=20.9986313)
    ego = NPC(lane_id=2, offset=1.62139975, initial_speed=38.15421638)
    vehicle1.accelerate(trigger_sequence=1, target_speed=51.34450048)
    vehicle1.decelerate(trigger_sequence=3, target_speed=11.55686046)
    vehicle1.changeLane(trigger_sequence=5, target_lane=1, target_speed=38.04569882)

2025-04-22 Tuesday 17:20:21  random_test.py : INFO  === Evaluation Finished === 
 Fitness: [3.5000879158799183, -0.24817518248175183], Collision: False
2025-04-22 Tuesday 17:20:42  random_test.py : INFO  === Evaluate Testcase === 
 def testcase(self):
    vehicle1 = NPC(lane_id=3, offset=6.19354479, initial_speed=7.48678777)
    vehicle2 = NPC(lane_id=5, offset=31.7146062, initial_speed=6.7309631)
    vehicle3 = NPC(lane_id=2, offset=45.1086945, initial_speed=34.85277312)
    ego = NPC(lane_id=5, offset=43.82205501, initial_speed=30.83393285)
    vehicle1.decelerate(trigger_sequence=1, target_speed=17.54617403)
    vehicle3.accelerate(trigger_sequence=2, target_speed=46.99306641)
    vehicle1.decelerate(trigger_sequence=3, target_speed=11.34141293)
    vehicle2.accelerate(trigger_sequence=3, target_speed=45.26079351)
    vehicle3.accelerate(trigger_sequence=3, target_speed=47.54811988)
    vehicle1.decelerate(trigger_sequence=4, target_speed=7.53566139)
    vehicle2.accelerate(trigger_sequence=4, target_speed=36.34999851)
    vehicle2.changeLane(trigger_sequence=5, target_lane=3, target_speed=31.50070125)
    vehicle3.accelerate(trigger_sequence=5, target_speed=42.91408273)

2025-04-22 Tuesday 17:20:42  random_test.py : INFO  === Evaluation Finished === 
 Fitness: [10.63917334233538, -0.3924731182795699], Collision: False
2025-04-22 Tuesday 17:21:03  random_test.py : INFO  === Evaluate Testcase === 
 def testcase(self):
    vehicle1 = NPC(lane_id=3, offset=21.99628075, initial_speed=16.84688673)
    vehicle2 = NPC(lane_id=5, offset=35.05608694, initial_speed=1.99286117)
    vehicle3 = NPC(lane_id=1, offset=41.30661112, initial_speed=37.91680438)
    ego = NPC(lane_id=3, offset=38.74467343, initial_speed=20.76842492)
    vehicle1.accelerate(trigger_sequence=2, target_speed=55.61524801)
    vehicle2.changeLane(trigger_sequence=2, target_lane=1, target_speed=19.75789016)
    vehicle3.accelerate(trigger_sequence=2, target_speed=30.5577893)
    vehicle2.accelerate(trigger_sequence=3, target_speed=47.30734986)
    vehicle3.changeLane(trigger_sequence=3, target_lane=1, target_speed=26.63279204)
    vehicle2.decelerate(trigger_sequence=5, target_speed=3.1842404)
    vehicle3.accelerate(trigger_sequence=5, target_speed=59.35361437)

2025-04-22 Tuesday 17:21:03  random_test.py : INFO  === Evaluation Finished === 
 Fitness: [4.736957300023665, -0.6417391304347826], Collision: True
2025-04-22 Tuesday 17:21:03  random_test.py : INFO  === Find a coollision ===
2025-04-22 Tuesday 17:21:24  random_test.py : INFO  === Evaluate Testcase === 
 def testcase(self):
    ego = NPC(lane_id=3, offset=14.90220619, initial_speed=15.64746086)
    vehicle2 = NPC(lane_id=5, offset=33.35313395, initial_speed=9.35870756)
    vehicle3 = NPC(lane_id=5, offset=4.90203619, initial_speed=32.24643789)
    vehicle2.decelerate(trigger_sequence=2, target_speed=10.23272022)
    vehicle2.accelerate(trigger_sequence=3, target_speed=54.22108447)
    vehicle3.changeLane(trigger_sequence=3, target_lane=1, target_speed=51.01044513)
    vehicle2.accelerate(trigger_sequence=4, target_speed=31.75547497)
    vehicle3.decelerate(trigger_sequence=4, target_speed=20.16917196)
    vehicle2.changeLane(trigger_sequence=5, target_lane=1, target_speed=20.12504771)
    vehicle3.decelerate(trigger_sequence=5, target_speed=10.64814653)

2025-04-22 Tuesday 17:21:24  random_test.py : INFO  === Evaluation Finished === 
 Fitness: [7.005542681887987, -0.020100502512562814], Collision: False
2025-04-22 Tuesday 17:21:45  random_test.py : INFO  === Evaluate Testcase === 
 def testcase(self):
    ego = NPC(lane_id=4, offset=27.30770144, initial_speed=18.98706334)
    vehicle2 = NPC(lane_id=5, offset=27.97277382, initial_speed=18.4111359)
    vehicle2.accelerate(trigger_sequence=1, target_speed=32.48868978)
    vehicle2.changeLane(trigger_sequence=2, target_lane=1, target_speed=6.92312052)
    vehicle2.changeLane(trigger_sequence=4, target_lane=1, target_speed=31.11981732)

2025-04-22 Tuesday 17:21:45  random_test.py : INFO  === Evaluation Finished === 
 Fitness: [3.4997172432024075, -0.5181975736568457], Collision: False
2025-04-22 Tuesday 17:22:06  random_test.py : INFO  === Evaluate Testcase === 
 def testcase(self):
    vehicle1 = NPC(lane_id=5, offset=17.2996126, initial_speed=0.1567585)
    ego = NPC(lane_id=1, offset=20.72652769, initial_speed=26.76768188)
    vehicle1.decelerate(trigger_sequence=1, target_speed=18.11385143)
    vehicle1.changeLane(trigger_sequence=3, target_lane=3, target_speed=11.98691807)

2025-04-22 Tuesday 17:22:06  random_test.py : INFO  === Evaluation Finished === 
 Fitness: [14.41748252361529, -0.47424511545293074], Collision: False
2025-04-22 Tuesday 17:22:11  random_test.py : INFO  === Evaluate Testcase === 
 def testcase(self):
    ego = NPC(lane_id=1, offset=20.55991565, initial_speed=13.50966349)
    vehicle2 = NPC(lane_id=2, offset=42.59685636, initial_speed=32.53506012)
    vehicle3 = NPC(lane_id=3, offset=46.1418474, initial_speed=27.49577271)
    vehicle4 = NPC(lane_id=1, offset=21.20823877, initial_speed=14.97476872)
    vehicle3.decelerate(trigger_sequence=1, target_speed=2.93460942)
    vehicle4.decelerate(trigger_sequence=2, target_speed=12.57968699)
    vehicle4.accelerate(trigger_sequence=3, target_speed=53.45837674)
    vehicle3.changeLane(trigger_sequence=4, target_lane=1, target_speed=53.22202414)
    vehicle3.changeLane(trigger_sequence=5, target_lane=1, target_speed=18.61312554)

2025-04-22 Tuesday 17:22:11  random_test.py : INFO  === Evaluation Finished === 
 Fitness: [inf, 0], Collision: False
2025-04-22 Tuesday 17:22:32  random_test.py : INFO  === Evaluate Testcase === 
 def testcase(self):
    vehicle1 = NPC(lane_id=1, offset=25.78671528, initial_speed=19.03680998)
    ego = NPC(lane_id=5, offset=25.81842868, initial_speed=6.89406085)
    vehicle3 = NPC(lane_id=4, offset=31.19177912, initial_speed=14.61651549)
    vehicle4 = NPC(lane_id=3, offset=13.14417731, initial_speed=25.57080841)
    vehicle3.accelerate(trigger_sequence=1, target_speed=41.40354748)
    vehicle4.changeLane(trigger_sequence=1, target_lane=1, target_speed=14.44960993)
    vehicle1.changeLane(trigger_sequence=2, target_lane=1, target_speed=9.52843221)
    vehicle3.decelerate(trigger_sequence=2, target_speed=1.35304725)
    vehicle4.decelerate(trigger_sequence=2, target_speed=24.52016161)
    vehicle1.decelerate(trigger_sequence=5, target_speed=17.96930596)

2025-04-22 Tuesday 17:22:32  random_test.py : INFO  === Evaluation Finished === 
 Fitness: [6.751775290071025, -0.03523489932885906], Collision: False
2025-04-22 Tuesday 17:22:53  random_test.py : INFO  === Evaluate Testcase === 
 def testcase(self):
    ego = NPC(lane_id=2, offset=12.12517803, initial_speed=12.74474132)
    vehicle2 = NPC(lane_id=3, offset=10.09560985, initial_speed=14.81134071)
    vehicle3 = NPC(lane_id=4, offset=28.50866597, initial_speed=3.98438706)
    vehicle3.accelerate(trigger_sequence=2, target_speed=43.63176995)
    vehicle2.changeLane(trigger_sequence=3, target_lane=3, target_speed=27.73900972)
    vehicle3.decelerate(trigger_sequence=4, target_speed=29.45874508)
    vehicle2.decelerate(trigger_sequence=5, target_speed=15.9187521)
    vehicle3.changeLane(trigger_sequence=5, target_lane=3, target_speed=46.44945227)

2025-04-22 Tuesday 17:22:53  random_test.py : INFO  === Evaluation Finished === 
 Fitness: [3.5089277176490765, -0.03171953255425709], Collision: False
2025-04-22 Tuesday 17:22:58  random_test.py : INFO  === Evaluate Testcase === 
 def testcase(self):
    vehicle1 = NPC(lane_id=5, offset=40.39262039, initial_speed=30.84449691)
    vehicle2 = NPC(lane_id=1, offset=16.78844527, initial_speed=1.68008807)
    ego = NPC(lane_id=1, offset=18.11785944, initial_speed=12.59871881)
    vehicle2.decelerate(trigger_sequence=2, target_speed=16.94059159)
    vehicle1.decelerate(trigger_sequence=4, target_speed=29.89935485)
    vehicle2.decelerate(trigger_sequence=4, target_speed=28.40369243)
    vehicle1.changeLane(trigger_sequence=5, target_lane=3, target_speed=39.47458901)

2025-04-22 Tuesday 17:22:58  random_test.py : INFO  === Evaluation Finished === 
 Fitness: [inf, 0], Collision: False
2025-04-22 Tuesday 17:23:03  random_test.py : INFO  === Evaluate Testcase === 
 def testcase(self):
    vehicle1 = NPC(lane_id=2, offset=7.72939252, initial_speed=0.25149906)
    ego = NPC(lane_id=1, offset=38.87178291, initial_speed=18.02002057)
    vehicle3 = NPC(lane_id=2, offset=4.44101984, initial_speed=3.1505371)
    vehicle4 = NPC(lane_id=5, offset=13.19377436, initial_speed=9.8790517)
    vehicle1.accelerate(trigger_sequence=2, target_speed=40.34266767)
    vehicle3.decelerate(trigger_sequence=3, target_speed=15.95729403)
    vehicle4.decelerate(trigger_sequence=3, target_speed=16.04399435)
    vehicle3.accelerate(trigger_sequence=4, target_speed=56.42605157)
    vehicle1.accelerate(trigger_sequence=5, target_speed=51.50908611)
    vehicle3.decelerate(trigger_sequence=5, target_speed=18.48285437)

2025-04-22 Tuesday 17:23:03  random_test.py : INFO  === Evaluation Finished === 
 Fitness: [inf, 0], Collision: False
2025-04-22 Tuesday 17:23:25  random_test.py : INFO  === Evaluate Testcase === 
 def testcase(self):
    vehicle1 = NPC(lane_id=1, offset=48.53401512, initial_speed=8.22417705)
    vehicle2 = NPC(lane_id=5, offset=1.94103122, initial_speed=20.04262495)
    ego = NPC(lane_id=4, offset=40.81799112, initial_speed=31.02302612)
    vehicle1.decelerate(trigger_sequence=1, target_speed=10.08603923)
    vehicle2.changeLane(trigger_sequence=1, target_lane=3, target_speed=15.73191192)
    vehicle1.changeLane(trigger_sequence=2, target_lane=3, target_speed=25.78081855)
    vehicle1.accelerate(trigger_sequence=3, target_speed=35.85617766)
    vehicle2.accelerate(trigger_sequence=4, target_speed=55.33855067)
    vehicle1.changeLane(trigger_sequence=5, target_lane=1, target_speed=50.68606289)

2025-04-22 Tuesday 17:23:25  random_test.py : INFO  === Evaluation Finished === 
 Fitness: [10.499673993909143, -0.3835125448028674], Collision: False
2025-04-22 Tuesday 17:23:46  random_test.py : INFO  === Evaluate Testcase === 
 def testcase(self):
    ego = NPC(lane_id=2, offset=12.61039715, initial_speed=15.36704539)
    vehicle2 = NPC(lane_id=5, offset=32.98065281, initial_speed=21.91943342)
    vehicle2.accelerate(trigger_sequence=1, target_speed=41.49222306)
    vehicle2.decelerate(trigger_sequence=2, target_speed=19.29786933)
    vehicle2.accelerate(trigger_sequence=4, target_speed=37.73799676)
    vehicle2.accelerate(trigger_sequence=5, target_speed=43.16955171)

2025-04-22 Tuesday 17:23:46  random_test.py : INFO  === Evaluation Finished === 
 Fitness: [23.192368815511117, -0.020134228187919462], Collision: False
2025-04-22 Tuesday 17:24:07  random_test.py : INFO  === Evaluate Testcase === 
 def testcase(self):
    vehicle1 = NPC(lane_id=4, offset=36.65144471, initial_speed=30.75725731)
    vehicle2 = NPC(lane_id=4, offset=49.10805167, initial_speed=31.43241005)
    ego = NPC(lane_id=2, offset=49.85024601, initial_speed=16.1043709)
    vehicle1.decelerate(trigger_sequence=1, target_speed=8.63683864)
    vehicle1.changeLane(trigger_sequence=2, target_lane=3, target_speed=32.121618)
    vehicle1.accelerate(trigger_sequence=3, target_speed=59.80270123)
    vehicle1.accelerate(trigger_sequence=4, target_speed=40.04253909)
    vehicle1.decelerate(trigger_sequence=5, target_speed=19.84303386)

2025-04-22 Tuesday 17:24:07  random_test.py : INFO  === Evaluation Finished === 
 Fitness: [7.003008989139907, -0.020100502512562814], Collision: False
2025-04-22 Tuesday 17:24:28  random_test.py : INFO  === Evaluate Testcase === 
 def testcase(self):
    ego = NPC(lane_id=2, offset=6.34882418, initial_speed=19.45784837)
    vehicle2 = NPC(lane_id=3, offset=30.23824806, initial_speed=19.08835798)
    vehicle2.decelerate(trigger_sequence=1, target_speed=29.84234413)
    vehicle2.changeLane(trigger_sequence=4, target_lane=1, target_speed=33.84380158)

2025-04-22 Tuesday 17:24:28  random_test.py : INFO  === Evaluation Finished === 
 Fitness: [24.40809239068577, -0.6059027777777778], Collision: False
2025-04-22 Tuesday 17:24:50  random_test.py : INFO  === Evaluate Testcase === 
 def testcase(self):
    ego = NPC(lane_id=3, offset=44.46464591, initial_speed=11.59098442)
    vehicle2 = NPC(lane_id=2, offset=8.76784125, initial_speed=27.78279828)
    vehicle2.changeLane(trigger_sequence=1, target_lane=1, target_speed=21.93021988)
    vehicle2.accelerate(trigger_sequence=3, target_speed=58.11247729)
    vehicle2.decelerate(trigger_sequence=5, target_speed=20.41679887)

2025-04-22 Tuesday 17:24:50  random_test.py : INFO  === Evaluation Finished === 
 Fitness: [3.499995198529912, -0.030100334448160536], Collision: False
2025-04-22 Tuesday 17:25:12  random_test.py : INFO  === Evaluate Testcase === 
 def testcase(self):
    ego = NPC(lane_id=1, offset=43.74885778, initial_speed=32.04231372)
    vehicle2 = NPC(lane_id=2, offset=31.37817518, initial_speed=20.98788747)
    vehicle3 = NPC(lane_id=5, offset=13.56157769, initial_speed=12.43404743)
    vehicle4 = NPC(lane_id=1, offset=21.32507796, initial_speed=16.72825356)
    vehicle3.changeLane(trigger_sequence=1, target_lane=3, target_speed=43.1871513)
    vehicle4.decelerate(trigger_sequence=1, target_speed=6.88950177)
    vehicle4.decelerate(trigger_sequence=3, target_speed=21.26640364)
    vehicle4.accelerate(trigger_sequence=4, target_speed=43.01286867)

2025-04-22 Tuesday 17:25:12  random_test.py : INFO  === Evaluation Finished === 
 Fitness: [7.522996981621994, -0.3877917414721723], Collision: False
2025-04-22 Tuesday 17:25:34  random_test.py : INFO  === Evaluate Testcase === 
 def testcase(self):
    vehicle1 = NPC(lane_id=1, offset=0.61996329, initial_speed=2.20825265)
    vehicle2 = NPC(lane_id=4, offset=27.96696283, initial_speed=15.74771935)
    ego = NPC(lane_id=2, offset=19.51971008, initial_speed=28.09272014)
    vehicle1.accelerate(trigger_sequence=1, target_speed=45.71114053)
    vehicle2.decelerate(trigger_sequence=2, target_speed=11.85653043)
    vehicle1.decelerate(trigger_sequence=3, target_speed=22.17920265)
    vehicle2.accelerate(trigger_sequence=3, target_speed=40.22815185)
    vehicle2.decelerate(trigger_sequence=4, target_speed=7.29118546)
    vehicle2.changeLane(trigger_sequence=5, target_lane=3, target_speed=9.60135802)

2025-04-22 Tuesday 17:25:34  random_test.py : INFO  === Evaluation Finished === 
 Fitness: [6.9997866326754945, -0.46441281138790036], Collision: False
2025-04-22 Tuesday 17:25:39  random_test.py : INFO  === Evaluate Testcase === 
 def testcase(self):
    vehicle1 = NPC(lane_id=1, offset=42.00455959, initial_speed=0.89755604)
    ego = NPC(lane_id=3, offset=33.09294143, initial_speed=7.61155616)
    vehicle3 = NPC(lane_id=2, offset=48.38133764, initial_speed=1.78497698)
    vehicle4 = NPC(lane_id=2, offset=45.77382064, initial_speed=39.73928613)
    vehicle1.accelerate(trigger_sequence=1, target_speed=46.5468714)
    vehicle3.accelerate(trigger_sequence=2, target_speed=40.6763648)
    vehicle1.decelerate(trigger_sequence=3, target_speed=22.85205736)
    vehicle3.changeLane(trigger_sequence=3, target_lane=1, target_speed=35.83491637)
    vehicle4.changeLane(trigger_sequence=3, target_lane=3, target_speed=16.71669114)
    vehicle3.decelerate(trigger_sequence=4, target_speed=16.62903173)
    vehicle1.changeLane(trigger_sequence=5, target_lane=1, target_speed=51.45343024)

2025-04-22 Tuesday 17:25:39  random_test.py : INFO  === Evaluation Finished === 
 Fitness: [inf, 0], Collision: False
2025-04-22 Tuesday 17:26:01  random_test.py : INFO  === Evaluate Testcase === 
 def testcase(self):
    vehicle1 = NPC(lane_id=4, offset=46.37931432, initial_speed=32.98410615)
    ego = NPC(lane_id=2, offset=41.91227332, initial_speed=29.33665253)
    vehicle3 = NPC(lane_id=4, offset=10.52636763, initial_speed=15.44820015)
    vehicle4 = NPC(lane_id=3, offset=10.55794825, initial_speed=32.8735565)
    vehicle3.accelerate(trigger_sequence=1, target_speed=37.63684488)
    vehicle1.changeLane(trigger_sequence=2, target_lane=3, target_speed=31.92249523)
    vehicle1.changeLane(trigger_sequence=3, target_lane=3, target_speed=2.23468448)
    vehicle3.decelerate(trigger_sequence=3, target_speed=26.29227603)
    vehicle4.accelerate(trigger_sequence=4, target_speed=53.62504052)
    vehicle1.accelerate(trigger_sequence=5, target_speed=41.32072916)
    vehicle4.changeLane(trigger_sequence=5, target_lane=1, target_speed=31.36663518)

2025-04-22 Tuesday 17:26:01  random_test.py : INFO  === Evaluation Finished === 
 Fitness: [3.5005460629408085, -0.4767857142857143], Collision: False
2025-04-22 Tuesday 17:26:06  random_test.py : INFO  === Evaluate Testcase === 
 def testcase(self):
    vehicle1 = NPC(lane_id=1, offset=6.97551937, initial_speed=34.51630757)
    ego = NPC(lane_id=3, offset=1.43912726, initial_speed=13.18133527)
    vehicle3 = NPC(lane_id=2, offset=13.94013719, initial_speed=8.91315014)
    vehicle4 = NPC(lane_id=1, offset=9.01188325, initial_speed=28.74379682)
    vehicle1.accelerate(trigger_sequence=1, target_speed=57.54207002)
    vehicle4.decelerate(trigger_sequence=1, target_speed=8.15708903)
    vehicle1.decelerate(trigger_sequence=2, target_speed=15.77871074)
    vehicle1.decelerate(trigger_sequence=4, target_speed=21.73229777)
    vehicle3.decelerate(trigger_sequence=5, target_speed=2.57433806)

2025-04-22 Tuesday 17:26:06  random_test.py : INFO  === Evaluation Finished === 
 Fitness: [inf, 0], Collision: False
2025-04-22 Tuesday 17:26:28  random_test.py : INFO  === Evaluate Testcase === 
 def testcase(self):
    vehicle1 = NPC(lane_id=1, offset=46.80714384, initial_speed=17.40753473)
    ego = NPC(lane_id=3, offset=42.67825245, initial_speed=38.56826136)
    vehicle3 = NPC(lane_id=1, offset=17.13183852, initial_speed=14.31632427)
    vehicle1.changeLane(trigger_sequence=2, target_lane=1, target_speed=48.36641224)
    vehicle1.accelerate(trigger_sequence=3, target_speed=35.71787563)
    vehicle3.decelerate(trigger_sequence=3, target_speed=4.50328248)
    vehicle1.accelerate(trigger_sequence=4, target_speed=39.18342444)
    vehicle3.accelerate(trigger_sequence=4, target_speed=46.6908883)

2025-04-22 Tuesday 17:26:28  random_test.py : INFO  === Evaluation Finished === 
 Fitness: [6.99989586625225, -0.2518248175182482], Collision: False
2025-04-22 Tuesday 17:26:49  random_test.py : INFO  === Evaluate Testcase === 
 def testcase(self):
    vehicle1 = NPC(lane_id=2, offset=9.39975357, initial_speed=29.32868159)
    ego = NPC(lane_id=5, offset=48.14606814, initial_speed=27.05515263)
    vehicle1.accelerate(trigger_sequence=1, target_speed=43.26025795)
    vehicle1.accelerate(trigger_sequence=2, target_speed=35.32307783)
    vehicle1.decelerate(trigger_sequence=3, target_speed=21.66776494)

2025-04-22 Tuesday 17:26:49  random_test.py : INFO  === Evaluation Finished === 
 Fitness: [10.500381492177274, -0.46181172291296624], Collision: False
2025-04-22 Tuesday 17:27:11  random_test.py : INFO  === Evaluate Testcase === 
 def testcase(self):
    vehicle1 = NPC(lane_id=3, offset=41.5388354, initial_speed=7.50157123)
    ego = NPC(lane_id=2, offset=30.5985252, initial_speed=37.72345236)
    vehicle3 = NPC(lane_id=5, offset=20.68154104, initial_speed=21.85204805)
    vehicle4 = NPC(lane_id=1, offset=38.4996993, initial_speed=1.3911387)
    vehicle1.changeLane(trigger_sequence=1, target_lane=1, target_speed=21.0543005)
    vehicle3.decelerate(trigger_sequence=1, target_speed=17.47191212)
    vehicle1.decelerate(trigger_sequence=2, target_speed=21.70035266)
    vehicle3.accelerate(trigger_sequence=2, target_speed=37.43360002)
    vehicle3.changeLane(trigger_sequence=3, target_lane=3, target_speed=16.86987203)
    vehicle4.decelerate(trigger_sequence=3, target_speed=7.66909403)
    vehicle4.accelerate(trigger_sequence=4, target_speed=38.53444144)
    vehicle3.accelerate(trigger_sequence=5, target_speed=34.70957265)

2025-04-22 Tuesday 17:27:11  random_test.py : INFO  === Evaluation Finished === 
 Fitness: [3.5016838520443123, -0.28051001821493626], Collision: False
2025-04-22 Tuesday 17:27:33  random_test.py : INFO  === Evaluate Testcase === 
 def testcase(self):
    ego = NPC(lane_id=3, offset=46.55767423, initial_speed=39.74781202)
    vehicle2 = NPC(lane_id=4, offset=49.46143056, initial_speed=5.91590658)
    vehicle2.decelerate(trigger_sequence=3, target_speed=16.76138893)

2025-04-22 Tuesday 17:27:33  random_test.py : INFO  === Evaluation Finished === 
 Fitness: [3.504666686610425, -0.22344322344322345], Collision: False
2025-04-22 Tuesday 17:27:54  random_test.py : INFO  === Evaluate Testcase === 
 def testcase(self):
    ego = NPC(lane_id=3, offset=35.86950793, initial_speed=35.86644934)
    vehicle2 = NPC(lane_id=2, offset=2.61453857, initial_speed=11.34528729)
    vehicle2.accelerate(trigger_sequence=3, target_speed=53.94663497)
    vehicle2.changeLane(trigger_sequence=4, target_lane=1, target_speed=48.37999092)
    vehicle2.accelerate(trigger_sequence=5, target_speed=35.62852499)

2025-04-22 Tuesday 17:27:54  random_test.py : INFO  === Evaluation Finished === 
 Fitness: [31.318254180212953, -0.29945553539019965], Collision: False
2025-04-22 Tuesday 17:28:16  random_test.py : INFO  === Evaluate Testcase === 
 def testcase(self):
    vehicle1 = NPC(lane_id=1, offset=48.7223143, initial_speed=30.07880213)
    ego = NPC(lane_id=5, offset=16.87208867, initial_speed=33.15422867)
    vehicle1.decelerate(trigger_sequence=1, target_speed=15.21451129)
    vehicle1.accelerate(trigger_sequence=3, target_speed=48.04552046)

2025-04-22 Tuesday 17:28:16  random_test.py : INFO  === Evaluation Finished === 
 Fitness: [13.999877425987263, -0.3621621621621622], Collision: False
2025-04-22 Tuesday 17:28:38  random_test.py : INFO  === Evaluate Testcase === 
 def testcase(self):
    vehicle1 = NPC(lane_id=2, offset=49.06328, initial_speed=27.07877343)
    vehicle2 = NPC(lane_id=2, offset=20.36081001, initial_speed=24.4982695)
    vehicle3 = NPC(lane_id=1, offset=11.51690427, initial_speed=22.83441223)
    ego = NPC(lane_id=5, offset=12.31690658, initial_speed=9.41509556)
    vehicle2.decelerate(trigger_sequence=1, target_speed=9.7248085)
    vehicle2.accelerate(trigger_sequence=2, target_speed=36.90461714)
    vehicle3.changeLane(trigger_sequence=2, target_lane=1, target_speed=42.11763495)
    vehicle3.decelerate(trigger_sequence=3, target_speed=0.83034238)
    vehicle2.decelerate(trigger_sequence=4, target_speed=14.56399417)
    vehicle3.decelerate(trigger_sequence=5, target_speed=16.67091209)

2025-04-22 Tuesday 17:28:38  random_test.py : INFO  === Evaluation Finished === 
 Fitness: [13.644465112115048, -0.035], Collision: False
2025-04-22 Tuesday 17:29:00  random_test.py : INFO  === Evaluate Testcase === 
 def testcase(self):
    vehicle1 = NPC(lane_id=3, offset=10.17940886, initial_speed=3.9095186)
    ego = NPC(lane_id=1, offset=42.71852359, initial_speed=24.66031039)
    vehicle3 = NPC(lane_id=4, offset=34.8864957, initial_speed=22.89148955)
    vehicle1.changeLane(trigger_sequence=1, target_lane=3, target_speed=29.98652079)
    vehicle3.changeLane(trigger_sequence=1, target_lane=3, target_speed=52.39428991)
    vehicle3.accelerate(trigger_sequence=2, target_speed=55.67474126)
    vehicle1.changeLane(trigger_sequence=3, target_lane=1, target_speed=42.84141267)
    vehicle3.decelerate(trigger_sequence=3, target_speed=27.20142079)
    vehicle1.changeLane(trigger_sequence=5, target_lane=3, target_speed=57.91033709)

2025-04-22 Tuesday 17:29:00  random_test.py : INFO  === Evaluation Finished === 
 Fitness: [7.000988086481969, -0.519434628975265], Collision: False
2025-04-22 Tuesday 17:29:05  random_test.py : INFO  === Evaluate Testcase === 
 def testcase(self):
    vehicle1 = NPC(lane_id=5, offset=42.45480528, initial_speed=8.79143713)
    ego = NPC(lane_id=4, offset=30.90810004, initial_speed=10.26792326)
    vehicle3 = NPC(lane_id=5, offset=45.62774878, initial_speed=21.92370494)
    vehicle3.changeLane(trigger_sequence=1, target_lane=3, target_speed=20.04984738)
    vehicle1.decelerate(trigger_sequence=2, target_speed=26.55088237)
    vehicle3.changeLane(trigger_sequence=2, target_lane=1, target_speed=43.16891973)
    vehicle1.changeLane(trigger_sequence=3, target_lane=3, target_speed=28.24510788)
    vehicle3.changeLane(trigger_sequence=4, target_lane=1, target_speed=55.84804896)

2025-04-22 Tuesday 17:29:05  random_test.py : INFO  === Evaluation Finished === 
 Fitness: [inf, 0], Collision: False
2025-04-22 Tuesday 17:29:26  random_test.py : INFO  === Evaluate Testcase === 
 def testcase(self):
    vehicle1 = NPC(lane_id=5, offset=29.92255651, initial_speed=15.77250846)
    ego = NPC(lane_id=2, offset=41.74706104, initial_speed=8.16178847)
    vehicle1.decelerate(trigger_sequence=1, target_speed=7.16331498)
    vehicle1.accelerate(trigger_sequence=2, target_speed=54.41602362)
    vehicle1.decelerate(trigger_sequence=3, target_speed=16.38434888)
    vehicle1.changeLane(trigger_sequence=4, target_lane=3, target_speed=39.61699874)

2025-04-22 Tuesday 17:29:26  random_test.py : INFO  === Evaluation Finished === 
 Fitness: [10.50183097333292, -0.03833333333333333], Collision: False
2025-04-22 Tuesday 17:29:48  random_test.py : INFO  === Evaluate Testcase === 
 def testcase(self):
    vehicle1 = NPC(lane_id=5, offset=0.72999187, initial_speed=26.51742855)
    ego = NPC(lane_id=4, offset=3.15688375, initial_speed=26.31887371)
    vehicle1.changeLane(trigger_sequence=1, target_lane=1, target_speed=23.62774191)
    vehicle1.accelerate(trigger_sequence=3, target_speed=39.28648047)
    vehicle1.accelerate(trigger_sequence=5, target_speed=54.89304004)

2025-04-22 Tuesday 17:29:48  random_test.py : INFO  === Evaluation Finished === 
 Fitness: [0.4631386009182182, -0.3173758865248227], Collision: True
2025-04-22 Tuesday 17:29:48  random_test.py : INFO  === Find a coollision ===
2025-04-22 Tuesday 17:30:10  random_test.py : INFO  === Evaluate Testcase === 
 def testcase(self):
    ego = NPC(lane_id=4, offset=33.48643936, initial_speed=7.71936049)
    vehicle2 = NPC(lane_id=3, offset=13.03769957, initial_speed=6.21459481)
    vehicle3 = NPC(lane_id=1, offset=31.00761211, initial_speed=6.64574483)
    vehicle4 = NPC(lane_id=3, offset=22.66771992, initial_speed=33.87015784)
    vehicle2.decelerate(trigger_sequence=1, target_speed=16.94439918)
    vehicle2.changeLane(trigger_sequence=3, target_lane=1, target_speed=46.87410549)
    vehicle2.changeLane(trigger_sequence=4, target_lane=1, target_speed=24.16639852)
    vehicle4.decelerate(trigger_sequence=4, target_speed=27.96528974)

2025-04-22 Tuesday 17:30:10  random_test.py : INFO  === Evaluation Finished === 
 Fitness: [3.492692183929756, -0.036020583190394515], Collision: False
2025-04-22 Tuesday 17:30:15  random_test.py : INFO  === Evaluate Testcase === 
 def testcase(self):
    ego = NPC(lane_id=3, offset=30.2433186, initial_speed=8.37204409)
    vehicle2 = NPC(lane_id=2, offset=13.70535555, initial_speed=9.47052926)
    vehicle3 = NPC(lane_id=3, offset=27.69333381, initial_speed=3.48894777)
    vehicle4 = NPC(lane_id=3, offset=24.62055229, initial_speed=24.92491437)
    vehicle4.decelerate(trigger_sequence=1, target_speed=13.58601856)
    vehicle2.changeLane(trigger_sequence=2, target_lane=3, target_speed=12.10883192)
    vehicle4.decelerate(trigger_sequence=2, target_speed=18.02204281)
    vehicle2.accelerate(trigger_sequence=3, target_speed=30.39586163)
    vehicle3.decelerate(trigger_sequence=3, target_speed=6.54791401)
    vehicle4.changeLane(trigger_sequence=3, target_lane=3, target_speed=53.48246445)
    vehicle2.changeLane(trigger_sequence=4, target_lane=1, target_speed=25.38901624)
    vehicle4.changeLane(trigger_sequence=4, target_lane=3, target_speed=0.88544613)
    vehicle4.accelerate(trigger_sequence=5, target_speed=30.90010379)

2025-04-22 Tuesday 17:30:15  random_test.py : INFO  === Evaluation Finished === 
 Fitness: [inf, 0], Collision: False
2025-04-22 Tuesday 17:30:37  random_test.py : INFO  === Evaluate Testcase === 
 def testcase(self):
    ego = NPC(lane_id=5, offset=32.24305774, initial_speed=15.73315642)
    vehicle2 = NPC(lane_id=5, offset=17.96525173, initial_speed=28.72082762)
    vehicle2.changeLane(trigger_sequence=4, target_lane=1, target_speed=0.09569742)
    vehicle2.changeLane(trigger_sequence=5, target_lane=3, target_speed=35.96009171)

2025-04-22 Tuesday 17:30:37  random_test.py : INFO  === Evaluation Finished === 
 Fitness: [4.740330015839723, -0.03691275167785235], Collision: True
2025-04-22 Tuesday 17:30:37  random_test.py : INFO  === Find a coollision ===
2025-04-22 Tuesday 17:30:59  random_test.py : INFO  === Evaluate Testcase === 
 def testcase(self):
    vehicle1 = NPC(lane_id=5, offset=38.85907719, initial_speed=29.59882667)
    vehicle2 = NPC(lane_id=5, offset=16.99446042, initial_speed=27.62157927)
    vehicle3 = NPC(lane_id=2, offset=23.68397108, initial_speed=36.60922715)
    ego = NPC(lane_id=1, offset=41.43490605, initial_speed=11.30068084)
    vehicle1.changeLane(trigger_sequence=1, target_lane=1, target_speed=55.14714849)
    vehicle2.decelerate(trigger_sequence=2, target_speed=6.50571976)
    vehicle3.accelerate(trigger_sequence=3, target_speed=55.68698567)
    vehicle2.changeLane(trigger_sequence=4, target_lane=1, target_speed=28.2090965)
    vehicle3.changeLane(trigger_sequence=4, target_lane=3, target_speed=49.98473799)
    vehicle3.decelerate(trigger_sequence=5, target_speed=9.04985137)

2025-04-22 Tuesday 17:30:59  random_test.py : INFO  === Evaluation Finished === 
 Fitness: [3.507562691465304, -0.03], Collision: False
2025-04-22 Tuesday 17:31:21  random_test.py : INFO  === Evaluate Testcase === 
 def testcase(self):
    vehicle1 = NPC(lane_id=2, offset=42.28240806, initial_speed=24.22850623)
    ego = NPC(lane_id=4, offset=31.18111514, initial_speed=13.90652917)
    vehicle3 = NPC(lane_id=3, offset=31.04156692, initial_speed=15.27303518)
    vehicle3.decelerate(trigger_sequence=2, target_speed=21.17387237)
    vehicle1.decelerate(trigger_sequence=4, target_speed=24.3257668)
    vehicle3.decelerate(trigger_sequence=4, target_speed=25.92491894)
    vehicle1.decelerate(trigger_sequence=5, target_speed=20.2749989)
    vehicle3.accelerate(trigger_sequence=5, target_speed=38.09161071)

2025-04-22 Tuesday 17:31:21  random_test.py : INFO  === Evaluation Finished === 
 Fitness: [3.491543620771159, -0.023411371237458192], Collision: False
2025-04-22 Tuesday 17:31:42  random_test.py : INFO  === Evaluate Testcase === 
 def testcase(self):
    ego = NPC(lane_id=4, offset=0.57306697, initial_speed=7.54699354)
    vehicle2 = NPC(lane_id=4, offset=13.89046048, initial_speed=39.94027129)
    vehicle2.decelerate(trigger_sequence=1, target_speed=19.41314377)
    vehicle2.accelerate(trigger_sequence=2, target_speed=40.61999091)
    vehicle2.decelerate(trigger_sequence=4, target_speed=10.8980111)

2025-04-22 Tuesday 17:31:42  random_test.py : INFO  === Evaluation Finished === 
 Fitness: [13.872101550526947, -0.043333333333333335], Collision: False
2025-04-22 Tuesday 17:31:47  random_test.py : INFO  === Evaluate Testcase === 
 def testcase(self):
    vehicle1 = NPC(lane_id=5, offset=38.40967874, initial_speed=36.23852547)
    vehicle2 = NPC(lane_id=5, offset=2.35111595, initial_speed=31.70336275)
    ego = NPC(lane_id=5, offset=40.33265677, initial_speed=10.90355974)
    vehicle1.changeLane(trigger_sequence=3, target_lane=3, target_speed=50.93213753)
    vehicle2.changeLane(trigger_sequence=3, target_lane=3, target_speed=26.77060272)
    vehicle2.decelerate(trigger_sequence=4, target_speed=8.6760044)

2025-04-22 Tuesday 17:31:47  random_test.py : INFO  === Evaluation Finished === 
 Fitness: [inf, 0], Collision: False
2025-04-22 Tuesday 17:32:10  random_test.py : INFO  === Evaluate Testcase === 
 def testcase(self):
    vehicle1 = NPC(lane_id=1, offset=38.53307671, initial_speed=37.44819741)
    ego = NPC(lane_id=2, offset=41.19414426, initial_speed=31.15128518)
    vehicle3 = NPC(lane_id=2, offset=48.01115525, initial_speed=4.56639087)
    vehicle1.decelerate(trigger_sequence=1, target_speed=22.63308031)
    vehicle3.decelerate(trigger_sequence=3, target_speed=1.33026239)
    vehicle1.decelerate(trigger_sequence=4, target_speed=4.73394369)
    vehicle3.decelerate(trigger_sequence=4, target_speed=5.2871818)
    vehicle3.changeLane(trigger_sequence=5, target_lane=1, target_speed=52.24561284)

2025-04-22 Tuesday 17:32:10  random_test.py : INFO  === Evaluation Finished === 
 Fitness: [3.4913213627364525, -0.35555555555555557], Collision: False
2025-04-22 Tuesday 17:32:32  random_test.py : INFO  === Evaluate Testcase === 
 def testcase(self):
    ego = NPC(lane_id=4, offset=9.43785966, initial_speed=32.41884669)
    vehicle2 = NPC(lane_id=1, offset=15.99461004, initial_speed=6.63835513)
    vehicle3 = NPC(lane_id=3, offset=47.46091753, initial_speed=38.26427314)
    vehicle4 = NPC(lane_id=2, offset=27.33505315, initial_speed=0.47481027)
    vehicle3.accelerate(trigger_sequence=1, target_speed=32.12866563)
    vehicle4.decelerate(trigger_sequence=1, target_speed=2.87432437)
    vehicle4.accelerate(trigger_sequence=2, target_speed=37.01163035)
    vehicle3.decelerate(trigger_sequence=3, target_speed=7.80723661)
    vehicle4.decelerate(trigger_sequence=3, target_speed=3.77580078)
    vehicle3.changeLane(trigger_sequence=4, target_lane=3, target_speed=53.76844302)

2025-04-22 Tuesday 17:32:32  random_test.py : INFO  === Evaluation Finished === 
 Fitness: [3.502573661748176, -0.37050359712230213], Collision: False
2025-04-22 Tuesday 17:32:54  random_test.py : INFO  === Evaluate Testcase === 
 def testcase(self):
    vehicle1 = NPC(lane_id=3, offset=42.94665482, initial_speed=2.89566154)
    ego = NPC(lane_id=4, offset=18.85390699, initial_speed=35.83349399)
    vehicle1.accelerate(trigger_sequence=1, target_speed=52.71748477)
    vehicle1.changeLane(trigger_sequence=5, target_lane=3, target_speed=4.80892249)

2025-04-22 Tuesday 17:32:54  random_test.py : INFO  === Evaluation Finished === 
 Fitness: [3.49997534171773, -0.29945553539019965], Collision: False
2025-04-22 Tuesday 17:33:15  random_test.py : INFO  === Evaluate Testcase === 
 def testcase(self):
    vehicle1 = NPC(lane_id=4, offset=16.35584596, initial_speed=18.60835238)
    vehicle2 = NPC(lane_id=1, offset=13.5068999, initial_speed=5.24587085)
    ego = NPC(lane_id=3, offset=23.89417542, initial_speed=8.62740099)
    vehicle4 = NPC(lane_id=3, offset=48.42741731, initial_speed=35.0303811)
    vehicle2.changeLane(trigger_sequence=2, target_lane=1, target_speed=57.08583485)
    vehicle4.accelerate(trigger_sequence=2, target_speed=56.60106569)
    vehicle1.changeLane(trigger_sequence=3, target_lane=3, target_speed=7.47978066)
    vehicle4.decelerate(trigger_sequence=3, target_speed=5.05104031)
    vehicle4.accelerate(trigger_sequence=4, target_speed=31.29784296)
    vehicle1.accelerate(trigger_sequence=5, target_speed=48.74283513)
    vehicle2.decelerate(trigger_sequence=5, target_speed=14.84733208)
    vehicle4.decelerate(trigger_sequence=5, target_speed=22.34822346)

2025-04-22 Tuesday 17:33:15  random_test.py : INFO  === Evaluation Finished === 
 Fitness: [3.505941031258493, -0.021666666666666667], Collision: False
2025-04-22 Tuesday 17:33:37  random_test.py : INFO  === Evaluate Testcase === 
 def testcase(self):
    ego = NPC(lane_id=2, offset=43.95551687, initial_speed=26.9068385)
    vehicle2 = NPC(lane_id=1, offset=44.28951407, initial_speed=33.51595024)
    vehicle3 = NPC(lane_id=3, offset=47.626689, initial_speed=26.81192404)
    vehicle4 = NPC(lane_id=4, offset=35.34325998, initial_speed=30.63637472)
    vehicle3.accelerate(trigger_sequence=2, target_speed=41.28250376)
    vehicle2.changeLane(trigger_sequence=3, target_lane=1, target_speed=7.55831882)
    vehicle4.changeLane(trigger_sequence=3, target_lane=1, target_speed=25.43165211)
    vehicle2.decelerate(trigger_sequence=4, target_speed=22.281271)
    vehicle3.changeLane(trigger_sequence=4, target_lane=3, target_speed=41.82550724)
    vehicle4.changeLane(trigger_sequence=4, target_lane=1, target_speed=27.3031903)
    vehicle2.accelerate(trigger_sequence=5, target_speed=35.64812827)
    vehicle3.changeLane(trigger_sequence=5, target_lane=3, target_speed=32.26607848)
    vehicle4.accelerate(trigger_sequence=5, target_speed=41.1341751)

2025-04-22 Tuesday 17:33:37  random_test.py : INFO  === Evaluation Finished === 
 Fitness: [3.896117860222036, -0.49023090586145646], Collision: False
2025-04-22 Tuesday 17:33:48  random_test.py : INFO  === Evaluate Testcase === 
 def testcase(self):
    vehicle1 = NPC(lane_id=1, offset=3.5670566, initial_speed=1.62437648)
    ego = NPC(lane_id=5, offset=43.52072869, initial_speed=31.04786689)
    vehicle3 = NPC(lane_id=2, offset=11.69365844, initial_speed=24.06972025)
    vehicle4 = NPC(lane_id=3, offset=1.53783997, initial_speed=32.02891665)
    vehicle1.accelerate(trigger_sequence=1, target_speed=59.8601901)
    vehicle3.decelerate(trigger_sequence=1, target_speed=3.88120218)
    vehicle4.changeLane(trigger_sequence=1, target_lane=3, target_speed=58.8417281)
    vehicle1.changeLane(trigger_sequence=2, target_lane=1, target_speed=13.65913839)
    vehicle4.changeLane(trigger_sequence=2, target_lane=3, target_speed=44.91250358)
    vehicle1.decelerate(trigger_sequence=3, target_speed=25.91292069)
    vehicle3.accelerate(trigger_sequence=3, target_speed=32.05774119)
    vehicle4.decelerate(trigger_sequence=3, target_speed=22.00308127)
    vehicle3.changeLane(trigger_sequence=4, target_lane=1, target_speed=20.92897571)
    vehicle3.changeLane(trigger_sequence=5, target_lane=1, target_speed=30.1555733)

2025-04-22 Tuesday 17:33:48  random_test.py : INFO  === Evaluation Finished === 
 Fitness: [27.0561187765104, -0.3870967741935484], Collision: False
2025-04-22 Tuesday 17:33:56  random_test.py : INFO  === Evaluate Testcase === 
 def testcase(self):
    ego = NPC(lane_id=3, offset=0.65045841, initial_speed=3.49728142)
    vehicle2 = NPC(lane_id=1, offset=10.07867824, initial_speed=24.10882301)
    vehicle3 = NPC(lane_id=4, offset=3.76758767, initial_speed=22.92164314)
    vehicle4 = NPC(lane_id=1, offset=4.26469346, initial_speed=9.76142735)
    vehicle3.changeLane(trigger_sequence=1, target_lane=1, target_speed=26.31247489)
    vehicle4.accelerate(trigger_sequence=1, target_speed=48.68252562)
    vehicle2.changeLane(trigger_sequence=2, target_lane=3, target_speed=27.27858757)
    vehicle3.changeLane(trigger_sequence=2, target_lane=1, target_speed=14.25370616)
    vehicle3.accelerate(trigger_sequence=4, target_speed=57.17322638)
    vehicle2.changeLane(trigger_sequence=5, target_lane=3, target_speed=46.19800853)
    vehicle3.accelerate(trigger_sequence=5, target_speed=30.25923554)

2025-04-22 Tuesday 17:33:56  random_test.py : INFO  === Evaluation Finished === 
 Fitness: [5.138650742861492, -0.47651006711409394], Collision: False
2025-04-22 Tuesday 17:34:03  random_test.py : INFO  === Evaluate Testcase === 
 def testcase(self):
    vehicle1 = NPC(lane_id=1, offset=27.72580523, initial_speed=17.67639661)
    ego = NPC(lane_id=2, offset=1.21758851, initial_speed=17.46178518)
    vehicle3 = NPC(lane_id=3, offset=37.9831113, initial_speed=3.93013962)
    vehicle4 = NPC(lane_id=3, offset=21.27555778, initial_speed=9.64080634)
    vehicle1.changeLane(trigger_sequence=1, target_lane=3, target_speed=1.97419587)
    vehicle3.accelerate(trigger_sequence=1, target_speed=57.45967041)
    vehicle1.accelerate(trigger_sequence=2, target_speed=35.12682417)
    vehicle3.decelerate(trigger_sequence=2, target_speed=29.7103211)
    vehicle3.changeLane(trigger_sequence=3, target_lane=1, target_speed=44.07242157)
    vehicle4.changeLane(trigger_sequence=3, target_lane=1, target_speed=21.53514881)
    vehicle1.decelerate(trigger_sequence=4, target_speed=15.73541666)
    vehicle1.accelerate(trigger_sequence=5, target_speed=50.39853166)
    vehicle3.decelerate(trigger_sequence=5, target_speed=0.20261211)
    vehicle4.decelerate(trigger_sequence=5, target_speed=27.68158682)

2025-04-22 Tuesday 17:34:03  random_test.py : INFO  === Evaluation Finished === 
 Fitness: [2.8788766990866637, -0.2607944732297064], Collision: True
2025-04-22 Tuesday 17:34:03  random_test.py : INFO  === Find a coollision ===
2025-04-22 Tuesday 17:34:08  random_test.py : INFO  === Evaluate Testcase === 
 def testcase(self):
    vehicle1 = NPC(lane_id=3, offset=18.73531188, initial_speed=16.81351892)
    ego = NPC(lane_id=3, offset=42.99891635, initial_speed=22.12924995)
    vehicle3 = NPC(lane_id=3, offset=20.23871301, initial_speed=34.89972289)
    vehicle4 = NPC(lane_id=5, offset=16.99318381, initial_speed=8.26404732)
    vehicle3.accelerate(trigger_sequence=1, target_speed=41.8757025)
    vehicle3.accelerate(trigger_sequence=3, target_speed=47.45669149)
    vehicle4.changeLane(trigger_sequence=3, target_lane=3, target_speed=7.36876902)
    vehicle1.accelerate(trigger_sequence=4, target_speed=38.25267606)
    vehicle3.changeLane(trigger_sequence=4, target_lane=3, target_speed=37.66421987)
    vehicle4.accelerate(trigger_sequence=5, target_speed=44.11831357)

2025-04-22 Tuesday 17:34:08  random_test.py : INFO  === Evaluation Finished === 
 Fitness: [inf, 0], Collision: False
2025-04-22 Tuesday 17:34:14  random_test.py : INFO  === Evaluate Testcase === 
 def testcase(self):
    vehicle1 = NPC(lane_id=4, offset=34.87208349, initial_speed=1.45790157)
    ego = NPC(lane_id=3, offset=24.08857891, initial_speed=28.08106994)
    vehicle1.changeLane(trigger_sequence=1, target_lane=1, target_speed=59.55703809)
    vehicle1.changeLane(trigger_sequence=2, target_lane=3, target_speed=12.47997136)
    vehicle1.accelerate(trigger_sequence=3, target_speed=51.98950251)
    vehicle1.decelerate(trigger_sequence=4, target_speed=9.04093036)
    vehicle1.decelerate(trigger_sequence=5, target_speed=21.09123233)

2025-04-22 Tuesday 17:34:14  random_test.py : INFO  === Evaluation Finished === 
 Fitness: [3.2086635607794585, -0.3238434163701068], Collision: True
2025-04-22 Tuesday 17:34:14  random_test.py : INFO  === Find a coollision ===
2025-04-22 Tuesday 17:34:19  random_test.py : INFO  === Evaluate Testcase === 
 def testcase(self):
    vehicle1 = NPC(lane_id=2, offset=13.14130898, initial_speed=30.18322807)
    ego = NPC(lane_id=4, offset=46.36061155, initial_speed=38.27644063)
    vehicle3 = NPC(lane_id=5, offset=25.69951772, initial_speed=1.52862022)
    vehicle4 = NPC(lane_id=4, offset=42.66057246, initial_speed=20.53176914)
    vehicle3.decelerate(trigger_sequence=1, target_speed=16.96545175)
    vehicle4.changeLane(trigger_sequence=1, target_lane=3, target_speed=20.91022996)
    vehicle1.decelerate(trigger_sequence=2, target_speed=18.70272805)
    vehicle4.changeLane(trigger_sequence=2, target_lane=3, target_speed=5.03437691)
    vehicle3.accelerate(trigger_sequence=3, target_speed=35.2596668)
    vehicle1.accelerate(trigger_sequence=4, target_speed=46.36932954)
    vehicle4.accelerate(trigger_sequence=4, target_speed=40.29894788)
    vehicle1.accelerate(trigger_sequence=5, target_speed=47.39533449)

2025-04-22 Tuesday 17:34:19  random_test.py : INFO  === Evaluation Finished === 
 Fitness: [inf, 0], Collision: False
2025-04-22 Tuesday 17:34:25  random_test.py : INFO  === Evaluate Testcase === 
 def testcase(self):
    vehicle1 = NPC(lane_id=2, offset=8.29123729, initial_speed=4.75024787)
    ego = NPC(lane_id=4, offset=6.85350996, initial_speed=35.66272985)
    vehicle3 = NPC(lane_id=3, offset=26.52335628, initial_speed=25.01321148)
    vehicle1.decelerate(trigger_sequence=1, target_speed=0.52579666)
    vehicle3.accelerate(trigger_sequence=1, target_speed=43.39840382)
    vehicle3.decelerate(trigger_sequence=2, target_speed=15.86463853)
    vehicle1.decelerate(trigger_sequence=3, target_speed=6.43976261)
    vehicle1.changeLane(trigger_sequence=5, target_lane=1, target_speed=23.99479554)

2025-04-22 Tuesday 17:34:25  random_test.py : INFO  === Evaluation Finished === 
 Fitness: [3.5004911646536425, -0.302536231884058], Collision: False
2025-04-22 Tuesday 17:34:32  random_test.py : INFO  === Evaluate Testcase === 
 def testcase(self):
    vehicle1 = NPC(lane_id=1, offset=44.9898482, initial_speed=38.54605386)
    ego = NPC(lane_id=2, offset=45.13389421, initial_speed=31.84562209)
    vehicle3 = NPC(lane_id=5, offset=44.09276583, initial_speed=25.44500393)
    vehicle1.decelerate(trigger_sequence=1, target_speed=12.30806518)
    vehicle1.accelerate(trigger_sequence=2, target_speed=42.64342821)
    vehicle3.accelerate(trigger_sequence=2, target_speed=40.52572122)
    vehicle1.accelerate(trigger_sequence=3, target_speed=48.52484624)
    vehicle1.accelerate(trigger_sequence=4, target_speed=33.90683515)
    vehicle3.accelerate(trigger_sequence=5, target_speed=53.07063092)

2025-04-22 Tuesday 17:34:32  random_test.py : INFO  === Evaluation Finished === 
 Fitness: [3.6116717419694586, -0.36983842010771995], Collision: False
2025-04-22 Tuesday 17:34:39  random_test.py : INFO  === Evaluate Testcase === 
 def testcase(self):
    ego = NPC(lane_id=3, offset=4.17055989, initial_speed=30.36543394)
    vehicle2 = NPC(lane_id=1, offset=32.98647458, initial_speed=34.91415277)
    vehicle3 = NPC(lane_id=4, offset=24.55140872, initial_speed=7.87212816)
    vehicle4 = NPC(lane_id=5, offset=19.99986833, initial_speed=36.58234517)
    vehicle3.changeLane(trigger_sequence=1, target_lane=1, target_speed=30.92772623)
    vehicle4.changeLane(trigger_sequence=1, target_lane=1, target_speed=59.5396259)
    vehicle4.changeLane(trigger_sequence=2, target_lane=1, target_speed=15.49791706)
    vehicle2.decelerate(trigger_sequence=3, target_speed=19.85040391)
    vehicle3.decelerate(trigger_sequence=3, target_speed=6.01492179)
    vehicle3.decelerate(trigger_sequence=4, target_speed=10.8135934)
    vehicle4.decelerate(trigger_sequence=4, target_speed=8.16091517)
    vehicle2.changeLane(trigger_sequence=5, target_lane=1, target_speed=35.66618591)
    vehicle4.changeLane(trigger_sequence=5, target_lane=3, target_speed=16.24831221)

2025-04-22 Tuesday 17:34:39  random_test.py : INFO  === Evaluation Finished === 
 Fitness: [3.4999941443709366, -0.5635062611806798], Collision: False
2025-04-22 Tuesday 17:34:47  random_test.py : INFO  === Evaluate Testcase === 
 def testcase(self):
    vehicle1 = NPC(lane_id=2, offset=40.80965554, initial_speed=30.64481073)
    vehicle2 = NPC(lane_id=2, offset=8.51384682, initial_speed=12.11874274)
    vehicle3 = NPC(lane_id=4, offset=16.28255193, initial_speed=11.96267037)
    ego = NPC(lane_id=3, offset=35.43000986, initial_speed=24.25344649)
    vehicle1.decelerate(trigger_sequence=1, target_speed=26.02758383)
    vehicle3.changeLane(trigger_sequence=1, target_lane=1, target_speed=52.64886096)
    vehicle1.decelerate(trigger_sequence=2, target_speed=28.55785381)
    vehicle3.changeLane(trigger_sequence=2, target_lane=1, target_speed=32.20473014)
    vehicle1.changeLane(trigger_sequence=3, target_lane=3, target_speed=59.23217171)
    vehicle2.accelerate(trigger_sequence=3, target_speed=51.07492868)
    vehicle2.decelerate(trigger_sequence=4, target_speed=14.01944861)
    vehicle1.accelerate(trigger_sequence=5, target_speed=53.61349132)
    vehicle2.changeLane(trigger_sequence=5, target_lane=3, target_speed=27.59299641)
    vehicle3.decelerate(trigger_sequence=5, target_speed=9.42316408)

2025-04-22 Tuesday 17:34:47  random_test.py : INFO  === Evaluation Finished === 
 Fitness: [3.5007862711376987, -0.5202821869488536], Collision: False
2025-04-22 Tuesday 17:34:51  random_test.py : INFO  === Evaluate Testcase === 
 def testcase(self):
    vehicle1 = NPC(lane_id=2, offset=36.15362516, initial_speed=12.76620821)
    ego = NPC(lane_id=1, offset=19.53069321, initial_speed=5.7628424)
    vehicle3 = NPC(lane_id=5, offset=30.77462643, initial_speed=17.34070648)
    vehicle4 = NPC(lane_id=5, offset=33.32782827, initial_speed=7.26514377)
    vehicle1.accelerate(trigger_sequence=1, target_speed=36.90875471)
    vehicle3.accelerate(trigger_sequence=1, target_speed=50.80369898)
    vehicle3.changeLane(trigger_sequence=2, target_lane=1, target_speed=49.08757171)
    vehicle4.changeLane(trigger_sequence=3, target_lane=1, target_speed=58.93739865)
    vehicle1.accelerate(trigger_sequence=4, target_speed=31.32715518)
    vehicle4.decelerate(trigger_sequence=4, target_speed=27.02010502)
    vehicle3.accelerate(trigger_sequence=5, target_speed=32.53004686)

2025-04-22 Tuesday 17:34:51  random_test.py : INFO  === Evaluation Finished === 
 Fitness: [inf, 0], Collision: False
2025-04-22 Tuesday 17:34:57  random_test.py : INFO  === Evaluate Testcase === 
 def testcase(self):
    vehicle1 = NPC(lane_id=2, offset=8.30403523, initial_speed=12.96961246)
    ego = NPC(lane_id=1, offset=10.74906568, initial_speed=25.39961949)
    vehicle1.decelerate(trigger_sequence=2, target_speed=0.93322473)
    vehicle1.accelerate(trigger_sequence=3, target_speed=33.3298844)
    vehicle1.accelerate(trigger_sequence=4, target_speed=35.57325894)
    vehicle1.accelerate(trigger_sequence=5, target_speed=31.5230646)

2025-04-22 Tuesday 17:34:57  random_test.py : INFO  === Evaluation Finished === 
 Fitness: [3.506907720244089, -0.5168141592920354], Collision: False
2025-04-22 Tuesday 17:35:04  random_test.py : INFO  === Evaluate Testcase === 
 def testcase(self):
    ego = NPC(lane_id=4, offset=6.98493748, initial_speed=23.07565532)
    vehicle2 = NPC(lane_id=1, offset=5.08923498, initial_speed=6.60941321)
    vehicle2.accelerate(trigger_sequence=1, target_speed=32.37308329)
    vehicle2.decelerate(trigger_sequence=2, target_speed=27.47633513)

2025-04-22 Tuesday 17:35:04  random_test.py : INFO  === Evaluation Finished === 
 Fitness: [10.519560098755147, -0.5536028119507909], Collision: False
2025-04-22 Tuesday 17:35:10  random_test.py : INFO  === Evaluate Testcase === 
 def testcase(self):
    vehicle1 = NPC(lane_id=1, offset=35.62302619, initial_speed=20.21705117)
    ego = NPC(lane_id=2, offset=20.92730845, initial_speed=26.21013372)
    vehicle3 = NPC(lane_id=3, offset=32.08875888, initial_speed=32.52563203)
    vehicle4 = NPC(lane_id=3, offset=42.07976766, initial_speed=21.6696507)
    vehicle3.decelerate(trigger_sequence=1, target_speed=28.62250935)
    vehicle1.changeLane(trigger_sequence=2, target_lane=1, target_speed=41.4425067)
    vehicle4.decelerate(trigger_sequence=4, target_speed=12.62007397)
    vehicle1.changeLane(trigger_sequence=5, target_lane=3, target_speed=0.97510323)
    vehicle3.decelerate(trigger_sequence=5, target_speed=27.0606094)

2025-04-22 Tuesday 17:35:10  random_test.py : INFO  === Evaluation Finished === 
 Fitness: [3.5004837897723267, -0.4645390070921986], Collision: False
2025-04-22 Tuesday 17:35:17  random_test.py : INFO  === Evaluate Testcase === 
 def testcase(self):
    vehicle1 = NPC(lane_id=2, offset=6.43194758, initial_speed=6.7129879)
    ego = NPC(lane_id=3, offset=26.83022919, initial_speed=26.35804996)
    vehicle3 = NPC(lane_id=4, offset=7.25673325, initial_speed=30.35227245)
    vehicle3.decelerate(trigger_sequence=1, target_speed=29.94811054)
    vehicle3.changeLane(trigger_sequence=3, target_lane=3, target_speed=49.59602667)
    vehicle1.accelerate(trigger_sequence=4, target_speed=49.7382941)
    vehicle3.accelerate(trigger_sequence=4, target_speed=39.14962871)
    vehicle1.changeLane(trigger_sequence=5, target_lane=3, target_speed=1.20025383)

2025-04-22 Tuesday 17:35:17  random_test.py : INFO  === Evaluation Finished === 
 Fitness: [3.4996615894781797, -0.475177304964539], Collision: False
2025-04-22 Tuesday 17:35:23  random_test.py : INFO  === Evaluate Testcase === 
 def testcase(self):
    vehicle1 = NPC(lane_id=2, offset=13.00756159, initial_speed=2.02781948)
    ego = NPC(lane_id=1, offset=47.76398616, initial_speed=7.46071042)
    vehicle1.changeLane(trigger_sequence=1, target_lane=1, target_speed=3.42982988)
    vehicle1.changeLane(trigger_sequence=3, target_lane=1, target_speed=29.93783709)

2025-04-22 Tuesday 17:35:23  random_test.py : INFO  === Evaluation Finished === 
 Fitness: [34.45424694627947, -0.04], Collision: False
2025-04-22 Tuesday 17:35:30  random_test.py : INFO  === Evaluate Testcase === 
 def testcase(self):
    vehicle1 = NPC(lane_id=5, offset=23.81233066, initial_speed=2.38253532)
    ego = NPC(lane_id=1, offset=39.06418138, initial_speed=9.76398172)
    vehicle1.decelerate(trigger_sequence=2, target_speed=29.49669375)
    vehicle1.accelerate(trigger_sequence=4, target_speed=43.9497237)
    vehicle1.accelerate(trigger_sequence=5, target_speed=42.86683466)

2025-04-22 Tuesday 17:35:30  random_test.py : INFO  === Evaluation Finished === 
 Fitness: [14.000029612384418, -0.0333889816360601], Collision: False
2025-04-22 Tuesday 17:35:36  random_test.py : INFO  === Evaluate Testcase === 
 def testcase(self):
    vehicle1 = NPC(lane_id=3, offset=27.10601314, initial_speed=27.33961694)
    ego = NPC(lane_id=1, offset=28.92817062, initial_speed=7.09926479)
    vehicle3 = NPC(lane_id=5, offset=4.39289336, initial_speed=26.27112733)
    vehicle1.accelerate(trigger_sequence=1, target_speed=47.5899621)
    vehicle3.accelerate(trigger_sequence=1, target_speed=43.40857494)
    vehicle1.decelerate(trigger_sequence=4, target_speed=9.91995863)
    vehicle3.changeLane(trigger_sequence=4, target_lane=1, target_speed=21.90142837)
    vehicle1.accelerate(trigger_sequence=5, target_speed=31.19201973)

2025-04-22 Tuesday 17:35:36  random_test.py : INFO  === Evaluation Finished === 
 Fitness: [7.009626031894431, -0.043333333333333335], Collision: False
2025-04-22 Tuesday 17:35:43  random_test.py : INFO  === Evaluate Testcase === 
 def testcase(self):
    ego = NPC(lane_id=5, offset=47.97711257, initial_speed=38.01972476)
    vehicle2 = NPC(lane_id=2, offset=22.40318265, initial_speed=31.97185593)
    vehicle2.changeLane(trigger_sequence=1, target_lane=3, target_speed=22.70643902)
    vehicle2.accelerate(trigger_sequence=2, target_speed=55.88963654)
    vehicle2.changeLane(trigger_sequence=4, target_lane=1, target_speed=49.215477)

2025-04-22 Tuesday 17:35:43  random_test.py : INFO  === Evaluation Finished === 
 Fitness: [18.019217046931754, -0.2495446265938069], Collision: False
2025-04-22 Tuesday 17:35:49  random_test.py : INFO  === Evaluate Testcase === 
 def testcase(self):
    vehicle1 = NPC(lane_id=1, offset=34.37177033, initial_speed=16.26336033)
    ego = NPC(lane_id=3, offset=25.56645177, initial_speed=22.2663216)
    vehicle3 = NPC(lane_id=4, offset=33.35700879, initial_speed=12.29572233)
    vehicle3.decelerate(trigger_sequence=2, target_speed=18.22362001)
    vehicle3.accelerate(trigger_sequence=3, target_speed=55.83875987)
    vehicle1.accelerate(trigger_sequence=5, target_speed=39.81501992)
    vehicle3.accelerate(trigger_sequence=5, target_speed=56.897886)

2025-04-22 Tuesday 17:35:49  random_test.py : INFO  === Evaluation Finished === 
 Fitness: [3.5009203659253227, -0.5842105263157895], Collision: True
2025-04-22 Tuesday 17:35:49  random_test.py : INFO  === Find a coollision ===
2025-04-22 Tuesday 17:35:56  random_test.py : INFO  === Evaluate Testcase === 
 def testcase(self):
    ego = NPC(lane_id=3, offset=3.44273495, initial_speed=34.00184788)
    vehicle2 = NPC(lane_id=1, offset=20.1351411, initial_speed=0.97378833)
    vehicle3 = NPC(lane_id=3, offset=18.39659821, initial_speed=10.76012643)
    vehicle2.changeLane(trigger_sequence=1, target_lane=1, target_speed=3.86918985)
    vehicle3.decelerate(trigger_sequence=2, target_speed=28.99526362)
    vehicle3.changeLane(trigger_sequence=3, target_lane=1, target_speed=7.64505613)
    vehicle2.changeLane(trigger_sequence=4, target_lane=3, target_speed=13.88042159)
    vehicle3.changeLane(trigger_sequence=5, target_lane=1, target_speed=48.4485216)

2025-04-22 Tuesday 17:35:56  random_test.py : INFO  === Evaluation Finished === 
 Fitness: [3.4999718824935155, -0.3406113537117904], Collision: False
2025-04-22 Tuesday 17:36:03  random_test.py : INFO  === Evaluate Testcase === 
 def testcase(self):
    vehicle1 = NPC(lane_id=1, offset=16.87074087, initial_speed=15.99190945)
    ego = NPC(lane_id=4, offset=20.00303854, initial_speed=3.34873444)
    vehicle3 = NPC(lane_id=2, offset=24.50169764, initial_speed=18.77890629)
    vehicle4 = NPC(lane_id=3, offset=15.81044232, initial_speed=0.1783021)
    vehicle3.accelerate(trigger_sequence=1, target_speed=35.64664826)
    vehicle4.changeLane(trigger_sequence=1, target_lane=3, target_speed=57.91536669)
    vehicle1.accelerate(trigger_sequence=2, target_speed=46.32347541)
    vehicle4.changeLane(trigger_sequence=2, target_lane=3, target_speed=41.78271083)
    vehicle1.decelerate(trigger_sequence=3, target_speed=16.29652415)
    vehicle4.accelerate(trigger_sequence=3, target_speed=30.45822111)
    vehicle1.changeLane(trigger_sequence=4, target_lane=1, target_speed=7.0546251)
    vehicle1.decelerate(trigger_sequence=5, target_speed=15.37403196)

2025-04-22 Tuesday 17:36:03  random_test.py : INFO  === Evaluation Finished === 
 Fitness: [3.5020198801032065, -0.5134228187919463], Collision: False
2025-04-22 Tuesday 17:36:10  random_test.py : INFO  === Evaluate Testcase === 
 def testcase(self):
    vehicle1 = NPC(lane_id=5, offset=20.29432117, initial_speed=4.01762303)
    vehicle2 = NPC(lane_id=3, offset=33.411506, initial_speed=34.88367277)
    ego = NPC(lane_id=2, offset=30.90737186, initial_speed=30.6629427)
    vehicle4 = NPC(lane_id=3, offset=39.46092431, initial_speed=17.51716108)
    vehicle1.changeLane(trigger_sequence=1, target_lane=3, target_speed=51.71222766)
    vehicle2.changeLane(trigger_sequence=1, target_lane=3, target_speed=32.25333555)
    vehicle4.decelerate(trigger_sequence=1, target_speed=2.55550198)
    vehicle2.decelerate(trigger_sequence=3, target_speed=27.38781306)
    vehicle4.changeLane(trigger_sequence=3, target_lane=3, target_speed=59.32701642)
    vehicle1.accelerate(trigger_sequence=5, target_speed=46.85097748)
    vehicle2.accelerate(trigger_sequence=5, target_speed=36.67486828)
    vehicle4.decelerate(trigger_sequence=5, target_speed=23.553025)

2025-04-22 Tuesday 17:36:10  random_test.py : INFO  === Evaluation Finished === 
 Fitness: [3.5000085835905064, -0.2168458781362007], Collision: True
2025-04-22 Tuesday 17:36:10  random_test.py : INFO  === Find a coollision ===
2025-04-22 Tuesday 17:36:17  random_test.py : INFO  === Evaluate Testcase === 
 def testcase(self):
    ego = NPC(lane_id=3, offset=32.69967123, initial_speed=15.87459563)
    vehicle2 = NPC(lane_id=3, offset=46.95910436, initial_speed=39.23003683)
    vehicle3 = NPC(lane_id=4, offset=31.9919874, initial_speed=39.99087978)
    vehicle3.decelerate(trigger_sequence=1, target_speed=27.13017104)
    vehicle3.accelerate(trigger_sequence=3, target_speed=40.40277752)
    vehicle2.decelerate(trigger_sequence=4, target_speed=23.0703075)
    vehicle3.changeLane(trigger_sequence=5, target_lane=1, target_speed=15.90466403)

2025-04-22 Tuesday 17:36:17  random_test.py : INFO  === Evaluation Finished === 
 Fitness: [3.512512593943042, -0.018425460636515914], Collision: False
2025-04-22 Tuesday 17:36:23  random_test.py : INFO  === Evaluate Testcase === 
 def testcase(self):
    ego = NPC(lane_id=1, offset=8.04200231, initial_speed=15.59135309)
    vehicle2 = NPC(lane_id=3, offset=19.54759958, initial_speed=31.47560956)
    vehicle2.accelerate(trigger_sequence=1, target_speed=51.48689918)
    vehicle2.changeLane(trigger_sequence=2, target_lane=3, target_speed=18.13391917)
    vehicle2.decelerate(trigger_sequence=4, target_speed=25.29589648)
    vehicle2.accelerate(trigger_sequence=5, target_speed=54.39047747)

2025-04-22 Tuesday 17:36:23  random_test.py : INFO  === Evaluation Finished === 
 Fitness: [13.847674972707903, -0.02181208053691275], Collision: False
2025-04-22 Tuesday 17:36:29  random_test.py : INFO  === Evaluate Testcase === 
 def testcase(self):
    vehicle1 = NPC(lane_id=5, offset=49.8853819, initial_speed=4.75530713)
    ego = NPC(lane_id=2, offset=47.29907746, initial_speed=11.35501838)
    vehicle3 = NPC(lane_id=3, offset=48.18945061, initial_speed=30.85998087)
    vehicle1.decelerate(trigger_sequence=1, target_speed=7.93666469)
    vehicle1.decelerate(trigger_sequence=2, target_speed=29.05923673)
    vehicle1.decelerate(trigger_sequence=3, target_speed=22.81533098)
    vehicle3.accelerate(trigger_sequence=4, target_speed=33.75850307)

2025-04-22 Tuesday 17:36:29  random_test.py : INFO  === Evaluation Finished === 
 Fitness: [3.7488970196849554, -0.02003338898163606], Collision: False
2025-04-22 Tuesday 17:36:35  random_test.py : INFO  === Evaluate Testcase === 
 def testcase(self):
    vehicle1 = NPC(lane_id=2, offset=11.68688428, initial_speed=24.86826447)
    ego = NPC(lane_id=5, offset=25.27684981, initial_speed=30.28920183)
    vehicle1.decelerate(trigger_sequence=2, target_speed=28.66485437)

2025-04-22 Tuesday 17:36:35  random_test.py : INFO  === Evaluation Finished === 
 Fitness: [12.426828192034272, -0.5635062611806798], Collision: False
2025-04-22 Tuesday 17:36:42  random_test.py : INFO  === Evaluate Testcase === 
 def testcase(self):
    ego = NPC(lane_id=5, offset=44.84966554, initial_speed=8.37372315)
    vehicle2 = NPC(lane_id=5, offset=14.60126544, initial_speed=21.78970525)
    vehicle2.changeLane(trigger_sequence=1, target_lane=3, target_speed=46.65374203)
    vehicle2.decelerate(trigger_sequence=2, target_speed=7.3872557)

2025-04-22 Tuesday 17:36:42  random_test.py : INFO  === Evaluation Finished === 
 Fitness: [3.29013686920754, -0.135], Collision: True
2025-04-22 Tuesday 17:36:42  random_test.py : INFO  === Find a coollision ===
2025-04-22 Tuesday 17:36:49  random_test.py : INFO  === Evaluate Testcase === 
 def testcase(self):
    vehicle1 = NPC(lane_id=3, offset=25.51515739, initial_speed=14.10482254)
    vehicle2 = NPC(lane_id=4, offset=8.93967861, initial_speed=24.97721496)
    vehicle3 = NPC(lane_id=4, offset=18.45684637, initial_speed=5.56566438)
    ego = NPC(lane_id=2, offset=44.12751286, initial_speed=17.97987393)
    vehicle1.decelerate(trigger_sequence=1, target_speed=11.44090718)
    vehicle2.changeLane(trigger_sequence=1, target_lane=1, target_speed=35.93061591)
    vehicle3.accelerate(trigger_sequence=2, target_speed=51.99864597)
    vehicle1.accelerate(trigger_sequence=3, target_speed=46.24430966)
    vehicle2.accelerate(trigger_sequence=3, target_speed=55.52792035)
    vehicle1.decelerate(trigger_sequence=4, target_speed=10.67719615)
    vehicle1.changeLane(trigger_sequence=5, target_lane=1, target_speed=24.51218827)
    vehicle2.decelerate(trigger_sequence=5, target_speed=29.39808238)

2025-04-22 Tuesday 17:36:49  random_test.py : INFO  === Evaluation Finished === 
 Fitness: [3.513481298508459, -0.11937716262975778], Collision: True
2025-04-22 Tuesday 17:36:49  random_test.py : INFO  === Find a coollision ===
2025-04-22 Tuesday 17:36:56  random_test.py : INFO  === Evaluate Testcase === 
 def testcase(self):
    vehicle1 = NPC(lane_id=4, offset=18.05091145, initial_speed=34.1226387)
    ego = NPC(lane_id=5, offset=8.77399544, initial_speed=21.95892911)
    vehicle3 = NPC(lane_id=5, offset=38.81124238, initial_speed=9.55922306)
    vehicle1.accelerate(trigger_sequence=1, target_speed=46.8706268)
    vehicle3.changeLane(trigger_sequence=1, target_lane=3, target_speed=11.87203196)
    vehicle1.decelerate(trigger_sequence=2, target_speed=19.74013045)
    vehicle1.accelerate(trigger_sequence=3, target_speed=42.18038879)
    vehicle3.decelerate(trigger_sequence=3, target_speed=26.23161881)
    vehicle1.changeLane(trigger_sequence=4, target_lane=1, target_speed=14.03624155)
    vehicle3.decelerate(trigger_sequence=4, target_speed=26.22912316)

2025-04-22 Tuesday 17:36:56  random_test.py : INFO  === Evaluation Finished === 
 Fitness: [3.500279296254908, -0.5481611208406305], Collision: False
2025-04-22 Tuesday 17:37:03  random_test.py : INFO  === Evaluate Testcase === 
 def testcase(self):
    vehicle1 = NPC(lane_id=3, offset=48.86531078, initial_speed=29.38004797)
    ego = NPC(lane_id=5, offset=44.8252388, initial_speed=22.52720657)
    vehicle3 = NPC(lane_id=1, offset=40.75555559, initial_speed=4.25978305)
    vehicle1.changeLane(trigger_sequence=1, target_lane=1, target_speed=43.70715711)
    vehicle3.accelerate(trigger_sequence=1, target_speed=58.14191472)
    vehicle3.decelerate(trigger_sequence=3, target_speed=23.16811401)
    vehicle1.accelerate(trigger_sequence=4, target_speed=46.58111493)
    vehicle3.accelerate(trigger_sequence=4, target_speed=39.90834002)
    vehicle1.decelerate(trigger_sequence=5, target_speed=28.67676698)
    vehicle3.changeLane(trigger_sequence=5, target_lane=1, target_speed=2.36886616)

2025-04-22 Tuesday 17:37:03  random_test.py : INFO  === Evaluation Finished === 
 Fitness: [8.511941575149901, -0.5578947368421052], Collision: False
2025-04-22 Tuesday 17:37:09  random_test.py : INFO  === Evaluate Testcase === 
 def testcase(self):
    ego = NPC(lane_id=3, offset=32.80687175, initial_speed=35.70040652)
    vehicle2 = NPC(lane_id=5, offset=27.36355089, initial_speed=7.61992208)
    vehicle2.changeLane(trigger_sequence=3, target_lane=1, target_speed=24.12861584)
    vehicle2.changeLane(trigger_sequence=4, target_lane=1, target_speed=21.32616481)
    vehicle2.changeLane(trigger_sequence=5, target_lane=1, target_speed=57.38452667)

2025-04-22 Tuesday 17:37:09  random_test.py : INFO  === Evaluation Finished === 
 Fitness: [8.13157781373894, -0.3079710144927536], Collision: False
2025-04-22 Tuesday 17:37:16  random_test.py : INFO  === Evaluate Testcase === 
 def testcase(self):
    ego = NPC(lane_id=3, offset=6.23876557, initial_speed=18.04061733)
    vehicle2 = NPC(lane_id=5, offset=37.42467573, initial_speed=28.23425442)
    vehicle3 = NPC(lane_id=2, offset=16.00132941, initial_speed=30.65380706)
    vehicle3.accelerate(trigger_sequence=4, target_speed=45.38117895)
    vehicle2.changeLane(trigger_sequence=5, target_lane=3, target_speed=14.80200426)

2025-04-22 Tuesday 17:37:16  random_test.py : INFO  === Evaluation Finished === 
 Fitness: [10.769730743647141, -0.03633217993079585], Collision: False
2025-04-22 Tuesday 17:37:20  random_test.py : INFO  === Evaluate Testcase === 
 def testcase(self):
    ego = NPC(lane_id=1, offset=20.30325924, initial_speed=19.9807809)
    vehicle2 = NPC(lane_id=1, offset=17.02427502, initial_speed=5.88359086)
    vehicle2.changeLane(trigger_sequence=1, target_lane=3, target_speed=1.79623977)
    vehicle2.decelerate(trigger_sequence=2, target_speed=19.87473375)
    vehicle2.decelerate(trigger_sequence=3, target_speed=23.3153931)

2025-04-22 Tuesday 17:37:20  random_test.py : INFO  === Evaluation Finished === 
 Fitness: [inf, 0], Collision: False
2025-04-22 Tuesday 17:37:25  random_test.py : INFO  === Evaluate Testcase === 
 def testcase(self):
    vehicle1 = NPC(lane_id=2, offset=9.44315785, initial_speed=14.13431697)
    vehicle2 = NPC(lane_id=2, offset=7.4576441, initial_speed=22.90861732)
    ego = NPC(lane_id=3, offset=8.27846418, initial_speed=28.24169345)
    vehicle2.changeLane(trigger_sequence=1, target_lane=1, target_speed=43.67107004)
    vehicle1.decelerate(trigger_sequence=2, target_speed=25.90442627)
    vehicle2.decelerate(trigger_sequence=3, target_speed=12.76213043)
    vehicle1.accelerate(trigger_sequence=4, target_speed=37.3414701)
    vehicle2.changeLane(trigger_sequence=4, target_lane=1, target_speed=14.26428233)
    vehicle1.accelerate(trigger_sequence=5, target_speed=51.53354589)

2025-04-22 Tuesday 17:37:25  random_test.py : INFO  === Evaluation Finished === 
 Fitness: [inf, 0], Collision: False
2025-04-22 Tuesday 17:37:32  random_test.py : INFO  === Evaluate Testcase === 
 def testcase(self):
    ego = NPC(lane_id=2, offset=27.45948792, initial_speed=6.85537766)
    vehicle2 = NPC(lane_id=5, offset=15.01843714, initial_speed=38.69185179)
    vehicle3 = NPC(lane_id=5, offset=44.06804318, initial_speed=27.69897875)
    vehicle2.changeLane(trigger_sequence=1, target_lane=1, target_speed=37.99182647)
    vehicle2.accelerate(trigger_sequence=2, target_speed=55.5581851)
    vehicle3.decelerate(trigger_sequence=2, target_speed=20.17209876)

2025-04-22 Tuesday 17:37:32  random_test.py : INFO  === Evaluation Finished === 
 Fitness: [10.507677563313631, -0.9683333333333334], Collision: False
2025-04-22 Tuesday 17:37:39  random_test.py : INFO  === Evaluate Testcase === 
 def testcase(self):
    vehicle1 = NPC(lane_id=2, offset=31.18515446, initial_speed=12.65052272)
    ego = NPC(lane_id=1, offset=4.68572283, initial_speed=4.90290774)
    vehicle3 = NPC(lane_id=3, offset=7.69759058, initial_speed=29.40601095)
    vehicle4 = NPC(lane_id=1, offset=40.47091822, initial_speed=17.02232767)
    vehicle1.accelerate(trigger_sequence=2, target_speed=36.16426018)
    vehicle3.decelerate(trigger_sequence=3, target_speed=7.71612722)
    vehicle3.accelerate(trigger_sequence=4, target_speed=33.8323461)
    vehicle1.changeLane(trigger_sequence=5, target_lane=3, target_speed=45.30474636)
    vehicle3.accelerate(trigger_sequence=5, target_speed=31.57545559)

2025-04-22 Tuesday 17:37:39  random_test.py : INFO  === Evaluation Finished === 
 Fitness: [7.986720179832683, -0.5369127516778524], Collision: False
2025-04-22 Tuesday 17:37:45  random_test.py : INFO  === Evaluate Testcase === 
 def testcase(self):
    vehicle1 = NPC(lane_id=1, offset=3.19084372, initial_speed=9.98170815)
    ego = NPC(lane_id=5, offset=4.16823407, initial_speed=20.59838059)
    vehicle1.changeLane(trigger_sequence=1, target_lane=1, target_speed=12.68494394)
    vehicle1.accelerate(trigger_sequence=4, target_speed=36.87803453)

2025-04-22 Tuesday 17:37:45  random_test.py : INFO  === Evaluation Finished === 
 Fitness: [13.990788669793318, -0.5930434782608696], Collision: False
2025-04-22 Tuesday 17:37:52  random_test.py : INFO  === Evaluate Testcase === 
 def testcase(self):
    vehicle1 = NPC(lane_id=2, offset=11.58089595, initial_speed=5.92853937)
    vehicle2 = NPC(lane_id=5, offset=39.16787727, initial_speed=11.98578914)
    ego = NPC(lane_id=5, offset=25.7549092, initial_speed=28.00793856)
    vehicle1.decelerate(trigger_sequence=1, target_speed=10.2274627)
    vehicle2.accelerate(trigger_sequence=1, target_speed=32.80848115)
    vehicle1.changeLane(trigger_sequence=2, target_lane=1, target_speed=28.6449916)
    vehicle1.decelerate(trigger_sequence=3, target_speed=13.07070897)
    vehicle1.accelerate(trigger_sequence=5, target_speed=32.01837006)
    vehicle2.changeLane(trigger_sequence=5, target_lane=1, target_speed=59.90774173)

2025-04-22 Tuesday 17:37:52  random_test.py : INFO  === Evaluation Finished === 
 Fitness: [10.455032863341705, -0.45243619489559167], Collision: False
2025-04-22 Tuesday 17:37:58  random_test.py : INFO  === Evaluate Testcase === 
 def testcase(self):
    vehicle1 = NPC(lane_id=3, offset=17.03757166, initial_speed=3.15520284)
    vehicle2 = NPC(lane_id=5, offset=36.8108753, initial_speed=10.3142127)
    ego = NPC(lane_id=2, offset=10.82384019, initial_speed=23.21513369)
    vehicle1.changeLane(trigger_sequence=1, target_lane=3, target_speed=0.01251781)
    vehicle2.changeLane(trigger_sequence=3, target_lane=3, target_speed=51.44642818)
    vehicle1.changeLane(trigger_sequence=4, target_lane=1, target_speed=57.75598686)
    vehicle2.accelerate(trigger_sequence=5, target_speed=57.90908415)

2025-04-22 Tuesday 17:37:58  random_test.py : INFO  === Evaluation Finished === 
 Fitness: [3.5038574358563714, -0.539543057996485], Collision: False
2025-04-22 Tuesday 17:38:06  random_test.py : INFO  === Evaluate Testcase === 
 def testcase(self):
    vehicle1 = NPC(lane_id=5, offset=40.73810069, initial_speed=9.49585445)
    vehicle2 = NPC(lane_id=4, offset=42.91660758, initial_speed=26.22360082)
    vehicle3 = NPC(lane_id=5, offset=6.63452516, initial_speed=9.73088443)
    ego = NPC(lane_id=3, offset=21.34474044, initial_speed=15.21857605)
    vehicle1.changeLane(trigger_sequence=1, target_lane=3, target_speed=29.79783532)
    vehicle2.accelerate(trigger_sequence=1, target_speed=50.61067632)
    vehicle3.changeLane(trigger_sequence=1, target_lane=3, target_speed=30.4361612)
    vehicle1.accelerate(trigger_sequence=2, target_speed=35.09186284)
    vehicle2.decelerate(trigger_sequence=2, target_speed=10.91464311)
    vehicle2.accelerate(trigger_sequence=3, target_speed=58.71068727)
    vehicle3.changeLane(trigger_sequence=3, target_lane=3, target_speed=42.47239017)
    vehicle2.accelerate(trigger_sequence=4, target_speed=33.09120833)
    vehicle1.accelerate(trigger_sequence=5, target_speed=51.87683674)
    vehicle2.changeLane(trigger_sequence=5, target_lane=3, target_speed=14.67721124)

2025-04-22 Tuesday 17:38:06  random_test.py : INFO  === Evaluation Finished === 
 Fitness: [1.664059841854587, -0.09698996655518395], Collision: True
2025-04-22 Tuesday 17:38:06  random_test.py : INFO  === Find a coollision ===
2025-04-22 Tuesday 17:38:12  random_test.py : INFO  === Evaluate Testcase === 
 def testcase(self):
    vehicle1 = NPC(lane_id=5, offset=15.36281772, initial_speed=13.10042756)
    ego = NPC(lane_id=2, offset=12.87713125, initial_speed=33.63379325)
    vehicle3 = NPC(lane_id=4, offset=16.752172, initial_speed=21.8076861)
    vehicle1.accelerate(trigger_sequence=1, target_speed=48.78663856)
    vehicle3.decelerate(trigger_sequence=1, target_speed=13.92027969)
    vehicle1.accelerate(trigger_sequence=2, target_speed=55.03642242)
    vehicle3.changeLane(trigger_sequence=2, target_lane=3, target_speed=56.06666453)
    vehicle1.accelerate(trigger_sequence=3, target_speed=44.25897839)
    vehicle1.decelerate(trigger_sequence=4, target_speed=12.2933887)
    vehicle1.decelerate(trigger_sequence=5, target_speed=18.08351999)

2025-04-22 Tuesday 17:38:12  random_test.py : INFO  === Evaluation Finished === 
 Fitness: [3.5004764743722347, -0.3441441441441441], Collision: False
2025-04-22 Tuesday 17:38:19  random_test.py : INFO  === Evaluate Testcase === 
 def testcase(self):
    ego = NPC(lane_id=1, offset=37.67035523, initial_speed=26.00457759)
    vehicle2 = NPC(lane_id=2, offset=38.75178471, initial_speed=7.6340908)
    vehicle2.decelerate(trigger_sequence=1, target_speed=11.83390732)
    vehicle2.changeLane(trigger_sequence=3, target_lane=1, target_speed=38.92493828)

2025-04-22 Tuesday 17:38:19  random_test.py : INFO  === Evaluation Finished === 
 Fitness: [3.5047865879665947, -0.479646017699115], Collision: False
2025-04-22 Tuesday 17:38:25  random_test.py : INFO  === Evaluate Testcase === 
 def testcase(self):
    ego = NPC(lane_id=2, offset=23.00061404, initial_speed=6.99758825)
    vehicle2 = NPC(lane_id=5, offset=26.82607424, initial_speed=6.973725)
    vehicle2.decelerate(trigger_sequence=1, target_speed=9.98705293)
    vehicle2.changeLane(trigger_sequence=2, target_lane=3, target_speed=4.64753589)
    vehicle2.decelerate(trigger_sequence=3, target_speed=23.25531983)
    vehicle2.decelerate(trigger_sequence=4, target_speed=16.74617076)

2025-04-22 Tuesday 17:38:25  random_test.py : INFO  === Evaluation Finished === 
 Fitness: [5.7439520598498515, -0.021666666666666667], Collision: False
2025-04-22 Tuesday 17:38:31  random_test.py : INFO  === Evaluate Testcase === 
 def testcase(self):
    vehicle1 = NPC(lane_id=5, offset=44.86888715, initial_speed=14.43759092)
    ego = NPC(lane_id=5, offset=7.2818671, initial_speed=7.78219106)
    vehicle1.decelerate(trigger_sequence=5, target_speed=24.16365406)

2025-04-22 Tuesday 17:38:31  random_test.py : INFO  === Evaluation Finished === 
 Fitness: [37.78756731760687, -0.03833333333333333], Collision: False
2025-04-22 Tuesday 17:38:37  random_test.py : INFO  === Evaluate Testcase === 
 def testcase(self):
    vehicle1 = NPC(lane_id=5, offset=26.2809002, initial_speed=27.57133214)
    ego = NPC(lane_id=5, offset=33.42740888, initial_speed=39.60718189)
    vehicle1.accelerate(trigger_sequence=3, target_speed=36.42811311)
    vehicle1.decelerate(trigger_sequence=5, target_speed=0.57712098)

2025-04-22 Tuesday 17:38:37  random_test.py : INFO  === Evaluation Finished === 
 Fitness: [4.756363953567465, -0.22486288848263253], Collision: True
2025-04-22 Tuesday 17:38:37  random_test.py : INFO  === Find a coollision ===
2025-04-22 Tuesday 17:38:44  random_test.py : INFO  === Evaluate Testcase === 
 def testcase(self):
    ego = NPC(lane_id=3, offset=9.11790872, initial_speed=39.10937754)
    vehicle2 = NPC(lane_id=2, offset=11.22813007, initial_speed=10.64836586)
    vehicle3 = NPC(lane_id=3, offset=33.68793265, initial_speed=24.03306566)
    vehicle3.changeLane(trigger_sequence=1, target_lane=3, target_speed=7.38993083)
    vehicle2.accelerate(trigger_sequence=2, target_speed=48.75172466)
    vehicle2.accelerate(trigger_sequence=3, target_speed=34.27259515)

2025-04-22 Tuesday 17:38:44  random_test.py : INFO  === Evaluation Finished === 
 Fitness: [3.4987505710448854, -0.5374771480804388], Collision: False
2025-04-22 Tuesday 17:38:50  random_test.py : INFO  === Evaluate Testcase === 
 def testcase(self):
    ego = NPC(lane_id=4, offset=7.80987024, initial_speed=19.24430591)
    vehicle2 = NPC(lane_id=2, offset=23.71854165, initial_speed=10.20155792)
    vehicle2.accelerate(trigger_sequence=3, target_speed=38.11190201)
    vehicle2.changeLane(trigger_sequence=4, target_lane=1, target_speed=8.2011543)

2025-04-22 Tuesday 17:38:50  random_test.py : INFO  === Evaluation Finished === 
 Fitness: [6.999305450242919, -0.6637781629116117], Collision: False
2025-04-22 Tuesday 17:38:57  random_test.py : INFO  === Evaluate Testcase === 
 def testcase(self):
    ego = NPC(lane_id=1, offset=46.5914072, initial_speed=15.33054488)
    vehicle2 = NPC(lane_id=4, offset=44.39787289, initial_speed=8.55716683)
    vehicle2.decelerate(trigger_sequence=2, target_speed=12.97724555)
    vehicle2.accelerate(trigger_sequence=3, target_speed=42.11043638)
    vehicle2.accelerate(trigger_sequence=4, target_speed=30.24408816)
    vehicle2.changeLane(trigger_sequence=5, target_lane=3, target_speed=55.86104862)

2025-04-22 Tuesday 17:38:57  random_test.py : INFO  === Evaluation Finished === 
 Fitness: [10.500648439951378, -0.02181208053691275], Collision: False
2025-04-22 Tuesday 17:39:04  random_test.py : INFO  === Evaluate Testcase === 
 def testcase(self):
    ego = NPC(lane_id=1, offset=46.37957133, initial_speed=19.73187493)
    vehicle2 = NPC(lane_id=5, offset=38.76001208, initial_speed=11.03809404)
    vehicle3 = NPC(lane_id=4, offset=11.25775717, initial_speed=9.88946335)
    vehicle4 = NPC(lane_id=3, offset=19.15917174, initial_speed=31.21949138)
    vehicle2.changeLane(trigger_sequence=2, target_lane=1, target_speed=58.45274017)
    vehicle3.accelerate(trigger_sequence=3, target_speed=52.27186596)
    vehicle4.decelerate(trigger_sequence=3, target_speed=25.93280175)
    vehicle4.accelerate(trigger_sequence=4, target_speed=55.40807765)
    vehicle2.accelerate(trigger_sequence=5, target_speed=57.84456026)

2025-04-22 Tuesday 17:39:04  random_test.py : INFO  === Evaluation Finished === 
 Fitness: [3.510786440362158, -0.609375], Collision: False
2025-04-22 Tuesday 17:39:11  random_test.py : INFO  === Evaluate Testcase === 
 def testcase(self):
    vehicle1 = NPC(lane_id=2, offset=49.51415619, initial_speed=28.48209202)
    ego = NPC(lane_id=4, offset=9.48543177, initial_speed=31.34253017)
    vehicle3 = NPC(lane_id=5, offset=11.66961713, initial_speed=27.55538248)
    vehicle1.accelerate(trigger_sequence=1, target_speed=40.00670111)
    vehicle3.accelerate(trigger_sequence=1, target_speed=30.02915541)
    vehicle1.changeLane(trigger_sequence=2, target_lane=3, target_speed=22.92245596)
    vehicle3.changeLane(trigger_sequence=3, target_lane=3, target_speed=16.05150714)
    vehicle1.accelerate(trigger_sequence=5, target_speed=54.85166293)

2025-04-22 Tuesday 17:39:11  random_test.py : INFO  === Evaluation Finished === 
 Fitness: [1.4576819596926278, -0.4021543985637343], Collision: True
2025-04-22 Tuesday 17:39:11  random_test.py : INFO  === Find a coollision ===
2025-04-22 Tuesday 17:39:17  random_test.py : INFO  === Evaluate Testcase === 
 def testcase(self):
    ego = NPC(lane_id=2, offset=15.63958966, initial_speed=39.71697716)
    vehicle2 = NPC(lane_id=3, offset=3.36857025, initial_speed=27.13092505)
    vehicle2.accelerate(trigger_sequence=1, target_speed=58.18632159)
    vehicle2.changeLane(trigger_sequence=2, target_lane=3, target_speed=55.89148696)

2025-04-22 Tuesday 17:39:17  random_test.py : INFO  === Evaluation Finished === 
 Fitness: [3.500586502373602, -0.22344322344322345], Collision: False
2025-04-22 Tuesday 17:39:24  random_test.py : INFO  === Evaluate Testcase === 
 def testcase(self):
    vehicle1 = NPC(lane_id=3, offset=24.09841829, initial_speed=5.39058357)
    ego = NPC(lane_id=1, offset=15.40550858, initial_speed=29.51445723)
    vehicle3 = NPC(lane_id=5, offset=22.1638589, initial_speed=23.0879809)
    vehicle1.accelerate(trigger_sequence=1, target_speed=35.27375879)
    vehicle3.accelerate(trigger_sequence=1, target_speed=40.26668812)
    vehicle1.changeLane(trigger_sequence=2, target_lane=1, target_speed=26.33190042)
    vehicle1.accelerate(trigger_sequence=3, target_speed=55.28487604)
    vehicle3.accelerate(trigger_sequence=3, target_speed=41.43108204)
    vehicle1.decelerate(trigger_sequence=4, target_speed=14.00486202)
    vehicle1.accelerate(trigger_sequence=5, target_speed=40.76724655)
    vehicle3.decelerate(trigger_sequence=5, target_speed=0.7965874)

2025-04-22 Tuesday 17:39:24  random_test.py : INFO  === Evaluation Finished === 
 Fitness: [7.003069735690661, -0.42142857142857143], Collision: False
2025-04-22 Tuesday 17:39:28  random_test.py : INFO  === Evaluate Testcase === 
 def testcase(self):
    vehicle1 = NPC(lane_id=1, offset=33.81678111, initial_speed=3.98536975)
    vehicle2 = NPC(lane_id=2, offset=34.05878726, initial_speed=28.12205316)
    ego = NPC(lane_id=1, offset=35.59576261, initial_speed=39.41950264)
    vehicle2.changeLane(trigger_sequence=2, target_lane=1, target_speed=58.06717915)
    vehicle1.accelerate(trigger_sequence=3, target_speed=34.00729792)
    vehicle2.accelerate(trigger_sequence=3, target_speed=52.24092422)
    vehicle2.decelerate(trigger_sequence=4, target_speed=20.43363059)

2025-04-22 Tuesday 17:39:28  random_test.py : INFO  === Evaluation Finished === 
 Fitness: [inf, 0], Collision: False
2025-04-22 Tuesday 17:39:35  random_test.py : INFO  === Evaluate Testcase === 
 def testcase(self):
    vehicle1 = NPC(lane_id=1, offset=13.74896808, initial_speed=1.72161566)
    ego = NPC(lane_id=1, offset=35.49939329, initial_speed=24.19351929)
    vehicle3 = NPC(lane_id=3, offset=8.93047102, initial_speed=19.56201637)
    vehicle1.accelerate(trigger_sequence=2, target_speed=41.86460137)
    vehicle3.changeLane(trigger_sequence=2, target_lane=1, target_speed=42.3822904)
    vehicle1.decelerate(trigger_sequence=4, target_speed=17.06735434)
    vehicle3.changeLane(trigger_sequence=4, target_lane=1, target_speed=46.86700983)
    vehicle3.accelerate(trigger_sequence=5, target_speed=32.65198199)

2025-04-22 Tuesday 17:39:35  random_test.py : INFO  === Evaluation Finished === 
 Fitness: [4.737324747178947, -0.5520282186948854], Collision: True
2025-04-22 Tuesday 17:39:35  random_test.py : INFO  === Find a coollision ===
2025-04-22 Tuesday 17:39:43  random_test.py : INFO  === Evaluate Testcase === 
 def testcase(self):
    vehicle1 = NPC(lane_id=5, offset=39.95747143, initial_speed=26.83052322)
    vehicle2 = NPC(lane_id=5, offset=33.98796943, initial_speed=15.5007688)
    vehicle3 = NPC(lane_id=1, offset=17.31044045, initial_speed=28.36020507)
    ego = NPC(lane_id=1, offset=43.62133954, initial_speed=19.9215507)
    vehicle2.accelerate(trigger_sequence=1, target_speed=55.21228166)
    vehicle1.accelerate(trigger_sequence=2, target_speed=40.08925909)
    vehicle2.decelerate(trigger_sequence=2, target_speed=2.28488433)
    vehicle2.changeLane(trigger_sequence=3, target_lane=3, target_speed=43.75020013)
    vehicle3.changeLane(trigger_sequence=3, target_lane=3, target_speed=18.22797738)
    vehicle2.accelerate(trigger_sequence=5, target_speed=45.72437051)
    vehicle3.changeLane(trigger_sequence=5, target_lane=1, target_speed=55.25464951)

2025-04-22 Tuesday 17:39:43  random_test.py : INFO  === Evaluation Finished === 
 Fitness: [3.5009505714531755, -0.5954861111111112], Collision: True
2025-04-22 Tuesday 17:39:43  random_test.py : INFO  === Find a coollision ===
2025-04-22 Tuesday 17:39:50  random_test.py : INFO  === Evaluate Testcase === 
 def testcase(self):
    vehicle1 = NPC(lane_id=4, offset=35.5962747, initial_speed=37.61317295)
    vehicle2 = NPC(lane_id=5, offset=49.24634921, initial_speed=29.09176237)
    vehicle3 = NPC(lane_id=1, offset=48.53555125, initial_speed=22.7771144)
    ego = NPC(lane_id=3, offset=29.71568616, initial_speed=32.03362389)
    vehicle1.accelerate(trigger_sequence=1, target_speed=54.49761956)
    vehicle2.changeLane(trigger_sequence=3, target_lane=1, target_speed=7.03820275)
    vehicle3.decelerate(trigger_sequence=3, target_speed=6.59401853)
    vehicle2.changeLane(trigger_sequence=4, target_lane=1, target_speed=26.1331632)
    vehicle3.accelerate(trigger_sequence=5, target_speed=47.67900333)

2025-04-22 Tuesday 17:39:50  random_test.py : INFO  === Evaluation Finished === 
 Fitness: [3.5002303138167665, -0.3734290843806104], Collision: False
2025-04-22 Tuesday 17:39:56  random_test.py : INFO  === Evaluate Testcase === 
 def testcase(self):
    vehicle1 = NPC(lane_id=4, offset=9.54428955, initial_speed=37.08725533)
    ego = NPC(lane_id=2, offset=39.67332621, initial_speed=30.14761449)
    vehicle1.changeLane(trigger_sequence=1, target_lane=1, target_speed=14.69342075)
    vehicle1.decelerate(trigger_sequence=2, target_speed=16.72062655)
    vehicle1.decelerate(trigger_sequence=4, target_speed=7.76712039)

2025-04-22 Tuesday 17:39:56  random_test.py : INFO  === Evaluation Finished === 
 Fitness: [11.446644521161597, -0.41323792486583183], Collision: False
2025-04-22 Tuesday 17:40:03  random_test.py : INFO  === Evaluate Testcase === 
 def testcase(self):
    vehicle1 = NPC(lane_id=3, offset=47.88197409, initial_speed=7.71008561)
    vehicle2 = NPC(lane_id=2, offset=11.23557197, initial_speed=28.97139976)
    ego = NPC(lane_id=3, offset=16.07104827, initial_speed=16.98169088)
    vehicle4 = NPC(lane_id=2, offset=39.48298835, initial_speed=26.29922283)
    vehicle1.accelerate(trigger_sequence=1, target_speed=35.85197912)
    vehicle4.accelerate(trigger_sequence=1, target_speed=49.33622072)
    vehicle1.decelerate(trigger_sequence=2, target_speed=5.54247323)
    vehicle2.accelerate(trigger_sequence=3, target_speed=52.58133674)
    vehicle1.changeLane(trigger_sequence=4, target_lane=3, target_speed=48.49739809)
    vehicle4.changeLane(trigger_sequence=4, target_lane=3, target_speed=40.08967047)
    vehicle1.accelerate(trigger_sequence=5, target_speed=56.70360857)
    vehicle2.changeLane(trigger_sequence=5, target_lane=3, target_speed=11.03281629)
    vehicle4.changeLane(trigger_sequence=5, target_lane=3, target_speed=33.05852327)

2025-04-22 Tuesday 17:40:03  random_test.py : INFO  === Evaluation Finished === 
 Fitness: [3.4914201876564346, -0.16062176165803108], Collision: False
2025-04-22 Tuesday 17:40:10  random_test.py : INFO  === Evaluate Testcase === 
 def testcase(self):
    vehicle1 = NPC(lane_id=1, offset=34.87209316, initial_speed=28.70004941)
    ego = NPC(lane_id=5, offset=47.7110761, initial_speed=20.22145428)
    vehicle3 = NPC(lane_id=3, offset=44.38686756, initial_speed=23.65134816)
    vehicle3.decelerate(trigger_sequence=2, target_speed=6.11329088)
    vehicle3.decelerate(trigger_sequence=5, target_speed=4.39909758)

2025-04-22 Tuesday 17:40:10  random_test.py : INFO  === Evaluation Finished === 
 Fitness: [6.991305234097186, -0.6017391304347826], Collision: False
2025-04-22 Tuesday 17:40:16  random_test.py : INFO  === Evaluate Testcase === 
 def testcase(self):
    vehicle1 = NPC(lane_id=4, offset=45.50747298, initial_speed=17.17087541)
    ego = NPC(lane_id=1, offset=48.19175116, initial_speed=26.31582617)

2025-04-22 Tuesday 17:40:16  random_test.py : INFO  === Evaluation Finished === 
 Fitness: [10.503258013894426, -0.4734042553191489], Collision: False
2025-04-22 Tuesday 17:40:22  random_test.py : INFO  === Evaluate Testcase === 
 def testcase(self):
    ego = NPC(lane_id=4, offset=13.3874905, initial_speed=14.63446605)
    vehicle2 = NPC(lane_id=4, offset=1.09913317, initial_speed=37.25266813)
    vehicle2.decelerate(trigger_sequence=3, target_speed=8.85351488)
    vehicle2.accelerate(trigger_sequence=5, target_speed=32.56170608)

2025-04-22 Tuesday 17:40:22  random_test.py : INFO  === Evaluation Finished === 
 Fitness: [4.760143882746248, -0.05862646566164154], Collision: True
2025-04-22 Tuesday 17:40:22  random_test.py : INFO  === Find a coollision ===
2025-04-22 Tuesday 17:40:29  random_test.py : INFO  === Evaluate Testcase === 
 def testcase(self):
    vehicle1 = NPC(lane_id=5, offset=34.64978231, initial_speed=33.76698919)
    vehicle2 = NPC(lane_id=5, offset=46.82967384, initial_speed=20.82096889)
    ego = NPC(lane_id=1, offset=49.81609524, initial_speed=6.74202639)
    vehicle2.accelerate(trigger_sequence=2, target_speed=53.68710606)
    vehicle1.accelerate(trigger_sequence=3, target_speed=33.60310837)
    vehicle1.accelerate(trigger_sequence=4, target_speed=55.31484252)
    vehicle2.accelerate(trigger_sequence=4, target_speed=43.14871563)

2025-04-22 Tuesday 17:40:29  random_test.py : INFO  === Evaluation Finished === 
 Fitness: [14.006823615004109, -0.035], Collision: False
2025-04-22 Tuesday 17:40:36  random_test.py : INFO  === Evaluate Testcase === 
 def testcase(self):
    vehicle1 = NPC(lane_id=2, offset=7.35836188, initial_speed=13.04701829)
    vehicle2 = NPC(lane_id=5, offset=47.21021999, initial_speed=25.46410021)
    vehicle3 = NPC(lane_id=1, offset=38.36707338, initial_speed=23.34748795)
    ego = NPC(lane_id=5, offset=8.7086616, initial_speed=15.5987524)
    vehicle1.decelerate(trigger_sequence=1, target_speed=19.35950043)
    vehicle2.decelerate(trigger_sequence=1, target_speed=22.76156918)
    vehicle1.changeLane(trigger_sequence=2, target_lane=3, target_speed=41.2873322)
    vehicle2.accelerate(trigger_sequence=3, target_speed=43.24592279)
    vehicle1.accelerate(trigger_sequence=4, target_speed=48.22279446)
    vehicle2.accelerate(trigger_sequence=4, target_speed=41.38408398)
    vehicle3.decelerate(trigger_sequence=4, target_speed=13.76883231)
    vehicle2.changeLane(trigger_sequence=5, target_lane=3, target_speed=17.56530651)
    vehicle3.changeLane(trigger_sequence=5, target_lane=3, target_speed=14.1607885)

2025-04-22 Tuesday 17:40:36  random_test.py : INFO  === Evaluation Finished === 
 Fitness: [8.348214118003934, -0.021739130434782608], Collision: False
2025-04-22 Tuesday 17:40:43  random_test.py : INFO  === Evaluate Testcase === 
 def testcase(self):
    vehicle1 = NPC(lane_id=2, offset=16.06535943, initial_speed=22.48932668)
    ego = NPC(lane_id=1, offset=28.36709473, initial_speed=11.11710313)
    vehicle3 = NPC(lane_id=3, offset=21.41064992, initial_speed=15.84235542)
    vehicle4 = NPC(lane_id=4, offset=30.77680952, initial_speed=34.00787737)
    vehicle3.decelerate(trigger_sequence=1, target_speed=8.24760198)
    vehicle4.changeLane(trigger_sequence=1, target_lane=1, target_speed=33.00858035)
    vehicle1.decelerate(trigger_sequence=3, target_speed=18.86914495)
    vehicle3.accelerate(trigger_sequence=3, target_speed=51.03960642)
    vehicle4.changeLane(trigger_sequence=4, target_lane=1, target_speed=41.05657545)
    vehicle1.decelerate(trigger_sequence=5, target_speed=10.83962068)

2025-04-22 Tuesday 17:40:43  random_test.py : INFO  === Evaluation Finished === 
 Fitness: [3.502960914486787, -0.021666666666666667], Collision: False
2025-04-22 Tuesday 17:40:50  random_test.py : INFO  === Evaluate Testcase === 
 def testcase(self):
    ego = NPC(lane_id=3, offset=32.76613244, initial_speed=9.40060842)
    vehicle2 = NPC(lane_id=5, offset=24.34281911, initial_speed=2.94623628)
    vehicle3 = NPC(lane_id=5, offset=1.87114469, initial_speed=5.40575247)
    vehicle2.changeLane(trigger_sequence=3, target_lane=3, target_speed=59.78237179)

2025-04-22 Tuesday 17:40:50  random_test.py : INFO  === Evaluation Finished === 
 Fitness: [3.5081738954081816, -0.041666666666666664], Collision: False
2025-04-22 Tuesday 17:40:57  random_test.py : INFO  === Evaluate Testcase === 
 def testcase(self):
    vehicle1 = NPC(lane_id=5, offset=18.57936276, initial_speed=37.52189917)
    ego = NPC(lane_id=5, offset=2.64468993, initial_speed=16.36347456)
    vehicle3 = NPC(lane_id=4, offset=16.46120233, initial_speed=20.66923307)
    vehicle4 = NPC(lane_id=3, offset=1.44021307, initial_speed=26.35565471)
    vehicle3.changeLane(trigger_sequence=1, target_lane=1, target_speed=8.78838679)
    vehicle4.changeLane(trigger_sequence=1, target_lane=1, target_speed=32.39327225)
    vehicle1.accelerate(trigger_sequence=2, target_speed=32.6564772)
    vehicle1.accelerate(trigger_sequence=3, target_speed=52.12746162)
    vehicle4.decelerate(trigger_sequence=3, target_speed=20.07629071)
    vehicle1.accelerate(trigger_sequence=4, target_speed=37.37338417)
    vehicle4.decelerate(trigger_sequence=4, target_speed=13.85960584)
    vehicle1.decelerate(trigger_sequence=5, target_speed=20.4218555)
    vehicle4.decelerate(trigger_sequence=5, target_speed=27.47947777)

2025-04-22 Tuesday 17:40:57  random_test.py : INFO  === Evaluation Finished === 
 Fitness: [6.9915995784592875, -0.023411371237458192], Collision: False
2025-04-22 Tuesday 17:41:03  random_test.py : INFO  === Evaluate Testcase === 
 def testcase(self):
    vehicle1 = NPC(lane_id=5, offset=10.34579922, initial_speed=11.81659528)
    ego = NPC(lane_id=4, offset=31.019118, initial_speed=39.33966458)
    vehicle1.changeLane(trigger_sequence=2, target_lane=3, target_speed=57.85114129)

2025-04-22 Tuesday 17:41:03  random_test.py : INFO  === Evaluation Finished === 
 Fitness: [12.556891806204835, -0.2595978062157221], Collision: False
2025-04-22 Tuesday 17:41:11  random_test.py : INFO  === Evaluate Testcase === 
 def testcase(self):
    vehicle1 = NPC(lane_id=1, offset=38.54716299, initial_speed=39.61738649)
    ego = NPC(lane_id=2, offset=10.60490776, initial_speed=2.53376083)
    vehicle3 = NPC(lane_id=2, offset=4.52084702, initial_speed=0.68935791)
    vehicle4 = NPC(lane_id=3, offset=49.71788987, initial_speed=2.55258218)
    vehicle1.changeLane(trigger_sequence=1, target_lane=3, target_speed=32.90075582)
    vehicle3.decelerate(trigger_sequence=1, target_speed=26.9082282)
    vehicle4.changeLane(trigger_sequence=1, target_lane=3, target_speed=55.90214664)
    vehicle3.accelerate(trigger_sequence=2, target_speed=41.86808906)
    vehicle4.accelerate(trigger_sequence=2, target_speed=39.21993814)
    vehicle1.decelerate(trigger_sequence=3, target_speed=26.22044574)
    vehicle3.accelerate(trigger_sequence=4, target_speed=55.18343546)
    vehicle1.decelerate(trigger_sequence=5, target_speed=19.90443932)
    vehicle3.decelerate(trigger_sequence=5, target_speed=26.8550984)
    vehicle4.decelerate(trigger_sequence=5, target_speed=3.18410928)

2025-04-22 Tuesday 17:41:11  random_test.py : INFO  === Evaluation Finished === 
 Fitness: [4.739774156549302, -0.5318791946308725], Collision: True
2025-04-22 Tuesday 17:41:11  random_test.py : INFO  === Find a coollision ===
2025-04-22 Tuesday 17:41:17  random_test.py : INFO  === Evaluate Testcase === 
 def testcase(self):
    ego = NPC(lane_id=3, offset=46.60180737, initial_speed=37.13977534)
    vehicle2 = NPC(lane_id=4, offset=16.10769086, initial_speed=38.78096362)
    vehicle3 = NPC(lane_id=2, offset=4.05529055, initial_speed=28.51884645)
    vehicle2.changeLane(trigger_sequence=1, target_lane=3, target_speed=33.46634567)
    vehicle2.decelerate(trigger_sequence=2, target_speed=19.74114479)
    vehicle2.changeLane(trigger_sequence=3, target_lane=3, target_speed=31.97356643)
    vehicle3.decelerate(trigger_sequence=3, target_speed=19.14229621)
    vehicle2.accelerate(trigger_sequence=4, target_speed=32.25733881)
    vehicle2.accelerate(trigger_sequence=5, target_speed=52.78416418)
    vehicle3.decelerate(trigger_sequence=5, target_speed=25.59701559)

2025-04-22 Tuesday 17:41:17  random_test.py : INFO  === Evaluation Finished === 
 Fitness: [14.39975191831948, -0.2727272727272727], Collision: False
2025-04-22 Tuesday 17:41:24  random_test.py : INFO  === Evaluate Testcase === 
 def testcase(self):
    vehicle1 = NPC(lane_id=2, offset=0.18553015, initial_speed=36.09083283)
    vehicle2 = NPC(lane_id=4, offset=20.37692635, initial_speed=7.62496768)
    ego = NPC(lane_id=4, offset=10.60978463, initial_speed=23.12948054)
    vehicle4 = NPC(lane_id=2, offset=17.34493369, initial_speed=1.82755336)
    vehicle1.accelerate(trigger_sequence=2, target_speed=47.54268022)
    vehicle1.changeLane(trigger_sequence=3, target_lane=1, target_speed=18.71540076)
    vehicle4.decelerate(trigger_sequence=3, target_speed=8.76941421)
    vehicle1.decelerate(trigger_sequence=4, target_speed=10.50477087)
    vehicle2.decelerate(trigger_sequence=4, target_speed=23.75807385)
    vehicle1.decelerate(trigger_sequence=5, target_speed=8.54461385)

2025-04-22 Tuesday 17:41:24  random_test.py : INFO  === Evaluation Finished === 
 Fitness: [6.991761125852222, -0.5982142857142857], Collision: False
2025-04-22 Tuesday 17:41:31  random_test.py : INFO  === Evaluate Testcase === 
 def testcase(self):
    ego = NPC(lane_id=4, offset=18.12574923, initial_speed=25.82246169)
    vehicle2 = NPC(lane_id=5, offset=24.72934416, initial_speed=13.1221796)
    vehicle3 = NPC(lane_id=2, offset=5.9430227, initial_speed=25.57146814)
    vehicle2.decelerate(trigger_sequence=1, target_speed=3.53458862)
    vehicle3.decelerate(trigger_sequence=1, target_speed=8.76801889)
    vehicle2.changeLane(trigger_sequence=2, target_lane=3, target_speed=58.22332984)
    vehicle3.changeLane(trigger_sequence=2, target_lane=1, target_speed=17.74452787)
    vehicle2.decelerate(trigger_sequence=3, target_speed=26.28996324)
    vehicle2.decelerate(trigger_sequence=4, target_speed=11.47825665)
    vehicle3.accelerate(trigger_sequence=4, target_speed=56.31317409)
    vehicle3.accelerate(trigger_sequence=5, target_speed=51.76533895)

2025-04-22 Tuesday 17:41:31  random_test.py : INFO  === Evaluation Finished === 
 Fitness: [3.500778909689216, -0.2884955752212389], Collision: True
2025-04-22 Tuesday 17:41:31  random_test.py : INFO  === Find a coollision ===
2025-04-22 Tuesday 17:41:38  random_test.py : INFO  === Evaluate Testcase === 
 def testcase(self):
    vehicle1 = NPC(lane_id=4, offset=48.13777727, initial_speed=17.25623055)
    ego = NPC(lane_id=1, offset=4.97910694, initial_speed=10.68243583)
    vehicle3 = NPC(lane_id=2, offset=41.71143749, initial_speed=11.12939001)
    vehicle4 = NPC(lane_id=2, offset=47.39232887, initial_speed=26.04902982)
    vehicle1.accelerate(trigger_sequence=1, target_speed=53.88002401)
    vehicle3.accelerate(trigger_sequence=1, target_speed=48.33426194)
    vehicle4.accelerate(trigger_sequence=1, target_speed=48.96362201)
    vehicle1.accelerate(trigger_sequence=2, target_speed=37.40222726)
    vehicle3.decelerate(trigger_sequence=2, target_speed=10.83651621)
    vehicle4.changeLane(trigger_sequence=2, target_lane=1, target_speed=9.5023404)
    vehicle3.accelerate(trigger_sequence=5, target_speed=54.10835086)
    vehicle4.accelerate(trigger_sequence=5, target_speed=48.07591946)

2025-04-22 Tuesday 17:41:38  random_test.py : INFO  === Evaluation Finished === 
 Fitness: [37.20735363839682, -0.03], Collision: False
2025-04-22 Tuesday 17:41:44  random_test.py : INFO  === Evaluate Testcase === 
 def testcase(self):
    vehicle1 = NPC(lane_id=1, offset=23.07401742, initial_speed=39.84273564)
    ego = NPC(lane_id=4, offset=37.74280995, initial_speed=7.94593599)
    vehicle1.changeLane(trigger_sequence=1, target_lane=1, target_speed=22.89914859)
    vehicle1.decelerate(trigger_sequence=2, target_speed=29.19814545)
    vehicle1.accelerate(trigger_sequence=3, target_speed=31.20521384)
    vehicle1.accelerate(trigger_sequence=4, target_speed=56.490123)
    vehicle1.accelerate(trigger_sequence=5, target_speed=44.56434916)

2025-04-22 Tuesday 17:41:44  random_test.py : INFO  === Evaluation Finished === 
 Fitness: [10.494617453224985, -0.04], Collision: False
2025-04-22 Tuesday 17:41:51  random_test.py : INFO  === Evaluate Testcase === 
 def testcase(self):
    vehicle1 = NPC(lane_id=2, offset=1.45079157, initial_speed=30.86484581)
    ego = NPC(lane_id=2, offset=13.5273836, initial_speed=20.8939876)
    vehicle3 = NPC(lane_id=5, offset=1.80777727, initial_speed=27.09865264)
    vehicle1.changeLane(trigger_sequence=1, target_lane=1, target_speed=48.54276107)
    vehicle1.decelerate(trigger_sequence=3, target_speed=27.32393402)
    vehicle3.changeLane(trigger_sequence=4, target_lane=1, target_speed=1.40971121)
    vehicle3.decelerate(trigger_sequence=5, target_speed=20.95933307)

2025-04-22 Tuesday 17:41:51  random_test.py : INFO  === Evaluation Finished === 
 Fitness: [3.499313907007872, -0.5876288659793815], Collision: True
2025-04-22 Tuesday 17:41:51  random_test.py : INFO  === Find a coollision ===
2025-04-22 Tuesday 17:41:57  random_test.py : INFO  === Evaluate Testcase === 
 def testcase(self):
    ego = NPC(lane_id=4, offset=49.46838578, initial_speed=15.38356477)
    vehicle2 = NPC(lane_id=4, offset=15.52458244, initial_speed=15.67642762)
    vehicle2.accelerate(trigger_sequence=2, target_speed=54.5893684)
    vehicle2.changeLane(trigger_sequence=3, target_lane=1, target_speed=14.06986351)
    vehicle2.changeLane(trigger_sequence=4, target_lane=1, target_speed=36.74789585)
    vehicle2.accelerate(trigger_sequence=5, target_speed=45.23960752)

2025-04-22 Tuesday 17:41:57  random_test.py : INFO  === Evaluation Finished === 
 Fitness: [4.687587559026288, -0.05704697986577181], Collision: True
2025-04-22 Tuesday 17:41:57  random_test.py : INFO  === Find a coollision ===
2025-04-22 Tuesday 17:42:03  random_test.py : INFO  === Evaluate Testcase === 
 def testcase(self):
    vehicle1 = NPC(lane_id=1, offset=33.68740087, initial_speed=11.12663305)
    ego = NPC(lane_id=2, offset=37.92771805, initial_speed=31.00386933)
    vehicle1.accelerate(trigger_sequence=1, target_speed=42.9791511)
    vehicle1.changeLane(trigger_sequence=3, target_lane=3, target_speed=53.44820098)

2025-04-22 Tuesday 17:42:03  random_test.py : INFO  === Evaluation Finished === 
 Fitness: [3.4984180088754635, -0.4838709677419355], Collision: True
2025-04-22 Tuesday 17:42:03  random_test.py : INFO  === Find a coollision ===
2025-04-22 Tuesday 17:42:10  random_test.py : INFO  === Evaluate Testcase === 
 def testcase(self):
    vehicle1 = NPC(lane_id=2, offset=23.35088685, initial_speed=5.67110236)
    ego = NPC(lane_id=4, offset=38.50828423, initial_speed=18.5370333)
    vehicle1.changeLane(trigger_sequence=1, target_lane=1, target_speed=22.30355332)
    vehicle1.changeLane(trigger_sequence=2, target_lane=1, target_speed=44.90411687)
    vehicle1.changeLane(trigger_sequence=4, target_lane=3, target_speed=39.32365706)

2025-04-22 Tuesday 17:42:10  random_test.py : INFO  === Evaluation Finished === 
 Fitness: [8.983305680621521, -0.5511265164644714], Collision: False
2025-04-22 Tuesday 17:42:17  random_test.py : INFO  === Evaluate Testcase === 
 def testcase(self):
    vehicle1 = NPC(lane_id=4, offset=14.94819738, initial_speed=19.86691639)
    ego = NPC(lane_id=2, offset=27.23481053, initial_speed=7.06019098)
    vehicle3 = NPC(lane_id=5, offset=42.80183339, initial_speed=0.84275415)
    vehicle4 = NPC(lane_id=2, offset=8.70174168, initial_speed=2.62452594)
    vehicle1.decelerate(trigger_sequence=1, target_speed=13.17586277)
    vehicle3.changeLane(trigger_sequence=1, target_lane=1, target_speed=18.75838932)
    vehicle4.decelerate(trigger_sequence=1, target_speed=26.92181168)
    vehicle1.accelerate(trigger_sequence=2, target_speed=41.08935457)
    vehicle4.decelerate(trigger_sequence=2, target_speed=25.10962374)
    vehicle1.accelerate(trigger_sequence=3, target_speed=40.45073311)
    vehicle3.decelerate(trigger_sequence=3, target_speed=0.08801284)
    vehicle1.changeLane(trigger_sequence=4, target_lane=3, target_speed=40.26353475)
    vehicle3.changeLane(trigger_sequence=4, target_lane=1, target_speed=14.98800457)
    vehicle4.changeLane(trigger_sequence=4, target_lane=1, target_speed=28.62312974)
    vehicle1.accelerate(trigger_sequence=5, target_speed=42.57864764)
    vehicle3.accelerate(trigger_sequence=5, target_speed=55.72930607)
    vehicle4.accelerate(trigger_sequence=5, target_speed=52.31482713)

2025-04-22 Tuesday 17:42:17  random_test.py : INFO  === Evaluation Finished === 
 Fitness: [3.343523596416778, -0.1284246575342466], Collision: True
2025-04-22 Tuesday 17:42:17  random_test.py : INFO  === Find a coollision ===
2025-04-22 Tuesday 17:42:24  random_test.py : INFO  === Evaluate Testcase === 
 def testcase(self):
    vehicle1 = NPC(lane_id=2, offset=3.14177134, initial_speed=13.89156392)
    vehicle2 = NPC(lane_id=5, offset=40.97075197, initial_speed=2.41617271)
    ego = NPC(lane_id=5, offset=29.87967483, initial_speed=26.91469135)
    vehicle1.decelerate(trigger_sequence=1, target_speed=12.76835134)
    vehicle1.decelerate(trigger_sequence=2, target_speed=28.98047985)
    vehicle2.changeLane(trigger_sequence=3, target_lane=3, target_speed=57.39568195)
    vehicle1.accelerate(trigger_sequence=4, target_speed=35.08951859)
    vehicle2.accelerate(trigger_sequence=4, target_speed=40.28353906)

2025-04-22 Tuesday 17:42:24  random_test.py : INFO  === Evaluation Finished === 
 Fitness: [8.359817852521028, -0.48739495798319327], Collision: False
2025-04-22 Tuesday 17:42:30  random_test.py : INFO  === Evaluate Testcase === 
 def testcase(self):
    ego = NPC(lane_id=5, offset=37.15936942, initial_speed=12.64168713)
    vehicle2 = NPC(lane_id=1, offset=35.47949823, initial_speed=35.90607454)

2025-04-22 Tuesday 17:42:30  random_test.py : INFO  === Evaluation Finished === 
 Fitness: [13.99199532119361, -0.021739130434782608], Collision: False
2025-04-22 Tuesday 17:42:38  random_test.py : INFO  === Evaluate Testcase === 
 def testcase(self):
    ego = NPC(lane_id=4, offset=38.80799414, initial_speed=20.48635018)
    vehicle2 = NPC(lane_id=3, offset=44.49657311, initial_speed=28.47637992)
    vehicle3 = NPC(lane_id=3, offset=6.89788443, initial_speed=31.14950913)
    vehicle4 = NPC(lane_id=5, offset=36.98355207, initial_speed=2.79798917)
    vehicle2.changeLane(trigger_sequence=1, target_lane=1, target_speed=45.97327093)
    vehicle4.accelerate(trigger_sequence=1, target_speed=44.31969575)
    vehicle3.changeLane(trigger_sequence=2, target_lane=1, target_speed=59.06626686)
    vehicle3.accelerate(trigger_sequence=3, target_speed=41.71969716)
    vehicle4.changeLane(trigger_sequence=4, target_lane=1, target_speed=23.79908926)
    vehicle2.accelerate(trigger_sequence=5, target_speed=37.52437085)
    vehicle4.changeLane(trigger_sequence=5, target_lane=1, target_speed=35.62806891)

2025-04-22 Tuesday 17:42:38  random_test.py : INFO  === Evaluation Finished === 
 Fitness: [3.499608109252327, -0.5982608695652174], Collision: False
2025-04-22 Tuesday 17:42:44  random_test.py : INFO  === Evaluate Testcase === 
 def testcase(self):
    vehicle1 = NPC(lane_id=1, offset=40.05102499, initial_speed=24.39602579)
    ego = NPC(lane_id=5, offset=46.26382911, initial_speed=2.25083605)
    vehicle3 = NPC(lane_id=5, offset=21.7774223, initial_speed=15.51251131)
    vehicle3.changeLane(trigger_sequence=1, target_lane=3, target_speed=41.37591853)
    vehicle1.decelerate(trigger_sequence=3, target_speed=2.74466745)
    vehicle3.accelerate(trigger_sequence=3, target_speed=40.83350399)
    vehicle1.decelerate(trigger_sequence=4, target_speed=15.67902946)
    vehicle3.decelerate(trigger_sequence=4, target_speed=19.81907032)
    vehicle1.changeLane(trigger_sequence=5, target_lane=3, target_speed=43.89000488)

2025-04-22 Tuesday 17:42:44  random_test.py : INFO  === Evaluation Finished === 
 Fitness: [4.741926657947975, -0.5445378151260504], Collision: True
2025-04-22 Tuesday 17:42:44  random_test.py : INFO  === Find a coollision ===
2025-04-22 Tuesday 17:42:51  random_test.py : INFO  === Evaluate Testcase === 
 def testcase(self):
    vehicle1 = NPC(lane_id=2, offset=14.27190377, initial_speed=4.53124726)
    ego = NPC(lane_id=3, offset=34.53117342, initial_speed=0.65590287)
    vehicle3 = NPC(lane_id=5, offset=13.81012064, initial_speed=19.3306545)
    vehicle1.decelerate(trigger_sequence=1, target_speed=3.16966952)
    vehicle1.changeLane(trigger_sequence=2, target_lane=3, target_speed=46.07012044)
    vehicle1.accelerate(trigger_sequence=3, target_speed=49.81110269)
    vehicle3.changeLane(trigger_sequence=3, target_lane=3, target_speed=48.09015784)
    vehicle1.decelerate(trigger_sequence=4, target_speed=11.91391613)
    vehicle3.decelerate(trigger_sequence=4, target_speed=20.21441319)
    vehicle1.accelerate(trigger_sequence=5, target_speed=38.02841775)
    vehicle3.changeLane(trigger_sequence=5, target_lane=1, target_speed=9.53147848)

2025-04-22 Tuesday 17:42:51  random_test.py : INFO  === Evaluation Finished === 
 Fitness: [3.4935876265932126, -0.6430976430976431], Collision: False
2025-04-22 Tuesday 17:42:58  random_test.py : INFO  === Evaluate Testcase === 
 def testcase(self):
    vehicle1 = NPC(lane_id=1, offset=40.36574146, initial_speed=13.81165702)
    ego = NPC(lane_id=2, offset=29.2266459, initial_speed=16.68004869)
    vehicle1.changeLane(trigger_sequence=1, target_lane=3, target_speed=1.37108452)
    vehicle1.decelerate(trigger_sequence=2, target_speed=15.12335917)
    vehicle1.changeLane(trigger_sequence=3, target_lane=3, target_speed=27.07427906)
    vehicle1.changeLane(trigger_sequence=4, target_lane=1, target_speed=16.55125233)

2025-04-22 Tuesday 17:42:58  random_test.py : INFO  === Evaluation Finished === 
 Fitness: [3.499507746302342, -0.02586206896551724], Collision: True
2025-04-22 Tuesday 17:42:58  random_test.py : INFO  === Find a coollision ===
2025-04-22 Tuesday 17:43:06  random_test.py : INFO  === Evaluate Testcase === 
 def testcase(self):
    ego = NPC(lane_id=5, offset=7.40435277, initial_speed=21.55560625)
    vehicle2 = NPC(lane_id=1, offset=22.07801171, initial_speed=20.15006643)
    vehicle3 = NPC(lane_id=2, offset=24.75544006, initial_speed=18.58131389)
    vehicle2.decelerate(trigger_sequence=1, target_speed=2.87772727)
    vehicle3.accelerate(trigger_sequence=1, target_speed=58.70037345)
    vehicle2.changeLane(trigger_sequence=2, target_lane=3, target_speed=3.71917871)
    vehicle3.changeLane(trigger_sequence=3, target_lane=1, target_speed=25.40897573)
    vehicle3.changeLane(trigger_sequence=4, target_lane=3, target_speed=29.0097478)

2025-04-22 Tuesday 17:43:06  random_test.py : INFO  === Evaluation Finished === 
 Fitness: [14.000264602807162, -0.5654450261780105], Collision: False
2025-04-22 Tuesday 17:43:12  random_test.py : INFO  === Evaluate Testcase === 
 def testcase(self):
    vehicle1 = NPC(lane_id=1, offset=19.22418264, initial_speed=14.03327583)
    vehicle2 = NPC(lane_id=5, offset=23.71732336, initial_speed=6.31156383)
    ego = NPC(lane_id=2, offset=5.02857115, initial_speed=33.49818488)
    vehicle1.changeLane(trigger_sequence=1, target_lane=3, target_speed=9.00933422)
    vehicle1.changeLane(trigger_sequence=2, target_lane=3, target_speed=52.71882795)
    vehicle2.decelerate(trigger_sequence=2, target_speed=8.86596031)
    vehicle1.changeLane(trigger_sequence=3, target_lane=3, target_speed=9.48536333)
    vehicle1.changeLane(trigger_sequence=5, target_lane=3, target_speed=33.78198318)
    vehicle2.changeLane(trigger_sequence=5, target_lane=3, target_speed=7.32980638)

2025-04-22 Tuesday 17:43:12  random_test.py : INFO  === Evaluation Finished === 
 Fitness: [3.500511378609686, -0.35315315315315315], Collision: False
2025-04-22 Tuesday 17:43:19  random_test.py : INFO  === Evaluate Testcase === 
 def testcase(self):
    vehicle1 = NPC(lane_id=4, offset=27.56613424, initial_speed=8.14224016)
    ego = NPC(lane_id=3, offset=7.66343233, initial_speed=1.81255637)
    vehicle1.changeLane(trigger_sequence=1, target_lane=3, target_speed=29.91371934)
    vehicle1.decelerate(trigger_sequence=5, target_speed=12.41194683)

2025-04-22 Tuesday 17:43:19  random_test.py : INFO  === Evaluation Finished === 
 Fitness: [20.32108716115476, -0.6138279932546374], Collision: False
2025-04-22 Tuesday 17:43:26  random_test.py : INFO  === Evaluate Testcase === 
 def testcase(self):
    vehicle1 = NPC(lane_id=1, offset=17.99328434, initial_speed=21.3628455)
    vehicle2 = NPC(lane_id=1, offset=6.4890646, initial_speed=11.67912799)
    ego = NPC(lane_id=2, offset=26.56371198, initial_speed=19.79638458)
    vehicle4 = NPC(lane_id=4, offset=45.65452739, initial_speed=32.77651597)
    vehicle1.accelerate(trigger_sequence=1, target_speed=44.94144522)
    vehicle4.decelerate(trigger_sequence=1, target_speed=6.31116497)
    vehicle2.accelerate(trigger_sequence=3, target_speed=34.74994826)
    vehicle4.decelerate(trigger_sequence=3, target_speed=7.83952083)
    vehicle2.changeLane(trigger_sequence=4, target_lane=1, target_speed=51.83895527)
    vehicle4.accelerate(trigger_sequence=4, target_speed=48.61144241)
    vehicle1.decelerate(trigger_sequence=5, target_speed=4.71363478)
    vehicle2.changeLane(trigger_sequence=5, target_lane=1, target_speed=4.54878728)
    vehicle4.changeLane(trigger_sequence=5, target_lane=1, target_speed=31.33127412)

2025-04-22 Tuesday 17:43:26  random_test.py : INFO  === Evaluation Finished === 
 Fitness: [3.4992137601188826, -0.5989583333333334], Collision: False
2025-04-22 Tuesday 17:43:32  random_test.py : INFO  === Evaluate Testcase === 
 def testcase(self):
    vehicle1 = NPC(lane_id=5, offset=32.29218579, initial_speed=0.19379434)
    ego = NPC(lane_id=5, offset=10.16801807, initial_speed=18.20122452)
    vehicle1.decelerate(trigger_sequence=1, target_speed=24.27391283)
    vehicle1.changeLane(trigger_sequence=2, target_lane=3, target_speed=53.68326987)
    vehicle1.accelerate(trigger_sequence=3, target_speed=48.26477397)
    vehicle1.accelerate(trigger_sequence=4, target_speed=47.11282129)

2025-04-22 Tuesday 17:43:32  random_test.py : INFO  === Evaluation Finished === 
 Fitness: [7.689933782910934, -0.10380622837370242], Collision: False
2025-04-22 Tuesday 17:43:39  random_test.py : INFO  === Evaluate Testcase === 
 def testcase(self):
    vehicle1 = NPC(lane_id=5, offset=11.4121908, initial_speed=3.1211286)
    vehicle2 = NPC(lane_id=4, offset=35.15334969, initial_speed=5.61440584)
    ego = NPC(lane_id=3, offset=47.62605703, initial_speed=37.32749057)
    vehicle4 = NPC(lane_id=5, offset=44.24231709, initial_speed=4.26616635)
    vehicle4.changeLane(trigger_sequence=1, target_lane=1, target_speed=4.49645307)
    vehicle1.changeLane(trigger_sequence=2, target_lane=3, target_speed=39.37185582)
    vehicle2.accelerate(trigger_sequence=2, target_speed=43.50522184)
    vehicle1.accelerate(trigger_sequence=3, target_speed=47.49067235)
    vehicle2.accelerate(trigger_sequence=3, target_speed=53.84280288)
    vehicle4.decelerate(trigger_sequence=3, target_speed=13.7062746)
    vehicle2.accelerate(trigger_sequence=4, target_speed=35.48052705)
    vehicle1.accelerate(trigger_sequence=5, target_speed=59.12372519)

2025-04-22 Tuesday 17:43:39  random_test.py : INFO  === Evaluation Finished === 
 Fitness: [7.503812395647738, -0.27140255009107467], Collision: False
2025-04-22 Tuesday 17:43:46  random_test.py : INFO  === Evaluate Testcase === 
 def testcase(self):
    vehicle1 = NPC(lane_id=3, offset=25.07358742, initial_speed=9.16576331)
    ego = NPC(lane_id=2, offset=18.88670062, initial_speed=16.43712097)
    vehicle1.changeLane(trigger_sequence=2, target_lane=1, target_speed=47.46866241)
    vehicle1.decelerate(trigger_sequence=4, target_speed=17.65744372)

2025-04-22 Tuesday 17:43:46  random_test.py : INFO  === Evaluation Finished === 
 Fitness: [3.2674727099735907, -0.23657718120805368], Collision: True
2025-04-22 Tuesday 17:43:46  random_test.py : INFO  === Find a coollision ===
2025-04-22 Tuesday 17:43:53  random_test.py : INFO  === Evaluate Testcase === 
 def testcase(self):
    vehicle1 = NPC(lane_id=4, offset=5.55656598, initial_speed=16.17134882)
    ego = NPC(lane_id=5, offset=44.4211343, initial_speed=23.41628482)
    vehicle3 = NPC(lane_id=3, offset=24.63042003, initial_speed=20.40880102)
    vehicle4 = NPC(lane_id=1, offset=26.78531799, initial_speed=10.77746964)
    vehicle4.changeLane(trigger_sequence=1, target_lane=1, target_speed=45.51591053)
    vehicle3.changeLane(trigger_sequence=2, target_lane=3, target_speed=1.97558973)
    vehicle4.changeLane(trigger_sequence=2, target_lane=3, target_speed=15.72366948)
    vehicle1.accelerate(trigger_sequence=3, target_speed=41.31263859)
    vehicle1.accelerate(trigger_sequence=4, target_speed=50.92484173)
    vehicle4.accelerate(trigger_sequence=4, target_speed=41.2341005)
    vehicle3.changeLane(trigger_sequence=5, target_lane=3, target_speed=6.61766988)
    vehicle4.changeLane(trigger_sequence=5, target_lane=3, target_speed=14.56336772)

2025-04-22 Tuesday 17:43:53  random_test.py : INFO  === Evaluation Finished === 
 Fitness: [3.5018290998324617, -0.5440140845070423], Collision: False
2025-04-22 Tuesday 17:43:58  random_test.py : INFO  === Evaluate Testcase === 
 def testcase(self):
    vehicle1 = NPC(lane_id=2, offset=40.29257024, initial_speed=0.45262583)
    ego = NPC(lane_id=2, offset=32.76549165, initial_speed=15.22335687)
    vehicle3 = NPC(lane_id=2, offset=28.55594381, initial_speed=1.14812517)
    vehicle1.decelerate(trigger_sequence=1, target_speed=24.71257232)
    vehicle1.decelerate(trigger_sequence=4, target_speed=6.42082598)
    vehicle3.accelerate(trigger_sequence=4, target_speed=41.37785507)

2025-04-22 Tuesday 17:43:58  random_test.py : INFO  === Evaluation Finished === 
 Fitness: [inf, 0], Collision: False
2025-04-22 Tuesday 17:44:04  random_test.py : INFO  === Evaluate Testcase === 
 def testcase(self):
    ego = NPC(lane_id=3, offset=28.83640107, initial_speed=6.19182318)
    vehicle2 = NPC(lane_id=2, offset=43.08216672, initial_speed=17.47938763)
    vehicle2.accelerate(trigger_sequence=1, target_speed=35.04804889)
    vehicle2.accelerate(trigger_sequence=4, target_speed=30.33324684)
    vehicle2.accelerate(trigger_sequence=5, target_speed=41.42090387)

2025-04-22 Tuesday 17:44:04  random_test.py : INFO  === Evaluation Finished === 
 Fitness: [14.903138634919957, -0.7283333333333334], Collision: False
2025-04-22 Tuesday 17:44:10  random_test.py : INFO  === Evaluate Testcase === 
 def testcase(self):
    ego = NPC(lane_id=4, offset=2.25214563, initial_speed=37.51941334)
    vehicle2 = NPC(lane_id=1, offset=2.31442206, initial_speed=32.14779004)
    vehicle3 = NPC(lane_id=5, offset=23.83301366, initial_speed=29.56802988)
    vehicle2.changeLane(trigger_sequence=1, target_lane=1, target_speed=0.61427899)
    vehicle3.accelerate(trigger_sequence=1, target_speed=58.8005323)
    vehicle2.changeLane(trigger_sequence=4, target_lane=1, target_speed=45.21539687)
    vehicle2.decelerate(trigger_sequence=5, target_speed=5.66939975)
    vehicle3.accelerate(trigger_sequence=5, target_speed=34.04541909)

2025-04-22 Tuesday 17:44:10  random_test.py : INFO  === Evaluation Finished === 
 Fitness: [10.49963077560734, -0.28415300546448086], Collision: False
2025-04-22 Tuesday 17:44:15  random_test.py : INFO  === Evaluate Testcase === 
 def testcase(self):
    ego = NPC(lane_id=5, offset=23.49392316, initial_speed=21.57618374)
    vehicle2 = NPC(lane_id=5, offset=24.09464123, initial_speed=35.23783781)
    vehicle2.decelerate(trigger_sequence=1, target_speed=22.26120937)
    vehicle2.accelerate(trigger_sequence=5, target_speed=50.0958236)

2025-04-22 Tuesday 17:44:15  random_test.py : INFO  === Evaluation Finished === 
 Fitness: [inf, 0], Collision: False
2025-04-22 Tuesday 17:44:22  random_test.py : INFO  === Evaluate Testcase === 
 def testcase(self):
    ego = NPC(lane_id=3, offset=37.21783303, initial_speed=28.87172991)
    vehicle2 = NPC(lane_id=2, offset=20.18667925, initial_speed=20.53707374)
    vehicle3 = NPC(lane_id=2, offset=29.31870727, initial_speed=19.00498502)
    vehicle3.decelerate(trigger_sequence=1, target_speed=16.23078115)
    vehicle2.accelerate(trigger_sequence=2, target_speed=54.77661823)
    vehicle3.accelerate(trigger_sequence=2, target_speed=58.3589928)
    vehicle2.changeLane(trigger_sequence=3, target_lane=3, target_speed=36.03257037)
    vehicle3.changeLane(trigger_sequence=3, target_lane=1, target_speed=58.95083701)
    vehicle2.decelerate(trigger_sequence=4, target_speed=9.97307919)
    vehicle3.decelerate(trigger_sequence=4, target_speed=13.69767461)

2025-04-22 Tuesday 17:44:22  random_test.py : INFO  === Evaluation Finished === 
 Fitness: [4.9685699210594985, -0.37967914438502676], Collision: False
2025-04-22 Tuesday 17:44:28  random_test.py : INFO  === Evaluate Testcase === 
 def testcase(self):
    ego = NPC(lane_id=5, offset=35.13322044, initial_speed=35.89304431)
    vehicle2 = NPC(lane_id=1, offset=10.2476092, initial_speed=7.17006877)
    vehicle3 = NPC(lane_id=3, offset=3.6957657, initial_speed=34.09428315)
    vehicle4 = NPC(lane_id=1, offset=18.59031814, initial_speed=20.98034011)
    vehicle2.decelerate(trigger_sequence=1, target_speed=26.95747605)
    vehicle4.accelerate(trigger_sequence=1, target_speed=44.8536941)
    vehicle2.decelerate(trigger_sequence=2, target_speed=8.70516937)
    vehicle3.decelerate(trigger_sequence=2, target_speed=5.46880524)
    vehicle4.decelerate(trigger_sequence=2, target_speed=1.54285429)
    vehicle2.changeLane(trigger_sequence=4, target_lane=1, target_speed=42.83681746)
    vehicle4.changeLane(trigger_sequence=4, target_lane=1, target_speed=21.46999696)
    vehicle3.changeLane(trigger_sequence=5, target_lane=3, target_speed=37.95648205)

2025-04-22 Tuesday 17:44:28  random_test.py : INFO  === Evaluation Finished === 
 Fitness: [18.046111015163614, -0.3030852994555354], Collision: False
2025-04-22 Tuesday 17:44:35  random_test.py : INFO  === Evaluate Testcase === 
 def testcase(self):
    vehicle1 = NPC(lane_id=3, offset=30.85905619, initial_speed=20.51797077)
    vehicle2 = NPC(lane_id=2, offset=12.31760038, initial_speed=14.80342452)
    ego = NPC(lane_id=5, offset=32.57843141, initial_speed=35.58613477)
    vehicle2.accelerate(trigger_sequence=1, target_speed=52.57015914)
    vehicle1.accelerate(trigger_sequence=4, target_speed=48.58547792)
    vehicle2.changeLane(trigger_sequence=4, target_lane=1, target_speed=12.21865976)
    vehicle2.decelerate(trigger_sequence=5, target_speed=5.96893565)

2025-04-22 Tuesday 17:44:35  random_test.py : INFO  === Evaluation Finished === 
 Fitness: [6.990794216311846, -0.3061594202898551], Collision: False
2025-04-22 Tuesday 17:44:42  random_test.py : INFO  === Evaluate Testcase === 
 def testcase(self):
    vehicle1 = NPC(lane_id=3, offset=9.16273909, initial_speed=39.32076815)
    vehicle2 = NPC(lane_id=3, offset=24.84388357, initial_speed=31.61524153)
    vehicle3 = NPC(lane_id=3, offset=4.11243558, initial_speed=3.58521804)
    ego = NPC(lane_id=1, offset=10.18505988, initial_speed=20.48818873)
    vehicle1.decelerate(trigger_sequence=1, target_speed=15.87647241)
    vehicle2.changeLane(trigger_sequence=1, target_lane=1, target_speed=14.53863193)
    vehicle3.changeLane(trigger_sequence=1, target_lane=3, target_speed=28.2441283)
    vehicle1.accelerate(trigger_sequence=3, target_speed=46.53793341)
    vehicle3.changeLane(trigger_sequence=3, target_lane=3, target_speed=54.5259829)
    vehicle3.changeLane(trigger_sequence=4, target_lane=3, target_speed=57.432419)
    vehicle3.decelerate(trigger_sequence=5, target_speed=15.1789145)

2025-04-22 Tuesday 17:44:42  random_test.py : INFO  === Evaluation Finished === 
 Fitness: [0.06967805355776825, -0.5982608695652174], Collision: False
2025-04-22 Tuesday 17:44:47  random_test.py : INFO  === Evaluate Testcase === 
 def testcase(self):
    vehicle1 = NPC(lane_id=2, offset=26.57660616, initial_speed=15.42978527)
    ego = NPC(lane_id=2, offset=28.48824815, initial_speed=3.2383144)
    vehicle3 = NPC(lane_id=5, offset=5.13623216, initial_speed=33.86316889)
    vehicle4 = NPC(lane_id=4, offset=4.0853577, initial_speed=14.25909258)
    vehicle3.decelerate(trigger_sequence=1, target_speed=2.68392232)
    vehicle1.changeLane(trigger_sequence=3, target_lane=3, target_speed=30.94102448)
    vehicle3.accelerate(trigger_sequence=3, target_speed=52.35060006)
    vehicle4.changeLane(trigger_sequence=3, target_lane=1, target_speed=14.01228409)
    vehicle1.accelerate(trigger_sequence=4, target_speed=35.73383026)
    vehicle3.accelerate(trigger_sequence=4, target_speed=55.52355037)
    vehicle4.accelerate(trigger_sequence=4, target_speed=51.57887332)
    vehicle4.decelerate(trigger_sequence=5, target_speed=15.19293932)

2025-04-22 Tuesday 17:44:47  random_test.py : INFO  === Evaluation Finished === 
 Fitness: [inf, 0], Collision: False
2025-04-22 Tuesday 17:44:54  random_test.py : INFO  === Evaluate Testcase === 
 def testcase(self):
    vehicle1 = NPC(lane_id=4, offset=48.12348504, initial_speed=4.23484853)
    ego = NPC(lane_id=1, offset=12.11806209, initial_speed=30.33260557)
    vehicle3 = NPC(lane_id=5, offset=7.46549573, initial_speed=6.86007297)
    vehicle4 = NPC(lane_id=3, offset=17.88300283, initial_speed=1.86880099)
    vehicle3.decelerate(trigger_sequence=1, target_speed=21.99486155)
    vehicle1.accelerate(trigger_sequence=3, target_speed=33.62000832)
    vehicle3.accelerate(trigger_sequence=3, target_speed=54.92787589)
    vehicle1.decelerate(trigger_sequence=4, target_speed=1.18304739)
    vehicle3.changeLane(trigger_sequence=5, target_lane=3, target_speed=22.89993207)

2025-04-22 Tuesday 17:44:54  random_test.py : INFO  === Evaluation Finished === 
 Fitness: [7.004551848536795, -0.38998211091234347], Collision: False
2025-04-22 Tuesday 17:45:00  random_test.py : INFO  === Evaluate Testcase === 
 def testcase(self):
    ego = NPC(lane_id=4, offset=23.28363908, initial_speed=16.16521946)
    vehicle2 = NPC(lane_id=2, offset=3.43279653, initial_speed=20.50900083)
    vehicle2.changeLane(trigger_sequence=1, target_lane=3, target_speed=50.57585682)
    vehicle2.accelerate(trigger_sequence=2, target_speed=32.40711456)
    vehicle2.changeLane(trigger_sequence=3, target_lane=1, target_speed=9.14440603)
    vehicle2.accelerate(trigger_sequence=4, target_speed=38.72110236)
    vehicle2.changeLane(trigger_sequence=5, target_lane=3, target_speed=54.17637284)

2025-04-22 Tuesday 17:45:00  random_test.py : INFO  === Evaluation Finished === 
 Fitness: [4.028044257473111, -0.02348993288590604], Collision: False
2025-04-22 Tuesday 17:45:07  random_test.py : INFO  === Evaluate Testcase === 
 def testcase(self):
    ego = NPC(lane_id=5, offset=29.70422644, initial_speed=21.23754927)
    vehicle2 = NPC(lane_id=4, offset=39.0835204, initial_speed=6.28392405)
    vehicle2.changeLane(trigger_sequence=4, target_lane=3, target_speed=55.12660628)
    vehicle2.changeLane(trigger_sequence=5, target_lane=3, target_speed=53.32736649)

2025-04-22 Tuesday 17:45:07  random_test.py : INFO  === Evaluation Finished === 
 Fitness: [3.5001203868056883, -0.573170731707317], Collision: False
2025-04-22 Tuesday 17:45:13  random_test.py : INFO  === Evaluate Testcase === 
 def testcase(self):
    ego = NPC(lane_id=1, offset=8.67508844, initial_speed=31.96169844)
    vehicle2 = NPC(lane_id=3, offset=48.03488331, initial_speed=12.7105985)
    vehicle2.accelerate(trigger_sequence=1, target_speed=42.60185158)
    vehicle2.changeLane(trigger_sequence=2, target_lane=1, target_speed=39.93240102)
    vehicle2.accelerate(trigger_sequence=5, target_speed=46.84153546)

2025-04-22 Tuesday 17:45:13  random_test.py : INFO  === Evaluation Finished === 
 Fitness: [16.23134537924791, -0.3734290843806104], Collision: False
2025-04-22 Tuesday 17:45:20  random_test.py : INFO  === Evaluate Testcase === 
 def testcase(self):
    vehicle1 = NPC(lane_id=4, offset=39.32405084, initial_speed=8.16316247)
    vehicle2 = NPC(lane_id=1, offset=49.60203158, initial_speed=17.30764771)
    ego = NPC(lane_id=3, offset=13.07291319, initial_speed=10.03687796)
    vehicle4 = NPC(lane_id=2, offset=16.25920828, initial_speed=34.68559179)
    vehicle2.decelerate(trigger_sequence=1, target_speed=22.24764646)
    vehicle4.changeLane(trigger_sequence=1, target_lane=1, target_speed=25.93179724)
    vehicle1.accelerate(trigger_sequence=2, target_speed=38.63512226)
    vehicle2.changeLane(trigger_sequence=2, target_lane=3, target_speed=48.6898618)
    vehicle4.accelerate(trigger_sequence=2, target_speed=39.75936305)
    vehicle4.accelerate(trigger_sequence=3, target_speed=50.79751224)
    vehicle1.accelerate(trigger_sequence=4, target_speed=31.66135895)
    vehicle4.changeLane(trigger_sequence=4, target_lane=3, target_speed=15.72476806)
    vehicle1.accelerate(trigger_sequence=5, target_speed=50.34180337)
    vehicle2.accelerate(trigger_sequence=5, target_speed=52.61999419)

2025-04-22 Tuesday 17:45:20  random_test.py : INFO  === Evaluation Finished === 
 Fitness: [5.063608105425937, -0.021666666666666667], Collision: False
2025-04-22 Tuesday 17:45:27  random_test.py : INFO  === Evaluate Testcase === 
 def testcase(self):
    vehicle1 = NPC(lane_id=3, offset=42.80244472, initial_speed=19.34342365)
    vehicle2 = NPC(lane_id=2, offset=24.30809747, initial_speed=14.01085184)
    ego = NPC(lane_id=1, offset=35.2604802, initial_speed=21.76193185)
    vehicle4 = NPC(lane_id=1, offset=29.85181386, initial_speed=33.17337933)
    vehicle1.decelerate(trigger_sequence=2, target_speed=4.78831866)
    vehicle4.changeLane(trigger_sequence=2, target_lane=3, target_speed=14.59045608)
    vehicle1.decelerate(trigger_sequence=3, target_speed=3.68636462)
    vehicle4.decelerate(trigger_sequence=3, target_speed=0.96149494)
    vehicle2.decelerate(trigger_sequence=4, target_speed=29.43591636)
    vehicle4.changeLane(trigger_sequence=4, target_lane=1, target_speed=29.03303816)
    vehicle1.accelerate(trigger_sequence=5, target_speed=39.06044856)
    vehicle2.changeLane(trigger_sequence=5, target_lane=1, target_speed=31.77860462)
    vehicle4.changeLane(trigger_sequence=5, target_lane=1, target_speed=34.1330058)

2025-04-22 Tuesday 17:45:27  random_test.py : INFO  === Evaluation Finished === 
 Fitness: [4.725622905445738, -0.541038525963149], Collision: True
2025-04-22 Tuesday 17:45:27  random_test.py : INFO  === Find a coollision ===
2025-04-22 Tuesday 17:45:34  random_test.py : INFO  === Evaluate Testcase === 
 def testcase(self):
    vehicle1 = NPC(lane_id=2, offset=40.8857999, initial_speed=8.81834189)
    ego = NPC(lane_id=3, offset=48.28842519, initial_speed=32.960128)
    vehicle3 = NPC(lane_id=5, offset=49.57754419, initial_speed=9.12875125)
    vehicle1.decelerate(trigger_sequence=1, target_speed=8.94663398)
    vehicle1.decelerate(trigger_sequence=2, target_speed=24.42249574)
    vehicle1.accelerate(trigger_sequence=3, target_speed=50.89216046)
    vehicle3.decelerate(trigger_sequence=3, target_speed=6.04796143)
    vehicle1.changeLane(trigger_sequence=4, target_lane=1, target_speed=19.55833612)
    vehicle1.changeLane(trigger_sequence=5, target_lane=3, target_speed=50.59361727)

2025-04-22 Tuesday 17:45:34  random_test.py : INFO  === Evaluation Finished === 
 Fitness: [6.696888904919127, -0.36936936936936937], Collision: False
2025-04-22 Tuesday 17:45:40  random_test.py : INFO  === Evaluate Testcase === 
 def testcase(self):
    ego = NPC(lane_id=1, offset=31.42128218, initial_speed=21.40900527)
    vehicle2 = NPC(lane_id=4, offset=22.45508385, initial_speed=37.56845574)
    vehicle2.accelerate(trigger_sequence=1, target_speed=33.54112009)
    vehicle2.changeLane(trigger_sequence=3, target_lane=3, target_speed=25.53219102)
    vehicle2.accelerate(trigger_sequence=5, target_speed=58.88306641)

2025-04-22 Tuesday 17:45:40  random_test.py : INFO  === Evaluation Finished === 
 Fitness: [10.507963210061206, -0.5696864111498258], Collision: False
2025-04-22 Tuesday 17:45:47  random_test.py : INFO  === Evaluate Testcase === 
 def testcase(self):
    ego = NPC(lane_id=3, offset=47.67159245, initial_speed=18.1595175)
    vehicle2 = NPC(lane_id=5, offset=44.862403, initial_speed=18.4035493)
    vehicle3 = NPC(lane_id=3, offset=36.93094126, initial_speed=39.09091649)
    vehicle2.changeLane(trigger_sequence=4, target_lane=3, target_speed=4.76046781)

2025-04-22 Tuesday 17:45:47  random_test.py : INFO  === Evaluation Finished === 
 Fitness: [4.769929250707634, -0.008635578583765112], Collision: True
2025-04-22 Tuesday 17:45:47  random_test.py : INFO  === Find a coollision ===
2025-04-22 Tuesday 17:45:53  random_test.py : INFO  === Evaluate Testcase === 
 def testcase(self):
    vehicle1 = NPC(lane_id=2, offset=8.53614399, initial_speed=30.49833487)
    ego = NPC(lane_id=2, offset=1.12096334, initial_speed=7.35589654)
    vehicle1.changeLane(trigger_sequence=3, target_lane=3, target_speed=7.84019904)

2025-04-22 Tuesday 17:45:53  random_test.py : INFO  === Evaluation Finished === 
 Fitness: [7.83877072587776, -0.018333333333333333], Collision: False
2025-04-22 Tuesday 17:45:59  random_test.py : INFO  === Evaluate Testcase === 
 def testcase(self):
    ego = NPC(lane_id=1, offset=32.30441941, initial_speed=29.59959449)
    vehicle2 = NPC(lane_id=2, offset=0.36024647, initial_speed=38.1515213)
    vehicle2.changeLane(trigger_sequence=2, target_lane=3, target_speed=56.49679577)
    vehicle2.decelerate(trigger_sequence=3, target_speed=0.62450923)
    vehicle2.decelerate(trigger_sequence=4, target_speed=4.22731945)

2025-04-22 Tuesday 17:45:59  random_test.py : INFO  === Evaluation Finished === 
 Fitness: [3.5291194235861516, -0.46785714285714286], Collision: False
2025-04-22 Tuesday 17:46:06  random_test.py : INFO  === Evaluate Testcase === 
 def testcase(self):
    ego = NPC(lane_id=1, offset=38.71242053, initial_speed=20.5486471)
    vehicle2 = NPC(lane_id=4, offset=39.72148614, initial_speed=37.37422229)
    vehicle3 = NPC(lane_id=5, offset=24.51005499, initial_speed=36.15017444)
    vehicle2.changeLane(trigger_sequence=1, target_lane=3, target_speed=25.54898684)
    vehicle3.accelerate(trigger_sequence=1, target_speed=44.52513622)
    vehicle2.changeLane(trigger_sequence=2, target_lane=1, target_speed=18.3364302)
    vehicle2.changeLane(trigger_sequence=3, target_lane=1, target_speed=50.20094979)
    vehicle3.changeLane(trigger_sequence=3, target_lane=1, target_speed=49.71728693)
    vehicle2.accelerate(trigger_sequence=4, target_speed=55.57686936)
    vehicle2.decelerate(trigger_sequence=5, target_speed=26.48576289)

2025-04-22 Tuesday 17:46:06  random_test.py : INFO  === Evaluation Finished === 
 Fitness: [10.706746576805164, -0.6], Collision: False
2025-04-22 Tuesday 17:46:12  random_test.py : INFO  === Evaluate Testcase === 
 def testcase(self):
    vehicle1 = NPC(lane_id=1, offset=38.02015293, initial_speed=14.54268156)
    ego = NPC(lane_id=1, offset=19.43623215, initial_speed=4.5738791)
    vehicle1.decelerate(trigger_sequence=1, target_speed=13.04593127)
    vehicle1.decelerate(trigger_sequence=3, target_speed=22.30847642)
    vehicle1.accelerate(trigger_sequence=4, target_speed=48.66042736)
    vehicle1.accelerate(trigger_sequence=5, target_speed=35.08890323)

2025-04-22 Tuesday 17:46:12  random_test.py : INFO  === Evaluation Finished === 
 Fitness: [18.785904138193747, -0.5033333333333333], Collision: False
2025-04-22 Tuesday 17:46:19  random_test.py : INFO  === Evaluate Testcase === 
 def testcase(self):
    vehicle1 = NPC(lane_id=1, offset=14.15052042, initial_speed=23.59095731)
    ego = NPC(lane_id=3, offset=21.64223501, initial_speed=14.34972969)
    vehicle3 = NPC(lane_id=3, offset=7.31982819, initial_speed=35.63847932)
    vehicle3.changeLane(trigger_sequence=1, target_lane=3, target_speed=47.85962984)
    vehicle3.changeLane(trigger_sequence=3, target_lane=3, target_speed=4.78614294)
    vehicle3.changeLane(trigger_sequence=4, target_lane=1, target_speed=14.85948313)
    vehicle3.decelerate(trigger_sequence=5, target_speed=15.36974305)

2025-04-22 Tuesday 17:46:19  random_test.py : INFO  === Evaluation Finished === 
 Fitness: [4.758604058519918, -0.0451505016722408], Collision: True
2025-04-22 Tuesday 17:46:19  random_test.py : INFO  === Find a coollision ===
2025-04-22 Tuesday 17:46:26  random_test.py : INFO  === Evaluate Testcase === 
 def testcase(self):
    vehicle1 = NPC(lane_id=3, offset=18.87067374, initial_speed=16.49053771)
    vehicle2 = NPC(lane_id=5, offset=21.7918731, initial_speed=14.1060578)
    ego = NPC(lane_id=1, offset=37.4008232, initial_speed=12.48734218)
    vehicle1.accelerate(trigger_sequence=1, target_speed=51.65784687)
    vehicle2.decelerate(trigger_sequence=1, target_speed=18.0009242)
    vehicle2.accelerate(trigger_sequence=2, target_speed=45.89182601)
    vehicle1.accelerate(trigger_sequence=3, target_speed=45.04729552)
    vehicle2.decelerate(trigger_sequence=3, target_speed=3.28745022)
    vehicle1.changeLane(trigger_sequence=4, target_lane=3, target_speed=38.15480486)
    vehicle1.accelerate(trigger_sequence=5, target_speed=37.4628346)

2025-04-22 Tuesday 17:46:26  random_test.py : INFO  === Evaluation Finished === 
 Fitness: [7.000766785095807, -0.03005008347245409], Collision: False
2025-04-22 Tuesday 17:46:33  random_test.py : INFO  === Evaluate Testcase === 
 def testcase(self):
    vehicle1 = NPC(lane_id=5, offset=32.83714515, initial_speed=31.71606599)
    vehicle2 = NPC(lane_id=5, offset=44.52656986, initial_speed=9.1188359)
    ego = NPC(lane_id=2, offset=42.36816999, initial_speed=35.06494145)
    vehicle2.decelerate(trigger_sequence=1, target_speed=9.95324086)
    vehicle1.changeLane(trigger_sequence=2, target_lane=1, target_speed=14.6298606)
    vehicle1.changeLane(trigger_sequence=3, target_lane=3, target_speed=20.33416903)
    vehicle2.accelerate(trigger_sequence=3, target_speed=34.97544828)
    vehicle2.accelerate(trigger_sequence=4, target_speed=52.3398477)
    vehicle1.accelerate(trigger_sequence=5, target_speed=55.11089719)
    vehicle2.decelerate(trigger_sequence=5, target_speed=22.40815802)

2025-04-22 Tuesday 17:46:33  random_test.py : INFO  === Evaluation Finished === 
 Fitness: [10.500675077413261, -0.32730560578661844], Collision: False
2025-04-22 Tuesday 17:46:39  random_test.py : INFO  === Evaluate Testcase === 
 def testcase(self):
    vehicle1 = NPC(lane_id=5, offset=48.33800313, initial_speed=6.57940824)
    ego = NPC(lane_id=1, offset=38.97944756, initial_speed=16.1206879)
    vehicle1.decelerate(trigger_sequence=3, target_speed=4.55834369)

2025-04-22 Tuesday 17:46:39  random_test.py : INFO  === Evaluation Finished === 
 Fitness: [14.000540454368698, -0.02181208053691275], Collision: False
2025-04-22 Tuesday 17:46:45  random_test.py : INFO  === Evaluate Testcase === 
 def testcase(self):
    ego = NPC(lane_id=1, offset=29.06877131, initial_speed=20.37377144)
    vehicle2 = NPC(lane_id=1, offset=23.6718903, initial_speed=33.87242776)
    vehicle3 = NPC(lane_id=1, offset=0.36899006, initial_speed=5.30849222)
    vehicle2.changeLane(trigger_sequence=1, target_lane=1, target_speed=50.79071369)
    vehicle2.accelerate(trigger_sequence=2, target_speed=45.17287048)
    vehicle2.changeLane(trigger_sequence=3, target_lane=3, target_speed=37.62570199)
    vehicle3.accelerate(trigger_sequence=5, target_speed=40.43879497)

2025-04-22 Tuesday 17:46:45  random_test.py : INFO  === Evaluation Finished === 
 Fitness: [3.5013728218463647, -0.5979899497487438], Collision: True
2025-04-22 Tuesday 17:46:45  random_test.py : INFO  === Find a coollision ===
2025-04-22 Tuesday 17:46:52  random_test.py : INFO  === Evaluate Testcase === 
 def testcase(self):
    vehicle1 = NPC(lane_id=2, offset=41.34112562, initial_speed=4.32801571)
    ego = NPC(lane_id=2, offset=31.94697054, initial_speed=37.58116967)
    vehicle1.accelerate(trigger_sequence=1, target_speed=38.43994003)
    vehicle1.decelerate(trigger_sequence=2, target_speed=6.8165818)
    vehicle1.changeLane(trigger_sequence=3, target_lane=3, target_speed=12.69766572)
    vehicle1.changeLane(trigger_sequence=4, target_lane=3, target_speed=52.71563721)

2025-04-22 Tuesday 17:46:52  random_test.py : INFO  === Evaluation Finished === 
 Fitness: [3.5017190900301864, -0.2610619469026549], Collision: False
2025-04-22 Tuesday 17:46:59  random_test.py : INFO  === Evaluate Testcase === 
 def testcase(self):
    vehicle1 = NPC(lane_id=4, offset=23.05486557, initial_speed=36.59892844)
    vehicle2 = NPC(lane_id=3, offset=18.69356923, initial_speed=8.86464822)
    ego = NPC(lane_id=4, offset=16.86524857, initial_speed=36.61881943)
    vehicle1.decelerate(trigger_sequence=1, target_speed=17.23629119)
    vehicle2.changeLane(trigger_sequence=1, target_lane=3, target_speed=4.8782645)
    vehicle2.accelerate(trigger_sequence=2, target_speed=43.08638476)
    vehicle1.changeLane(trigger_sequence=3, target_lane=3, target_speed=40.54140056)
    vehicle2.changeLane(trigger_sequence=3, target_lane=1, target_speed=0.30546866)
    vehicle1.changeLane(trigger_sequence=4, target_lane=1, target_speed=51.61591264)
    vehicle2.changeLane(trigger_sequence=4, target_lane=1, target_speed=57.70513659)

2025-04-22 Tuesday 17:46:59  random_test.py : INFO  === Evaluation Finished === 
 Fitness: [3.49969917926056, -0.3651376146788991], Collision: False
2025-04-22 Tuesday 17:47:06  random_test.py : INFO  === Evaluate Testcase === 
 def testcase(self):
    vehicle1 = NPC(lane_id=3, offset=14.76485533, initial_speed=1.38802805)
    ego = NPC(lane_id=2, offset=8.80366986, initial_speed=0.89482719)
    vehicle3 = NPC(lane_id=5, offset=24.45410989, initial_speed=13.31463028)
    vehicle1.decelerate(trigger_sequence=1, target_speed=9.07062387)
    vehicle3.changeLane(trigger_sequence=1, target_lane=3, target_speed=33.39120014)
    vehicle1.changeLane(trigger_sequence=2, target_lane=1, target_speed=13.67744445)
    vehicle3.changeLane(trigger_sequence=2, target_lane=3, target_speed=2.977159)
    vehicle3.changeLane(trigger_sequence=3, target_lane=1, target_speed=13.98699654)
    vehicle1.changeLane(trigger_sequence=4, target_lane=3, target_speed=58.48230075)
    vehicle3.decelerate(trigger_sequence=5, target_speed=10.01961689)

2025-04-22 Tuesday 17:47:06  random_test.py : INFO  === Evaluation Finished === 
 Fitness: [6.950647398064218, -0.6548821548821548], Collision: False
2025-04-22 Tuesday 17:47:12  random_test.py : INFO  === Evaluate Testcase === 
 def testcase(self):
    vehicle1 = NPC(lane_id=1, offset=36.77535936, initial_speed=3.77143474)
    ego = NPC(lane_id=2, offset=49.64234893, initial_speed=25.87089591)
    vehicle1.accelerate(trigger_sequence=1, target_speed=57.73626075)
    vehicle1.decelerate(trigger_sequence=4, target_speed=23.70248468)

2025-04-22 Tuesday 17:47:12  random_test.py : INFO  === Evaluation Finished === 
 Fitness: [3.501228136769338, -0.49557522123893805], Collision: False
2025-04-22 Tuesday 17:47:19  random_test.py : INFO  === Evaluate Testcase === 
 def testcase(self):
    ego = NPC(lane_id=1, offset=37.70845593, initial_speed=20.31501834)
    vehicle2 = NPC(lane_id=4, offset=28.21615186, initial_speed=30.46684509)
    vehicle3 = NPC(lane_id=4, offset=15.59055552, initial_speed=3.40211553)
    vehicle4 = NPC(lane_id=5, offset=34.54140009, initial_speed=31.2484039)
    vehicle2.decelerate(trigger_sequence=1, target_speed=22.26744344)
    vehicle3.accelerate(trigger_sequence=1, target_speed=50.34382522)
    vehicle4.decelerate(trigger_sequence=1, target_speed=1.06123903)
    vehicle4.changeLane(trigger_sequence=2, target_lane=3, target_speed=41.69135746)
    vehicle3.accelerate(trigger_sequence=3, target_speed=58.52924553)
    vehicle4.accelerate(trigger_sequence=3, target_speed=43.21263109)
    vehicle2.accelerate(trigger_sequence=4, target_speed=46.22196252)
    vehicle3.decelerate(trigger_sequence=5, target_speed=9.51702383)

2025-04-22 Tuesday 17:47:19  random_test.py : INFO  === Evaluation Finished === 
 Fitness: [10.501306549659061, -0.6086956521739131], Collision: False
2025-04-22 Tuesday 17:47:25  random_test.py : INFO  === Evaluate Testcase === 
 def testcase(self):
    vehicle1 = NPC(lane_id=2, offset=1.65321485, initial_speed=1.47955025)
    ego = NPC(lane_id=1, offset=43.35399291, initial_speed=10.92418186)
    vehicle1.changeLane(trigger_sequence=2, target_lane=3, target_speed=37.08829333)
    vehicle1.decelerate(trigger_sequence=4, target_speed=10.83467324)

2025-04-22 Tuesday 17:47:25  random_test.py : INFO  === Evaluation Finished === 
 Fitness: [7.0001126596219745, -0.03171953255425709], Collision: False
2025-04-22 Tuesday 17:47:32  random_test.py : INFO  === Evaluate Testcase === 
 def testcase(self):
    ego = NPC(lane_id=2, offset=5.76362197, initial_speed=36.60315834)
    vehicle2 = NPC(lane_id=5, offset=11.53825826, initial_speed=31.79194726)
    vehicle2.changeLane(trigger_sequence=5, target_lane=3, target_speed=20.01880427)

2025-04-22 Tuesday 17:47:32  random_test.py : INFO  === Evaluation Finished === 
 Fitness: [10.500412968447739, -0.2872727272727273], Collision: False
2025-04-22 Tuesday 17:47:39  random_test.py : INFO  === Evaluate Testcase === 
 def testcase(self):
    ego = NPC(lane_id=1, offset=46.63109276, initial_speed=38.58084337)
    vehicle2 = NPC(lane_id=4, offset=26.69347449, initial_speed=1.19707132)
    vehicle3 = NPC(lane_id=5, offset=11.11052737, initial_speed=3.06610076)
    vehicle2.changeLane(trigger_sequence=2, target_lane=1, target_speed=48.1530131)
    vehicle3.changeLane(trigger_sequence=4, target_lane=1, target_speed=59.0915887)
    vehicle3.changeLane(trigger_sequence=5, target_lane=3, target_speed=6.39269359)

2025-04-22 Tuesday 17:47:39  random_test.py : INFO  === Evaluation Finished === 
 Fitness: [22.358628392526146, -0.22992700729927007], Collision: False
2025-04-22 Tuesday 17:47:46  random_test.py : INFO  === Evaluate Testcase === 
 def testcase(self):
    ego = NPC(lane_id=2, offset=30.44473883, initial_speed=32.18730711)
    vehicle2 = NPC(lane_id=3, offset=40.31080492, initial_speed=33.8203042)
    vehicle3 = NPC(lane_id=4, offset=14.11467298, initial_speed=15.57712278)
    vehicle3.accelerate(trigger_sequence=1, target_speed=49.10819087)
    vehicle2.decelerate(trigger_sequence=2, target_speed=29.46391949)
    vehicle2.changeLane(trigger_sequence=3, target_lane=1, target_speed=55.08330341)
    vehicle3.changeLane(trigger_sequence=3, target_lane=3, target_speed=6.50899579)
    vehicle2.accelerate(trigger_sequence=4, target_speed=58.07154349)
    vehicle3.decelerate(trigger_sequence=4, target_speed=13.98244821)
    vehicle2.accelerate(trigger_sequence=5, target_speed=52.60666464)
    vehicle3.decelerate(trigger_sequence=5, target_speed=0.3416938)

2025-04-22 Tuesday 17:47:46  random_test.py : INFO  === Evaluation Finished === 
 Fitness: [5.855489911340345, -0.3830935251798561], Collision: False
2025-04-22 Tuesday 17:47:52  random_test.py : INFO  === Evaluate Testcase === 
 def testcase(self):
    vehicle1 = NPC(lane_id=1, offset=18.12682428, initial_speed=12.84773688)
    vehicle2 = NPC(lane_id=2, offset=2.04060231, initial_speed=18.16483978)
    ego = NPC(lane_id=3, offset=16.22884161, initial_speed=13.5248223)
    vehicle1.decelerate(trigger_sequence=2, target_speed=16.59536062)
    vehicle2.changeLane(trigger_sequence=2, target_lane=1, target_speed=40.14243619)
    vehicle2.changeLane(trigger_sequence=3, target_lane=3, target_speed=23.2088869)
    vehicle1.decelerate(trigger_sequence=4, target_speed=17.65664177)
    vehicle1.changeLane(trigger_sequence=5, target_lane=1, target_speed=17.40907681)

2025-04-22 Tuesday 17:47:52  random_test.py : INFO  === Evaluation Finished === 
 Fitness: [3.4996991189522393, -0.026755852842809364], Collision: False
2025-04-22 Tuesday 17:47:59  random_test.py : INFO  === Evaluate Testcase === 
 def testcase(self):
    vehicle1 = NPC(lane_id=2, offset=32.34155278, initial_speed=9.51053469)
    vehicle2 = NPC(lane_id=5, offset=3.7627296, initial_speed=35.18844635)
    ego = NPC(lane_id=2, offset=2.75948708, initial_speed=18.57655872)
    vehicle1.decelerate(trigger_sequence=1, target_speed=25.0763663)
    vehicle1.changeLane(trigger_sequence=2, target_lane=3, target_speed=9.64558386)
    vehicle1.accelerate(trigger_sequence=4, target_speed=57.90763539)
    vehicle2.decelerate(trigger_sequence=4, target_speed=2.95904015)
    vehicle1.changeLane(trigger_sequence=5, target_lane=1, target_speed=54.0278505)
    vehicle2.decelerate(trigger_sequence=5, target_speed=17.81935024)

2025-04-22 Tuesday 17:47:59  random_test.py : INFO  === Evaluation Finished === 
 Fitness: [3.500768277358235, -0.587521663778163], Collision: False
2025-04-22 Tuesday 17:48:06  random_test.py : INFO  === Evaluate Testcase === 
 def testcase(self):
    vehicle1 = NPC(lane_id=2, offset=42.764176, initial_speed=32.48175185)
    ego = NPC(lane_id=3, offset=41.27341429, initial_speed=19.94095169)
    vehicle3 = NPC(lane_id=5, offset=4.2093494, initial_speed=12.62371125)
    vehicle4 = NPC(lane_id=3, offset=28.24120177, initial_speed=35.09527323)
    vehicle3.accelerate(trigger_sequence=2, target_speed=46.45881455)
    vehicle4.accelerate(trigger_sequence=2, target_speed=51.16560593)
    vehicle1.accelerate(trigger_sequence=3, target_speed=54.79563985)
    vehicle3.changeLane(trigger_sequence=3, target_lane=1, target_speed=47.67051106)
    vehicle4.decelerate(trigger_sequence=5, target_speed=10.86476737)

2025-04-22 Tuesday 17:48:06  random_test.py : INFO  === Evaluation Finished === 
 Fitness: [4.502695972798933, -0.46689895470383275], Collision: True
2025-04-22 Tuesday 17:48:06  random_test.py : INFO  === Find a coollision ===
2025-04-22 Tuesday 17:48:12  random_test.py : INFO  === Evaluate Testcase === 
 def testcase(self):
    vehicle1 = NPC(lane_id=5, offset=6.62092737, initial_speed=27.30695239)
    ego = NPC(lane_id=1, offset=13.44864246, initial_speed=26.27379613)
    vehicle1.accelerate(trigger_sequence=1, target_speed=45.92358698)

2025-04-22 Tuesday 17:48:12  random_test.py : INFO  === Evaluation Finished === 
 Fitness: [14.007227060546137, -0.46099290780141844], Collision: False
2025-04-22 Tuesday 17:48:19  random_test.py : INFO  === Evaluate Testcase === 
 def testcase(self):
    vehicle1 = NPC(lane_id=1, offset=18.3398626, initial_speed=37.50726916)
    ego = NPC(lane_id=2, offset=39.61191378, initial_speed=12.73265329)
    vehicle3 = NPC(lane_id=5, offset=10.42412783, initial_speed=16.75004109)
    vehicle1.decelerate(trigger_sequence=2, target_speed=3.89390623)
    vehicle1.changeLane(trigger_sequence=3, target_lane=3, target_speed=14.9969441)
    vehicle3.accelerate(trigger_sequence=3, target_speed=40.96564132)
    vehicle3.decelerate(trigger_sequence=4, target_speed=18.89201999)
    vehicle3.changeLane(trigger_sequence=5, target_lane=3, target_speed=10.61324253)

2025-04-22 Tuesday 17:48:19  random_test.py : INFO  === Evaluation Finished === 
 Fitness: [3.499002156140011, -0.028380634390651086], Collision: False
2025-04-22 Tuesday 17:48:26  random_test.py : INFO  === Evaluate Testcase === 
 def testcase(self):
    vehicle1 = NPC(lane_id=2, offset=30.0791851, initial_speed=29.50435816)
    ego = NPC(lane_id=3, offset=15.8626645, initial_speed=38.68977663)
    vehicle3 = NPC(lane_id=5, offset=19.42593721, initial_speed=21.95556021)
    vehicle4 = NPC(lane_id=1, offset=49.28188065, initial_speed=8.39743547)
    vehicle1.accelerate(trigger_sequence=1, target_speed=48.69050531)
    vehicle1.accelerate(trigger_sequence=2, target_speed=43.19940006)
    vehicle3.changeLane(trigger_sequence=2, target_lane=3, target_speed=6.6439318)
    vehicle4.changeLane(trigger_sequence=3, target_lane=1, target_speed=0.56889)
    vehicle4.accelerate(trigger_sequence=5, target_speed=31.59725468)

2025-04-22 Tuesday 17:48:26  random_test.py : INFO  === Evaluation Finished === 
 Fitness: [7.000574312860817, -0.22851919561243145], Collision: False
2025-04-22 Tuesday 17:48:32  random_test.py : INFO  === Evaluate Testcase === 
 def testcase(self):
    ego = NPC(lane_id=5, offset=39.08183431, initial_speed=8.52338714)
    vehicle2 = NPC(lane_id=2, offset=36.60608409, initial_speed=39.22655376)
    vehicle2.decelerate(trigger_sequence=2, target_speed=0.14240845)
    vehicle2.changeLane(trigger_sequence=5, target_lane=1, target_speed=42.88759173)

2025-04-22 Tuesday 17:48:32  random_test.py : INFO  === Evaluation Finished === 
 Fitness: [10.493718130308766, -0.041666666666666664], Collision: False
2025-04-22 Tuesday 17:48:39  random_test.py : INFO  === Evaluate Testcase === 
 def testcase(self):
    vehicle1 = NPC(lane_id=1, offset=31.07597495, initial_speed=23.36124046)
    vehicle2 = NPC(lane_id=3, offset=43.51734366, initial_speed=21.10302775)
    ego = NPC(lane_id=2, offset=19.05339892, initial_speed=33.30129488)
    vehicle1.decelerate(trigger_sequence=1, target_speed=14.10766739)
    vehicle2.accelerate(trigger_sequence=1, target_speed=36.95526412)
    vehicle1.decelerate(trigger_sequence=2, target_speed=13.75534954)
    vehicle1.accelerate(trigger_sequence=3, target_speed=51.00474349)
    vehicle1.decelerate(trigger_sequence=4, target_speed=9.33090757)
    vehicle2.changeLane(trigger_sequence=5, target_lane=1, target_speed=35.75936216)

2025-04-22 Tuesday 17:48:39  random_test.py : INFO  === Evaluation Finished === 
 Fitness: [3.5009546723805363, -0.3567567567567568], Collision: False
2025-04-22 Tuesday 17:48:46  random_test.py : INFO  === Evaluate Testcase === 
 def testcase(self):
    vehicle1 = NPC(lane_id=1, offset=16.22343165, initial_speed=16.48223243)
    ego = NPC(lane_id=5, offset=29.79737478, initial_speed=2.07449745)
    vehicle3 = NPC(lane_id=4, offset=19.13847706, initial_speed=23.87985538)
    vehicle4 = NPC(lane_id=3, offset=47.2711545, initial_speed=22.95210388)
    vehicle1.changeLane(trigger_sequence=1, target_lane=3, target_speed=46.55188459)
    vehicle3.changeLane(trigger_sequence=1, target_lane=3, target_speed=33.77173361)
    vehicle4.decelerate(trigger_sequence=2, target_speed=10.25310892)
    vehicle1.accelerate(trigger_sequence=3, target_speed=59.33757756)
    vehicle4.changeLane(trigger_sequence=3, target_lane=1, target_speed=30.42517659)
    vehicle3.changeLane(trigger_sequence=4, target_lane=3, target_speed=2.08743144)
    vehicle1.accelerate(trigger_sequence=5, target_speed=58.75105677)
    vehicle3.accelerate(trigger_sequence=5, target_speed=44.88949324)

2025-04-22 Tuesday 17:48:46  random_test.py : INFO  === Evaluation Finished === 
 Fitness: [3.4929318398173472, -0.5973154362416108], Collision: False
2025-04-22 Tuesday 17:48:52  random_test.py : INFO  === Evaluate Testcase === 
 def testcase(self):
    ego = NPC(lane_id=2, offset=19.75984451, initial_speed=29.94911639)
    vehicle2 = NPC(lane_id=3, offset=8.86438952, initial_speed=16.92393139)
    vehicle2.accelerate(trigger_sequence=3, target_speed=54.0766174)
    vehicle2.accelerate(trigger_sequence=5, target_speed=52.62073469)

2025-04-22 Tuesday 17:48:52  random_test.py : INFO  === Evaluation Finished === 
 Fitness: [3.5001498452641373, -0.42397137745974955], Collision: False
2025-04-22 Tuesday 17:48:57  random_test.py : INFO  === Evaluate Testcase === 
 def testcase(self):
    vehicle1 = NPC(lane_id=1, offset=35.08096892, initial_speed=29.99899171)
    vehicle2 = NPC(lane_id=5, offset=23.08521683, initial_speed=34.86536649)
    ego = NPC(lane_id=1, offset=33.56703995, initial_speed=38.78478386)
    vehicle4 = NPC(lane_id=1, offset=49.48472412, initial_speed=25.74566992)
    vehicle2.accelerate(trigger_sequence=1, target_speed=59.02083274)
    vehicle1.accelerate(trigger_sequence=2, target_speed=40.24746365)
    vehicle2.accelerate(trigger_sequence=3, target_speed=44.36502891)
    vehicle1.accelerate(trigger_sequence=4, target_speed=44.26777157)
    vehicle2.changeLane(trigger_sequence=4, target_lane=1, target_speed=15.36544344)
    vehicle4.accelerate(trigger_sequence=4, target_speed=32.67277046)
    vehicle1.changeLane(trigger_sequence=5, target_lane=3, target_speed=34.05539624)
    vehicle2.changeLane(trigger_sequence=5, target_lane=3, target_speed=2.27304054)

2025-04-22 Tuesday 17:48:57  random_test.py : INFO  === Evaluation Finished === 
 Fitness: [inf, 0], Collision: False
2025-04-22 Tuesday 17:49:04  random_test.py : INFO  === Evaluate Testcase === 
 def testcase(self):
    vehicle1 = NPC(lane_id=2, offset=1.956821, initial_speed=4.98613893)
    vehicle2 = NPC(lane_id=2, offset=32.84132394, initial_speed=23.44674146)
    ego = NPC(lane_id=3, offset=26.3141388, initial_speed=38.63144193)
    vehicle4 = NPC(lane_id=1, offset=20.45607824, initial_speed=20.97661085)
    vehicle1.decelerate(trigger_sequence=1, target_speed=19.1862046)
    vehicle4.decelerate(trigger_sequence=1, target_speed=28.35530514)
    vehicle1.changeLane(trigger_sequence=2, target_lane=1, target_speed=25.99261119)
    vehicle4.changeLane(trigger_sequence=2, target_lane=3, target_speed=43.46534483)
    vehicle1.accelerate(trigger_sequence=3, target_speed=51.9756612)
    vehicle4.accelerate(trigger_sequence=3, target_speed=56.24768874)
    vehicle4.accelerate(trigger_sequence=4, target_speed=52.57687984)
    vehicle2.accelerate(trigger_sequence=5, target_speed=52.82787553)
    vehicle4.decelerate(trigger_sequence=5, target_speed=21.42851197)

2025-04-22 Tuesday 17:49:04  random_test.py : INFO  === Evaluation Finished === 
 Fitness: [3.499507448503314, -0.24087591240875914], Collision: True
2025-04-22 Tuesday 17:49:04  random_test.py : INFO  === Find a coollision ===
2025-04-22 Tuesday 17:49:11  random_test.py : INFO  === Evaluate Testcase === 
 def testcase(self):
    ego = NPC(lane_id=4, offset=31.33703662, initial_speed=9.58488376)
    vehicle2 = NPC(lane_id=5, offset=25.96962555, initial_speed=28.04146853)
    vehicle3 = NPC(lane_id=1, offset=22.66035012, initial_speed=18.01547797)
    vehicle2.changeLane(trigger_sequence=2, target_lane=1, target_speed=36.86055266)
    vehicle3.decelerate(trigger_sequence=2, target_speed=22.52429938)
    vehicle2.changeLane(trigger_sequence=3, target_lane=1, target_speed=11.20533563)
    vehicle3.decelerate(trigger_sequence=3, target_speed=28.34850588)
    vehicle2.changeLane(trigger_sequence=4, target_lane=3, target_speed=36.89169857)
    vehicle3.changeLane(trigger_sequence=4, target_lane=3, target_speed=38.64807466)
    vehicle3.decelerate(trigger_sequence=5, target_speed=8.10677087)

2025-04-22 Tuesday 17:49:11  random_test.py : INFO  === Evaluation Finished === 
 Fitness: [3.5089829290482824, -0.03833333333333333], Collision: False
2025-04-22 Tuesday 17:49:17  random_test.py : INFO  === Evaluate Testcase === 
 def testcase(self):
    ego = NPC(lane_id=4, offset=3.64901467, initial_speed=38.12730397)
    vehicle2 = NPC(lane_id=2, offset=26.90556276, initial_speed=31.50305822)
    vehicle3 = NPC(lane_id=5, offset=11.48062513, initial_speed=0.70939684)
    vehicle2.changeLane(trigger_sequence=2, target_lane=1, target_speed=16.41397223)
    vehicle2.decelerate(trigger_sequence=3, target_speed=19.83617166)
    vehicle3.decelerate(trigger_sequence=3, target_speed=2.72659544)
    vehicle2.changeLane(trigger_sequence=4, target_lane=1, target_speed=12.29951442)
    vehicle3.decelerate(trigger_sequence=4, target_speed=9.94723997)
    vehicle2.changeLane(trigger_sequence=5, target_lane=3, target_speed=46.23980398)

2025-04-22 Tuesday 17:49:17  random_test.py : INFO  === Evaluation Finished === 
 Fitness: [3.5068336197068097, -0.25], Collision: False
2025-04-22 Tuesday 17:49:24  random_test.py : INFO  === Evaluate Testcase === 
 def testcase(self):
    ego = NPC(lane_id=5, offset=9.29817918, initial_speed=3.00984529)
    vehicle2 = NPC(lane_id=2, offset=19.04164583, initial_speed=20.72453841)
    vehicle2.accelerate(trigger_sequence=1, target_speed=58.21651756)
    vehicle2.accelerate(trigger_sequence=2, target_speed=54.69063983)
    vehicle2.changeLane(trigger_sequence=4, target_lane=3, target_speed=9.22539349)
    vehicle2.changeLane(trigger_sequence=5, target_lane=1, target_speed=33.12511129)

2025-04-22 Tuesday 17:49:24  random_test.py : INFO  === Evaluation Finished === 
 Fitness: [14.514958313244316, -0.5808080808080808], Collision: False
2025-04-22 Tuesday 17:49:30  random_test.py : INFO  === Evaluate Testcase === 
 def testcase(self):
    vehicle1 = NPC(lane_id=1, offset=12.37825616, initial_speed=2.24320704)
    ego = NPC(lane_id=5, offset=12.64453126, initial_speed=32.77636677)
    vehicle3 = NPC(lane_id=2, offset=11.53001057, initial_speed=3.46277506)
    vehicle4 = NPC(lane_id=4, offset=49.42272042, initial_speed=13.12730264)
    vehicle1.changeLane(trigger_sequence=1, target_lane=1, target_speed=58.0395849)
    vehicle4.accelerate(trigger_sequence=1, target_speed=33.81094634)
    vehicle1.accelerate(trigger_sequence=2, target_speed=42.3415214)
    vehicle3.accelerate(trigger_sequence=3, target_speed=43.4524415)
    vehicle4.decelerate(trigger_sequence=3, target_speed=29.36785603)
    vehicle1.decelerate(trigger_sequence=5, target_speed=11.48042412)
    vehicle4.accelerate(trigger_sequence=5, target_speed=31.34669276)

2025-04-22 Tuesday 17:49:30  random_test.py : INFO  === Evaluation Finished === 
 Fitness: [5.005713880994242, -0.3776978417266187], Collision: False
2025-04-22 Tuesday 17:49:37  random_test.py : INFO  === Evaluate Testcase === 
 def testcase(self):
    ego = NPC(lane_id=5, offset=26.87799538, initial_speed=12.48098267)
    vehicle2 = NPC(lane_id=4, offset=4.5262166, initial_speed=30.62474209)
    vehicle3 = NPC(lane_id=5, offset=17.45127019, initial_speed=27.22981058)
    vehicle2.decelerate(trigger_sequence=1, target_speed=13.70251644)
    vehicle3.decelerate(trigger_sequence=2, target_speed=26.61872554)
    vehicle2.decelerate(trigger_sequence=3, target_speed=8.05121191)
    vehicle2.decelerate(trigger_sequence=5, target_speed=19.88656317)

2025-04-22 Tuesday 17:49:37  random_test.py : INFO  === Evaluation Finished === 
 Fitness: [3.499080251702059, -0.02337228714524207], Collision: True
2025-04-22 Tuesday 17:49:37  random_test.py : INFO  === Find a coollision ===
2025-04-22 Tuesday 17:49:44  random_test.py : INFO  === Evaluate Testcase === 
 def testcase(self):
    vehicle1 = NPC(lane_id=2, offset=26.76467692, initial_speed=27.71041318)
    vehicle2 = NPC(lane_id=3, offset=16.20284893, initial_speed=39.28236065)
    ego = NPC(lane_id=5, offset=5.78154648, initial_speed=28.34209639)
    vehicle1.changeLane(trigger_sequence=1, target_lane=1, target_speed=53.49047353)
    vehicle2.decelerate(trigger_sequence=1, target_speed=2.55312152)
    vehicle1.decelerate(trigger_sequence=2, target_speed=21.3933209)
    vehicle2.decelerate(trigger_sequence=2, target_speed=29.57596467)
    vehicle1.changeLane(trigger_sequence=4, target_lane=1, target_speed=44.40821522)

2025-04-22 Tuesday 17:49:44  random_test.py : INFO  === Evaluation Finished === 
 Fitness: [13.005511158517816, -0.47950089126559714], Collision: False
2025-04-22 Tuesday 17:49:48  random_test.py : INFO  === Evaluate Testcase === 
 def testcase(self):
    ego = NPC(lane_id=1, offset=38.66321041, initial_speed=13.74176053)
    vehicle2 = NPC(lane_id=1, offset=34.31574961, initial_speed=31.99443588)
    vehicle2.decelerate(trigger_sequence=4, target_speed=0.86417335)
    vehicle2.changeLane(trigger_sequence=5, target_lane=1, target_speed=37.83881236)

2025-04-22 Tuesday 17:49:48  random_test.py : INFO  === Evaluation Finished === 
 Fitness: [inf, 0], Collision: False
2025-04-22 Tuesday 17:49:55  random_test.py : INFO  === Evaluate Testcase === 
 def testcase(self):
    vehicle1 = NPC(lane_id=2, offset=39.03169494, initial_speed=7.57102456)
    vehicle2 = NPC(lane_id=1, offset=48.05152521, initial_speed=4.69029427)
    ego = NPC(lane_id=4, offset=2.8291455, initial_speed=39.36577424)
    vehicle4 = NPC(lane_id=3, offset=43.5509727, initial_speed=18.52084653)
    vehicle2.accelerate(trigger_sequence=1, target_speed=51.40473206)
    vehicle4.decelerate(trigger_sequence=1, target_speed=10.03588936)
    vehicle4.accelerate(trigger_sequence=2, target_speed=46.83909103)
    vehicle1.accelerate(trigger_sequence=4, target_speed=35.43152953)
    vehicle2.decelerate(trigger_sequence=4, target_speed=26.92712018)
    vehicle4.decelerate(trigger_sequence=4, target_speed=14.09154529)
    vehicle1.accelerate(trigger_sequence=5, target_speed=58.69617058)
    vehicle4.changeLane(trigger_sequence=5, target_lane=1, target_speed=35.68611984)

2025-04-22 Tuesday 17:49:55  random_test.py : INFO  === Evaluation Finished === 
 Fitness: [3.502303287673692, -0.2522851919561243], Collision: False
2025-04-22 Tuesday 17:50:02  random_test.py : INFO  === Evaluate Testcase === 
 def testcase(self):
    vehicle1 = NPC(lane_id=3, offset=30.80090534, initial_speed=30.11563784)
    vehicle2 = NPC(lane_id=4, offset=48.35899085, initial_speed=32.68577233)
    ego = NPC(lane_id=2, offset=8.85458254, initial_speed=13.00559904)
    vehicle2.decelerate(trigger_sequence=1, target_speed=24.97648889)
    vehicle2.accelerate(trigger_sequence=2, target_speed=34.8659928)
    vehicle1.accelerate(trigger_sequence=3, target_speed=57.10342065)
    vehicle2.changeLane(trigger_sequence=3, target_lane=3, target_speed=38.66491874)
    vehicle1.changeLane(trigger_sequence=5, target_lane=1, target_speed=59.36791662)
    vehicle2.changeLane(trigger_sequence=5, target_lane=3, target_speed=48.7670003)

2025-04-22 Tuesday 17:50:02  random_test.py : INFO  === Evaluation Finished === 
 Fitness: [23.051483471715272, -0.028380634390651086], Collision: False
2025-04-22 Tuesday 17:50:06  random_test.py : INFO  === Evaluate Testcase === 
 def testcase(self):
    ego = NPC(lane_id=4, offset=18.95294672, initial_speed=2.90481812)
    vehicle2 = NPC(lane_id=2, offset=18.05161421, initial_speed=30.38850673)
    vehicle3 = NPC(lane_id=4, offset=0.45326201, initial_speed=1.46622536)
    vehicle4 = NPC(lane_id=4, offset=2.21679361, initial_speed=37.39342559)
    vehicle2.accelerate(trigger_sequence=1, target_speed=46.41955064)
    vehicle4.accelerate(trigger_sequence=1, target_speed=51.37494482)
    vehicle4.accelerate(trigger_sequence=2, target_speed=57.4393342)
    vehicle2.decelerate(trigger_sequence=3, target_speed=19.46944152)
    vehicle3.accelerate(trigger_sequence=3, target_speed=59.83821597)
    vehicle4.accelerate(trigger_sequence=4, target_speed=33.83615951)
    vehicle2.accelerate(trigger_sequence=5, target_speed=56.74189578)
    vehicle3.accelerate(trigger_sequence=5, target_speed=42.18631793)

2025-04-22 Tuesday 17:50:06  random_test.py : INFO  === Evaluation Finished === 
 Fitness: [inf, 0], Collision: False
2025-04-22 Tuesday 17:50:13  random_test.py : INFO  === Evaluate Testcase === 
 def testcase(self):
    vehicle1 = NPC(lane_id=4, offset=46.54316252, initial_speed=17.95139757)
    vehicle2 = NPC(lane_id=4, offset=32.186811, initial_speed=26.01734863)
    ego = NPC(lane_id=4, offset=19.62686504, initial_speed=33.98842505)
    vehicle1.decelerate(trigger_sequence=2, target_speed=4.09635002)
    vehicle2.decelerate(trigger_sequence=2, target_speed=13.64985699)
    vehicle1.changeLane(trigger_sequence=5, target_lane=1, target_speed=3.27594263)
    vehicle2.changeLane(trigger_sequence=5, target_lane=3, target_speed=22.00683557)

2025-04-22 Tuesday 17:50:13  random_test.py : INFO  === Evaluation Finished === 
 Fitness: [3.5015008334662987, -0.37184115523465705], Collision: False
2025-04-22 Tuesday 17:50:20  random_test.py : INFO  === Evaluate Testcase === 
 def testcase(self):
    vehicle1 = NPC(lane_id=3, offset=47.17500969, initial_speed=33.56906157)
    vehicle2 = NPC(lane_id=3, offset=34.97099113, initial_speed=8.3879935)
    ego = NPC(lane_id=1, offset=16.18018327, initial_speed=9.65185874)
    vehicle1.decelerate(trigger_sequence=2, target_speed=10.23818748)
    vehicle2.accelerate(trigger_sequence=2, target_speed=42.51925409)
    vehicle2.decelerate(trigger_sequence=3, target_speed=15.73778079)
    vehicle1.accelerate(trigger_sequence=4, target_speed=33.33417716)

2025-04-22 Tuesday 17:50:20  random_test.py : INFO  === Evaluation Finished === 
 Fitness: [17.87084560384373, -0.03666666666666667], Collision: False
2025-04-22 Tuesday 17:50:27  random_test.py : INFO  === Evaluate Testcase === 
 def testcase(self):
    ego = NPC(lane_id=2, offset=19.49857039, initial_speed=19.40418522)
    vehicle2 = NPC(lane_id=5, offset=41.50608332, initial_speed=8.01287213)
    vehicle3 = NPC(lane_id=4, offset=3.95206292, initial_speed=33.45329502)
    vehicle2.changeLane(trigger_sequence=3, target_lane=3, target_speed=31.48538239)
    vehicle3.changeLane(trigger_sequence=3, target_lane=1, target_speed=46.27788155)
    vehicle2.changeLane(trigger_sequence=4, target_lane=3, target_speed=8.7665652)
    vehicle3.accelerate(trigger_sequence=5, target_speed=55.09456255)

2025-04-22 Tuesday 17:50:27  random_test.py : INFO  === Evaluation Finished === 
 Fitness: [3.501323779463947, -0.6197916666666666], Collision: False
2025-04-22 Tuesday 17:50:34  random_test.py : INFO  === Evaluate Testcase === 
 def testcase(self):
    ego = NPC(lane_id=3, offset=27.33250329, initial_speed=5.63931638)
    vehicle2 = NPC(lane_id=5, offset=12.15689071, initial_speed=9.98038696)
    vehicle3 = NPC(lane_id=1, offset=27.29670311, initial_speed=18.50776043)
    vehicle4 = NPC(lane_id=5, offset=42.27510559, initial_speed=14.39705555)
    vehicle4.decelerate(trigger_sequence=1, target_speed=9.05918835)
    vehicle2.accelerate(trigger_sequence=2, target_speed=31.6483504)
    vehicle3.decelerate(trigger_sequence=2, target_speed=2.73793781)
    vehicle3.changeLane(trigger_sequence=3, target_lane=1, target_speed=16.09686495)
    vehicle2.changeLane(trigger_sequence=4, target_lane=3, target_speed=52.74073309)
    vehicle4.accelerate(trigger_sequence=4, target_speed=42.79861074)
    vehicle2.decelerate(trigger_sequence=5, target_speed=27.64733082)
    vehicle4.changeLane(trigger_sequence=5, target_lane=3, target_speed=14.96628284)

2025-04-22 Tuesday 17:50:34  random_test.py : INFO  === Evaluation Finished === 
 Fitness: [6.999620424819589, -0.7248322147651006], Collision: False
2025-04-22 Tuesday 17:50:41  random_test.py : INFO  === Evaluate Testcase === 
 def testcase(self):
    vehicle1 = NPC(lane_id=3, offset=8.122207, initial_speed=30.90950977)
    vehicle2 = NPC(lane_id=2, offset=11.01074677, initial_speed=0.30177826)
    ego = NPC(lane_id=5, offset=47.61010722, initial_speed=39.27703175)
    vehicle2.changeLane(trigger_sequence=2, target_lane=1, target_speed=13.77034375)
    vehicle2.decelerate(trigger_sequence=3, target_speed=14.71134766)
    vehicle2.decelerate(trigger_sequence=4, target_speed=19.08698714)
    vehicle1.decelerate(trigger_sequence=5, target_speed=28.31559635)
    vehicle2.accelerate(trigger_sequence=5, target_speed=50.98263039)

2025-04-22 Tuesday 17:50:41  random_test.py : INFO  === Evaluation Finished === 
 Fitness: [29.616120309552407, -0.2413162705667276], Collision: False
2025-04-22 Tuesday 17:50:47  random_test.py : INFO  === Evaluate Testcase === 
 def testcase(self):
    ego = NPC(lane_id=4, offset=44.30152163, initial_speed=27.89790692)
    vehicle2 = NPC(lane_id=1, offset=49.86039045, initial_speed=25.21703408)
    vehicle3 = NPC(lane_id=3, offset=5.45318163, initial_speed=11.06476145)
    vehicle4 = NPC(lane_id=3, offset=34.90740606, initial_speed=9.59689131)
    vehicle3.changeLane(trigger_sequence=3, target_lane=3, target_speed=13.62262088)
    vehicle2.decelerate(trigger_sequence=4, target_speed=8.19714128)
    vehicle3.decelerate(trigger_sequence=5, target_speed=17.10007684)

2025-04-22 Tuesday 17:50:47  random_test.py : INFO  === Evaluation Finished === 
 Fitness: [8.41066064384935, -0.45373665480427045], Collision: False
2025-04-22 Tuesday 17:50:54  random_test.py : INFO  === Evaluate Testcase === 
 def testcase(self):
    vehicle1 = NPC(lane_id=3, offset=21.18612995, initial_speed=16.75647979)
    vehicle2 = NPC(lane_id=1, offset=17.70494777, initial_speed=0.30243823)
    ego = NPC(lane_id=5, offset=34.07694493, initial_speed=0.72448154)
    vehicle2.changeLane(trigger_sequence=1, target_lane=1, target_speed=3.1317041)
    vehicle2.decelerate(trigger_sequence=2, target_speed=3.38201301)
    vehicle1.decelerate(trigger_sequence=3, target_speed=9.34726212)
    vehicle1.changeLane(trigger_sequence=4, target_lane=1, target_speed=48.25513057)
    vehicle2.decelerate(trigger_sequence=5, target_speed=8.96118839)

2025-04-22 Tuesday 17:50:54  random_test.py : INFO  === Evaluation Finished === 
 Fitness: [6.991804833603181, -0.6464646464646465], Collision: False
2025-04-22 Tuesday 17:51:01  random_test.py : INFO  === Evaluate Testcase === 
 def testcase(self):
    ego = NPC(lane_id=4, offset=34.6268843, initial_speed=19.94589847)
    vehicle2 = NPC(lane_id=1, offset=46.12816688, initial_speed=34.63788824)
    vehicle3 = NPC(lane_id=2, offset=30.37859886, initial_speed=25.91731997)
    vehicle4 = NPC(lane_id=2, offset=3.31008811, initial_speed=3.28558851)
    vehicle2.decelerate(trigger_sequence=2, target_speed=19.13101363)
    vehicle3.changeLane(trigger_sequence=2, target_lane=3, target_speed=53.63132869)
    vehicle4.accelerate(trigger_sequence=2, target_speed=41.99764178)
    vehicle2.decelerate(trigger_sequence=3, target_speed=5.19988659)
    vehicle3.changeLane(trigger_sequence=3, target_lane=1, target_speed=58.82086112)
    vehicle4.changeLane(trigger_sequence=4, target_lane=3, target_speed=30.10422958)
    vehicle2.changeLane(trigger_sequence=5, target_lane=1, target_speed=9.63080981)

2025-04-22 Tuesday 17:51:01  random_test.py : INFO  === Evaluation Finished === 
 Fitness: [6.991213199612049, -0.6145833333333334], Collision: False
2025-04-22 Tuesday 17:51:08  random_test.py : INFO  === Evaluate Testcase === 
 def testcase(self):
    ego = NPC(lane_id=3, offset=22.0205662, initial_speed=20.98759126)
    vehicle2 = NPC(lane_id=2, offset=39.93874369, initial_speed=11.38141191)
    vehicle3 = NPC(lane_id=3, offset=42.52773924, initial_speed=29.87049119)
    vehicle2.changeLane(trigger_sequence=2, target_lane=1, target_speed=36.78325589)
    vehicle2.accelerate(trigger_sequence=3, target_speed=30.99051144)
    vehicle2.accelerate(trigger_sequence=5, target_speed=45.81564731)

2025-04-22 Tuesday 17:51:08  random_test.py : INFO  === Evaluation Finished === 
 Fitness: [3.4993449290200624, -0.5818815331010453], Collision: False
2025-04-22 Tuesday 17:51:15  random_test.py : INFO  === Evaluate Testcase === 
 def testcase(self):
    ego = NPC(lane_id=3, offset=24.77554064, initial_speed=10.97730817)
    vehicle2 = NPC(lane_id=3, offset=49.84533842, initial_speed=10.88380358)
    vehicle3 = NPC(lane_id=4, offset=0.88030868, initial_speed=1.1001396)
    vehicle2.decelerate(trigger_sequence=1, target_speed=7.95541252)
    vehicle2.accelerate(trigger_sequence=2, target_speed=38.38815084)
    vehicle3.accelerate(trigger_sequence=2, target_speed=51.29729515)
    vehicle2.accelerate(trigger_sequence=4, target_speed=31.47885971)
    vehicle3.accelerate(trigger_sequence=4, target_speed=42.33058068)
    vehicle2.decelerate(trigger_sequence=5, target_speed=6.63715938)
    vehicle3.accelerate(trigger_sequence=5, target_speed=43.09771092)

2025-04-22 Tuesday 17:51:15  random_test.py : INFO  === Evaluation Finished === 
 Fitness: [3.5001767410376647, -0.03166666666666667], Collision: False
2025-04-22 Tuesday 17:51:21  random_test.py : INFO  === Evaluate Testcase === 
 def testcase(self):
    vehicle1 = NPC(lane_id=4, offset=6.95110532, initial_speed=24.46817121)
    ego = NPC(lane_id=1, offset=48.23388493, initial_speed=9.47093576)
    vehicle1.changeLane(trigger_sequence=3, target_lane=1, target_speed=10.97659586)
    vehicle1.accelerate(trigger_sequence=4, target_speed=59.279324)

2025-04-22 Tuesday 17:51:21  random_test.py : INFO  === Evaluation Finished === 
 Fitness: [10.49990422715039, -0.03833333333333333], Collision: False
2025-04-22 Tuesday 17:51:26  random_test.py : INFO  === Evaluate Testcase === 
 def testcase(self):
    vehicle1 = NPC(lane_id=4, offset=40.72545376, initial_speed=5.29864485)
    vehicle2 = NPC(lane_id=2, offset=45.49088718, initial_speed=5.22987274)
    ego = NPC(lane_id=2, offset=11.6815904, initial_speed=11.60621169)
    vehicle4 = NPC(lane_id=2, offset=15.16814834, initial_speed=36.40117194)
    vehicle2.changeLane(trigger_sequence=1, target_lane=3, target_speed=37.54303696)
    vehicle4.changeLane(trigger_sequence=1, target_lane=1, target_speed=43.15634588)
    vehicle2.accelerate(trigger_sequence=2, target_speed=58.11695136)
    vehicle2.changeLane(trigger_sequence=3, target_lane=1, target_speed=9.42314417)
    vehicle4.changeLane(trigger_sequence=3, target_lane=1, target_speed=42.40979787)
    vehicle1.accelerate(trigger_sequence=4, target_speed=45.02503056)
    vehicle2.accelerate(trigger_sequence=4, target_speed=53.821761)
    vehicle4.decelerate(trigger_sequence=5, target_speed=16.83357025)

2025-04-22 Tuesday 17:51:26  random_test.py : INFO  === Evaluation Finished === 
 Fitness: [inf, 0], Collision: False
2025-04-22 Tuesday 17:51:33  random_test.py : INFO  === Evaluate Testcase === 
 def testcase(self):
    vehicle1 = NPC(lane_id=4, offset=10.11799501, initial_speed=38.34353317)
    ego = NPC(lane_id=5, offset=0.09825575, initial_speed=32.77803379)
    vehicle3 = NPC(lane_id=3, offset=24.18315444, initial_speed=28.71093487)
    vehicle1.decelerate(trigger_sequence=1, target_speed=23.25776484)
    vehicle3.accelerate(trigger_sequence=1, target_speed=41.28903264)
    vehicle1.decelerate(trigger_sequence=3, target_speed=16.64057976)
    vehicle3.changeLane(trigger_sequence=3, target_lane=1, target_speed=37.46891054)
    vehicle1.accelerate(trigger_sequence=4, target_speed=41.66742888)
    vehicle3.decelerate(trigger_sequence=5, target_speed=3.75453881)

2025-04-22 Tuesday 17:51:33  random_test.py : INFO  === Evaluation Finished === 
 Fitness: [3.4998689940228305, -0.3776978417266187], Collision: False
2025-04-22 Tuesday 17:51:37  random_test.py : INFO  === Evaluate Testcase === 
 def testcase(self):
    vehicle1 = NPC(lane_id=5, offset=33.45195467, initial_speed=26.4199515)
    ego = NPC(lane_id=1, offset=0.41394492, initial_speed=26.70933457)
    vehicle3 = NPC(lane_id=5, offset=31.06715404, initial_speed=24.16130204)
    vehicle1.changeLane(trigger_sequence=2, target_lane=3, target_speed=31.75521016)

2025-04-22 Tuesday 17:51:37  random_test.py : INFO  === Evaluation Finished === 
 Fitness: [inf, 0], Collision: False
2025-04-22 Tuesday 17:51:44  random_test.py : INFO  === Evaluate Testcase === 
 def testcase(self):
    ego = NPC(lane_id=2, offset=15.91699041, initial_speed=9.79767223)
    vehicle2 = NPC(lane_id=1, offset=49.75814773, initial_speed=22.66596378)
    vehicle2.changeLane(trigger_sequence=2, target_lane=3, target_speed=52.63087626)
    vehicle2.changeLane(trigger_sequence=4, target_lane=1, target_speed=30.87433672)
    vehicle2.changeLane(trigger_sequence=5, target_lane=3, target_speed=32.9441901)

2025-04-22 Tuesday 17:51:44  random_test.py : INFO  === Evaluation Finished === 
 Fitness: [34.33386608338904, -0.0333889816360601], Collision: False
2025-04-22 Tuesday 17:51:50  random_test.py : INFO  === Evaluate Testcase === 
 def testcase(self):
    vehicle1 = NPC(lane_id=5, offset=42.19462461, initial_speed=30.2639125)
    ego = NPC(lane_id=4, offset=14.17323693, initial_speed=23.55330248)
    vehicle1.changeLane(trigger_sequence=1, target_lane=1, target_speed=31.46292909)
    vehicle1.changeLane(trigger_sequence=4, target_lane=1, target_speed=50.75745623)
    vehicle1.accelerate(trigger_sequence=5, target_speed=34.63897461)

2025-04-22 Tuesday 17:51:50  random_test.py : INFO  === Evaluation Finished === 
 Fitness: [28.657376613035616, -0.5440140845070423], Collision: False
2025-04-22 Tuesday 17:51:57  random_test.py : INFO  === Evaluate Testcase === 
 def testcase(self):
    vehicle1 = NPC(lane_id=2, offset=47.30678586, initial_speed=13.16527385)
    ego = NPC(lane_id=4, offset=38.80196942, initial_speed=9.384985)
    vehicle1.accelerate(trigger_sequence=5, target_speed=54.66654144)

2025-04-22 Tuesday 17:51:57  random_test.py : INFO  === Evaluation Finished === 
 Fitness: [11.15109347353617, -0.03833333333333333], Collision: False
2025-04-22 Tuesday 17:52:03  random_test.py : INFO  === Evaluate Testcase === 
 def testcase(self):
    vehicle1 = NPC(lane_id=5, offset=32.68646911, initial_speed=38.0024448)
    ego = NPC(lane_id=1, offset=40.9245146, initial_speed=13.08521812)
    vehicle3 = NPC(lane_id=2, offset=12.68702169, initial_speed=13.72920096)
    vehicle1.decelerate(trigger_sequence=1, target_speed=22.24961329)
    vehicle3.accelerate(trigger_sequence=1, target_speed=53.59362297)
    vehicle1.changeLane(trigger_sequence=2, target_lane=3, target_speed=0.51572061)
    vehicle3.decelerate(trigger_sequence=2, target_speed=13.53892259)
    vehicle1.decelerate(trigger_sequence=3, target_speed=10.7496365)
    vehicle1.accelerate(trigger_sequence=4, target_speed=39.05071944)
    vehicle3.accelerate(trigger_sequence=4, target_speed=52.96546308)
    vehicle1.accelerate(trigger_sequence=5, target_speed=49.62278409)
    vehicle3.decelerate(trigger_sequence=5, target_speed=13.53571749)

2025-04-22 Tuesday 17:52:03  random_test.py : INFO  === Evaluation Finished === 
 Fitness: [3.5012192824884645, -0.030100334448160536], Collision: False
2025-04-22 Tuesday 17:52:10  random_test.py : INFO  === Evaluate Testcase === 
 def testcase(self):
    vehicle1 = NPC(lane_id=3, offset=1.69757017, initial_speed=7.30397598)
    ego = NPC(lane_id=1, offset=23.21483656, initial_speed=7.517921)
    vehicle3 = NPC(lane_id=3, offset=48.08040233, initial_speed=26.12169276)
    vehicle1.accelerate(trigger_sequence=2, target_speed=45.26897649)
    vehicle3.accelerate(trigger_sequence=2, target_speed=48.13154687)
    vehicle3.decelerate(trigger_sequence=3, target_speed=12.60579339)
    vehicle3.changeLane(trigger_sequence=4, target_lane=1, target_speed=40.84867605)
    vehicle1.decelerate(trigger_sequence=5, target_speed=13.95102883)
    vehicle3.decelerate(trigger_sequence=5, target_speed=25.23415919)

2025-04-22 Tuesday 17:52:10  random_test.py : INFO  === Evaluation Finished === 
 Fitness: [6.999472878334714, -0.04], Collision: False
2025-04-22 Tuesday 17:52:17  random_test.py : INFO  === Evaluate Testcase === 
 def testcase(self):
    vehicle1 = NPC(lane_id=1, offset=2.55236121, initial_speed=29.34106584)
    ego = NPC(lane_id=4, offset=2.19204927, initial_speed=13.01045713)
    vehicle3 = NPC(lane_id=3, offset=34.32429135, initial_speed=19.56732737)
    vehicle1.changeLane(trigger_sequence=1, target_lane=1, target_speed=18.52421776)
    vehicle3.changeLane(trigger_sequence=1, target_lane=1, target_speed=49.31915607)
    vehicle1.accelerate(trigger_sequence=3, target_speed=47.81095215)
    vehicle1.decelerate(trigger_sequence=4, target_speed=0.81067432)
    vehicle3.accelerate(trigger_sequence=4, target_speed=52.98183027)

2025-04-22 Tuesday 17:52:17  random_test.py : INFO  === Evaluation Finished === 
 Fitness: [10.556424693097354, -0.03005008347245409], Collision: False
2025-04-22 Tuesday 17:52:23  random_test.py : INFO  === Evaluate Testcase === 
 def testcase(self):
    vehicle1 = NPC(lane_id=1, offset=35.47975595, initial_speed=27.51351872)
    ego = NPC(lane_id=5, offset=42.32662543, initial_speed=39.5972723)
    vehicle1.changeLane(trigger_sequence=4, target_lane=3, target_speed=14.01089228)
    vehicle1.decelerate(trigger_sequence=5, target_speed=13.19149303)

2025-04-22 Tuesday 17:52:23  random_test.py : INFO  === Evaluation Finished === 
 Fitness: [13.992813981021733, -0.22527472527472528], Collision: False
2025-04-22 Tuesday 17:52:30  random_test.py : INFO  === Evaluate Testcase === 
 def testcase(self):
    ego = NPC(lane_id=2, offset=9.06297706, initial_speed=0.82981084)
    vehicle2 = NPC(lane_id=1, offset=31.54751395, initial_speed=13.37047568)
    vehicle3 = NPC(lane_id=4, offset=38.34358193, initial_speed=29.03108041)
    vehicle2.accelerate(trigger_sequence=1, target_speed=47.49886712)
    vehicle3.decelerate(trigger_sequence=2, target_speed=7.30008751)
    vehicle3.accelerate(trigger_sequence=4, target_speed=52.3893556)
    vehicle2.changeLane(trigger_sequence=5, target_lane=3, target_speed=20.69461551)
    vehicle3.accelerate(trigger_sequence=5, target_speed=36.21357693)

2025-04-22 Tuesday 17:52:30  random_test.py : INFO  === Evaluation Finished === 
 Fitness: [23.12095262889638, -0.632996632996633], Collision: False
2025-04-22 Tuesday 17:52:37  random_test.py : INFO  === Evaluate Testcase === 
 def testcase(self):
    ego = NPC(lane_id=5, offset=37.74924734, initial_speed=20.33842383)
    vehicle2 = NPC(lane_id=2, offset=48.83067789, initial_speed=5.12052093)
    vehicle2.accelerate(trigger_sequence=2, target_speed=43.03170189)
    vehicle2.changeLane(trigger_sequence=5, target_lane=1, target_speed=39.80264015)

2025-04-22 Tuesday 17:52:37  random_test.py : INFO  === Evaluation Finished === 
 Fitness: [10.499228206359343, -0.6], Collision: False
2025-04-22 Tuesday 17:52:43  random_test.py : INFO  === Evaluate Testcase === 
 def testcase(self):
    vehicle1 = NPC(lane_id=1, offset=34.3422642, initial_speed=20.25645231)
    ego = NPC(lane_id=4, offset=19.52848207, initial_speed=35.6995793)
    vehicle1.decelerate(trigger_sequence=1, target_speed=17.41582129)
    vehicle1.accelerate(trigger_sequence=2, target_speed=58.36141033)
    vehicle1.decelerate(trigger_sequence=3, target_speed=5.31028751)

2025-04-22 Tuesday 17:52:43  random_test.py : INFO  === Evaluation Finished === 
 Fitness: [10.499868473467155, -0.3061594202898551], Collision: False
2025-04-22 Tuesday 17:52:49  random_test.py : INFO  === Evaluate Testcase === 
 def testcase(self):
    vehicle1 = NPC(lane_id=3, offset=2.81146449, initial_speed=7.7126759)
    ego = NPC(lane_id=2, offset=14.09410897, initial_speed=21.42190923)
    vehicle1.decelerate(trigger_sequence=2, target_speed=7.91866531)
    vehicle1.decelerate(trigger_sequence=3, target_speed=27.98927317)
    vehicle1.changeLane(trigger_sequence=5, target_lane=1, target_speed=3.14325735)

2025-04-22 Tuesday 17:52:49  random_test.py : INFO  === Evaluation Finished === 
 Fitness: [10.545836561658913, -0.5592334494773519], Collision: False
2025-04-22 Tuesday 17:52:56  random_test.py : INFO  === Evaluate Testcase === 
 def testcase(self):
    vehicle1 = NPC(lane_id=3, offset=12.6126201, initial_speed=7.08509709)
    vehicle2 = NPC(lane_id=5, offset=32.51293344, initial_speed=31.89730433)
    ego = NPC(lane_id=4, offset=12.4449673, initial_speed=30.52448624)
    vehicle4 = NPC(lane_id=5, offset=6.21535624, initial_speed=9.00027176)
    vehicle1.decelerate(trigger_sequence=2, target_speed=14.66877883)
    vehicle4.accelerate(trigger_sequence=3, target_speed=34.85562174)
    vehicle2.changeLane(trigger_sequence=4, target_lane=1, target_speed=10.86491114)
    vehicle4.changeLane(trigger_sequence=4, target_lane=1, target_speed=33.23600019)
    vehicle1.decelerate(trigger_sequence=5, target_speed=27.10048079)
    vehicle4.decelerate(trigger_sequence=5, target_speed=19.33709895)

2025-04-22 Tuesday 17:52:56  random_test.py : INFO  === Evaluation Finished === 
 Fitness: [3.4948174696466143, -0.43828264758497315], Collision: False
2025-04-22 Tuesday 17:53:03  random_test.py : INFO  === Evaluate Testcase === 
 def testcase(self):
    vehicle1 = NPC(lane_id=2, offset=37.75107841, initial_speed=10.9940753)
    ego = NPC(lane_id=1, offset=27.05516224, initial_speed=24.0218465)
    vehicle1.changeLane(trigger_sequence=1, target_lane=1, target_speed=43.84996949)
    vehicle1.accelerate(trigger_sequence=2, target_speed=33.3205645)
    vehicle1.decelerate(trigger_sequence=3, target_speed=1.46186906)
    vehicle1.decelerate(trigger_sequence=5, target_speed=19.17125194)

2025-04-22 Tuesday 17:53:03  random_test.py : INFO  === Evaluation Finished === 
 Fitness: [3.5005573559747662, -0.7248677248677249], Collision: True
2025-04-22 Tuesday 17:53:03  random_test.py : INFO  === Find a coollision ===
2025-04-22 Tuesday 17:53:10  random_test.py : INFO  === Evaluate Testcase === 
 def testcase(self):
    ego = NPC(lane_id=1, offset=12.42052956, initial_speed=18.33717548)
    vehicle2 = NPC(lane_id=4, offset=16.10129933, initial_speed=18.04212448)
    vehicle3 = NPC(lane_id=4, offset=43.16974003, initial_speed=32.91416741)
    vehicle4 = NPC(lane_id=5, offset=36.44344861, initial_speed=29.56709359)
    vehicle3.changeLane(trigger_sequence=1, target_lane=1, target_speed=35.84739808)
    vehicle3.changeLane(trigger_sequence=2, target_lane=3, target_speed=5.07833043)
    vehicle2.decelerate(trigger_sequence=3, target_speed=25.44898261)
    vehicle4.decelerate(trigger_sequence=3, target_speed=16.13507511)
    vehicle4.decelerate(trigger_sequence=4, target_speed=15.71056762)
    vehicle2.changeLane(trigger_sequence=5, target_lane=3, target_speed=7.03149473)

2025-04-22 Tuesday 17:53:10  random_test.py : INFO  === Evaluation Finished === 
 Fitness: [10.222811125472013, -0.6591695501730104], Collision: False
2025-04-22 Tuesday 17:53:16  random_test.py : INFO  === Evaluate Testcase === 
 def testcase(self):
    vehicle1 = NPC(lane_id=3, offset=14.06473531, initial_speed=30.66671854)
    ego = NPC(lane_id=4, offset=2.00498005, initial_speed=33.13733329)
    vehicle3 = NPC(lane_id=2, offset=0.49583871, initial_speed=13.03153241)
    vehicle3.accelerate(trigger_sequence=1, target_speed=41.63589061)
    vehicle1.decelerate(trigger_sequence=2, target_speed=17.42514257)
    vehicle1.decelerate(trigger_sequence=3, target_speed=8.80144273)
    vehicle3.accelerate(trigger_sequence=4, target_speed=58.48700514)
    vehicle1.changeLane(trigger_sequence=5, target_lane=1, target_speed=42.07451594)
    vehicle3.changeLane(trigger_sequence=5, target_lane=3, target_speed=57.10547079)

2025-04-22 Tuesday 17:53:16  random_test.py : INFO  === Evaluation Finished === 
 Fitness: [3.500944013357818, -0.36576576576576575], Collision: False
2025-04-22 Tuesday 17:53:23  random_test.py : INFO  === Evaluate Testcase === 
 def testcase(self):
    vehicle1 = NPC(lane_id=5, offset=29.10020173, initial_speed=38.3389362)
    ego = NPC(lane_id=1, offset=20.1189591, initial_speed=30.37465954)
    vehicle1.changeLane(trigger_sequence=2, target_lane=1, target_speed=32.68093668)
    vehicle1.changeLane(trigger_sequence=3, target_lane=3, target_speed=53.54533269)
    vehicle1.changeLane(trigger_sequence=4, target_lane=1, target_speed=16.95954116)

2025-04-22 Tuesday 17:53:23  random_test.py : INFO  === Evaluation Finished === 
 Fitness: [16.934241044304446, -0.5384615384615384], Collision: False
2025-04-22 Tuesday 17:53:31  random_test.py : INFO  === Evaluate Testcase === 
 def testcase(self):
    vehicle1 = NPC(lane_id=1, offset=32.24961941, initial_speed=24.9936933)
    ego = NPC(lane_id=5, offset=43.33059464, initial_speed=6.96076809)
    vehicle3 = NPC(lane_id=3, offset=38.68564436, initial_speed=11.11672337)
    vehicle4 = NPC(lane_id=5, offset=17.08930647, initial_speed=12.17663618)
    vehicle1.changeLane(trigger_sequence=1, target_lane=3, target_speed=25.35499708)
    vehicle4.changeLane(trigger_sequence=1, target_lane=3, target_speed=45.71314227)
    vehicle3.accelerate(trigger_sequence=2, target_speed=31.40403808)
    vehicle3.accelerate(trigger_sequence=3, target_speed=59.14984467)
    vehicle4.changeLane(trigger_sequence=3, target_lane=3, target_speed=10.47888924)
    vehicle1.decelerate(trigger_sequence=4, target_speed=29.17978265)
    vehicle3.changeLane(trigger_sequence=5, target_lane=1, target_speed=11.49891116)
    vehicle4.decelerate(trigger_sequence=5, target_speed=16.0508553)

2025-04-22 Tuesday 17:53:31  random_test.py : INFO  === Evaluation Finished === 
 Fitness: [3.2770192173314396, -0.19863013698630136], Collision: True
2025-04-22 Tuesday 17:53:31  random_test.py : INFO  === Find a coollision ===
2025-04-22 Tuesday 17:53:37  random_test.py : INFO  === Evaluate Testcase === 
 def testcase(self):
    vehicle1 = NPC(lane_id=2, offset=49.83307745, initial_speed=34.55932368)
    ego = NPC(lane_id=1, offset=1.4039996, initial_speed=15.32381809)
    vehicle1.decelerate(trigger_sequence=2, target_speed=6.61558857)
    vehicle1.changeLane(trigger_sequence=5, target_lane=1, target_speed=59.72917903)

2025-04-22 Tuesday 17:53:37  random_test.py : INFO  === Evaluation Finished === 
 Fitness: [49.034768947747274, -0.02181208053691275], Collision: False
2025-04-22 Tuesday 17:53:44  random_test.py : INFO  === Evaluate Testcase === 
 def testcase(self):
    ego = NPC(lane_id=3, offset=25.70628514, initial_speed=39.25620649)
    vehicle2 = NPC(lane_id=5, offset=45.68842121, initial_speed=3.3707959)
    vehicle3 = NPC(lane_id=1, offset=48.1698561, initial_speed=4.90911879)
    vehicle4 = NPC(lane_id=3, offset=44.15590867, initial_speed=38.5042084)
    vehicle2.decelerate(trigger_sequence=1, target_speed=14.443177)
    vehicle4.decelerate(trigger_sequence=1, target_speed=1.88407845)
    vehicle2.decelerate(trigger_sequence=2, target_speed=14.8459881)
    vehicle4.changeLane(trigger_sequence=2, target_lane=1, target_speed=42.8162727)
    vehicle3.accelerate(trigger_sequence=3, target_speed=35.90413815)
    vehicle4.changeLane(trigger_sequence=3, target_lane=3, target_speed=5.81644626)
    vehicle2.accelerate(trigger_sequence=4, target_speed=52.64450667)
    vehicle4.decelerate(trigger_sequence=5, target_speed=9.31617239)

2025-04-22 Tuesday 17:53:44  random_test.py : INFO  === Evaluation Finished === 
 Fitness: [7.000997017214481, -0.23583180987202926], Collision: False
2025-04-22 Tuesday 17:53:50  random_test.py : INFO  === Evaluate Testcase === 
 def testcase(self):
    ego = NPC(lane_id=5, offset=18.36345773, initial_speed=7.79832079)
    vehicle2 = NPC(lane_id=4, offset=11.11397891, initial_speed=37.69469982)
    vehicle2.decelerate(trigger_sequence=2, target_speed=14.02300173)

2025-04-22 Tuesday 17:53:50  random_test.py : INFO  === Evaluation Finished === 
 Fitness: [3.491149103085585, -0.03833333333333333], Collision: False
2025-04-22 Tuesday 17:53:57  random_test.py : INFO  === Evaluate Testcase === 
 def testcase(self):
    vehicle1 = NPC(lane_id=4, offset=28.5224157, initial_speed=16.75934955)
    vehicle2 = NPC(lane_id=3, offset=44.24129466, initial_speed=1.64651669)
    ego = NPC(lane_id=2, offset=31.91584047, initial_speed=28.15884838)
    vehicle1.changeLane(trigger_sequence=1, target_lane=3, target_speed=52.46223405)
    vehicle2.decelerate(trigger_sequence=1, target_speed=20.28137846)
    vehicle1.changeLane(trigger_sequence=2, target_lane=1, target_speed=11.72049107)
    vehicle1.changeLane(trigger_sequence=4, target_lane=3, target_speed=54.78175642)
    vehicle1.decelerate(trigger_sequence=5, target_speed=4.65741902)

2025-04-22 Tuesday 17:53:57  random_test.py : INFO  === Evaluation Finished === 
 Fitness: [3.5016030815061128, -0.46441281138790036], Collision: False
2025-04-22 Tuesday 17:54:04  random_test.py : INFO  === Evaluate Testcase === 
 def testcase(self):
    ego = NPC(lane_id=5, offset=38.5901886, initial_speed=26.64173202)
    vehicle2 = NPC(lane_id=4, offset=27.46362848, initial_speed=21.43495794)
    vehicle2.decelerate(trigger_sequence=3, target_speed=28.15890034)
    vehicle2.changeLane(trigger_sequence=4, target_lane=1, target_speed=47.01316971)

2025-04-22 Tuesday 17:54:04  random_test.py : INFO  === Evaluation Finished === 
 Fitness: [6.774975706068406, -0.45567375886524825], Collision: False
2025-04-22 Tuesday 17:54:11  random_test.py : INFO  === Evaluate Testcase === 
 def testcase(self):
    ego = NPC(lane_id=4, offset=20.5030056, initial_speed=7.53753238)
    vehicle2 = NPC(lane_id=3, offset=33.67831496, initial_speed=8.13034413)
    vehicle3 = NPC(lane_id=5, offset=12.06559006, initial_speed=1.59382747)
    vehicle4 = NPC(lane_id=4, offset=49.13532374, initial_speed=14.07023756)
    vehicle3.decelerate(trigger_sequence=1, target_speed=8.17441827)
    vehicle4.changeLane(trigger_sequence=1, target_lane=3, target_speed=16.1355544)
    vehicle2.changeLane(trigger_sequence=2, target_lane=3, target_speed=7.62988169)
    vehicle3.decelerate(trigger_sequence=2, target_speed=23.32708783)
    vehicle3.changeLane(trigger_sequence=3, target_lane=1, target_speed=28.37864551)
    vehicle2.accelerate(trigger_sequence=4, target_speed=49.3450103)
    vehicle4.changeLane(trigger_sequence=4, target_lane=1, target_speed=55.39313289)
    vehicle2.accelerate(trigger_sequence=5, target_speed=48.23841514)
    vehicle4.changeLane(trigger_sequence=5, target_lane=1, target_speed=33.62093411)

2025-04-22 Tuesday 17:54:11  random_test.py : INFO  === Evaluation Finished === 
 Fitness: [2.34648195823531, -0.08747855917667238], Collision: True
2025-04-22 Tuesday 17:54:11  random_test.py : INFO  === Find a collision ===
2025-04-22 Tuesday 17:54:16  random_test.py : INFO  === Evaluate Testcase === 
 def testcase(self):
    vehicle1 = NPC(lane_id=3, offset=3.57306709, initial_speed=18.38276036)
    vehicle2 = NPC(lane_id=3, offset=3.49769151, initial_speed=19.83041644)
    ego = NPC(lane_id=3, offset=35.10313611, initial_speed=19.90528593)
    vehicle4 = NPC(lane_id=1, offset=20.30723582, initial_speed=22.20684106)
    vehicle1.accelerate(trigger_sequence=1, target_speed=55.12962384)
    vehicle1.changeLane(trigger_sequence=2, target_lane=3, target_speed=37.29553493)
    vehicle4.changeLane(trigger_sequence=2, target_lane=3, target_speed=48.09217008)
    vehicle4.accelerate(trigger_sequence=3, target_speed=55.70234678)
    vehicle1.accelerate(trigger_sequence=4, target_speed=53.84031692)
    vehicle4.accelerate(trigger_sequence=4, target_speed=30.48072363)
    vehicle1.accelerate(trigger_sequence=5, target_speed=55.64742996)
    vehicle2.decelerate(trigger_sequence=5, target_speed=12.08184252)

2025-04-22 Tuesday 17:54:16  random_test.py : INFO  === Evaluation Finished === 
 Fitness: [inf, 0], Collision: False
2025-04-22 Tuesday 17:54:22  random_test.py : INFO  === Evaluate Testcase === 
 def testcase(self):
    vehicle1 = NPC(lane_id=2, offset=20.37188977, initial_speed=22.39475023)
    vehicle2 = NPC(lane_id=3, offset=48.19955676, initial_speed=17.59004371)
    ego = NPC(lane_id=2, offset=9.73746098, initial_speed=4.84880791)
    vehicle2.decelerate(trigger_sequence=1, target_speed=1.06738478)
    vehicle2.accelerate(trigger_sequence=2, target_speed=42.1852326)
    vehicle1.changeLane(trigger_sequence=3, target_lane=3, target_speed=56.30659364)
    vehicle2.changeLane(trigger_sequence=3, target_lane=1, target_speed=2.48542981)
    vehicle2.changeLane(trigger_sequence=4, target_lane=3, target_speed=56.96556176)

2025-04-22 Tuesday 17:54:22  random_test.py : INFO  === Evaluation Finished === 
 Fitness: [11.256493896168621, -0.5008403361344538], Collision: False
2025-04-22 Tuesday 17:54:29  random_test.py : INFO  === Evaluate Testcase === 
 def testcase(self):
    vehicle1 = NPC(lane_id=4, offset=33.81753556, initial_speed=2.01328247)
    vehicle2 = NPC(lane_id=1, offset=48.6299088, initial_speed=17.70433073)
    ego = NPC(lane_id=5, offset=30.08345961, initial_speed=13.47603944)
    vehicle4 = NPC(lane_id=3, offset=18.50324291, initial_speed=36.61333019)
    vehicle1.changeLane(trigger_sequence=1, target_lane=3, target_speed=34.5389317)
    vehicle2.accelerate(trigger_sequence=1, target_speed=59.51234989)
    vehicle4.decelerate(trigger_sequence=1, target_speed=2.17051233)
    vehicle1.accelerate(trigger_sequence=2, target_speed=42.47784018)
    vehicle4.accelerate(trigger_sequence=2, target_speed=51.3514755)
    vehicle1.changeLane(trigger_sequence=3, target_lane=3, target_speed=35.15484781)
    vehicle2.changeLane(trigger_sequence=3, target_lane=3, target_speed=6.65268149)
    vehicle4.decelerate(trigger_sequence=3, target_speed=25.89190832)
    vehicle2.decelerate(trigger_sequence=4, target_speed=22.37220099)
    vehicle4.decelerate(trigger_sequence=4, target_speed=19.4433271)
    vehicle1.decelerate(trigger_sequence=5, target_speed=15.91337458)
    vehicle2.accelerate(trigger_sequence=5, target_speed=54.20211739)
    vehicle4.accelerate(trigger_sequence=5, target_speed=58.68554203)

2025-04-22 Tuesday 17:54:29  random_test.py : INFO  === Evaluation Finished === 
 Fitness: [3.496575282218132, -0.025041736227045076], Collision: False
2025-04-22 Tuesday 17:54:36  random_test.py : INFO  === Evaluate Testcase === 
 def testcase(self):
    vehicle1 = NPC(lane_id=3, offset=35.22210755, initial_speed=19.58505541)
    ego = NPC(lane_id=1, offset=16.84007043, initial_speed=22.5184432)
    vehicle3 = NPC(lane_id=2, offset=3.97179476, initial_speed=13.69368318)
    vehicle1.accelerate(trigger_sequence=1, target_speed=52.00150373)
    vehicle3.accelerate(trigger_sequence=1, target_speed=50.28634805)
    vehicle3.changeLane(trigger_sequence=3, target_lane=1, target_speed=54.96783169)
    vehicle1.changeLane(trigger_sequence=4, target_lane=3, target_speed=6.5972901)
    vehicle1.changeLane(trigger_sequence=5, target_lane=3, target_speed=20.21128743)
    vehicle3.accelerate(trigger_sequence=5, target_speed=35.29090036)

2025-04-22 Tuesday 17:54:36  random_test.py : INFO  === Evaluation Finished === 
 Fitness: [3.502528543085032, -0.5578947368421052], Collision: False
2025-04-22 Tuesday 17:54:43  random_test.py : INFO  === Evaluate Testcase === 
 def testcase(self):
    ego = NPC(lane_id=2, offset=8.93603692, initial_speed=34.75022015)
    vehicle2 = NPC(lane_id=3, offset=31.37487743, initial_speed=26.44830488)
    vehicle3 = NPC(lane_id=5, offset=28.2083969, initial_speed=29.5691424)
    vehicle4 = NPC(lane_id=3, offset=24.68292519, initial_speed=37.99548194)
    vehicle2.decelerate(trigger_sequence=2, target_speed=22.55686551)
    vehicle4.decelerate(trigger_sequence=2, target_speed=13.01885156)
    vehicle4.decelerate(trigger_sequence=3, target_speed=17.62811464)
    vehicle3.decelerate(trigger_sequence=4, target_speed=18.01406006)
    vehicle4.decelerate(trigger_sequence=4, target_speed=29.73529172)
    vehicle3.changeLane(trigger_sequence=5, target_lane=1, target_speed=47.70904611)
    vehicle4.changeLane(trigger_sequence=5, target_lane=3, target_speed=20.41105863)

2025-04-22 Tuesday 17:54:43  random_test.py : INFO  === Evaluation Finished === 
 Fitness: [3.501047960588144, -0.3309222423146474], Collision: False
2025-04-22 Tuesday 17:54:49  random_test.py : INFO  === Evaluate Testcase === 
 def testcase(self):
    vehicle1 = NPC(lane_id=5, offset=8.5561911, initial_speed=14.3936648)
    ego = NPC(lane_id=1, offset=9.68767026, initial_speed=14.11747523)
    vehicle1.changeLane(trigger_sequence=1, target_lane=3, target_speed=58.87900615)
    vehicle1.changeLane(trigger_sequence=2, target_lane=1, target_speed=58.02033335)

2025-04-22 Tuesday 17:54:49  random_test.py : INFO  === Evaluation Finished === 
 Fitness: [12.551565179095679, -0.023450586264656615], Collision: False
2025-04-22 Tuesday 17:54:56  random_test.py : INFO  === Evaluate Testcase === 
 def testcase(self):
    vehicle1 = NPC(lane_id=3, offset=17.69044842, initial_speed=35.89783535)
    ego = NPC(lane_id=1, offset=42.97664983, initial_speed=27.8586688)
    vehicle1.decelerate(trigger_sequence=1, target_speed=28.73607319)
    vehicle1.accelerate(trigger_sequence=4, target_speed=35.02084837)

2025-04-22 Tuesday 17:54:56  random_test.py : INFO  === Evaluation Finished === 
 Fitness: [6.999748372290844, -0.46619217081850534], Collision: False
2025-04-22 Tuesday 17:55:02  random_test.py : INFO  === Evaluate Testcase === 
 def testcase(self):
    vehicle1 = NPC(lane_id=3, offset=37.24591195, initial_speed=37.80582582)
    ego = NPC(lane_id=2, offset=20.03326339, initial_speed=16.34521865)
    vehicle1.decelerate(trigger_sequence=1, target_speed=1.90850723)
    vehicle1.decelerate(trigger_sequence=2, target_speed=17.78469675)
    vehicle1.changeLane(trigger_sequence=3, target_lane=1, target_speed=24.91193929)
    vehicle1.decelerate(trigger_sequence=4, target_speed=27.43569179)
    vehicle1.decelerate(trigger_sequence=5, target_speed=8.36780366)

2025-04-22 Tuesday 17:55:02  random_test.py : INFO  === Evaluation Finished === 
 Fitness: [18.081493168814802, -0.02181208053691275], Collision: False
2025-04-22 Tuesday 17:55:08  random_test.py : INFO  === Evaluate Testcase === 
 def testcase(self):
    ego = NPC(lane_id=2, offset=29.36300654, initial_speed=13.67951631)
    vehicle2 = NPC(lane_id=5, offset=40.49199413, initial_speed=18.78264798)
    vehicle3 = NPC(lane_id=5, offset=6.23591431, initial_speed=2.53498107)
    vehicle3.accelerate(trigger_sequence=1, target_speed=42.86996264)
    vehicle3.decelerate(trigger_sequence=3, target_speed=23.34747395)
    vehicle3.decelerate(trigger_sequence=4, target_speed=10.85117417)
    vehicle3.decelerate(trigger_sequence=5, target_speed=19.78272532)

2025-04-22 Tuesday 17:55:08  random_test.py : INFO  === Evaluation Finished === 
 Fitness: [10.500128676282038, -0.023411371237458192], Collision: False
2025-04-22 Tuesday 17:55:15  random_test.py : INFO  === Evaluate Testcase === 
 def testcase(self):
    vehicle1 = NPC(lane_id=2, offset=19.38426873, initial_speed=22.79823546)
    ego = NPC(lane_id=2, offset=37.66111097, initial_speed=22.91643085)
    vehicle3 = NPC(lane_id=1, offset=19.77577408, initial_speed=10.66349984)
    vehicle1.accelerate(trigger_sequence=1, target_speed=51.31902402)
    vehicle3.changeLane(trigger_sequence=1, target_lane=1, target_speed=58.22314781)
    vehicle3.changeLane(trigger_sequence=3, target_lane=1, target_speed=48.36661882)
    vehicle3.changeLane(trigger_sequence=4, target_lane=3, target_speed=51.51881304)

2025-04-22 Tuesday 17:55:15  random_test.py : INFO  === Evaluation Finished === 
 Fitness: [4.743718536826096, -0.43409490333919154], Collision: True
2025-04-22 Tuesday 17:55:15  random_test.py : INFO  === Find a coollision ===
2025-04-22 Tuesday 17:55:22  random_test.py : INFO  === Evaluate Testcase === 
 def testcase(self):
    ego = NPC(lane_id=2, offset=17.78590478, initial_speed=36.19164839)
    vehicle2 = NPC(lane_id=5, offset=7.86608001, initial_speed=7.18204311)
    vehicle3 = NPC(lane_id=5, offset=32.12687992, initial_speed=15.46099126)
    vehicle4 = NPC(lane_id=1, offset=42.32420008, initial_speed=22.17773873)
    vehicle3.changeLane(trigger_sequence=1, target_lane=1, target_speed=4.54719393)
    vehicle4.changeLane(trigger_sequence=1, target_lane=1, target_speed=54.83604645)
    vehicle3.accelerate(trigger_sequence=3, target_speed=54.88609857)
    vehicle3.accelerate(trigger_sequence=4, target_speed=45.53510618)
    vehicle4.changeLane(trigger_sequence=4, target_lane=3, target_speed=45.54149998)
    vehicle2.changeLane(trigger_sequence=5, target_lane=1, target_speed=34.8348147)
    vehicle4.changeLane(trigger_sequence=5, target_lane=1, target_speed=52.29913065)

2025-04-22 Tuesday 17:55:22  random_test.py : INFO  === Evaluation Finished === 
 Fitness: [3.500176471732722, -0.29219600725952816], Collision: False
2025-04-22 Tuesday 17:55:29  random_test.py : INFO  === Evaluate Testcase === 
 def testcase(self):
    vehicle1 = NPC(lane_id=4, offset=18.36806101, initial_speed=6.13058634)
    ego = NPC(lane_id=4, offset=10.30267411, initial_speed=1.00350488)
    vehicle1.decelerate(trigger_sequence=1, target_speed=24.91322928)
    vehicle1.accelerate(trigger_sequence=3, target_speed=40.43859886)
    vehicle1.decelerate(trigger_sequence=5, target_speed=7.20515782)

2025-04-22 Tuesday 17:55:29  random_test.py : INFO  === Evaluation Finished === 
 Fitness: [8.15054574444764, -0.6593591905564924], Collision: False
2025-04-22 Tuesday 17:55:36  random_test.py : INFO  === Evaluate Testcase === 
 def testcase(self):
    vehicle1 = NPC(lane_id=1, offset=8.419747, initial_speed=2.22518607)
    ego = NPC(lane_id=1, offset=22.4486132, initial_speed=25.94634088)
    vehicle3 = NPC(lane_id=5, offset=48.57084155, initial_speed=37.45744144)
    vehicle3.accelerate(trigger_sequence=1, target_speed=31.431142)
    vehicle3.changeLane(trigger_sequence=3, target_lane=1, target_speed=29.74211781)
    vehicle1.accelerate(trigger_sequence=4, target_speed=38.66079083)
    vehicle3.accelerate(trigger_sequence=4, target_speed=35.46459094)
    vehicle3.changeLane(trigger_sequence=5, target_lane=3, target_speed=24.92492852)

2025-04-22 Tuesday 17:55:36  random_test.py : INFO  === Evaluation Finished === 
 Fitness: [13.642027878026198, -0.48672566371681414], Collision: False
2025-04-22 Tuesday 17:55:42  random_test.py : INFO  === Evaluate Testcase === 
 def testcase(self):
    ego = NPC(lane_id=3, offset=36.06216629, initial_speed=22.87938401)
    vehicle2 = NPC(lane_id=4, offset=26.75682527, initial_speed=24.03156427)
    vehicle3 = NPC(lane_id=2, offset=17.7130045, initial_speed=3.59523608)
    vehicle4 = NPC(lane_id=3, offset=6.17075333, initial_speed=4.02024596)
    vehicle2.decelerate(trigger_sequence=1, target_speed=15.1563872)
    vehicle4.changeLane(trigger_sequence=1, target_lane=3, target_speed=8.89040516)
    vehicle3.changeLane(trigger_sequence=2, target_lane=3, target_speed=47.0798994)
    vehicle4.accelerate(trigger_sequence=2, target_speed=30.97768729)
    vehicle2.accelerate(trigger_sequence=3, target_speed=57.25202333)
    vehicle3.accelerate(trigger_sequence=3, target_speed=32.51667944)
    vehicle2.decelerate(trigger_sequence=4, target_speed=11.76006545)
    vehicle4.decelerate(trigger_sequence=4, target_speed=8.99137053)
    vehicle3.decelerate(trigger_sequence=5, target_speed=14.0961845)
    vehicle4.accelerate(trigger_sequence=5, target_speed=30.42038159)

2025-04-22 Tuesday 17:55:42  random_test.py : INFO  === Evaluation Finished === 
 Fitness: [3.4993044491569107, -0.5518453427065027], Collision: False
2025-04-22 Tuesday 17:55:49  random_test.py : INFO  === Evaluate Testcase === 
 def testcase(self):
    ego = NPC(lane_id=5, offset=13.86781181, initial_speed=6.88870981)
    vehicle2 = NPC(lane_id=3, offset=24.94522094, initial_speed=39.23763055)
    vehicle2.accelerate(trigger_sequence=2, target_speed=32.23194677)
    vehicle2.changeLane(trigger_sequence=3, target_lane=1, target_speed=12.94392642)

2025-04-22 Tuesday 17:55:49  random_test.py : INFO  === Evaluation Finished === 
 Fitness: [13.562821185885225, -0.03666666666666667], Collision: False
2025-04-22 Tuesday 17:55:56  random_test.py : INFO  === Evaluate Testcase === 
 def testcase(self):
    ego = NPC(lane_id=1, offset=31.92781516, initial_speed=32.93109608)
    vehicle2 = NPC(lane_id=4, offset=6.71866302, initial_speed=26.01303521)
    vehicle3 = NPC(lane_id=3, offset=31.90073327, initial_speed=34.54311068)
    vehicle4 = NPC(lane_id=1, offset=9.30801358, initial_speed=36.22372305)
    vehicle3.changeLane(trigger_sequence=1, target_lane=3, target_speed=30.24480131)
    vehicle4.changeLane(trigger_sequence=4, target_lane=1, target_speed=35.32366263)

2025-04-22 Tuesday 17:55:56  random_test.py : INFO  === Evaluation Finished === 
 Fitness: [4.761078209878256, -0.3675675675675676], Collision: True
2025-04-22 Tuesday 17:55:56  random_test.py : INFO  === Find a coollision ===
2025-04-22 Tuesday 17:56:02  random_test.py : INFO  === Evaluate Testcase === 
 def testcase(self):
    vehicle1 = NPC(lane_id=2, offset=24.20558771, initial_speed=37.3087905)
    ego = NPC(lane_id=1, offset=37.45065256, initial_speed=13.27147741)
    vehicle3 = NPC(lane_id=3, offset=42.75785074, initial_speed=16.28516133)
    vehicle3.changeLane(trigger_sequence=1, target_lane=3, target_speed=22.98185984)
    vehicle3.changeLane(trigger_sequence=4, target_lane=1, target_speed=22.8844746)
    vehicle1.accelerate(trigger_sequence=5, target_speed=58.82938983)
    vehicle3.changeLane(trigger_sequence=5, target_lane=3, target_speed=6.48786631)

2025-04-22 Tuesday 17:56:02  random_test.py : INFO  === Evaluation Finished === 
 Fitness: [3.5073388060333195, -0.028428093645484948], Collision: False
2025-04-22 Tuesday 17:56:10  random_test.py : INFO  === Evaluate Testcase === 
 def testcase(self):
    ego = NPC(lane_id=1, offset=19.20113618, initial_speed=9.74748569)
    vehicle2 = NPC(lane_id=1, offset=44.23387676, initial_speed=22.28021286)
    vehicle3 = NPC(lane_id=4, offset=41.98391844, initial_speed=7.44720159)
    vehicle4 = NPC(lane_id=3, offset=36.98584269, initial_speed=7.01959648)
    vehicle3.changeLane(trigger_sequence=1, target_lane=3, target_speed=37.07339482)
    vehicle2.changeLane(trigger_sequence=2, target_lane=3, target_speed=40.71256855)
    vehicle3.changeLane(trigger_sequence=2, target_lane=1, target_speed=44.40287973)
    vehicle4.accelerate(trigger_sequence=2, target_speed=43.76131824)
    vehicle3.changeLane(trigger_sequence=3, target_lane=1, target_speed=34.6225747)
    vehicle4.accelerate(trigger_sequence=3, target_speed=48.02685975)
    vehicle3.changeLane(trigger_sequence=4, target_lane=1, target_speed=42.16292679)
    vehicle4.decelerate(trigger_sequence=4, target_speed=27.11442855)
    vehicle3.accelerate(trigger_sequence=5, target_speed=50.25234026)

2025-04-22 Tuesday 17:56:10  random_test.py : INFO  === Evaluation Finished === 
 Fitness: [12.080214652093296, -0.03333333333333333], Collision: False
2025-04-22 Tuesday 17:56:16  random_test.py : INFO  === Evaluate Testcase === 
 def testcase(self):
    ego = NPC(lane_id=3, offset=11.54033645, initial_speed=17.63824319)
    vehicle2 = NPC(lane_id=4, offset=41.30896032, initial_speed=32.2247316)
    vehicle2.changeLane(trigger_sequence=1, target_lane=3, target_speed=47.2682268)
    vehicle2.changeLane(trigger_sequence=3, target_lane=3, target_speed=47.30852423)
    vehicle2.changeLane(trigger_sequence=4, target_lane=3, target_speed=22.28583023)

2025-04-22 Tuesday 17:56:16  random_test.py : INFO  === Evaluation Finished === 
 Fitness: [30.41928809343449, -0.039792387543252594], Collision: False
2025-04-22 Tuesday 17:56:23  random_test.py : INFO  === Evaluate Testcase === 
 def testcase(self):
    vehicle1 = NPC(lane_id=5, offset=15.66971427, initial_speed=8.97686584)
    ego = NPC(lane_id=4, offset=37.94960548, initial_speed=20.79439496)
    vehicle3 = NPC(lane_id=2, offset=15.7392849, initial_speed=6.28500948)
    vehicle4 = NPC(lane_id=2, offset=48.54050993, initial_speed=25.51835657)
    vehicle1.accelerate(trigger_sequence=1, target_speed=38.3535309)
    vehicle1.decelerate(trigger_sequence=2, target_speed=4.54522742)
    vehicle4.changeLane(trigger_sequence=2, target_lane=1, target_speed=58.76366529)
    vehicle4.accelerate(trigger_sequence=3, target_speed=56.4144673)
    vehicle1.changeLane(trigger_sequence=4, target_lane=3, target_speed=35.61045406)
    vehicle4.accelerate(trigger_sequence=4, target_speed=52.3947036)
    vehicle3.accelerate(trigger_sequence=5, target_speed=59.02130475)

2025-04-22 Tuesday 17:56:23  random_test.py : INFO  === Evaluation Finished === 
 Fitness: [12.987324666162442, -0.6052173913043478], Collision: False
2025-04-22 Tuesday 17:56:30  random_test.py : INFO  === Evaluate Testcase === 
 def testcase(self):
    ego = NPC(lane_id=5, offset=42.41236066, initial_speed=27.62975641)
    vehicle2 = NPC(lane_id=3, offset=47.46915037, initial_speed=16.86746833)
    vehicle2.changeLane(trigger_sequence=1, target_lane=3, target_speed=6.80217792)
    vehicle2.decelerate(trigger_sequence=2, target_speed=3.57969929)

2025-04-22 Tuesday 17:56:30  random_test.py : INFO  === Evaluation Finished === 
 Fitness: [6.999849340325643, -0.4822064056939502], Collision: False
2025-04-22 Tuesday 17:56:36  random_test.py : INFO  === Evaluate Testcase === 
 def testcase(self):
    ego = NPC(lane_id=5, offset=40.1862547, initial_speed=8.43510609)
    vehicle2 = NPC(lane_id=3, offset=16.08327576, initial_speed=8.61466859)
    vehicle2.decelerate(trigger_sequence=4, target_speed=9.77770591)
    vehicle2.accelerate(trigger_sequence=5, target_speed=55.72344743)

2025-04-22 Tuesday 17:56:36  random_test.py : INFO  === Evaluation Finished === 
 Fitness: [7.622917660640774, -0.041666666666666664], Collision: False
2025-04-22 Tuesday 17:56:43  random_test.py : INFO  === Evaluate Testcase === 
 def testcase(self):
    vehicle1 = NPC(lane_id=5, offset=18.48258258, initial_speed=38.45746063)
    vehicle2 = NPC(lane_id=4, offset=18.08224777, initial_speed=2.72374988)
    ego = NPC(lane_id=5, offset=43.99943019, initial_speed=25.27643625)
    vehicle2.changeLane(trigger_sequence=2, target_lane=1, target_speed=46.56765872)
    vehicle1.changeLane(trigger_sequence=4, target_lane=3, target_speed=40.98952893)
    vehicle1.decelerate(trigger_sequence=5, target_speed=13.53022299)

2025-04-22 Tuesday 17:56:43  random_test.py : INFO  === Evaluation Finished === 
 Fitness: [3.5005404852841417, -0.5061946902654867], Collision: True
2025-04-22 Tuesday 17:56:43  random_test.py : INFO  === Find a coollision ===
2025-04-22 Tuesday 17:56:51  random_test.py : INFO  === Evaluate Testcase === 
 def testcase(self):
    ego = NPC(lane_id=1, offset=21.13392352, initial_speed=17.0344072)
    vehicle2 = NPC(lane_id=5, offset=41.97803688, initial_speed=36.55482155)
    vehicle3 = NPC(lane_id=2, offset=41.87662756, initial_speed=19.72401479)
    vehicle4 = NPC(lane_id=4, offset=29.90334593, initial_speed=11.19277626)
    vehicle3.changeLane(trigger_sequence=1, target_lane=3, target_speed=23.37891825)
    vehicle4.accelerate(trigger_sequence=1, target_speed=32.37521028)
    vehicle2.decelerate(trigger_sequence=3, target_speed=21.67387339)
    vehicle3.changeLane(trigger_sequence=3, target_lane=1, target_speed=15.87245655)
    vehicle4.changeLane(trigger_sequence=3, target_lane=1, target_speed=52.80077606)
    vehicle2.changeLane(trigger_sequence=4, target_lane=3, target_speed=57.51620827)
    vehicle4.accelerate(trigger_sequence=4, target_speed=50.98924453)
    vehicle3.changeLane(trigger_sequence=5, target_lane=3, target_speed=6.89658038)
    vehicle4.decelerate(trigger_sequence=5, target_speed=10.45130152)

2025-04-22 Tuesday 17:56:51  random_test.py : INFO  === Evaluation Finished === 
 Fitness: [10.862250720228458, -0.018998272884283247], Collision: False
2025-04-22 Tuesday 17:56:57  random_test.py : INFO  === Evaluate Testcase === 
 def testcase(self):
    vehicle1 = NPC(lane_id=3, offset=46.74935764, initial_speed=39.74588828)
    ego = NPC(lane_id=5, offset=27.0777828, initial_speed=10.73005325)
    vehicle1.accelerate(trigger_sequence=1, target_speed=46.14303687)
    vehicle1.changeLane(trigger_sequence=4, target_lane=1, target_speed=5.2202197)
    vehicle1.accelerate(trigger_sequence=5, target_speed=51.11919253)

2025-04-22 Tuesday 17:56:57  random_test.py : INFO  === Evaluation Finished === 
 Fitness: [21.397771815491552, -0.02003338898163606], Collision: False
2025-04-22 Tuesday 17:57:04  random_test.py : INFO  === Evaluate Testcase === 
 def testcase(self):
    ego = NPC(lane_id=1, offset=0.11322611, initial_speed=18.33686961)
    vehicle2 = NPC(lane_id=3, offset=34.83161653, initial_speed=12.69280436)
    vehicle3 = NPC(lane_id=2, offset=24.01986565, initial_speed=14.22807479)
    vehicle4 = NPC(lane_id=1, offset=41.98640353, initial_speed=13.32982426)
    vehicle4.changeLane(trigger_sequence=1, target_lane=3, target_speed=39.70045882)
    vehicle2.accelerate(trigger_sequence=2, target_speed=38.81586744)
    vehicle4.decelerate(trigger_sequence=2, target_speed=21.49989648)
    vehicle4.accelerate(trigger_sequence=3, target_speed=36.34051698)
    vehicle2.decelerate(trigger_sequence=4, target_speed=29.24847295)
    vehicle3.decelerate(trigger_sequence=4, target_speed=8.64074129)
    vehicle4.accelerate(trigger_sequence=5, target_speed=43.53503404)

2025-04-22 Tuesday 17:57:04  random_test.py : INFO  === Evaluation Finished === 
 Fitness: [3.500371202866072, -0.6660899653979239], Collision: False
2025-04-22 Tuesday 17:57:10  random_test.py : INFO  === Evaluate Testcase === 
 def testcase(self):
    vehicle1 = NPC(lane_id=5, offset=26.27095809, initial_speed=38.62957506)
    ego = NPC(lane_id=2, offset=13.58594339, initial_speed=34.5091336)
    vehicle1.accelerate(trigger_sequence=1, target_speed=44.49282623)
    vehicle1.decelerate(trigger_sequence=3, target_speed=5.41051205)
    vehicle1.decelerate(trigger_sequence=4, target_speed=14.41352459)

2025-04-22 Tuesday 17:57:10  random_test.py : INFO  === Evaluation Finished === 
 Fitness: [10.500413256824864, -0.33273056057866185], Collision: False
2025-04-22 Tuesday 17:57:17  random_test.py : INFO  === Evaluate Testcase === 
 def testcase(self):
    ego = NPC(lane_id=4, offset=3.55027213, initial_speed=2.0788916)
    vehicle2 = NPC(lane_id=1, offset=11.08221476, initial_speed=21.23914017)
    vehicle3 = NPC(lane_id=1, offset=32.10640553, initial_speed=30.90239542)
    vehicle2.accelerate(trigger_sequence=3, target_speed=46.32044958)
    vehicle3.accelerate(trigger_sequence=3, target_speed=44.43973138)

2025-04-22 Tuesday 17:57:17  random_test.py : INFO  === Evaluation Finished === 
 Fitness: [13.267314557197336, -0.6084033613445378], Collision: False
2025-04-22 Tuesday 17:57:23  random_test.py : INFO  === Evaluate Testcase === 
 def testcase(self):
    ego = NPC(lane_id=2, offset=22.99714481, initial_speed=13.02643555)
    vehicle2 = NPC(lane_id=5, offset=23.14410196, initial_speed=37.45481579)
    vehicle3 = NPC(lane_id=5, offset=49.50067482, initial_speed=28.31231131)
    vehicle2.decelerate(trigger_sequence=2, target_speed=0.50418837)
    vehicle3.decelerate(trigger_sequence=2, target_speed=20.14726286)
    vehicle2.accelerate(trigger_sequence=4, target_speed=40.40827829)
    vehicle3.accelerate(trigger_sequence=4, target_speed=47.04880891)
    vehicle3.accelerate(trigger_sequence=5, target_speed=42.64086097)

2025-04-22 Tuesday 17:57:23  random_test.py : INFO  === Evaluation Finished === 
 Fitness: [10.576065573409618, -0.03005008347245409], Collision: False
2025-04-22 Tuesday 17:57:30  random_test.py : INFO  === Evaluate Testcase === 
 def testcase(self):
    vehicle1 = NPC(lane_id=2, offset=29.22706874, initial_speed=26.38948537)
    ego = NPC(lane_id=3, offset=46.73635158, initial_speed=18.88833816)
    vehicle3 = NPC(lane_id=3, offset=21.73828388, initial_speed=18.04293428)
    vehicle4 = NPC(lane_id=3, offset=13.88035913, initial_speed=4.31583276)
    vehicle4.changeLane(trigger_sequence=1, target_lane=1, target_speed=51.06630201)
    vehicle1.changeLane(trigger_sequence=3, target_lane=1, target_speed=51.04175906)
    vehicle3.accelerate(trigger_sequence=4, target_speed=37.13641497)

2025-04-22 Tuesday 17:57:30  random_test.py : INFO  === Evaluation Finished === 
 Fitness: [3.4690556308642613, -0.4852686308492201], Collision: True
2025-04-22 Tuesday 17:57:30  random_test.py : INFO  === Find a coollision ===
2025-04-22 Tuesday 17:57:37  random_test.py : INFO  === Evaluate Testcase === 
 def testcase(self):
    vehicle1 = NPC(lane_id=3, offset=37.1538439, initial_speed=17.13017572)
    ego = NPC(lane_id=2, offset=25.07812761, initial_speed=5.16036858)
    vehicle1.decelerate(trigger_sequence=2, target_speed=6.54159949)
    vehicle1.decelerate(trigger_sequence=3, target_speed=14.13117312)
    vehicle1.accelerate(trigger_sequence=4, target_speed=36.03744166)

2025-04-22 Tuesday 17:57:37  random_test.py : INFO  === Evaluation Finished === 
 Fitness: [12.80389185350092, -0.49833333333333335], Collision: False
2025-04-22 Tuesday 17:57:41  random_test.py : INFO  === Evaluate Testcase === 
 def testcase(self):
    vehicle1 = NPC(lane_id=2, offset=17.84180881, initial_speed=33.13863665)
    vehicle2 = NPC(lane_id=2, offset=21.84905116, initial_speed=12.02585127)
    ego = NPC(lane_id=5, offset=28.79852574, initial_speed=31.07860493)
    vehicle4 = NPC(lane_id=4, offset=16.31140636, initial_speed=35.36916836)
    vehicle2.decelerate(trigger_sequence=1, target_speed=14.9875701)
    vehicle2.accelerate(trigger_sequence=2, target_speed=44.06651511)
    vehicle4.changeLane(trigger_sequence=2, target_lane=1, target_speed=54.70540452)
    vehicle4.accelerate(trigger_sequence=3, target_speed=47.0536295)
    vehicle4.changeLane(trigger_sequence=4, target_lane=1, target_speed=51.75586625)

2025-04-22 Tuesday 17:57:41  random_test.py : INFO  === Evaluation Finished === 
 Fitness: [inf, 0], Collision: False
2025-04-22 Tuesday 17:57:47  random_test.py : INFO  === Evaluate Testcase === 
 def testcase(self):
    vehicle1 = NPC(lane_id=4, offset=5.0634345, initial_speed=26.73600341)
    ego = NPC(lane_id=4, offset=41.47918129, initial_speed=5.8733994)
    vehicle1.decelerate(trigger_sequence=3, target_speed=4.91855547)
    vehicle1.accelerate(trigger_sequence=4, target_speed=36.2378926)
    vehicle1.accelerate(trigger_sequence=5, target_speed=37.53672904)

2025-04-22 Tuesday 17:57:47  random_test.py : INFO  === Evaluation Finished === 
 Fitness: [4.747085571509774, -0.7], Collision: True
2025-04-22 Tuesday 17:57:47  random_test.py : INFO  === Find a coollision ===
2025-04-22 Tuesday 17:57:54  random_test.py : INFO  === Evaluate Testcase === 
 def testcase(self):
    vehicle1 = NPC(lane_id=5, offset=42.32714702, initial_speed=15.26562086)
    vehicle2 = NPC(lane_id=1, offset=1.68804872, initial_speed=15.82790412)
    ego = NPC(lane_id=5, offset=31.37007809, initial_speed=15.79681426)
    vehicle1.accelerate(trigger_sequence=1, target_speed=47.37029171)
    vehicle1.accelerate(trigger_sequence=3, target_speed=46.96248562)
    vehicle2.accelerate(trigger_sequence=3, target_speed=42.41237484)
    vehicle1.decelerate(trigger_sequence=4, target_speed=0.41729392)
    vehicle2.changeLane(trigger_sequence=5, target_lane=1, target_speed=38.39465628)

2025-04-22 Tuesday 17:57:54  random_test.py : INFO  === Evaluation Finished === 
 Fitness: [11.381104761506107, -0.021775544388609715], Collision: False
2025-04-22 Tuesday 17:58:01  random_test.py : INFO  === Evaluate Testcase === 
 def testcase(self):
    vehicle1 = NPC(lane_id=5, offset=11.49210614, initial_speed=23.00353093)
    vehicle2 = NPC(lane_id=2, offset=10.81080584, initial_speed=22.63476628)
    ego = NPC(lane_id=1, offset=46.44756797, initial_speed=9.92830386)
    vehicle4 = NPC(lane_id=1, offset=25.06961634, initial_speed=22.51612315)
    vehicle1.changeLane(trigger_sequence=1, target_lane=3, target_speed=1.29605282)
    vehicle2.accelerate(trigger_sequence=1, target_speed=49.7025548)
    vehicle1.changeLane(trigger_sequence=2, target_lane=3, target_speed=23.83156436)
    vehicle4.decelerate(trigger_sequence=2, target_speed=0.22855777)
    vehicle1.decelerate(trigger_sequence=4, target_speed=9.6512351)
    vehicle2.accelerate(trigger_sequence=4, target_speed=30.01335416)
    vehicle4.decelerate(trigger_sequence=4, target_speed=24.84295404)

2025-04-22 Tuesday 17:58:01  random_test.py : INFO  === Evaluation Finished === 
 Fitness: [3.5000350013304855, -0.06333333333333334], Collision: True
2025-04-22 Tuesday 17:58:01  random_test.py : INFO  === Find a coollision ===
2025-04-22 Tuesday 17:58:07  random_test.py : INFO  === Evaluate Testcase === 
 def testcase(self):
    ego = NPC(lane_id=1, offset=40.71381037, initial_speed=16.05453655)
    vehicle2 = NPC(lane_id=3, offset=23.97724491, initial_speed=21.64141562)
    vehicle2.changeLane(trigger_sequence=5, target_lane=3, target_speed=23.03218117)

2025-04-22 Tuesday 17:58:07  random_test.py : INFO  === Evaluation Finished === 
 Fitness: [7.000688717646651, -0.02181208053691275], Collision: False
2025-04-22 Tuesday 17:58:14  random_test.py : INFO  === Evaluate Testcase === 
 def testcase(self):
    ego = NPC(lane_id=2, offset=38.30961433, initial_speed=28.23422814)
    vehicle2 = NPC(lane_id=2, offset=5.3708096, initial_speed=35.35331181)
    vehicle3 = NPC(lane_id=1, offset=11.67215277, initial_speed=33.29071411)
    vehicle4 = NPC(lane_id=3, offset=6.36595251, initial_speed=35.9638884)
    vehicle2.decelerate(trigger_sequence=1, target_speed=22.05243929)
    vehicle3.changeLane(trigger_sequence=1, target_lane=3, target_speed=47.48300348)
    vehicle4.decelerate(trigger_sequence=1, target_speed=1.84451128)
    vehicle2.accelerate(trigger_sequence=2, target_speed=40.99593601)
    vehicle4.changeLane(trigger_sequence=2, target_lane=1, target_speed=43.86986532)
    vehicle2.accelerate(trigger_sequence=3, target_speed=39.37745816)
    vehicle3.changeLane(trigger_sequence=4, target_lane=3, target_speed=47.51753534)
    vehicle2.decelerate(trigger_sequence=5, target_speed=12.19135307)

2025-04-22 Tuesday 17:58:14  random_test.py : INFO  === Evaluation Finished === 
 Fitness: [3.4246211350829627, -0.5266903914590747], Collision: True
2025-04-22 Tuesday 17:58:14  random_test.py : INFO  === Find a coollision ===
2025-04-22 Tuesday 17:58:19  random_test.py : INFO  === Evaluate Testcase === 
 def testcase(self):
    ego = NPC(lane_id=4, offset=24.84668254, initial_speed=32.56218662)
    vehicle2 = NPC(lane_id=4, offset=25.42892045, initial_speed=32.72924464)
    vehicle2.changeLane(trigger_sequence=1, target_lane=3, target_speed=23.16860974)
    vehicle2.decelerate(trigger_sequence=2, target_speed=23.76784493)
    vehicle2.accelerate(trigger_sequence=4, target_speed=56.19609347)

2025-04-22 Tuesday 17:58:19  random_test.py : INFO  === Evaluation Finished === 
 Fitness: [inf, 0], Collision: False
2025-04-22 Tuesday 17:58:26  random_test.py : INFO  === Evaluate Testcase === 
 def testcase(self):
    vehicle1 = NPC(lane_id=4, offset=46.04732932, initial_speed=11.07999438)
    vehicle2 = NPC(lane_id=2, offset=21.16144074, initial_speed=2.57826117)
    vehicle3 = NPC(lane_id=2, offset=33.69476463, initial_speed=33.95852191)
    ego = NPC(lane_id=5, offset=35.91299607, initial_speed=31.59426395)
    vehicle1.changeLane(trigger_sequence=1, target_lane=3, target_speed=40.73781327)
    vehicle2.changeLane(trigger_sequence=1, target_lane=1, target_speed=31.65794685)
    vehicle3.changeLane(trigger_sequence=1, target_lane=1, target_speed=17.06576544)
    vehicle1.accelerate(trigger_sequence=3, target_speed=44.28851502)
    vehicle3.decelerate(trigger_sequence=3, target_speed=21.75695023)
    vehicle1.decelerate(trigger_sequence=4, target_speed=29.06513962)
    vehicle2.decelerate(trigger_sequence=4, target_speed=18.56001636)

2025-04-22 Tuesday 17:58:26  random_test.py : INFO  === Evaluation Finished === 
 Fitness: [3.5013121861111705, -0.414721723518851], Collision: False
2025-04-22 Tuesday 17:58:33  random_test.py : INFO  === Evaluate Testcase === 
 def testcase(self):
    vehicle1 = NPC(lane_id=4, offset=14.3184388, initial_speed=21.65959336)
    ego = NPC(lane_id=3, offset=11.51025385, initial_speed=16.16562447)
    vehicle3 = NPC(lane_id=3, offset=34.69591311, initial_speed=11.02400541)
    vehicle1.accelerate(trigger_sequence=1, target_speed=59.60244821)
    vehicle3.decelerate(trigger_sequence=1, target_speed=5.6638436)
    vehicle3.decelerate(trigger_sequence=2, target_speed=9.7122063)
    vehicle1.accelerate(trigger_sequence=3, target_speed=57.00978227)
    vehicle1.accelerate(trigger_sequence=4, target_speed=57.39572303)
    vehicle3.changeLane(trigger_sequence=4, target_lane=3, target_speed=45.11643796)

2025-04-22 Tuesday 17:58:33  random_test.py : INFO  === Evaluation Finished === 
 Fitness: [4.893005698361284, -0.15577889447236182], Collision: False
2025-04-22 Tuesday 17:58:39  random_test.py : INFO  === Evaluate Testcase === 
 def testcase(self):
    vehicle1 = NPC(lane_id=2, offset=44.08456747, initial_speed=8.02530567)
    ego = NPC(lane_id=2, offset=8.73371483, initial_speed=31.55415308)
    vehicle1.decelerate(trigger_sequence=2, target_speed=22.47141951)
    vehicle1.decelerate(trigger_sequence=4, target_speed=26.59956487)

2025-04-22 Tuesday 17:58:39  random_test.py : INFO  === Evaluation Finished === 
 Fitness: [8.738861694058828, -0.40754039497307004], Collision: False
2025-04-22 Tuesday 17:58:46  random_test.py : INFO  === Evaluate Testcase === 
 def testcase(self):
    vehicle1 = NPC(lane_id=4, offset=11.95116895, initial_speed=15.57444816)
    vehicle2 = NPC(lane_id=1, offset=32.90552983, initial_speed=2.69962573)
    ego = NPC(lane_id=1, offset=48.60639048, initial_speed=4.16217188)
    vehicle1.decelerate(trigger_sequence=1, target_speed=10.37002009)
    vehicle2.accelerate(trigger_sequence=1, target_speed=35.26108681)
    vehicle1.changeLane(trigger_sequence=2, target_lane=1, target_speed=51.69985362)
    vehicle1.accelerate(trigger_sequence=3, target_speed=49.46684679)

2025-04-22 Tuesday 17:58:46  random_test.py : INFO  === Evaluation Finished === 
 Fitness: [4.727051208044111, -0.5277310924369748], Collision: True
2025-04-22 Tuesday 17:58:46  random_test.py : INFO  === Find a coollision ===
2025-04-22 Tuesday 17:58:52  random_test.py : INFO  === Evaluate Testcase === 
 def testcase(self):
    vehicle1 = NPC(lane_id=5, offset=34.92931924, initial_speed=17.71455663)
    ego = NPC(lane_id=1, offset=42.33146409, initial_speed=1.70747514)
    vehicle1.accelerate(trigger_sequence=1, target_speed=55.16852884)
    vehicle1.changeLane(trigger_sequence=2, target_lane=3, target_speed=28.22694729)
    vehicle1.changeLane(trigger_sequence=3, target_lane=3, target_speed=18.98266839)
    vehicle1.accelerate(trigger_sequence=4, target_speed=47.31365008)

2025-04-22 Tuesday 17:58:52  random_test.py : INFO  === Evaluation Finished === 
 Fitness: [14.010294016634846, -0.6104553119730185], Collision: False
2025-04-22 Tuesday 17:58:59  random_test.py : INFO  === Evaluate Testcase === 
 def testcase(self):
    ego = NPC(lane_id=1, offset=45.00832371, initial_speed=20.35753935)
    vehicle2 = NPC(lane_id=2, offset=19.62906817, initial_speed=11.34092761)
    vehicle3 = NPC(lane_id=5, offset=22.03008798, initial_speed=13.69454572)
    vehicle4 = NPC(lane_id=3, offset=48.21069643, initial_speed=8.91741657)
    vehicle2.accelerate(trigger_sequence=1, target_speed=35.28701935)
    vehicle3.changeLane(trigger_sequence=1, target_lane=1, target_speed=38.22903938)
    vehicle4.decelerate(trigger_sequence=1, target_speed=9.43751084)
    vehicle2.decelerate(trigger_sequence=2, target_speed=26.87408579)
    vehicle3.accelerate(trigger_sequence=2, target_speed=43.58274025)
    vehicle4.accelerate(trigger_sequence=2, target_speed=38.75088507)
    vehicle3.decelerate(trigger_sequence=3, target_speed=12.27868959)
    vehicle2.decelerate(trigger_sequence=4, target_speed=6.17371559)
    vehicle3.accelerate(trigger_sequence=4, target_speed=39.57769719)
    vehicle2.decelerate(trigger_sequence=5, target_speed=20.45513922)
    vehicle3.accelerate(trigger_sequence=5, target_speed=56.07294306)

2025-04-22 Tuesday 17:58:59  random_test.py : INFO  === Evaluation Finished === 
 Fitness: [5.139118827440708, -0.6086956521739131], Collision: False
2025-04-22 Tuesday 17:59:05  random_test.py : INFO  === Evaluate Testcase === 
 def testcase(self):
    ego = NPC(lane_id=2, offset=40.11376211, initial_speed=32.78572838)
    vehicle2 = NPC(lane_id=5, offset=26.13950078, initial_speed=26.31212886)
    vehicle2.changeLane(trigger_sequence=1, target_lane=1, target_speed=8.3802114)

2025-04-22 Tuesday 17:59:05  random_test.py : INFO  === Evaluation Finished === 
 Fitness: [12.244451495462945, -0.3579136690647482], Collision: False
2025-04-22 Tuesday 17:59:13  random_test.py : INFO  === Evaluate Testcase === 
 def testcase(self):
    vehicle1 = NPC(lane_id=2, offset=46.1904481, initial_speed=35.77716353)
    ego = NPC(lane_id=5, offset=46.43753082, initial_speed=5.61013587)
    vehicle3 = NPC(lane_id=5, offset=19.51311104, initial_speed=38.73175759)
    vehicle4 = NPC(lane_id=5, offset=33.80664539, initial_speed=8.63697711)
    vehicle1.decelerate(trigger_sequence=1, target_speed=6.05263956)
    vehicle3.accelerate(trigger_sequence=1, target_speed=31.21185638)
    vehicle1.changeLane(trigger_sequence=2, target_lane=1, target_speed=6.65863773)
    vehicle3.changeLane(trigger_sequence=2, target_lane=1, target_speed=20.15246624)
    vehicle4.accelerate(trigger_sequence=2, target_speed=32.73968993)
    vehicle3.accelerate(trigger_sequence=3, target_speed=59.30698301)
    vehicle4.changeLane(trigger_sequence=3, target_lane=3, target_speed=14.10068145)
    vehicle3.accelerate(trigger_sequence=4, target_speed=39.02053848)
    vehicle3.changeLane(trigger_sequence=5, target_lane=1, target_speed=26.70287174)
    vehicle4.accelerate(trigger_sequence=5, target_speed=37.69982218)

2025-04-22 Tuesday 17:59:13  random_test.py : INFO  === Evaluation Finished === 
 Fitness: [3.307330558394401, -0.40939597315436244], Collision: True
2025-04-22 Tuesday 17:59:13  random_test.py : INFO  === Find a coollision ===
2025-04-22 Tuesday 17:59:17  random_test.py : INFO  === Evaluate Testcase === 
 def testcase(self):
    ego = NPC(lane_id=2, offset=40.8329398, initial_speed=24.35177615)
    vehicle2 = NPC(lane_id=2, offset=36.19194245, initial_speed=13.70958241)
    vehicle3 = NPC(lane_id=5, offset=37.6127896, initial_speed=3.34919392)
    vehicle4 = NPC(lane_id=3, offset=14.36730202, initial_speed=7.83218751)
    vehicle2.changeLane(trigger_sequence=1, target_lane=3, target_speed=7.85482251)
    vehicle3.decelerate(trigger_sequence=1, target_speed=24.17787829)
    vehicle2.changeLane(trigger_sequence=2, target_lane=3, target_speed=33.12329903)
    vehicle2.decelerate(trigger_sequence=3, target_speed=8.10874823)
    vehicle4.accelerate(trigger_sequence=3, target_speed=47.56420315)
    vehicle2.accelerate(trigger_sequence=4, target_speed=36.15756109)

2025-04-22 Tuesday 17:59:17  random_test.py : INFO  === Evaluation Finished === 
 Fitness: [inf, 0], Collision: False
2025-04-22 Tuesday 17:59:22  random_test.py : INFO  === Evaluate Testcase === 
 def testcase(self):
    vehicle1 = NPC(lane_id=4, offset=25.94899279, initial_speed=5.81145162)
    ego = NPC(lane_id=3, offset=3.5358889, initial_speed=0.71094193)
    vehicle3 = NPC(lane_id=1, offset=22.32157559, initial_speed=33.122358)
    vehicle4 = NPC(lane_id=1, offset=18.16720798, initial_speed=36.78543167)
    vehicle3.changeLane(trigger_sequence=1, target_lane=3, target_speed=40.10372056)
    vehicle1.decelerate(trigger_sequence=2, target_speed=25.96766575)
    vehicle1.accelerate(trigger_sequence=3, target_speed=37.90123908)
    vehicle4.changeLane(trigger_sequence=3, target_lane=3, target_speed=2.76816156)
    vehicle1.decelerate(trigger_sequence=4, target_speed=9.76944767)
    vehicle4.decelerate(trigger_sequence=4, target_speed=2.29847614)
    vehicle3.changeLane(trigger_sequence=5, target_lane=3, target_speed=51.71505296)
    vehicle4.decelerate(trigger_sequence=5, target_speed=4.36552363)

2025-04-22 Tuesday 17:59:22  random_test.py : INFO  === Evaluation Finished === 
 Fitness: [inf, 0], Collision: False
2025-04-22 Tuesday 17:59:26  random_test.py : INFO  === Evaluate Testcase === 
 def testcase(self):
    vehicle1 = NPC(lane_id=1, offset=42.57253644, initial_speed=2.38156206)
    vehicle2 = NPC(lane_id=5, offset=0.92291974, initial_speed=22.91071432)
    ego = NPC(lane_id=1, offset=42.57922409, initial_speed=5.08545287)
    vehicle1.decelerate(trigger_sequence=1, target_speed=23.67968899)
    vehicle1.decelerate(trigger_sequence=2, target_speed=7.75672257)
    vehicle1.accelerate(trigger_sequence=3, target_speed=46.98030146)
    vehicle2.decelerate(trigger_sequence=3, target_speed=6.74844512)
    vehicle2.accelerate(trigger_sequence=4, target_speed=56.6128549)

2025-04-22 Tuesday 17:59:26  random_test.py : INFO  === Evaluation Finished === 
 Fitness: [inf, 0], Collision: False
2025-04-22 Tuesday 17:59:33  random_test.py : INFO  === Evaluate Testcase === 
 def testcase(self):
    ego = NPC(lane_id=5, offset=0.90416706, initial_speed=14.09369799)
    vehicle2 = NPC(lane_id=2, offset=25.69286249, initial_speed=9.99720728)
    vehicle2.changeLane(trigger_sequence=1, target_lane=3, target_speed=59.60902591)
    vehicle2.accelerate(trigger_sequence=2, target_speed=47.4866621)
    vehicle2.changeLane(trigger_sequence=4, target_lane=1, target_speed=23.92351635)
    vehicle2.decelerate(trigger_sequence=5, target_speed=0.20715001)

2025-04-22 Tuesday 17:59:33  random_test.py : INFO  === Evaluation Finished === 
 Fitness: [23.589671576109367, -0.023450586264656615], Collision: False
2025-04-22 Tuesday 17:59:38  random_test.py : INFO  === Evaluate Testcase === 
 def testcase(self):
    vehicle1 = NPC(lane_id=2, offset=15.65230701, initial_speed=34.92952936)
    vehicle2 = NPC(lane_id=5, offset=30.06403109, initial_speed=33.48754767)
    vehicle3 = NPC(lane_id=1, offset=26.14522794, initial_speed=31.1560363)
    ego = NPC(lane_id=1, offset=24.1756201, initial_speed=39.46587588)
    vehicle2.changeLane(trigger_sequence=1, target_lane=1, target_speed=59.82988118)
    vehicle3.accelerate(trigger_sequence=1, target_speed=43.15697561)
    vehicle2.accelerate(trigger_sequence=4, target_speed=31.95065823)
    vehicle1.changeLane(trigger_sequence=5, target_lane=1, target_speed=57.71639233)
    vehicle3.accelerate(trigger_sequence=5, target_speed=48.34501483)

2025-04-22 Tuesday 17:59:38  random_test.py : INFO  === Evaluation Finished === 
 Fitness: [inf, 0], Collision: False
2025-04-22 Tuesday 17:59:44  random_test.py : INFO  === Evaluate Testcase === 
 def testcase(self):
    vehicle1 = NPC(lane_id=1, offset=33.19730932, initial_speed=12.95050319)
    ego = NPC(lane_id=4, offset=43.50026508, initial_speed=8.16039234)
    vehicle1.accelerate(trigger_sequence=2, target_speed=32.62151384)
    vehicle1.accelerate(trigger_sequence=3, target_speed=41.38290307)
    vehicle1.accelerate(trigger_sequence=5, target_speed=39.16788578)

2025-04-22 Tuesday 17:59:44  random_test.py : INFO  === Evaluation Finished === 
 Fitness: [10.499604313077704, -0.03833333333333333], Collision: False
2025-04-22 Tuesday 17:59:51  random_test.py : INFO  === Evaluate Testcase === 
 def testcase(self):
    vehicle1 = NPC(lane_id=1, offset=37.07164261, initial_speed=26.73205713)
    vehicle2 = NPC(lane_id=2, offset=37.11612305, initial_speed=28.92821209)
    ego = NPC(lane_id=4, offset=14.57302725, initial_speed=8.25883409)
    vehicle4 = NPC(lane_id=4, offset=28.16261369, initial_speed=19.38821438)
    vehicle2.decelerate(trigger_sequence=1, target_speed=7.58300064)
    vehicle1.accelerate(trigger_sequence=2, target_speed=56.44792474)
    vehicle2.changeLane(trigger_sequence=2, target_lane=1, target_speed=17.44856586)
    vehicle1.decelerate(trigger_sequence=3, target_speed=21.68833489)
    vehicle2.accelerate(trigger_sequence=3, target_speed=45.46651078)
    vehicle1.accelerate(trigger_sequence=4, target_speed=57.84080565)
    vehicle2.changeLane(trigger_sequence=4, target_lane=3, target_speed=32.4601682)
    vehicle4.decelerate(trigger_sequence=4, target_speed=7.39862663)
    vehicle1.decelerate(trigger_sequence=5, target_speed=2.49821671)

2025-04-22 Tuesday 17:59:51  random_test.py : INFO  === Evaluation Finished === 
 Fitness: [13.858872186028318, -0.03833333333333333], Collision: False
2025-04-22 Tuesday 17:59:58  random_test.py : INFO  === Evaluate Testcase === 
 def testcase(self):
    ego = NPC(lane_id=4, offset=10.94680484, initial_speed=13.15837335)
    vehicle2 = NPC(lane_id=4, offset=2.92155622, initial_speed=4.8456593)
    vehicle2.accelerate(trigger_sequence=1, target_speed=33.95076817)
    vehicle2.accelerate(trigger_sequence=3, target_speed=47.85188739)
    vehicle2.changeLane(trigger_sequence=4, target_lane=1, target_speed=15.35743797)
    vehicle2.accelerate(trigger_sequence=5, target_speed=53.7784344)

2025-04-22 Tuesday 17:59:58  random_test.py : INFO  === Evaluation Finished === 
 Fitness: [4.467482010998517, -0.10552763819095477], Collision: True
2025-04-22 Tuesday 17:59:58  random_test.py : INFO  === Find a coollision ===
2025-04-22 Tuesday 18:00:04  random_test.py : INFO  === Evaluate Testcase === 
 def testcase(self):
    vehicle1 = NPC(lane_id=5, offset=46.87132788, initial_speed=30.83894387)
    ego = NPC(lane_id=4, offset=2.85264517, initial_speed=15.36747009)
    vehicle1.decelerate(trigger_sequence=1, target_speed=18.53189026)
    vehicle1.accelerate(trigger_sequence=2, target_speed=45.83166681)

2025-04-22 Tuesday 18:00:04  random_test.py : INFO  === Evaluation Finished === 
 Fitness: [44.58531757341244, -0.02181208053691275], Collision: False
2025-04-22 Tuesday 18:00:11  random_test.py : INFO  === Evaluate Testcase === 
 def testcase(self):
    ego = NPC(lane_id=2, offset=49.85505497, initial_speed=37.28211538)
    vehicle2 = NPC(lane_id=3, offset=44.32142933, initial_speed=25.00984828)
    vehicle3 = NPC(lane_id=1, offset=29.72685444, initial_speed=11.32234002)
    vehicle4 = NPC(lane_id=3, offset=16.45827555, initial_speed=5.24548562)
    vehicle2.changeLane(trigger_sequence=1, target_lane=3, target_speed=45.8314275)
    vehicle2.changeLane(trigger_sequence=2, target_lane=3, target_speed=32.05425319)
    vehicle3.changeLane(trigger_sequence=2, target_lane=1, target_speed=53.32186897)
    vehicle2.decelerate(trigger_sequence=3, target_speed=4.71770873)
    vehicle4.decelerate(trigger_sequence=4, target_speed=12.94558198)
    vehicle2.accelerate(trigger_sequence=5, target_speed=51.17624474)
    vehicle3.decelerate(trigger_sequence=5, target_speed=19.73223444)
    vehicle4.decelerate(trigger_sequence=5, target_speed=1.54945596)

2025-04-22 Tuesday 18:00:11  random_test.py : INFO  === Evaluation Finished === 
 Fitness: [3.5011846715265964, -0.273224043715847], Collision: False
2025-04-22 Tuesday 18:00:16  random_test.py : INFO  === Evaluate Testcase === 
 def testcase(self):
    ego = NPC(lane_id=4, offset=26.18834983, initial_speed=15.49178727)
    vehicle2 = NPC(lane_id=1, offset=19.48794347, initial_speed=14.20382226)
    vehicle3 = NPC(lane_id=2, offset=27.0445409, initial_speed=25.58359126)
    vehicle4 = NPC(lane_id=1, offset=20.74388908, initial_speed=15.83956561)
    vehicle2.changeLane(trigger_sequence=1, target_lane=1, target_speed=26.47767171)
    vehicle3.accelerate(trigger_sequence=2, target_speed=31.78100905)
    vehicle4.changeLane(trigger_sequence=2, target_lane=3, target_speed=33.68364639)
    vehicle3.accelerate(trigger_sequence=3, target_speed=40.02327045)
    vehicle4.changeLane(trigger_sequence=3, target_lane=1, target_speed=29.18099693)
    vehicle2.changeLane(trigger_sequence=4, target_lane=3, target_speed=45.08526377)
    vehicle3.changeLane(trigger_sequence=4, target_lane=3, target_speed=57.68281271)
    vehicle4.decelerate(trigger_sequence=4, target_speed=5.19795201)

2025-04-22 Tuesday 18:00:16  random_test.py : INFO  === Evaluation Finished === 
 Fitness: [inf, 0], Collision: False
2025-04-22 Tuesday 18:00:22  random_test.py : INFO  === Evaluate Testcase === 
 def testcase(self):
    vehicle1 = NPC(lane_id=4, offset=6.05261833, initial_speed=0.90512015)
    ego = NPC(lane_id=3, offset=32.80979838, initial_speed=27.80208729)
    vehicle3 = NPC(lane_id=2, offset=28.94425101, initial_speed=0.59672367)
    vehicle4 = NPC(lane_id=3, offset=17.99851506, initial_speed=15.13890905)
    vehicle1.decelerate(trigger_sequence=1, target_speed=17.86833222)
    vehicle4.accelerate(trigger_sequence=1, target_speed=49.47066448)
    vehicle1.accelerate(trigger_sequence=3, target_speed=56.09268915)
    vehicle3.changeLane(trigger_sequence=3, target_lane=1, target_speed=36.35379319)
    vehicle4.accelerate(trigger_sequence=3, target_speed=58.4448912)
    vehicle1.decelerate(trigger_sequence=4, target_speed=3.91833026)

2025-04-22 Tuesday 18:00:22  random_test.py : INFO  === Evaluation Finished === 
 Fitness: [4.7363373660951105, -0.505338078291815], Collision: True
2025-04-22 Tuesday 18:00:22  random_test.py : INFO  === Find a coollision ===
2025-04-22 Tuesday 18:00:29  random_test.py : INFO  === Evaluate Testcase === 
 def testcase(self):
    ego = NPC(lane_id=4, offset=49.22694547, initial_speed=34.37717176)
    vehicle2 = NPC(lane_id=5, offset=24.03218705, initial_speed=8.30055619)
    vehicle3 = NPC(lane_id=4, offset=31.08910403, initial_speed=26.00996183)
    vehicle2.decelerate(trigger_sequence=2, target_speed=16.67198022)
    vehicle2.changeLane(trigger_sequence=3, target_lane=1, target_speed=41.40515302)
    vehicle3.accelerate(trigger_sequence=3, target_speed=40.8789497)
    vehicle2.accelerate(trigger_sequence=4, target_speed=54.57992876)
    vehicle3.changeLane(trigger_sequence=4, target_lane=3, target_speed=32.14170328)

2025-04-22 Tuesday 18:00:29  random_test.py : INFO  === Evaluation Finished === 
 Fitness: [10.601038539057487, -0.3471971066907776], Collision: False
2025-04-22 Tuesday 18:00:36  random_test.py : INFO  === Evaluate Testcase === 
 def testcase(self):
    vehicle1 = NPC(lane_id=4, offset=20.09677525, initial_speed=25.97725996)
    vehicle2 = NPC(lane_id=5, offset=45.24999111, initial_speed=24.13225102)
    vehicle3 = NPC(lane_id=3, offset=11.38233235, initial_speed=36.52000819)
    ego = NPC(lane_id=1, offset=41.91649434, initial_speed=22.62798495)
    vehicle1.decelerate(trigger_sequence=1, target_speed=15.68443611)
    vehicle2.decelerate(trigger_sequence=1, target_speed=11.35870252)
    vehicle3.decelerate(trigger_sequence=1, target_speed=11.43497867)
    vehicle1.accelerate(trigger_sequence=2, target_speed=37.43078197)
    vehicle2.decelerate(trigger_sequence=2, target_speed=10.44157629)
    vehicle1.changeLane(trigger_sequence=3, target_lane=1, target_speed=5.57576092)
    vehicle2.accelerate(trigger_sequence=3, target_speed=43.33688567)
    vehicle2.accelerate(trigger_sequence=5, target_speed=36.04979987)

2025-04-22 Tuesday 18:00:36  random_test.py : INFO  === Evaluation Finished === 
 Fitness: [6.999574824578611, -0.5518453427065027], Collision: False
2025-04-22 Tuesday 18:00:42  random_test.py : INFO  === Evaluate Testcase === 
 def testcase(self):
    vehicle1 = NPC(lane_id=1, offset=20.5716462, initial_speed=30.69329419)
    ego = NPC(lane_id=5, offset=48.33189446, initial_speed=16.22606583)
    vehicle1.changeLane(trigger_sequence=2, target_lane=3, target_speed=19.42609462)
    vehicle1.changeLane(trigger_sequence=4, target_lane=3, target_speed=51.64329157)

2025-04-22 Tuesday 18:00:42  random_test.py : INFO  === Evaluation Finished === 
 Fitness: [6.999335735002771, -0.02181208053691275], Collision: False
2025-04-22 Tuesday 18:00:47  random_test.py : INFO  === Evaluate Testcase === 
 def testcase(self):
    vehicle1 = NPC(lane_id=4, offset=13.70667635, initial_speed=36.96371203)
    ego = NPC(lane_id=4, offset=17.22915518, initial_speed=4.69132097)
    vehicle1.decelerate(trigger_sequence=1, target_speed=29.67327493)
    vehicle1.decelerate(trigger_sequence=3, target_speed=24.27935573)
    vehicle1.decelerate(trigger_sequence=5, target_speed=4.72135988)

2025-04-22 Tuesday 18:00:47  random_test.py : INFO  === Evaluation Finished === 
 Fitness: [inf, 0], Collision: False
2025-04-22 Tuesday 18:00:54  random_test.py : INFO  === Evaluate Testcase === 
 def testcase(self):
    vehicle1 = NPC(lane_id=4, offset=1.5450093, initial_speed=12.7787402)
    ego = NPC(lane_id=1, offset=47.35370837, initial_speed=23.65295756)
    vehicle3 = NPC(lane_id=2, offset=17.72311919, initial_speed=31.17073782)
    vehicle3.changeLane(trigger_sequence=1, target_lane=1, target_speed=28.68451907)
    vehicle1.decelerate(trigger_sequence=2, target_speed=20.75226779)
    vehicle3.accelerate(trigger_sequence=2, target_speed=39.79283618)

2025-04-22 Tuesday 18:00:54  random_test.py : INFO  === Evaluation Finished === 
 Fitness: [6.159225630876136, -0.5404929577464789], Collision: False
2025-04-22 Tuesday 18:00:58  random_test.py : INFO  === Evaluate Testcase === 
 def testcase(self):
    ego = NPC(lane_id=4, offset=7.14919766, initial_speed=35.78167691)
    vehicle2 = NPC(lane_id=1, offset=27.50825302, initial_speed=8.33048602)
    vehicle3 = NPC(lane_id=4, offset=4.87739905, initial_speed=20.32110165)
    vehicle4 = NPC(lane_id=5, offset=45.33405945, initial_speed=19.71332779)
    vehicle4.changeLane(trigger_sequence=1, target_lane=3, target_speed=49.98898096)
    vehicle3.decelerate(trigger_sequence=2, target_speed=16.31189516)
    vehicle4.decelerate(trigger_sequence=2, target_speed=25.05294772)
    vehicle4.changeLane(trigger_sequence=3, target_lane=1, target_speed=21.42568044)
    vehicle3.changeLane(trigger_sequence=5, target_lane=3, target_speed=15.41007311)
    vehicle4.decelerate(trigger_sequence=5, target_speed=26.1544157)

2025-04-22 Tuesday 18:00:58  random_test.py : INFO  === Evaluation Finished === 
 Fitness: [inf, 0], Collision: False
2025-04-22 Tuesday 18:01:05  random_test.py : INFO  === Evaluate Testcase === 
 def testcase(self):
    vehicle1 = NPC(lane_id=2, offset=7.34769227, initial_speed=36.39406345)
    vehicle2 = NPC(lane_id=4, offset=45.34333654, initial_speed=29.57650029)
    ego = NPC(lane_id=2, offset=29.45183006, initial_speed=32.5423733)
    vehicle2.decelerate(trigger_sequence=1, target_speed=25.51137976)
    vehicle1.accelerate(trigger_sequence=2, target_speed=57.63000184)
    vehicle2.decelerate(trigger_sequence=3, target_speed=4.47574762)
    vehicle1.decelerate(trigger_sequence=4, target_speed=2.64918473)
    vehicle2.accelerate(trigger_sequence=4, target_speed=54.3120816)
    vehicle2.decelerate(trigger_sequence=5, target_speed=19.94480152)

2025-04-22 Tuesday 18:01:05  random_test.py : INFO  === Evaluation Finished === 
 Fitness: [4.751109896354157, -0.29856115107913667], Collision: True
2025-04-22 Tuesday 18:01:05  random_test.py : INFO  === Find a coollision ===
2025-04-22 Tuesday 18:01:12  random_test.py : INFO  === Evaluate Testcase === 
 def testcase(self):
    vehicle1 = NPC(lane_id=4, offset=1.64510278, initial_speed=12.63259157)
    vehicle2 = NPC(lane_id=1, offset=29.70617318, initial_speed=11.71959502)
    ego = NPC(lane_id=1, offset=2.98866068, initial_speed=2.60221802)
    vehicle4 = NPC(lane_id=2, offset=9.03237589, initial_speed=7.3739299)
    vehicle1.changeLane(trigger_sequence=1, target_lane=3, target_speed=14.03908076)
    vehicle2.decelerate(trigger_sequence=1, target_speed=19.66884484)
    vehicle1.decelerate(trigger_sequence=2, target_speed=8.7169175)
    vehicle2.changeLane(trigger_sequence=2, target_lane=1, target_speed=29.98972311)
    vehicle1.decelerate(trigger_sequence=4, target_speed=16.70927523)
    vehicle4.changeLane(trigger_sequence=4, target_lane=3, target_speed=13.64833751)
    vehicle2.decelerate(trigger_sequence=5, target_speed=2.75989508)

2025-04-22 Tuesday 18:01:12  random_test.py : INFO  === Evaluation Finished === 
 Fitness: [7.077367510257402, -0.5503355704697986], Collision: False
2025-04-22 Tuesday 18:01:18  random_test.py : INFO  === Evaluate Testcase === 
 def testcase(self):
    vehicle1 = NPC(lane_id=5, offset=20.32516966, initial_speed=8.87994443)
    ego = NPC(lane_id=3, offset=34.76527535, initial_speed=18.56195756)
    vehicle3 = NPC(lane_id=3, offset=41.73060265, initial_speed=25.02763427)
    vehicle1.accelerate(trigger_sequence=2, target_speed=53.60791169)
    vehicle3.decelerate(trigger_sequence=2, target_speed=6.09901427)
    vehicle1.accelerate(trigger_sequence=4, target_speed=37.29378798)
    vehicle3.accelerate(trigger_sequence=4, target_speed=48.72978781)

2025-04-22 Tuesday 18:01:18  random_test.py : INFO  === Evaluation Finished === 
 Fitness: [7.002269264972388, -0.583916083916084], Collision: False
2025-04-22 Tuesday 18:01:26  random_test.py : INFO  === Evaluate Testcase === 
 def testcase(self):
    vehicle1 = NPC(lane_id=1, offset=45.0799778, initial_speed=37.39343948)
    vehicle2 = NPC(lane_id=4, offset=22.5546426, initial_speed=15.61087345)
    vehicle3 = NPC(lane_id=4, offset=15.57579097, initial_speed=8.35325804)
    ego = NPC(lane_id=2, offset=24.56415854, initial_speed=31.32053268)
    vehicle1.decelerate(trigger_sequence=1, target_speed=15.49093021)
    vehicle3.changeLane(trigger_sequence=1, target_lane=1, target_speed=24.24820224)
    vehicle1.changeLane(trigger_sequence=2, target_lane=1, target_speed=36.20406445)
    vehicle2.decelerate(trigger_sequence=2, target_speed=16.34284976)
    vehicle2.accelerate(trigger_sequence=3, target_speed=43.63225232)
    vehicle1.decelerate(trigger_sequence=4, target_speed=16.36491458)
    vehicle2.changeLane(trigger_sequence=4, target_lane=1, target_speed=22.47668845)
    vehicle2.decelerate(trigger_sequence=5, target_speed=3.82246718)
    vehicle3.accelerate(trigger_sequence=5, target_speed=53.78393951)

2025-04-22 Tuesday 18:01:26  random_test.py : INFO  === Evaluation Finished === 
 Fitness: [3.500110039520528, -0.40933572710951527], Collision: False
2025-04-22 Tuesday 18:01:32  random_test.py : INFO  === Evaluate Testcase === 
 def testcase(self):
    ego = NPC(lane_id=1, offset=39.99616389, initial_speed=19.69411108)
    vehicle2 = NPC(lane_id=1, offset=45.78256552, initial_speed=13.91761911)
    vehicle2.decelerate(trigger_sequence=1, target_speed=0.9532084)
    vehicle2.decelerate(trigger_sequence=2, target_speed=25.74911136)
    vehicle2.decelerate(trigger_sequence=5, target_speed=14.22689427)

2025-04-22 Tuesday 18:01:32  random_test.py : INFO  === Evaluation Finished === 
 Fitness: [5.979710111115525, -0.5], Collision: False
2025-04-22 Tuesday 18:01:36  random_test.py : INFO  === Evaluate Testcase === 
 def testcase(self):
    vehicle1 = NPC(lane_id=3, offset=46.34208552, initial_speed=5.23302489)
    ego = NPC(lane_id=3, offset=43.54088078, initial_speed=32.01751424)
    vehicle1.changeLane(trigger_sequence=1, target_lane=3, target_speed=32.49065476)
    vehicle1.changeLane(trigger_sequence=3, target_lane=3, target_speed=27.55711165)

2025-04-22 Tuesday 18:01:36  random_test.py : INFO  === Evaluation Finished === 
 Fitness: [inf, 0], Collision: False
2025-04-22 Tuesday 18:01:44  random_test.py : INFO  === Evaluate Testcase === 
 def testcase(self):
    vehicle1 = NPC(lane_id=5, offset=19.30565103, initial_speed=16.14250822)
    vehicle2 = NPC(lane_id=5, offset=28.13239574, initial_speed=39.71508986)
    ego = NPC(lane_id=3, offset=43.52518166, initial_speed=32.63108727)
    vehicle4 = NPC(lane_id=2, offset=4.65090864, initial_speed=4.0125155)
    vehicle2.decelerate(trigger_sequence=1, target_speed=18.75119155)
    vehicle4.changeLane(trigger_sequence=1, target_lane=3, target_speed=19.42508643)
    vehicle2.decelerate(trigger_sequence=2, target_speed=8.9184443)
    vehicle1.changeLane(trigger_sequence=3, target_lane=1, target_speed=54.00441878)
    vehicle2.accelerate(trigger_sequence=3, target_speed=48.69922185)
    vehicle1.accelerate(trigger_sequence=4, target_speed=36.93822035)
    vehicle1.accelerate(trigger_sequence=5, target_speed=54.72984399)
    vehicle2.changeLane(trigger_sequence=5, target_lane=3, target_speed=18.59446199)
    vehicle4.accelerate(trigger_sequence=5, target_speed=50.4313631)

2025-04-22 Tuesday 18:01:44  random_test.py : INFO  === Evaluation Finished === 
 Fitness: [7.0011570107464465, -0.37050359712230213], Collision: False
2025-04-22 Tuesday 18:01:50  random_test.py : INFO  === Evaluate Testcase === 
 def testcase(self):
    ego = NPC(lane_id=2, offset=9.45777339, initial_speed=24.79433973)
    vehicle2 = NPC(lane_id=2, offset=30.13396383, initial_speed=2.97579207)
    vehicle2.decelerate(trigger_sequence=2, target_speed=0.97778156)
    vehicle2.accelerate(trigger_sequence=3, target_speed=30.86685403)
    vehicle2.changeLane(trigger_sequence=5, target_lane=3, target_speed=36.09409048)

2025-04-22 Tuesday 18:01:50  random_test.py : INFO  === Evaluation Finished === 
 Fitness: [7.4883887212382305, -0.5035335689045937], Collision: False
2025-04-22 Tuesday 18:01:56  random_test.py : INFO  === Evaluate Testcase === 
 def testcase(self):
    vehicle1 = NPC(lane_id=5, offset=38.65840559, initial_speed=9.08973732)
    ego = NPC(lane_id=4, offset=48.03424932, initial_speed=22.98926961)
    vehicle1.accelerate(trigger_sequence=1, target_speed=39.81381576)
    vehicle1.decelerate(trigger_sequence=2, target_speed=28.8680622)
    vehicle1.changeLane(trigger_sequence=4, target_lane=1, target_speed=32.40598315)
    vehicle1.decelerate(trigger_sequence=5, target_speed=18.5357731)

2025-04-22 Tuesday 18:01:56  random_test.py : INFO  === Evaluation Finished === 
 Fitness: [2.506824510564644, -0.45694200351493847], Collision: True
2025-04-22 Tuesday 18:01:56  random_test.py : INFO  === Find a coollision ===
2025-04-22 Tuesday 18:02:02  random_test.py : INFO  === Evaluate Testcase === 
 def testcase(self):
    vehicle1 = NPC(lane_id=4, offset=43.35556093, initial_speed=21.13244984)
    ego = NPC(lane_id=3, offset=47.38741061, initial_speed=19.37328883)
    vehicle1.accelerate(trigger_sequence=1, target_speed=45.66853578)
    vehicle1.accelerate(trigger_sequence=2, target_speed=58.38818221)

2025-04-22 Tuesday 18:02:02  random_test.py : INFO  === Evaluation Finished === 
 Fitness: [3.509150037571837, -0.625], Collision: False
2025-04-22 Tuesday 18:02:07  random_test.py : INFO  === Evaluate Testcase === 
 def testcase(self):
    vehicle1 = NPC(lane_id=4, offset=12.04620573, initial_speed=33.75842999)
    vehicle2 = NPC(lane_id=1, offset=28.60523063, initial_speed=30.7199372)
    vehicle3 = NPC(lane_id=4, offset=16.69175875, initial_speed=22.327498)
    ego = NPC(lane_id=2, offset=34.06332568, initial_speed=18.480801)
    vehicle1.decelerate(trigger_sequence=1, target_speed=20.77194028)
    vehicle3.decelerate(trigger_sequence=1, target_speed=7.18437857)
    vehicle2.decelerate(trigger_sequence=2, target_speed=10.97642476)
    vehicle2.accelerate(trigger_sequence=4, target_speed=48.23327323)
    vehicle3.decelerate(trigger_sequence=5, target_speed=25.60679968)

2025-04-22 Tuesday 18:02:07  random_test.py : INFO  === Evaluation Finished === 
 Fitness: [inf, 0], Collision: False
2025-04-22 Tuesday 18:02:13  random_test.py : INFO  === Evaluate Testcase === 
 def testcase(self):
    vehicle1 = NPC(lane_id=3, offset=40.22009599, initial_speed=24.93622329)
    ego = NPC(lane_id=4, offset=1.97474939, initial_speed=20.10998296)
    vehicle1.decelerate(trigger_sequence=4, target_speed=0.90638627)
    vehicle1.changeLane(trigger_sequence=5, target_lane=3, target_speed=29.72060912)

2025-04-22 Tuesday 18:02:13  random_test.py : INFO  === Evaluation Finished === 
 Fitness: [36.45418471910622, -0.6034782608695652], Collision: False
2025-04-22 Tuesday 18:02:20  random_test.py : INFO  === Evaluate Testcase === 
 def testcase(self):
    ego = NPC(lane_id=5, offset=36.00702065, initial_speed=27.93118805)
    vehicle2 = NPC(lane_id=3, offset=32.69359769, initial_speed=12.60037226)
    vehicle3 = NPC(lane_id=3, offset=24.1075023, initial_speed=5.87552524)
    vehicle2.decelerate(trigger_sequence=1, target_speed=24.32059269)
    vehicle2.decelerate(trigger_sequence=2, target_speed=28.98902211)
    vehicle2.decelerate(trigger_sequence=3, target_speed=28.38650952)
    vehicle2.decelerate(trigger_sequence=4, target_speed=9.93501249)
    vehicle3.decelerate(trigger_sequence=4, target_speed=11.40852127)
    vehicle2.accelerate(trigger_sequence=5, target_speed=54.74325087)

2025-04-22 Tuesday 18:02:20  random_test.py : INFO  === Evaluation Finished === 
 Fitness: [7.025897479859579, -0.48398576512455516], Collision: False
2025-04-22 Tuesday 18:02:26  random_test.py : INFO  === Evaluate Testcase === 
 def testcase(self):
    vehicle1 = NPC(lane_id=2, offset=33.94398385, initial_speed=3.56805966)
    ego = NPC(lane_id=3, offset=20.76520502, initial_speed=12.63584528)
    vehicle1.accelerate(trigger_sequence=2, target_speed=56.32106705)
    vehicle1.accelerate(trigger_sequence=4, target_speed=51.20443681)

2025-04-22 Tuesday 18:02:26  random_test.py : INFO  === Evaluation Finished === 
 Fitness: [3.499738930974613, -0.030100334448160536], Collision: False
2025-04-22 Tuesday 18:02:33  random_test.py : INFO  === Evaluate Testcase === 
 def testcase(self):
    vehicle1 = NPC(lane_id=4, offset=49.49615124, initial_speed=20.91915154)
    ego = NPC(lane_id=5, offset=1.50618609, initial_speed=2.87530152)
    vehicle3 = NPC(lane_id=4, offset=13.61134464, initial_speed=22.07502156)
    vehicle1.accelerate(trigger_sequence=1, target_speed=44.17564068)
    vehicle1.accelerate(trigger_sequence=2, target_speed=30.54710382)
    vehicle3.accelerate(trigger_sequence=3, target_speed=32.38448553)
    vehicle3.accelerate(trigger_sequence=4, target_speed=48.8481655)
    vehicle3.accelerate(trigger_sequence=5, target_speed=52.60972692)

2025-04-22 Tuesday 18:02:33  random_test.py : INFO  === Evaluation Finished === 
 Fitness: [12.893301314647081, -0.561344537815126], Collision: False
2025-04-22 Tuesday 18:02:39  random_test.py : INFO  === Evaluate Testcase === 
 def testcase(self):
    ego = NPC(lane_id=1, offset=5.5381263, initial_speed=28.5184773)
    vehicle2 = NPC(lane_id=3, offset=44.79706993, initial_speed=31.39753539)
    vehicle3 = NPC(lane_id=3, offset=35.61133025, initial_speed=29.0798333)
    vehicle3.changeLane(trigger_sequence=2, target_lane=1, target_speed=34.00364985)
    vehicle2.decelerate(trigger_sequence=3, target_speed=15.83210448)
    vehicle3.changeLane(trigger_sequence=3, target_lane=1, target_speed=50.12126995)
    vehicle2.decelerate(trigger_sequence=4, target_speed=26.8998739)

2025-04-22 Tuesday 18:02:39  random_test.py : INFO  === Evaluation Finished === 
 Fitness: [31.2726865252591, -0.43137254901960786], Collision: False
2025-04-22 Tuesday 18:02:46  random_test.py : INFO  === Evaluate Testcase === 
 def testcase(self):
    vehicle1 = NPC(lane_id=1, offset=19.24346669, initial_speed=35.35382465)
    ego = NPC(lane_id=2, offset=11.3571188, initial_speed=22.20465608)
    vehicle3 = NPC(lane_id=1, offset=40.11722406, initial_speed=4.86984253)
    vehicle1.accelerate(trigger_sequence=1, target_speed=52.16684539)
    vehicle3.changeLane(trigger_sequence=2, target_lane=3, target_speed=7.80901004)
    vehicle1.changeLane(trigger_sequence=3, target_lane=3, target_speed=49.19671762)
    vehicle1.changeLane(trigger_sequence=4, target_lane=3, target_speed=18.55814582)
    vehicle3.accelerate(trigger_sequence=4, target_speed=39.81086699)
    vehicle1.accelerate(trigger_sequence=5, target_speed=36.56888643)

2025-04-22 Tuesday 18:02:46  random_test.py : INFO  === Evaluation Finished === 
 Fitness: [3.500740020001998, -0.5508771929824562], Collision: False
2025-04-22 Tuesday 18:02:53  random_test.py : INFO  === Evaluate Testcase === 
 def testcase(self):
    vehicle1 = NPC(lane_id=3, offset=26.47136896, initial_speed=39.72938534)
    vehicle2 = NPC(lane_id=3, offset=33.35351546, initial_speed=28.02105559)
    ego = NPC(lane_id=2, offset=25.56437507, initial_speed=27.93828558)
    vehicle4 = NPC(lane_id=4, offset=23.01365571, initial_speed=26.82636159)
    vehicle2.changeLane(trigger_sequence=1, target_lane=1, target_speed=5.29822347)

2025-04-22 Tuesday 18:02:53  random_test.py : INFO  === Evaluation Finished === 
 Fitness: [3.5002979024126954, -0.4875444839857651], Collision: False
2025-04-22 Tuesday 18:03:00  random_test.py : INFO  === Evaluate Testcase === 
 def testcase(self):
    vehicle1 = NPC(lane_id=2, offset=9.69204028, initial_speed=11.80465632)
    vehicle2 = NPC(lane_id=1, offset=37.01216649, initial_speed=24.23578875)
    ego = NPC(lane_id=1, offset=5.84475804, initial_speed=18.16472018)
    vehicle1.changeLane(trigger_sequence=1, target_lane=3, target_speed=44.88933842)
    vehicle2.changeLane(trigger_sequence=1, target_lane=1, target_speed=16.09840204)
    vehicle1.accelerate(trigger_sequence=2, target_speed=30.84023007)
    vehicle1.accelerate(trigger_sequence=3, target_speed=36.12938565)
    vehicle2.decelerate(trigger_sequence=4, target_speed=4.57938929)
    vehicle2.accelerate(trigger_sequence=5, target_speed=52.96414445)

2025-04-22 Tuesday 18:03:00  random_test.py : INFO  === Evaluation Finished === 
 Fitness: [3.500838623927376, -0.01730103806228374], Collision: False
2025-04-22 Tuesday 18:03:06  random_test.py : INFO  === Evaluate Testcase === 
 def testcase(self):
    vehicle1 = NPC(lane_id=3, offset=25.64737345, initial_speed=23.26454428)
    ego = NPC(lane_id=5, offset=20.97045877, initial_speed=17.54133601)
    vehicle3 = NPC(lane_id=3, offset=9.09654987, initial_speed=7.50952824)
    vehicle1.decelerate(trigger_sequence=1, target_speed=4.63727473)
    vehicle3.accelerate(trigger_sequence=1, target_speed=43.78859825)
    vehicle1.changeLane(trigger_sequence=2, target_lane=3, target_speed=32.34783348)
    vehicle1.changeLane(trigger_sequence=4, target_lane=3, target_speed=13.11873621)
    vehicle3.decelerate(trigger_sequence=4, target_speed=19.67150156)
    vehicle1.changeLane(trigger_sequence=5, target_lane=1, target_speed=7.06075922)

2025-04-22 Tuesday 18:03:06  random_test.py : INFO  === Evaluation Finished === 
 Fitness: [6.999498897024492, -0.17789291882556132], Collision: False
2025-04-22 Tuesday 18:03:11  random_test.py : INFO  === Evaluate Testcase === 
 def testcase(self):
    vehicle1 = NPC(lane_id=3, offset=19.82399675, initial_speed=0.62450799)
    vehicle2 = NPC(lane_id=3, offset=23.28887678, initial_speed=29.40910124)
    ego = NPC(lane_id=5, offset=40.41229905, initial_speed=33.21969723)
    vehicle4 = NPC(lane_id=5, offset=17.490183, initial_speed=33.16919505)
    vehicle2.accelerate(trigger_sequence=1, target_speed=56.05919533)
    vehicle1.changeLane(trigger_sequence=2, target_lane=1, target_speed=21.79338879)
    vehicle4.changeLane(trigger_sequence=2, target_lane=1, target_speed=14.48539415)
    vehicle1.accelerate(trigger_sequence=3, target_speed=36.58233796)
    vehicle2.accelerate(trigger_sequence=3, target_speed=56.04369033)
    vehicle4.accelerate(trigger_sequence=3, target_speed=42.16246244)
    vehicle2.accelerate(trigger_sequence=5, target_speed=53.1871135)

2025-04-22 Tuesday 18:03:11  random_test.py : INFO  === Evaluation Finished === 
 Fitness: [inf, 0], Collision: False
2025-04-22 Tuesday 18:03:17  random_test.py : INFO  === Evaluate Testcase === 
 def testcase(self):
    vehicle1 = NPC(lane_id=2, offset=39.77894243, initial_speed=22.72039132)
    ego = NPC(lane_id=2, offset=29.01002734, initial_speed=19.48638706)
    vehicle1.accelerate(trigger_sequence=1, target_speed=46.28201398)
    vehicle1.decelerate(trigger_sequence=2, target_speed=19.14975012)
    vehicle1.changeLane(trigger_sequence=3, target_lane=1, target_speed=14.11247592)
    vehicle1.changeLane(trigger_sequence=5, target_lane=1, target_speed=14.59016553)

2025-04-22 Tuesday 18:03:17  random_test.py : INFO  === Evaluation Finished === 
 Fitness: [11.084466357908552, -0.6024305555555556], Collision: False
2025-04-22 Tuesday 18:03:24  random_test.py : INFO  === Evaluate Testcase === 
 def testcase(self):
    vehicle1 = NPC(lane_id=1, offset=20.31961509, initial_speed=21.61197338)
    ego = NPC(lane_id=1, offset=3.36653902, initial_speed=21.11617465)
    vehicle1.accelerate(trigger_sequence=1, target_speed=55.97739941)
    vehicle1.changeLane(trigger_sequence=4, target_lane=3, target_speed=49.28493138)
    vehicle1.changeLane(trigger_sequence=5, target_lane=3, target_speed=56.50462555)

2025-04-22 Tuesday 18:03:24  random_test.py : INFO  === Evaluation Finished === 
 Fitness: [17.253219925158234, -0.5836236933797909], Collision: False
2025-04-22 Tuesday 18:03:28  random_test.py : INFO  === Evaluate Testcase === 
 def testcase(self):
    vehicle1 = NPC(lane_id=5, offset=10.95683953, initial_speed=25.72774857)
    ego = NPC(lane_id=4, offset=31.35660912, initial_speed=17.78313059)
    vehicle3 = NPC(lane_id=2, offset=4.19195685, initial_speed=4.41896887)
    vehicle4 = NPC(lane_id=4, offset=33.64840328, initial_speed=5.79267381)
    vehicle1.accelerate(trigger_sequence=1, target_speed=42.81426675)
    vehicle1.changeLane(trigger_sequence=3, target_lane=3, target_speed=52.99736757)
    vehicle3.accelerate(trigger_sequence=3, target_speed=30.58814319)
    vehicle1.decelerate(trigger_sequence=4, target_speed=26.44144015)
    vehicle3.changeLane(trigger_sequence=4, target_lane=3, target_speed=25.60522918)
    vehicle4.accelerate(trigger_sequence=5, target_speed=42.63551386)

2025-04-22 Tuesday 18:03:28  random_test.py : INFO  === Evaluation Finished === 
 Fitness: [inf, 0], Collision: False
2025-04-22 Tuesday 18:03:35  random_test.py : INFO  === Evaluate Testcase === 
 def testcase(self):
    ego = NPC(lane_id=3, offset=23.17171454, initial_speed=8.92098753)
    vehicle2 = NPC(lane_id=2, offset=39.51909623, initial_speed=4.80537289)
    vehicle3 = NPC(lane_id=2, offset=23.48321784, initial_speed=32.25350042)
    vehicle3.decelerate(trigger_sequence=1, target_speed=10.57840843)
    vehicle3.accelerate(trigger_sequence=2, target_speed=46.48441724)
    vehicle2.accelerate(trigger_sequence=3, target_speed=30.29037033)
    vehicle3.decelerate(trigger_sequence=3, target_speed=28.63958519)
    vehicle3.changeLane(trigger_sequence=4, target_lane=3, target_speed=22.29495631)

2025-04-22 Tuesday 18:03:35  random_test.py : INFO  === Evaluation Finished === 
 Fitness: [3.5724588441501113, -0.03833333333333333], Collision: False
2025-04-22 Tuesday 18:03:39  random_test.py : INFO  === Evaluate Testcase === 
 def testcase(self):
    vehicle1 = NPC(lane_id=3, offset=17.92877047, initial_speed=9.17042741)
    vehicle2 = NPC(lane_id=1, offset=13.30156597, initial_speed=2.82555685)
    vehicle3 = NPC(lane_id=3, offset=32.20961153, initial_speed=9.85113782)
    ego = NPC(lane_id=3, offset=20.07284436, initial_speed=37.30543606)
    vehicle1.changeLane(trigger_sequence=1, target_lane=3, target_speed=49.40041951)
    vehicle2.decelerate(trigger_sequence=1, target_speed=4.15325575)
    vehicle3.accelerate(trigger_sequence=1, target_speed=54.10149243)
    vehicle1.changeLane(trigger_sequence=2, target_lane=3, target_speed=8.72565008)
    vehicle3.decelerate(trigger_sequence=2, target_speed=15.42582913)
    vehicle3.changeLane(trigger_sequence=3, target_lane=3, target_speed=1.45849454)
    vehicle2.accelerate(trigger_sequence=4, target_speed=35.56713541)
    vehicle1.decelerate(trigger_sequence=5, target_speed=10.75765957)

2025-04-22 Tuesday 18:03:39  random_test.py : INFO  === Evaluation Finished === 
 Fitness: [inf, 0], Collision: False
2025-04-22 Tuesday 18:03:46  random_test.py : INFO  === Evaluate Testcase === 
 def testcase(self):
    vehicle1 = NPC(lane_id=3, offset=2.1778433, initial_speed=11.41945693)
    ego = NPC(lane_id=4, offset=10.17456919, initial_speed=2.06536314)
    vehicle1.accelerate(trigger_sequence=4, target_speed=43.76738631)

2025-04-22 Tuesday 18:03:46  random_test.py : INFO  === Evaluation Finished === 
 Fitness: [3.4930623221384853, -0.6127946127946128], Collision: False
2025-04-22 Tuesday 18:03:53  random_test.py : INFO  === Evaluate Testcase === 
 def testcase(self):
    ego = NPC(lane_id=2, offset=12.06465273, initial_speed=10.81661692)
    vehicle2 = NPC(lane_id=3, offset=38.02989083, initial_speed=1.23616146)
    vehicle3 = NPC(lane_id=4, offset=46.51807708, initial_speed=9.04824628)
    vehicle3.accelerate(trigger_sequence=1, target_speed=39.88632235)
    vehicle2.changeLane(trigger_sequence=3, target_lane=3, target_speed=56.01425603)
    vehicle2.accelerate(trigger_sequence=4, target_speed=56.72407908)
    vehicle3.changeLane(trigger_sequence=4, target_lane=1, target_speed=41.99447494)
    vehicle3.decelerate(trigger_sequence=5, target_speed=8.19941998)

2025-04-22 Tuesday 18:03:53  random_test.py : INFO  === Evaluation Finished === 
 Fitness: [3.5005728703682597, -0.03], Collision: False
2025-04-22 Tuesday 18:04:00  random_test.py : INFO  === Evaluate Testcase === 
 def testcase(self):
    vehicle1 = NPC(lane_id=5, offset=11.95540448, initial_speed=8.47925288)
    ego = NPC(lane_id=2, offset=26.75554554, initial_speed=18.91055559)
    vehicle3 = NPC(lane_id=1, offset=15.97962437, initial_speed=10.77075771)
    vehicle4 = NPC(lane_id=3, offset=6.67419254, initial_speed=16.87139384)
    vehicle1.changeLane(trigger_sequence=1, target_lane=3, target_speed=41.5647672)
    vehicle4.changeLane(trigger_sequence=1, target_lane=1, target_speed=34.5937608)
    vehicle1.accelerate(trigger_sequence=2, target_speed=50.19014884)
    vehicle3.changeLane(trigger_sequence=2, target_lane=1, target_speed=51.856955)
    vehicle1.accelerate(trigger_sequence=3, target_speed=48.34244755)
    vehicle4.accelerate(trigger_sequence=3, target_speed=32.19881729)
    vehicle1.changeLane(trigger_sequence=4, target_lane=1, target_speed=14.49880605)
    vehicle3.accelerate(trigger_sequence=4, target_speed=43.20881294)
    vehicle4.changeLane(trigger_sequence=4, target_lane=3, target_speed=31.64936518)
    vehicle1.changeLane(trigger_sequence=5, target_lane=1, target_speed=31.17530369)
    vehicle3.accelerate(trigger_sequence=5, target_speed=53.15108226)

2025-04-22 Tuesday 18:04:00  random_test.py : INFO  === Evaluation Finished === 
 Fitness: [3.4149037565600384, -0.3431542461005199], Collision: True
2025-04-22 Tuesday 18:04:00  random_test.py : INFO  === Find a coollision ===
2025-04-22 Tuesday 18:04:07  random_test.py : INFO  === Evaluate Testcase === 
 def testcase(self):
    vehicle1 = NPC(lane_id=1, offset=0.21680883, initial_speed=10.10076319)
    vehicle2 = NPC(lane_id=3, offset=2.14377223, initial_speed=4.46187596)
    ego = NPC(lane_id=2, offset=48.88840915, initial_speed=28.59293164)
    vehicle1.decelerate(trigger_sequence=1, target_speed=18.96019643)
    vehicle2.changeLane(trigger_sequence=1, target_lane=3, target_speed=6.24135049)
    vehicle2.decelerate(trigger_sequence=3, target_speed=29.71022228)
    vehicle1.decelerate(trigger_sequence=4, target_speed=10.39201745)
    vehicle2.changeLane(trigger_sequence=4, target_lane=3, target_speed=8.17529671)
    vehicle1.changeLane(trigger_sequence=5, target_lane=1, target_speed=27.74704277)
    vehicle2.accelerate(trigger_sequence=5, target_speed=45.89271119)

2025-04-22 Tuesday 18:04:07  random_test.py : INFO  === Evaluation Finished === 
 Fitness: [46.14332924737588, -0.4385026737967914], Collision: False
2025-04-22 Tuesday 18:04:14  random_test.py : INFO  === Evaluate Testcase === 
 def testcase(self):
    vehicle1 = NPC(lane_id=4, offset=37.14128505, initial_speed=13.61539565)
    vehicle2 = NPC(lane_id=5, offset=14.90758729, initial_speed=29.01898708)
    ego = NPC(lane_id=3, offset=24.4411422, initial_speed=3.34837603)
    vehicle2.changeLane(trigger_sequence=2, target_lane=3, target_speed=52.2047892)
    vehicle1.accelerate(trigger_sequence=3, target_speed=50.41609471)
    vehicle1.changeLane(trigger_sequence=4, target_lane=1, target_speed=51.38929475)
    vehicle2.accelerate(trigger_sequence=4, target_speed=31.46541182)
    vehicle2.changeLane(trigger_sequence=5, target_lane=3, target_speed=6.7944355)

2025-04-22 Tuesday 18:04:14  random_test.py : INFO  === Evaluation Finished === 
 Fitness: [7.007911125394828, -0.5226890756302521], Collision: False
2025-04-22 Tuesday 18:04:21  random_test.py : INFO  === Evaluate Testcase === 
 def testcase(self):
    vehicle1 = NPC(lane_id=2, offset=36.77748779, initial_speed=16.32086156)
    ego = NPC(lane_id=5, offset=38.52419665, initial_speed=0.96716881)
    vehicle3 = NPC(lane_id=3, offset=44.15765946, initial_speed=4.16077994)
    vehicle1.changeLane(trigger_sequence=1, target_lane=3, target_speed=34.15272941)
    vehicle3.changeLane(trigger_sequence=1, target_lane=3, target_speed=21.62028937)
    vehicle1.accelerate(trigger_sequence=2, target_speed=35.744379)
    vehicle3.decelerate(trigger_sequence=2, target_speed=22.6703751)
    vehicle1.decelerate(trigger_sequence=3, target_speed=24.73223004)
    vehicle1.decelerate(trigger_sequence=4, target_speed=4.4206827)
    vehicle3.changeLane(trigger_sequence=4, target_lane=3, target_speed=6.59939771)

2025-04-22 Tuesday 18:04:21  random_test.py : INFO  === Evaluation Finished === 
 Fitness: [9.014538697084332, -0.6582491582491582], Collision: False
2025-04-22 Tuesday 18:04:26  random_test.py : INFO  === Evaluate Testcase === 
 def testcase(self):
    ego = NPC(lane_id=4, offset=29.62735058, initial_speed=3.30940911)
    vehicle2 = NPC(lane_id=4, offset=29.4940461, initial_speed=9.86949256)
    vehicle2.changeLane(trigger_sequence=1, target_lane=1, target_speed=37.42594213)
    vehicle2.accelerate(trigger_sequence=2, target_speed=45.75487973)
    vehicle2.changeLane(trigger_sequence=5, target_lane=1, target_speed=29.59375146)

2025-04-22 Tuesday 18:04:26  random_test.py : INFO  === Evaluation Finished === 
 Fitness: [inf, 0], Collision: False
2025-04-22 Tuesday 18:04:30  random_test.py : INFO  === Evaluate Testcase === 
 def testcase(self):
    vehicle1 = NPC(lane_id=4, offset=33.45276192, initial_speed=25.39226976)
    vehicle2 = NPC(lane_id=1, offset=20.72615218, initial_speed=2.52644993)
    vehicle3 = NPC(lane_id=1, offset=38.72902047, initial_speed=27.36240638)
    ego = NPC(lane_id=4, offset=33.76759168, initial_speed=11.0450833)
    vehicle2.changeLane(trigger_sequence=1, target_lane=3, target_speed=23.67362748)
    vehicle3.accelerate(trigger_sequence=1, target_speed=35.83554542)
    vehicle2.decelerate(trigger_sequence=2, target_speed=23.07413228)
    vehicle3.decelerate(trigger_sequence=2, target_speed=18.86302517)
    vehicle1.changeLane(trigger_sequence=3, target_lane=1, target_speed=38.18999538)
    vehicle2.decelerate(trigger_sequence=3, target_speed=13.15017156)
    vehicle1.decelerate(trigger_sequence=4, target_speed=19.58255528)
    vehicle3.changeLane(trigger_sequence=4, target_lane=1, target_speed=48.43387857)

2025-04-22 Tuesday 18:04:30  random_test.py : INFO  === Evaluation Finished === 
 Fitness: [inf, 0], Collision: False
2025-04-22 Tuesday 18:04:37  random_test.py : INFO  === Evaluate Testcase === 
 def testcase(self):
    ego = NPC(lane_id=3, offset=40.87026309, initial_speed=8.38191873)
    vehicle2 = NPC(lane_id=2, offset=11.88627151, initial_speed=5.29883475)
    vehicle3 = NPC(lane_id=3, offset=29.83689187, initial_speed=4.97203612)
    vehicle2.changeLane(trigger_sequence=2, target_lane=3, target_speed=31.05551489)
    vehicle3.changeLane(trigger_sequence=2, target_lane=3, target_speed=9.10891364)
    vehicle3.decelerate(trigger_sequence=3, target_speed=5.3223905)
    vehicle3.accelerate(trigger_sequence=5, target_speed=36.05985981)

2025-04-22 Tuesday 18:04:37  random_test.py : INFO  === Evaluation Finished === 
 Fitness: [2.828299210984158, -0.74], Collision: True
2025-04-22 Tuesday 18:04:37  random_test.py : INFO  === Find a coollision ===
2025-04-22 Tuesday 18:04:44  random_test.py : INFO  === Evaluate Testcase === 
 def testcase(self):
    ego = NPC(lane_id=1, offset=8.72130385, initial_speed=16.22548481)
    vehicle2 = NPC(lane_id=4, offset=29.90085684, initial_speed=16.49281004)
    vehicle2.changeLane(trigger_sequence=5, target_lane=1, target_speed=24.84932979)

2025-04-22 Tuesday 18:04:44  random_test.py : INFO  === Evaluation Finished === 
 Fitness: [21.95926130743397, -0.02181208053691275], Collision: False
2025-04-22 Tuesday 18:04:51  random_test.py : INFO  === Evaluate Testcase === 
 def testcase(self):
    vehicle1 = NPC(lane_id=1, offset=27.51058142, initial_speed=21.48123295)
    ego = NPC(lane_id=5, offset=25.00215537, initial_speed=2.79067081)
    vehicle3 = NPC(lane_id=5, offset=45.87334049, initial_speed=27.86831355)
    vehicle3.accelerate(trigger_sequence=1, target_speed=45.53309007)
    vehicle1.accelerate(trigger_sequence=2, target_speed=57.68423301)
    vehicle3.accelerate(trigger_sequence=4, target_speed=32.89207078)
    vehicle1.decelerate(trigger_sequence=5, target_speed=26.97845753)
    vehicle3.changeLane(trigger_sequence=5, target_lane=1, target_speed=53.01738157)

2025-04-22 Tuesday 18:04:51  random_test.py : INFO  === Evaluation Finished === 
 Fitness: [14.33122261433938, -0.5647058823529412], Collision: False
2025-04-22 Tuesday 18:04:58  random_test.py : INFO  === Evaluate Testcase === 
 def testcase(self):
    ego = NPC(lane_id=4, offset=9.83120193, initial_speed=38.70136637)
    vehicle2 = NPC(lane_id=2, offset=43.27417888, initial_speed=7.8740542)
    vehicle3 = NPC(lane_id=1, offset=46.65552644, initial_speed=15.43575842)
    vehicle4 = NPC(lane_id=3, offset=6.12304208, initial_speed=28.86551134)
    vehicle2.decelerate(trigger_sequence=1, target_speed=3.57687259)
    vehicle3.changeLane(trigger_sequence=1, target_lane=1, target_speed=13.72725377)
    vehicle4.accelerate(trigger_sequence=1, target_speed=44.00568446)
    vehicle3.decelerate(trigger_sequence=2, target_speed=29.41605483)
    vehicle3.decelerate(trigger_sequence=3, target_speed=14.61360724)
    vehicle4.accelerate(trigger_sequence=3, target_speed=45.45743334)
    vehicle3.accelerate(trigger_sequence=4, target_speed=55.72526957)
    vehicle2.changeLane(trigger_sequence=5, target_lane=1, target_speed=37.22219899)
    vehicle3.changeLane(trigger_sequence=5, target_lane=3, target_speed=29.29848631)
    vehicle4.accelerate(trigger_sequence=5, target_speed=59.57831196)

2025-04-22 Tuesday 18:04:58  random_test.py : INFO  === Evaluation Finished === 
 Fitness: [3.4926606453288684, -0.23217550274223034], Collision: False
2025-04-22 Tuesday 18:05:05  random_test.py : INFO  === Evaluate Testcase === 
 def testcase(self):
    vehicle1 = NPC(lane_id=4, offset=30.75015876, initial_speed=4.12450301)
    vehicle2 = NPC(lane_id=1, offset=35.56345512, initial_speed=3.72978001)
    vehicle3 = NPC(lane_id=1, offset=16.65575541, initial_speed=26.50102604)
    ego = NPC(lane_id=2, offset=17.27222894, initial_speed=12.96037866)
    vehicle1.changeLane(trigger_sequence=1, target_lane=3, target_speed=45.53799854)
    vehicle1.decelerate(trigger_sequence=2, target_speed=29.04381437)
    vehicle3.accelerate(trigger_sequence=3, target_speed=55.0366034)
    vehicle1.accelerate(trigger_sequence=4, target_speed=30.18806893)
    vehicle2.accelerate(trigger_sequence=4, target_speed=31.32135057)
    vehicle2.decelerate(trigger_sequence=5, target_speed=7.70499055)

2025-04-22 Tuesday 18:05:05  random_test.py : INFO  === Evaluation Finished === 
 Fitness: [3.4928383745783083, -0.021666666666666667], Collision: False
2025-04-22 Tuesday 18:05:09  random_test.py : INFO  === Evaluate Testcase === 
 def testcase(self):
    ego = NPC(lane_id=5, offset=8.42106796, initial_speed=25.57455609)
    vehicle2 = NPC(lane_id=5, offset=7.41865339, initial_speed=16.62169882)
    vehicle3 = NPC(lane_id=3, offset=34.8985306, initial_speed=22.94697762)
    vehicle4 = NPC(lane_id=1, offset=19.6845614, initial_speed=6.73164639)
    vehicle3.accelerate(trigger_sequence=1, target_speed=58.63806143)
    vehicle4.accelerate(trigger_sequence=1, target_speed=32.2378164)
    vehicle2.changeLane(trigger_sequence=2, target_lane=1, target_speed=45.19590885)
    vehicle3.accelerate(trigger_sequence=2, target_speed=52.19712247)
    vehicle3.decelerate(trigger_sequence=3, target_speed=5.11064843)
    vehicle2.decelerate(trigger_sequence=4, target_speed=7.51871462)
    vehicle3.accelerate(trigger_sequence=4, target_speed=39.91588925)
    vehicle4.decelerate(trigger_sequence=4, target_speed=12.09598984)
    vehicle2.changeLane(trigger_sequence=5, target_lane=3, target_speed=28.44931598)
    vehicle3.accelerate(trigger_sequence=5, target_speed=41.37980206)
    vehicle4.accelerate(trigger_sequence=5, target_speed=47.4435438)

2025-04-22 Tuesday 18:05:09  random_test.py : INFO  === Evaluation Finished === 
 Fitness: [inf, 0], Collision: False
2025-04-22 Tuesday 18:05:17  random_test.py : INFO  === Evaluate Testcase === 
 def testcase(self):
    vehicle1 = NPC(lane_id=1, offset=46.71076189, initial_speed=23.00759175)
    vehicle2 = NPC(lane_id=2, offset=44.12404644, initial_speed=27.9431427)
    vehicle3 = NPC(lane_id=1, offset=29.32662019, initial_speed=18.44112035)
    ego = NPC(lane_id=5, offset=7.44758432, initial_speed=25.98658911)
    vehicle2.accelerate(trigger_sequence=1, target_speed=53.32316341)
    vehicle2.decelerate(trigger_sequence=2, target_speed=4.7512718)
    vehicle3.changeLane(trigger_sequence=2, target_lane=3, target_speed=27.11324653)
    vehicle2.changeLane(trigger_sequence=3, target_lane=3, target_speed=1.79115235)
    vehicle2.decelerate(trigger_sequence=4, target_speed=11.88443307)
    vehicle1.changeLane(trigger_sequence=5, target_lane=1, target_speed=8.00335095)
    vehicle3.accelerate(trigger_sequence=5, target_speed=51.76732028)

2025-04-22 Tuesday 18:05:17  random_test.py : INFO  === Evaluation Finished === 
 Fitness: [7.000674761573779, -0.4814159292035398], Collision: False
2025-04-22 Tuesday 18:05:21  random_test.py : INFO  === Evaluate Testcase === 
 def testcase(self):
    vehicle1 = NPC(lane_id=2, offset=12.19705633, initial_speed=27.21112352)
    vehicle2 = NPC(lane_id=4, offset=38.38621206, initial_speed=14.33986832)
    ego = NPC(lane_id=1, offset=31.88596337, initial_speed=1.83062607)
    vehicle4 = NPC(lane_id=1, offset=31.28960703, initial_speed=26.66526989)
    vehicle1.accelerate(trigger_sequence=1, target_speed=38.74818558)
    vehicle4.decelerate(trigger_sequence=1, target_speed=24.41776862)
    vehicle1.changeLane(trigger_sequence=2, target_lane=1, target_speed=20.83516373)
    vehicle2.decelerate(trigger_sequence=2, target_speed=9.08947654)
    vehicle4.changeLane(trigger_sequence=2, target_lane=1, target_speed=39.47559374)
    vehicle4.changeLane(trigger_sequence=3, target_lane=1, target_speed=23.25908259)
    vehicle1.decelerate(trigger_sequence=5, target_speed=9.04462431)
    vehicle2.decelerate(trigger_sequence=5, target_speed=25.562499)

2025-04-22 Tuesday 18:05:21  random_test.py : INFO  === Evaluation Finished === 
 Fitness: [inf, 0], Collision: False
2025-04-22 Tuesday 18:05:29  random_test.py : INFO  === Evaluate Testcase === 
 def testcase(self):
    vehicle1 = NPC(lane_id=5, offset=27.60184397, initial_speed=25.95349)
    vehicle2 = NPC(lane_id=4, offset=22.07950222, initial_speed=2.51595502)
    ego = NPC(lane_id=1, offset=21.56567625, initial_speed=39.06031036)
    vehicle1.changeLane(trigger_sequence=1, target_lane=1, target_speed=58.85590895)
    vehicle2.decelerate(trigger_sequence=1, target_speed=2.28422102)
    vehicle2.changeLane(trigger_sequence=3, target_lane=1, target_speed=35.19142432)
    vehicle1.decelerate(trigger_sequence=5, target_speed=1.79074426)

2025-04-22 Tuesday 18:05:29  random_test.py : INFO  === Evaluation Finished === 
 Fitness: [10.500574278030324, -0.2340036563071298], Collision: False
2025-04-22 Tuesday 18:05:36  random_test.py : INFO  === Evaluate Testcase === 
 def testcase(self):
    vehicle1 = NPC(lane_id=5, offset=13.23883999, initial_speed=4.23809126)
    vehicle2 = NPC(lane_id=1, offset=23.37698456, initial_speed=27.58168253)
    ego = NPC(lane_id=1, offset=5.56821142, initial_speed=31.92683822)
    vehicle4 = NPC(lane_id=2, offset=41.44768311, initial_speed=13.7590974)
    vehicle1.accelerate(trigger_sequence=1, target_speed=46.14295154)
    vehicle4.accelerate(trigger_sequence=1, target_speed=45.14722214)
    vehicle1.accelerate(trigger_sequence=2, target_speed=31.4625962)
    vehicle1.changeLane(trigger_sequence=4, target_lane=1, target_speed=25.3814473)
    vehicle2.accelerate(trigger_sequence=4, target_speed=36.53534885)
    vehicle4.changeLane(trigger_sequence=5, target_lane=1, target_speed=45.87147844)

2025-04-22 Tuesday 18:05:36  random_test.py : INFO  === Evaluation Finished === 
 Fitness: [14.00227603616373, -0.400359066427289], Collision: False
2025-04-22 Tuesday 18:05:43  random_test.py : INFO  === Evaluate Testcase === 
 def testcase(self):
    vehicle1 = NPC(lane_id=4, offset=29.52583118, initial_speed=24.49859728)
    vehicle2 = NPC(lane_id=3, offset=3.53660999, initial_speed=28.59788289)
    ego = NPC(lane_id=4, offset=1.53928594, initial_speed=0.96942587)
    vehicle1.decelerate(trigger_sequence=2, target_speed=14.09541171)
    vehicle2.changeLane(trigger_sequence=2, target_lane=3, target_speed=51.31115885)
    vehicle1.decelerate(trigger_sequence=4, target_speed=4.63158171)
    vehicle2.accelerate(trigger_sequence=5, target_speed=58.24022453)

2025-04-22 Tuesday 18:05:43  random_test.py : INFO  === Evaluation Finished === 
 Fitness: [4.233106002612435, -0.6767676767676768], Collision: False
2025-04-22 Tuesday 18:05:48  random_test.py : INFO  === Evaluate Testcase === 
 def testcase(self):
    ego = NPC(lane_id=5, offset=22.43992342, initial_speed=32.0098934)
    vehicle2 = NPC(lane_id=3, offset=23.8156333, initial_speed=9.97186247)
    vehicle3 = NPC(lane_id=3, offset=1.48524665, initial_speed=18.59678675)
    vehicle4 = NPC(lane_id=5, offset=22.05891774, initial_speed=38.96222546)
    vehicle2.accelerate(trigger_sequence=2, target_speed=42.8769382)
    vehicle3.changeLane(trigger_sequence=2, target_lane=3, target_speed=2.09107317)
    vehicle4.decelerate(trigger_sequence=2, target_speed=6.49024402)
    vehicle3.accelerate(trigger_sequence=3, target_speed=50.52045962)
    vehicle4.accelerate(trigger_sequence=3, target_speed=51.78199655)
    vehicle2.decelerate(trigger_sequence=4, target_speed=21.90952722)
    vehicle4.accelerate(trigger_sequence=4, target_speed=34.96923213)
    vehicle3.changeLane(trigger_sequence=5, target_lane=1, target_speed=24.11509063)
    vehicle4.accelerate(trigger_sequence=5, target_speed=57.87264688)

2025-04-22 Tuesday 18:05:48  random_test.py : INFO  === Evaluation Finished === 
 Fitness: [inf, 0], Collision: False
2025-04-22 Tuesday 18:05:52  random_test.py : INFO  === Evaluate Testcase === 
 def testcase(self):
    vehicle1 = NPC(lane_id=5, offset=36.18475344, initial_speed=17.05763669)
    ego = NPC(lane_id=5, offset=36.33697223, initial_speed=21.07497894)
    vehicle3 = NPC(lane_id=3, offset=41.81316266, initial_speed=19.73635486)
    vehicle1.decelerate(trigger_sequence=1, target_speed=17.67871433)
    vehicle3.decelerate(trigger_sequence=1, target_speed=7.62437074)
    vehicle1.accelerate(trigger_sequence=2, target_speed=42.2086564)
    vehicle1.changeLane(trigger_sequence=3, target_lane=1, target_speed=26.24872966)
    vehicle3.changeLane(trigger_sequence=3, target_lane=3, target_speed=47.44118703)
    vehicle1.accelerate(trigger_sequence=4, target_speed=30.36210246)
    vehicle3.changeLane(trigger_sequence=4, target_lane=1, target_speed=11.4855333)
    vehicle1.changeLane(trigger_sequence=5, target_lane=3, target_speed=33.4906776)

2025-04-22 Tuesday 18:05:52  random_test.py : INFO  === Evaluation Finished === 
 Fitness: [inf, 0], Collision: False
2025-04-22 Tuesday 18:05:59  random_test.py : INFO  === Evaluate Testcase === 
 def testcase(self):
    vehicle1 = NPC(lane_id=5, offset=28.54529938, initial_speed=18.04101723)
    ego = NPC(lane_id=3, offset=45.39689244, initial_speed=36.8006971)
    vehicle1.changeLane(trigger_sequence=1, target_lane=3, target_speed=47.90091646)
    vehicle1.decelerate(trigger_sequence=2, target_speed=12.38899467)
    vehicle1.decelerate(trigger_sequence=3, target_speed=14.64232371)
    vehicle1.accelerate(trigger_sequence=4, target_speed=51.28385682)

2025-04-22 Tuesday 18:05:59  random_test.py : INFO  === Evaluation Finished === 
 Fitness: [3.501310424899966, -0.23272727272727273], Collision: True
2025-04-22 Tuesday 18:05:59  random_test.py : INFO  === Find a coollision ===
2025-04-22 Tuesday 18:06:04  random_test.py : INFO  === Evaluate Testcase === 
 def testcase(self):
    ego = NPC(lane_id=1, offset=5.2971652, initial_speed=17.0904197)
    vehicle2 = NPC(lane_id=3, offset=26.01729566, initial_speed=35.76180601)
    vehicle3 = NPC(lane_id=3, offset=27.09503328, initial_speed=24.3649571)
    vehicle3.decelerate(trigger_sequence=1, target_speed=24.30628816)
    vehicle3.changeLane(trigger_sequence=3, target_lane=1, target_speed=6.64468017)
    vehicle2.decelerate(trigger_sequence=4, target_speed=3.3935089)
    vehicle3.changeLane(trigger_sequence=5, target_lane=3, target_speed=34.50977712)

2025-04-22 Tuesday 18:06:04  random_test.py : INFO  === Evaluation Finished === 
 Fitness: [inf, 0], Collision: False
2025-04-22 Tuesday 18:06:11  random_test.py : INFO  === Evaluate Testcase === 
 def testcase(self):
    vehicle1 = NPC(lane_id=1, offset=4.04564412, initial_speed=3.10627719)
    ego = NPC(lane_id=4, offset=29.74624213, initial_speed=3.4949829)
    vehicle3 = NPC(lane_id=5, offset=18.29885807, initial_speed=35.131018)
    vehicle3.changeLane(trigger_sequence=1, target_lane=3, target_speed=35.08978718)
    vehicle1.accelerate(trigger_sequence=2, target_speed=32.8057271)
    vehicle3.changeLane(trigger_sequence=2, target_lane=3, target_speed=9.60530248)
    vehicle1.changeLane(trigger_sequence=3, target_lane=3, target_speed=38.27802757)
    vehicle1.changeLane(trigger_sequence=4, target_lane=3, target_speed=33.72416234)

2025-04-22 Tuesday 18:06:11  random_test.py : INFO  === Evaluation Finished === 
 Fitness: [3.5093514696487405, -0.48739495798319327], Collision: False
2025-04-22 Tuesday 18:06:15  random_test.py : INFO  === Evaluate Testcase === 
 def testcase(self):
    vehicle1 = NPC(lane_id=1, offset=32.37888561, initial_speed=27.93200115)
    vehicle2 = NPC(lane_id=1, offset=28.36119262, initial_speed=7.95836925)
    ego = NPC(lane_id=1, offset=26.79198062, initial_speed=31.61712742)
    vehicle1.accelerate(trigger_sequence=2, target_speed=55.04317806)
    vehicle2.accelerate(trigger_sequence=2, target_speed=32.95535521)
    vehicle1.accelerate(trigger_sequence=4, target_speed=36.78116397)

2025-04-22 Tuesday 18:06:15  random_test.py : INFO  === Evaluation Finished === 
 Fitness: [inf, 0], Collision: False
2025-04-22 Tuesday 18:06:23  random_test.py : INFO  === Evaluate Testcase === 
 def testcase(self):
    vehicle1 = NPC(lane_id=2, offset=15.14806102, initial_speed=9.18052441)
    ego = NPC(lane_id=3, offset=40.59058824, initial_speed=31.95565359)
    vehicle3 = NPC(lane_id=4, offset=28.82653922, initial_speed=39.9030344)
    vehicle1.decelerate(trigger_sequence=1, target_speed=22.11783943)
    vehicle3.changeLane(trigger_sequence=1, target_lane=1, target_speed=29.7247364)
    vehicle1.changeLane(trigger_sequence=2, target_lane=3, target_speed=41.05952316)
    vehicle3.changeLane(trigger_sequence=2, target_lane=1, target_speed=4.48695607)
    vehicle1.changeLane(trigger_sequence=3, target_lane=1, target_speed=43.51550377)
    vehicle3.changeLane(trigger_sequence=3, target_lane=1, target_speed=29.01046781)
    vehicle1.changeLane(trigger_sequence=4, target_lane=3, target_speed=54.40708322)
    vehicle3.accelerate(trigger_sequence=4, target_speed=54.19549145)
    vehicle1.changeLane(trigger_sequence=5, target_lane=3, target_speed=38.94448878)
    vehicle3.decelerate(trigger_sequence=5, target_speed=0.87492371)

2025-04-22 Tuesday 18:06:23  random_test.py : INFO  === Evaluation Finished === 
 Fitness: [3.5068060313104574, -0.39676840215439857], Collision: False
2025-04-22 Tuesday 18:06:30  random_test.py : INFO  === Evaluate Testcase === 
 def testcase(self):
    ego = NPC(lane_id=1, offset=30.78159928, initial_speed=3.54549593)
    vehicle2 = NPC(lane_id=3, offset=24.75827549, initial_speed=4.36730069)
    vehicle3 = NPC(lane_id=1, offset=13.27414509, initial_speed=7.66898947)
    vehicle3.accelerate(trigger_sequence=3, target_speed=35.85635349)
    vehicle3.changeLane(trigger_sequence=4, target_lane=3, target_speed=38.68528283)
    vehicle2.decelerate(trigger_sequence=5, target_speed=1.66347602)

2025-04-22 Tuesday 18:06:30  random_test.py : INFO  === Evaluation Finished === 
 Fitness: [4.73735838522411, -0.4773109243697479], Collision: True
2025-04-22 Tuesday 18:06:30  random_test.py : INFO  === Find a coollision ===
2025-04-22 Tuesday 18:06:37  random_test.py : INFO  === Evaluate Testcase === 
 def testcase(self):
    vehicle1 = NPC(lane_id=1, offset=32.96163998, initial_speed=33.85324693)
    vehicle2 = NPC(lane_id=1, offset=17.04763011, initial_speed=38.36329429)
    vehicle3 = NPC(lane_id=5, offset=46.86827, initial_speed=11.29164179)
    ego = NPC(lane_id=1, offset=2.65088265, initial_speed=4.84940105)
    vehicle1.changeLane(trigger_sequence=1, target_lane=1, target_speed=59.43521852)
    vehicle2.decelerate(trigger_sequence=2, target_speed=28.63144941)
    vehicle3.accelerate(trigger_sequence=2, target_speed=36.80575491)
    vehicle1.accelerate(trigger_sequence=4, target_speed=55.2719102)
    vehicle2.changeLane(trigger_sequence=4, target_lane=3, target_speed=39.14400632)

2025-04-22 Tuesday 18:06:37  random_test.py : INFO  === Evaluation Finished === 
 Fitness: [15.462311292174181, -0.4714765100671141], Collision: False
2025-04-22 Tuesday 18:06:41  random_test.py : INFO  === Evaluate Testcase === 
 def testcase(self):
    ego = NPC(lane_id=4, offset=10.71055007, initial_speed=38.65710817)
    vehicle2 = NPC(lane_id=1, offset=12.71409922, initial_speed=16.55794656)
    vehicle3 = NPC(lane_id=4, offset=7.99198951, initial_speed=22.8308228)
    vehicle2.decelerate(trigger_sequence=1, target_speed=5.16151782)
    vehicle3.accelerate(trigger_sequence=1, target_speed=35.86659549)
    vehicle2.accelerate(trigger_sequence=2, target_speed=50.70413947)
    vehicle2.decelerate(trigger_sequence=5, target_speed=3.12113459)

2025-04-22 Tuesday 18:06:41  random_test.py : INFO  === Evaluation Finished === 
 Fitness: [inf, 0], Collision: False
2025-04-22 Tuesday 18:06:49  random_test.py : INFO  === Evaluate Testcase === 
 def testcase(self):
    ego = NPC(lane_id=1, offset=15.61870327, initial_speed=5.42173888)
    vehicle2 = NPC(lane_id=2, offset=40.8279823, initial_speed=32.76220169)
    vehicle3 = NPC(lane_id=3, offset=13.15942928, initial_speed=31.61461085)
    vehicle4 = NPC(lane_id=4, offset=28.21719934, initial_speed=12.99513071)
    vehicle3.changeLane(trigger_sequence=1, target_lane=1, target_speed=38.01621147)
    vehicle4.changeLane(trigger_sequence=2, target_lane=3, target_speed=55.39826322)
    vehicle2.accelerate(trigger_sequence=3, target_speed=42.04145147)
    vehicle4.decelerate(trigger_sequence=3, target_speed=29.58080752)
    vehicle2.decelerate(trigger_sequence=4, target_speed=21.15888478)
    vehicle2.decelerate(trigger_sequence=5, target_speed=5.59043869)

2025-04-22 Tuesday 18:06:49  random_test.py : INFO  === Evaluation Finished === 
 Fitness: [7.011379393073977, -0.5083892617449665], Collision: False
2025-04-22 Tuesday 18:06:56  random_test.py : INFO  === Evaluate Testcase === 
 def testcase(self):
    vehicle1 = NPC(lane_id=3, offset=13.74637283, initial_speed=30.03396765)
    ego = NPC(lane_id=4, offset=41.37025642, initial_speed=22.6997885)
    vehicle3 = NPC(lane_id=5, offset=24.02862315, initial_speed=35.31834239)
    vehicle3.accelerate(trigger_sequence=3, target_speed=43.33738907)
    vehicle3.changeLane(trigger_sequence=4, target_lane=3, target_speed=41.9139732)
    vehicle3.changeLane(trigger_sequence=5, target_lane=1, target_speed=17.27657572)

2025-04-22 Tuesday 18:06:56  random_test.py : INFO  === Evaluation Finished === 
 Fitness: [3.5006577521507496, -0.5413005272407733], Collision: False
2025-04-22 Tuesday 18:07:02  random_test.py : INFO  === Evaluate Testcase === 
 def testcase(self):
    vehicle1 = NPC(lane_id=3, offset=9.30883761, initial_speed=5.078658)
    ego = NPC(lane_id=1, offset=12.41393834, initial_speed=36.25694716)
    vehicle1.changeLane(trigger_sequence=1, target_lane=3, target_speed=19.00272343)
    vehicle1.changeLane(trigger_sequence=2, target_lane=1, target_speed=45.55468796)
    vehicle1.accelerate(trigger_sequence=4, target_speed=32.34374492)
    vehicle1.accelerate(trigger_sequence=5, target_speed=35.72839411)

2025-04-22 Tuesday 18:07:02  random_test.py : INFO  === Evaluation Finished === 
 Fitness: [7.364409577893559, -0.29764065335753176], Collision: False
2025-04-22 Tuesday 18:07:07  random_test.py : INFO  === Evaluate Testcase === 
 def testcase(self):
    vehicle1 = NPC(lane_id=3, offset=18.90315422, initial_speed=36.23392757)
    vehicle2 = NPC(lane_id=4, offset=39.0262502, initial_speed=0.75208154)
    vehicle3 = NPC(lane_id=4, offset=27.0505302, initial_speed=1.13485856)
    ego = NPC(lane_id=4, offset=42.76418269, initial_speed=28.40254283)
    vehicle1.decelerate(trigger_sequence=1, target_speed=2.71881228)
    vehicle2.changeLane(trigger_sequence=2, target_lane=3, target_speed=33.72334099)
    vehicle3.changeLane(trigger_sequence=2, target_lane=1, target_speed=29.47758816)
    vehicle1.accelerate(trigger_sequence=3, target_speed=59.897247)
    vehicle3.changeLane(trigger_sequence=3, target_lane=1, target_speed=24.37285017)
    vehicle1.accelerate(trigger_sequence=4, target_speed=52.92909364)
    vehicle2.accelerate(trigger_sequence=4, target_speed=47.48742528)
    vehicle3.accelerate(trigger_sequence=5, target_speed=44.34305976)

2025-04-22 Tuesday 18:07:07  random_test.py : INFO  === Evaluation Finished === 
 Fitness: [inf, 0], Collision: False
2025-04-22 Tuesday 18:07:14  random_test.py : INFO  === Evaluate Testcase === 
 def testcase(self):
    ego = NPC(lane_id=2, offset=27.19163561, initial_speed=32.28347976)
    vehicle2 = NPC(lane_id=5, offset=2.54087317, initial_speed=3.06830803)
    vehicle3 = NPC(lane_id=3, offset=8.39351767, initial_speed=5.1111297)
    vehicle3.decelerate(trigger_sequence=1, target_speed=2.78722238)
    vehicle3.changeLane(trigger_sequence=3, target_lane=1, target_speed=2.87432837)
    vehicle3.changeLane(trigger_sequence=4, target_lane=1, target_speed=13.94108676)
    vehicle2.changeLane(trigger_sequence=5, target_lane=3, target_speed=3.09320717)
    vehicle3.decelerate(trigger_sequence=5, target_speed=23.88844972)

2025-04-22 Tuesday 18:07:14  random_test.py : INFO  === Evaluation Finished === 
 Fitness: [18.286765572953804, -0.368705035971223], Collision: False
2025-04-22 Tuesday 18:07:21  random_test.py : INFO  === Evaluate Testcase === 
 def testcase(self):
    ego = NPC(lane_id=2, offset=19.41363469, initial_speed=14.08560707)
    vehicle2 = NPC(lane_id=5, offset=44.43440547, initial_speed=3.27457351)
    vehicle3 = NPC(lane_id=5, offset=28.49276628, initial_speed=8.5613551)
    vehicle3.accelerate(trigger_sequence=1, target_speed=33.13217758)
    vehicle2.decelerate(trigger_sequence=4, target_speed=25.08835834)
    vehicle3.decelerate(trigger_sequence=4, target_speed=6.972921)

2025-04-22 Tuesday 18:07:21  random_test.py : INFO  === Evaluation Finished === 
 Fitness: [10.52694489525438, -0.023411371237458192], Collision: False
2025-04-22 Tuesday 18:07:27  random_test.py : INFO  === Evaluate Testcase === 
 def testcase(self):
    ego = NPC(lane_id=3, offset=9.18474558, initial_speed=12.53808682)
    vehicle2 = NPC(lane_id=2, offset=29.80464236, initial_speed=33.68245002)
    vehicle2.changeLane(trigger_sequence=2, target_lane=3, target_speed=48.44843424)
    vehicle2.changeLane(trigger_sequence=5, target_lane=1, target_speed=36.16273616)

2025-04-22 Tuesday 18:07:27  random_test.py : INFO  === Evaluation Finished === 
 Fitness: [21.374668996336847, -0.028428093645484948], Collision: False
2025-04-22 Tuesday 18:07:34  random_test.py : INFO  === Evaluate Testcase === 
 def testcase(self):
    vehicle1 = NPC(lane_id=3, offset=6.23199626, initial_speed=34.15164486)
    ego = NPC(lane_id=2, offset=29.44017656, initial_speed=18.90375123)
    vehicle1.decelerate(trigger_sequence=1, target_speed=8.44620848)
    vehicle1.changeLane(trigger_sequence=3, target_lane=3, target_speed=2.87201124)
    vehicle1.changeLane(trigger_sequence=4, target_lane=3, target_speed=24.21731429)

2025-04-22 Tuesday 18:07:34  random_test.py : INFO  === Evaluation Finished === 
 Fitness: [3.5013073633656546, -0.6533795493934142], Collision: False
2025-04-22 Tuesday 18:07:41  random_test.py : INFO  === Evaluate Testcase === 
 def testcase(self):
    ego = NPC(lane_id=3, offset=15.75525304, initial_speed=32.16954681)
    vehicle2 = NPC(lane_id=3, offset=26.32982152, initial_speed=17.10677443)
    vehicle3 = NPC(lane_id=4, offset=26.46794359, initial_speed=12.45654617)
    vehicle4 = NPC(lane_id=1, offset=10.70488405, initial_speed=35.71722565)
    vehicle3.decelerate(trigger_sequence=2, target_speed=23.87885391)
    vehicle4.decelerate(trigger_sequence=2, target_speed=17.21234779)
    vehicle4.changeLane(trigger_sequence=3, target_lane=3, target_speed=28.90426097)
    vehicle2.changeLane(trigger_sequence=4, target_lane=3, target_speed=7.73799513)
    vehicle2.accelerate(trigger_sequence=5, target_speed=53.52656224)
    vehicle4.accelerate(trigger_sequence=5, target_speed=57.80798809)

2025-04-22 Tuesday 18:07:41  random_test.py : INFO  === Evaluation Finished === 
 Fitness: [3.500723572060128, -0.35], Collision: False
2025-04-22 Tuesday 18:07:48  random_test.py : INFO  === Evaluate Testcase === 
 def testcase(self):
    vehicle1 = NPC(lane_id=2, offset=10.31982621, initial_speed=34.18957599)
    ego = NPC(lane_id=4, offset=41.4248224, initial_speed=31.0649513)
    vehicle3 = NPC(lane_id=4, offset=6.20952442, initial_speed=36.91362198)
    vehicle4 = NPC(lane_id=1, offset=30.07108218, initial_speed=3.90900718)
    vehicle3.accelerate(trigger_sequence=1, target_speed=30.60910357)
    vehicle4.accelerate(trigger_sequence=1, target_speed=30.08334636)
    vehicle1.accelerate(trigger_sequence=2, target_speed=57.77864829)
    vehicle3.accelerate(trigger_sequence=2, target_speed=54.77145282)
    vehicle4.decelerate(trigger_sequence=2, target_speed=12.99809708)
    vehicle1.changeLane(trigger_sequence=3, target_lane=3, target_speed=40.58351491)
    vehicle3.decelerate(trigger_sequence=3, target_speed=20.50558534)
    vehicle1.accelerate(trigger_sequence=4, target_speed=30.23187987)
    vehicle1.decelerate(trigger_sequence=5, target_speed=11.61625163)
    vehicle3.decelerate(trigger_sequence=5, target_speed=25.32699306)
    vehicle4.changeLane(trigger_sequence=5, target_lane=3, target_speed=24.73021665)

2025-04-22 Tuesday 18:07:48  random_test.py : INFO  === Evaluation Finished === 
 Fitness: [3.4879351259764677, -0.3333333333333333], Collision: True
2025-04-22 Tuesday 18:07:48  random_test.py : INFO  === Find a coollision ===
2025-04-22 Tuesday 18:07:56  random_test.py : INFO  === Evaluate Testcase === 
 def testcase(self):
    vehicle1 = NPC(lane_id=2, offset=46.20800286, initial_speed=5.66206815)
    ego = NPC(lane_id=3, offset=4.08330459, initial_speed=3.822111)
    vehicle3 = NPC(lane_id=2, offset=21.98521566, initial_speed=24.8763009)
    vehicle4 = NPC(lane_id=4, offset=9.28128664, initial_speed=8.09834134)
    vehicle1.decelerate(trigger_sequence=1, target_speed=21.62542617)
    vehicle4.decelerate(trigger_sequence=1, target_speed=27.05989753)
    vehicle3.decelerate(trigger_sequence=2, target_speed=27.49929493)
    vehicle4.accelerate(trigger_sequence=2, target_speed=42.84478357)
    vehicle3.accelerate(trigger_sequence=3, target_speed=47.14430047)
    vehicle4.accelerate(trigger_sequence=3, target_speed=44.23518391)
    vehicle1.changeLane(trigger_sequence=4, target_lane=3, target_speed=12.67107031)
    vehicle4.accelerate(trigger_sequence=4, target_speed=40.53300087)
    vehicle4.changeLane(trigger_sequence=5, target_lane=1, target_speed=38.6491059)

2025-04-22 Tuesday 18:07:56  random_test.py : INFO  === Evaluation Finished === 
 Fitness: [6.365199176393846, -0.5050335570469798], Collision: False
2025-04-22 Tuesday 18:08:03  random_test.py : INFO  === Evaluate Testcase === 
 def testcase(self):
    ego = NPC(lane_id=3, offset=11.44265876, initial_speed=30.15018922)
    vehicle2 = NPC(lane_id=3, offset=25.42177568, initial_speed=7.04531319)
    vehicle3 = NPC(lane_id=3, offset=42.38701718, initial_speed=2.27049599)
    vehicle2.decelerate(trigger_sequence=2, target_speed=7.18563364)
    vehicle2.decelerate(trigger_sequence=4, target_speed=6.12237763)
    vehicle3.accelerate(trigger_sequence=4, target_speed=31.08351853)

2025-04-22 Tuesday 18:08:03  random_test.py : INFO  === Evaluation Finished === 
 Fitness: [8.061195592019798, -0.0], Collision: False
2025-04-22 Tuesday 18:08:10  random_test.py : INFO  === Evaluate Testcase === 
 def testcase(self):
    vehicle1 = NPC(lane_id=1, offset=45.05252172, initial_speed=0.5594065)
    ego = NPC(lane_id=2, offset=47.39049075, initial_speed=38.13147675)
    vehicle3 = NPC(lane_id=4, offset=2.66792039, initial_speed=27.49018162)
    vehicle1.decelerate(trigger_sequence=1, target_speed=21.71000261)
    vehicle3.changeLane(trigger_sequence=1, target_lane=1, target_speed=36.61638949)
    vehicle3.decelerate(trigger_sequence=2, target_speed=25.74990332)
    vehicle1.decelerate(trigger_sequence=3, target_speed=28.71294119)
    vehicle3.accelerate(trigger_sequence=3, target_speed=44.97116266)
    vehicle1.decelerate(trigger_sequence=4, target_speed=10.93825781)
    vehicle3.accelerate(trigger_sequence=4, target_speed=38.71412309)
    vehicle1.accelerate(trigger_sequence=5, target_speed=42.52813675)

2025-04-22 Tuesday 18:08:10  random_test.py : INFO  === Evaluation Finished === 
 Fitness: [4.164587519024702, -0.2518248175182482], Collision: False
2025-04-22 Tuesday 18:08:17  random_test.py : INFO  === Evaluate Testcase === 
 def testcase(self):
    ego = NPC(lane_id=2, offset=9.17833127, initial_speed=32.76874401)
    vehicle2 = NPC(lane_id=3, offset=29.45937502, initial_speed=38.49982409)
    vehicle3 = NPC(lane_id=5, offset=25.56612914, initial_speed=30.01687511)
    vehicle4 = NPC(lane_id=4, offset=13.98525523, initial_speed=0.29072288)
    vehicle2.changeLane(trigger_sequence=2, target_lane=3, target_speed=16.51562651)
    vehicle3.accelerate(trigger_sequence=2, target_speed=32.22623007)
    vehicle3.changeLane(trigger_sequence=4, target_lane=1, target_speed=0.95702576)
    vehicle4.changeLane(trigger_sequence=4, target_lane=3, target_speed=7.04676778)
    vehicle4.changeLane(trigger_sequence=5, target_lane=3, target_speed=27.26346895)

2025-04-22 Tuesday 18:08:17  random_test.py : INFO  === Evaluation Finished === 
 Fitness: [7.004175736163615, -0.368705035971223], Collision: False
2025-04-22 Tuesday 18:08:21  random_test.py : INFO  === Evaluate Testcase === 
 def testcase(self):
    vehicle1 = NPC(lane_id=5, offset=37.5942076, initial_speed=17.12473833)
    vehicle2 = NPC(lane_id=3, offset=48.08155265, initial_speed=26.73624835)
    vehicle3 = NPC(lane_id=4, offset=23.34667782, initial_speed=27.85486213)
    ego = NPC(lane_id=5, offset=38.47808641, initial_speed=26.89484094)
    vehicle1.decelerate(trigger_sequence=1, target_speed=23.43977204)
    vehicle2.changeLane(trigger_sequence=1, target_lane=1, target_speed=2.50966073)
    vehicle2.accelerate(trigger_sequence=2, target_speed=51.2211961)
    vehicle1.accelerate(trigger_sequence=3, target_speed=51.2600921)
    vehicle3.decelerate(trigger_sequence=3, target_speed=21.60715386)
    vehicle1.changeLane(trigger_sequence=4, target_lane=3, target_speed=24.63362687)
    vehicle2.accelerate(trigger_sequence=4, target_speed=45.28694351)
    vehicle1.changeLane(trigger_sequence=5, target_lane=3, target_speed=23.88207756)
    vehicle2.accelerate(trigger_sequence=5, target_speed=52.06943324)
    vehicle3.changeLane(trigger_sequence=5, target_lane=1, target_speed=46.13997389)

2025-04-22 Tuesday 18:08:21  random_test.py : INFO  === Evaluation Finished === 
 Fitness: [inf, 0], Collision: False
2025-04-22 Tuesday 18:08:26  random_test.py : INFO  === Evaluate Testcase === 
 def testcase(self):
    vehicle1 = NPC(lane_id=5, offset=13.59821724, initial_speed=15.87063963)
    ego = NPC(lane_id=5, offset=9.65302954, initial_speed=10.18727847)
    vehicle3 = NPC(lane_id=3, offset=8.92272094, initial_speed=10.63808906)
    vehicle4 = NPC(lane_id=2, offset=30.99270037, initial_speed=6.4594943)
    vehicle1.decelerate(trigger_sequence=1, target_speed=3.5331929)
    vehicle3.accelerate(trigger_sequence=1, target_speed=49.97622625)
    vehicle4.changeLane(trigger_sequence=1, target_lane=1, target_speed=43.14780752)
    vehicle1.decelerate(trigger_sequence=2, target_speed=20.92220705)
    vehicle1.decelerate(trigger_sequence=4, target_speed=25.78948585)
    vehicle1.decelerate(trigger_sequence=5, target_speed=20.97543941)

2025-04-22 Tuesday 18:08:26  random_test.py : INFO  === Evaluation Finished === 
 Fitness: [inf, 0], Collision: False
2025-04-22 Tuesday 18:08:30  random_test.py : INFO  === Evaluate Testcase === 
 def testcase(self):
    ego = NPC(lane_id=1, offset=23.6222706, initial_speed=6.98762864)
    vehicle2 = NPC(lane_id=1, offset=19.08032042, initial_speed=9.23702937)
    vehicle2.accelerate(trigger_sequence=2, target_speed=53.4333244)
    vehicle2.changeLane(trigger_sequence=5, target_lane=1, target_speed=4.03261013)

2025-04-22 Tuesday 18:08:30  random_test.py : INFO  === Evaluation Finished === 
 Fitness: [inf, 0], Collision: False
2025-04-22 Tuesday 18:08:37  random_test.py : INFO  === Evaluate Testcase === 
 def testcase(self):
    vehicle1 = NPC(lane_id=1, offset=37.99708276, initial_speed=15.31499513)
    vehicle2 = NPC(lane_id=5, offset=25.53134138, initial_speed=5.93209894)
    ego = NPC(lane_id=4, offset=11.52818509, initial_speed=6.07741309)
    vehicle1.decelerate(trigger_sequence=1, target_speed=9.56175165)
    vehicle2.decelerate(trigger_sequence=1, target_speed=6.3468674)
    vehicle2.decelerate(trigger_sequence=3, target_speed=3.34794253)
    vehicle1.changeLane(trigger_sequence=4, target_lane=3, target_speed=58.88240414)
    vehicle2.decelerate(trigger_sequence=4, target_speed=0.99599979)

2025-04-22 Tuesday 18:08:37  random_test.py : INFO  === Evaluation Finished === 
 Fitness: [3.6174218503084896, -0.626890756302521], Collision: False
2025-04-22 Tuesday 18:08:45  random_test.py : INFO  === Evaluate Testcase === 
 def testcase(self):
    vehicle1 = NPC(lane_id=3, offset=35.25999813, initial_speed=21.20846684)
    vehicle2 = NPC(lane_id=2, offset=49.79699709, initial_speed=34.82391518)
    ego = NPC(lane_id=5, offset=1.86610617, initial_speed=11.59955551)
    vehicle4 = NPC(lane_id=1, offset=13.97641487, initial_speed=20.05275573)
    vehicle4.changeLane(trigger_sequence=1, target_lane=3, target_speed=33.45590096)
    vehicle1.changeLane(trigger_sequence=2, target_lane=1, target_speed=43.28352948)
    vehicle2.accelerate(trigger_sequence=2, target_speed=39.58789241)
    vehicle4.decelerate(trigger_sequence=3, target_speed=29.949981)
    vehicle1.changeLane(trigger_sequence=4, target_lane=1, target_speed=17.94921042)
    vehicle4.accelerate(trigger_sequence=4, target_speed=42.18596396)
    vehicle2.accelerate(trigger_sequence=5, target_speed=47.61513756)
    vehicle4.changeLane(trigger_sequence=5, target_lane=3, target_speed=31.36495992)

2025-04-22 Tuesday 18:08:45  random_test.py : INFO  === Evaluation Finished === 
 Fitness: [18.687573379783235, -0.023333333333333334], Collision: False
2025-04-22 Tuesday 18:08:52  random_test.py : INFO  === Evaluate Testcase === 
 def testcase(self):
    vehicle1 = NPC(lane_id=4, offset=37.24059746, initial_speed=38.17933646)
    vehicle2 = NPC(lane_id=5, offset=11.95720102, initial_speed=2.07432128)
    ego = NPC(lane_id=3, offset=26.81159955, initial_speed=33.51258944)
    vehicle4 = NPC(lane_id=5, offset=24.12630893, initial_speed=30.94781309)
    vehicle2.decelerate(trigger_sequence=1, target_speed=0.40320614)
    vehicle1.changeLane(trigger_sequence=2, target_lane=1, target_speed=21.34204437)
    vehicle2.changeLane(trigger_sequence=2, target_lane=1, target_speed=36.12764925)
    vehicle1.changeLane(trigger_sequence=4, target_lane=1, target_speed=9.41325054)
    vehicle4.accelerate(trigger_sequence=4, target_speed=53.84003441)
    vehicle2.decelerate(trigger_sequence=5, target_speed=24.2931391)
    vehicle4.accelerate(trigger_sequence=5, target_speed=40.30244745)

2025-04-22 Tuesday 18:08:52  random_test.py : INFO  === Evaluation Finished === 
 Fitness: [6.999825584674654, -0.36036036036036034], Collision: False
2025-04-22 Tuesday 18:08:59  random_test.py : INFO  === Evaluate Testcase === 
 def testcase(self):
    vehicle1 = NPC(lane_id=1, offset=38.67897756, initial_speed=10.22489061)
    vehicle2 = NPC(lane_id=4, offset=11.65842255, initial_speed=2.42202001)
    vehicle3 = NPC(lane_id=3, offset=43.05774824, initial_speed=31.72486299)
    ego = NPC(lane_id=4, offset=0.72807815, initial_speed=23.77359816)
    vehicle1.changeLane(trigger_sequence=1, target_lane=1, target_speed=58.30930406)
    vehicle3.accelerate(trigger_sequence=1, target_speed=51.52865934)
    vehicle2.decelerate(trigger_sequence=3, target_speed=10.44301178)
    vehicle1.changeLane(trigger_sequence=4, target_lane=1, target_speed=6.30651652)
    vehicle2.accelerate(trigger_sequence=4, target_speed=43.227193)
    vehicle3.decelerate(trigger_sequence=4, target_speed=17.34689436)
    vehicle3.accelerate(trigger_sequence=5, target_speed=38.79774262)

2025-04-22 Tuesday 18:08:59  random_test.py : INFO  === Evaluation Finished === 
 Fitness: [7.939256526329935, -0.5080645161290323], Collision: False
2025-04-22 Tuesday 18:09:06  random_test.py : INFO  === Evaluate Testcase === 
 def testcase(self):
    vehicle1 = NPC(lane_id=3, offset=35.50044619, initial_speed=28.41399461)
    vehicle2 = NPC(lane_id=1, offset=7.78852947, initial_speed=3.69902176)
    ego = NPC(lane_id=1, offset=28.22201916, initial_speed=32.0226056)
    vehicle2.changeLane(trigger_sequence=1, target_lane=3, target_speed=22.87213325)
    vehicle1.decelerate(trigger_sequence=2, target_speed=13.91672759)
    vehicle1.changeLane(trigger_sequence=3, target_lane=3, target_speed=41.60854964)
    vehicle1.decelerate(trigger_sequence=4, target_speed=10.28107993)
    vehicle2.changeLane(trigger_sequence=4, target_lane=3, target_speed=56.90244683)

2025-04-22 Tuesday 18:09:06  random_test.py : INFO  === Evaluation Finished === 
 Fitness: [7.0003491088039915, -0.3752244165170557], Collision: False
2025-04-22 Tuesday 18:09:13  random_test.py : INFO  === Evaluate Testcase === 
 def testcase(self):
    vehicle1 = NPC(lane_id=5, offset=4.33268529, initial_speed=32.11368719)
    vehicle2 = NPC(lane_id=2, offset=13.8925652, initial_speed=12.0105221)
    vehicle3 = NPC(lane_id=5, offset=43.87632818, initial_speed=6.07994897)
    ego = NPC(lane_id=4, offset=19.60508313, initial_speed=35.80130767)
    vehicle2.decelerate(trigger_sequence=1, target_speed=15.09440526)
    vehicle2.accelerate(trigger_sequence=2, target_speed=56.28888549)
    vehicle2.decelerate(trigger_sequence=3, target_speed=18.37873143)
    vehicle3.changeLane(trigger_sequence=3, target_lane=3, target_speed=59.44435767)
    vehicle1.decelerate(trigger_sequence=5, target_speed=26.19804197)
    vehicle3.decelerate(trigger_sequence=5, target_speed=18.55358169)

2025-04-22 Tuesday 18:09:13  random_test.py : INFO  === Evaluation Finished === 
 Fitness: [3.5005390863872865, -0.30671506352087113], Collision: False
2025-04-22 Tuesday 18:09:20  random_test.py : INFO  === Evaluate Testcase === 
 def testcase(self):
    vehicle1 = NPC(lane_id=5, offset=8.58893048, initial_speed=22.96068942)
    ego = NPC(lane_id=2, offset=32.45403141, initial_speed=21.0169247)
    vehicle3 = NPC(lane_id=4, offset=28.60887718, initial_speed=15.5262115)
    vehicle3.changeLane(trigger_sequence=1, target_lane=1, target_speed=7.01133181)
    vehicle3.changeLane(trigger_sequence=2, target_lane=3, target_speed=56.65387305)
    vehicle3.decelerate(trigger_sequence=3, target_speed=4.43815762)
    vehicle1.decelerate(trigger_sequence=5, target_speed=28.10093463)
    vehicle3.changeLane(trigger_sequence=5, target_lane=1, target_speed=24.9172462)

2025-04-22 Tuesday 18:09:20  random_test.py : INFO  === Evaluation Finished === 
 Fitness: [7.030660691123414, -0.5801393728222997], Collision: False
2025-04-22 Tuesday 18:09:27  random_test.py : INFO  === Evaluate Testcase === 
 def testcase(self):
    vehicle1 = NPC(lane_id=1, offset=32.82781355, initial_speed=14.41095879)
    ego = NPC(lane_id=1, offset=46.68959431, initial_speed=1.91658162)
    vehicle1.decelerate(trigger_sequence=4, target_speed=10.92594914)
    vehicle1.accelerate(trigger_sequence=5, target_speed=50.4339129)

2025-04-22 Tuesday 18:09:27  random_test.py : INFO  === Evaluation Finished === 
 Fitness: [4.740366223478695, -0.5902192242833052], Collision: True
2025-04-22 Tuesday 18:09:27  random_test.py : INFO  === Find a coollision ===
2025-04-22 Tuesday 18:09:34  random_test.py : INFO  === Evaluate Testcase === 
 def testcase(self):
    vehicle1 = NPC(lane_id=5, offset=47.04088149, initial_speed=21.41582931)
    ego = NPC(lane_id=1, offset=30.68248841, initial_speed=10.26958352)
    vehicle3 = NPC(lane_id=3, offset=4.36657489, initial_speed=17.33706389)
    vehicle4 = NPC(lane_id=3, offset=24.94902761, initial_speed=17.1269192)
    vehicle1.decelerate(trigger_sequence=2, target_speed=24.8712022)
    vehicle4.changeLane(trigger_sequence=2, target_lane=3, target_speed=16.11731966)
    vehicle1.accelerate(trigger_sequence=3, target_speed=51.08852844)
    vehicle4.changeLane(trigger_sequence=4, target_lane=3, target_speed=43.58529315)
    vehicle4.accelerate(trigger_sequence=5, target_speed=55.35236728)

2025-04-22 Tuesday 18:09:34  random_test.py : INFO  === Evaluation Finished === 
 Fitness: [6.99994043183912, -0.03333333333333333], Collision: False
2025-04-22 Tuesday 18:09:41  random_test.py : INFO  === Evaluate Testcase === 
 def testcase(self):
    vehicle1 = NPC(lane_id=4, offset=39.62569029, initial_speed=19.81115666)
    vehicle2 = NPC(lane_id=3, offset=9.61630969, initial_speed=21.86908524)
    ego = NPC(lane_id=5, offset=11.40245264, initial_speed=0.43029144)
    vehicle4 = NPC(lane_id=2, offset=12.49903628, initial_speed=7.1788769)
    vehicle1.changeLane(trigger_sequence=1, target_lane=1, target_speed=44.01459639)
    vehicle4.changeLane(trigger_sequence=1, target_lane=3, target_speed=57.53099263)
    vehicle1.decelerate(trigger_sequence=2, target_speed=9.4020206)
    vehicle2.accelerate(trigger_sequence=2, target_speed=46.162586)
    vehicle1.accelerate(trigger_sequence=3, target_speed=40.38795368)
    vehicle4.decelerate(trigger_sequence=3, target_speed=5.45973365)
    vehicle1.accelerate(trigger_sequence=4, target_speed=57.24073584)
    vehicle2.changeLane(trigger_sequence=4, target_lane=1, target_speed=22.02184856)

2025-04-22 Tuesday 18:09:41  random_test.py : INFO  === Evaluation Finished === 
 Fitness: [6.990879952045513, -0.653781512605042], Collision: False
2025-04-22 Tuesday 18:09:49  random_test.py : INFO  === Evaluate Testcase === 
 def testcase(self):
    vehicle1 = NPC(lane_id=3, offset=42.64078725, initial_speed=6.68850331)
    ego = NPC(lane_id=2, offset=16.09229138, initial_speed=17.29566127)
    vehicle3 = NPC(lane_id=2, offset=46.26827972, initial_speed=5.61965061)
    vehicle4 = NPC(lane_id=1, offset=26.21777981, initial_speed=23.94272625)
    vehicle1.decelerate(trigger_sequence=1, target_speed=3.47270787)
    vehicle3.changeLane(trigger_sequence=1, target_lane=3, target_speed=38.86415113)
    vehicle1.accelerate(trigger_sequence=2, target_speed=53.578913)
    vehicle3.accelerate(trigger_sequence=2, target_speed=53.38097407)
    vehicle1.changeLane(trigger_sequence=3, target_lane=1, target_speed=23.57461092)
    vehicle4.changeLane(trigger_sequence=3, target_lane=3, target_speed=56.23377294)
    vehicle4.decelerate(trigger_sequence=4, target_speed=22.35264219)
    vehicle1.changeLane(trigger_sequence=5, target_lane=1, target_speed=17.30329122)

2025-04-22 Tuesday 18:09:49  random_test.py : INFO  === Evaluation Finished === 
 Fitness: [3.501353912055179, -0.0535405872193437], Collision: True
2025-04-22 Tuesday 18:09:49  random_test.py : INFO  === Find a coollision ===
2025-04-22 Tuesday 18:09:56  random_test.py : INFO  === Evaluate Testcase === 
 def testcase(self):
    ego = NPC(lane_id=1, offset=30.8857123, initial_speed=16.45260286)
    vehicle2 = NPC(lane_id=4, offset=9.33666502, initial_speed=28.64761882)
    vehicle3 = NPC(lane_id=4, offset=45.93709031, initial_speed=12.15243172)
    vehicle2.accelerate(trigger_sequence=1, target_speed=55.7883136)
    vehicle3.accelerate(trigger_sequence=1, target_speed=42.76413851)
    vehicle2.decelerate(trigger_sequence=3, target_speed=26.18962738)
    vehicle2.changeLane(trigger_sequence=4, target_lane=1, target_speed=44.52791122)
    vehicle2.decelerate(trigger_sequence=5, target_speed=6.37034666)
    vehicle3.accelerate(trigger_sequence=5, target_speed=56.42692901)

2025-04-22 Tuesday 18:09:56  random_test.py : INFO  === Evaluation Finished === 
 Fitness: [10.500802406275183, -0.021775544388609715], Collision: False
2025-04-22 Tuesday 18:10:02  random_test.py : INFO  === Evaluate Testcase === 
 def testcase(self):
    vehicle1 = NPC(lane_id=4, offset=37.81728139, initial_speed=18.08941072)
    ego = NPC(lane_id=1, offset=36.53426969, initial_speed=0.3526701)
    vehicle1.accelerate(trigger_sequence=1, target_speed=30.56454971)
    vehicle1.accelerate(trigger_sequence=2, target_speed=49.04824088)
    vehicle1.decelerate(trigger_sequence=3, target_speed=5.05546456)
    vehicle1.decelerate(trigger_sequence=5, target_speed=16.72988298)

2025-04-22 Tuesday 18:10:02  random_test.py : INFO  === Evaluation Finished === 
 Fitness: [10.62060683990885, -0.657672849915683], Collision: False
2025-04-22 Tuesday 18:10:09  random_test.py : INFO  === Evaluate Testcase === 
 def testcase(self):
    ego = NPC(lane_id=2, offset=35.37247696, initial_speed=32.25536354)
    vehicle2 = NPC(lane_id=1, offset=49.02637473, initial_speed=20.24582022)
    vehicle2.decelerate(trigger_sequence=1, target_speed=17.8305675)
    vehicle2.decelerate(trigger_sequence=5, target_speed=16.45120475)

2025-04-22 Tuesday 18:10:09  random_test.py : INFO  === Evaluation Finished === 
 Fitness: [3.499970848450906, -0.3669064748201439], Collision: False
2025-04-22 Tuesday 18:10:13  random_test.py : INFO  === Evaluate Testcase === 
 def testcase(self):
    vehicle1 = NPC(lane_id=3, offset=45.45457009, initial_speed=36.70158961)
    vehicle2 = NPC(lane_id=4, offset=10.74079669, initial_speed=1.41611462)
    vehicle3 = NPC(lane_id=5, offset=14.76904938, initial_speed=11.1543099)
    ego = NPC(lane_id=3, offset=46.75996707, initial_speed=20.34060832)
    vehicle2.changeLane(trigger_sequence=1, target_lane=3, target_speed=30.65822657)
    vehicle3.changeLane(trigger_sequence=1, target_lane=3, target_speed=54.96138855)
    vehicle2.accelerate(trigger_sequence=2, target_speed=59.249563)
    vehicle3.accelerate(trigger_sequence=2, target_speed=53.5505729)
    vehicle1.changeLane(trigger_sequence=3, target_lane=3, target_speed=33.60512437)
    vehicle2.changeLane(trigger_sequence=3, target_lane=1, target_speed=18.90872842)
    vehicle2.changeLane(trigger_sequence=4, target_lane=1, target_speed=31.8054924)

2025-04-22 Tuesday 18:10:13  random_test.py : INFO  === Evaluation Finished === 
 Fitness: [inf, 0], Collision: False
2025-04-22 Tuesday 18:10:18  random_test.py : INFO  === Evaluate Testcase === 
 def testcase(self):
    ego = NPC(lane_id=2, offset=8.36826338, initial_speed=39.44307765)
    vehicle2 = NPC(lane_id=2, offset=9.11941225, initial_speed=8.44214892)
    vehicle2.decelerate(trigger_sequence=1, target_speed=6.38467913)
    vehicle2.changeLane(trigger_sequence=2, target_lane=3, target_speed=56.18546323)
    vehicle2.accelerate(trigger_sequence=3, target_speed=47.21694548)
    vehicle2.changeLane(trigger_sequence=5, target_lane=1, target_speed=15.4444591)

2025-04-22 Tuesday 18:10:18  random_test.py : INFO  === Evaluation Finished === 
 Fitness: [inf, 0], Collision: False
2025-04-22 Tuesday 18:10:26  random_test.py : INFO  === Evaluate Testcase === 
 def testcase(self):
    ego = NPC(lane_id=5, offset=7.31182374, initial_speed=4.73988153)
    vehicle2 = NPC(lane_id=5, offset=39.62766294, initial_speed=1.27543541)
    vehicle3 = NPC(lane_id=2, offset=3.95584732, initial_speed=6.3227067)
    vehicle4 = NPC(lane_id=4, offset=24.27454215, initial_speed=6.86506632)
    vehicle2.changeLane(trigger_sequence=1, target_lane=1, target_speed=31.4297932)
    vehicle4.changeLane(trigger_sequence=1, target_lane=1, target_speed=48.35423642)
    vehicle2.accelerate(trigger_sequence=2, target_speed=53.68647698)
    vehicle3.decelerate(trigger_sequence=2, target_speed=20.58643218)
    vehicle2.decelerate(trigger_sequence=4, target_speed=21.6336719)
    vehicle3.changeLane(trigger_sequence=4, target_lane=1, target_speed=58.9772991)
    vehicle4.accelerate(trigger_sequence=5, target_speed=35.82678926)

2025-04-22 Tuesday 18:10:26  random_test.py : INFO  === Evaluation Finished === 
 Fitness: [10.491913816455925, -0.47315436241610737], Collision: False
2025-04-22 Tuesday 18:10:33  random_test.py : INFO  === Evaluate Testcase === 
 def testcase(self):
    vehicle1 = NPC(lane_id=5, offset=3.56049412, initial_speed=29.2570555)
    vehicle2 = NPC(lane_id=4, offset=10.31546113, initial_speed=25.92159997)
    ego = NPC(lane_id=2, offset=23.06021272, initial_speed=39.60059592)
    vehicle1.accelerate(trigger_sequence=1, target_speed=45.89537088)
    vehicle2.changeLane(trigger_sequence=2, target_lane=1, target_speed=0.65977306)
    vehicle1.decelerate(trigger_sequence=3, target_speed=23.65458326)
    vehicle1.decelerate(trigger_sequence=5, target_speed=29.99327353)
    vehicle2.accelerate(trigger_sequence=5, target_speed=50.30803529)

2025-04-22 Tuesday 18:10:33  random_test.py : INFO  === Evaluation Finished === 
 Fitness: [8.755095208050163, -0.21428571428571427], Collision: False
2025-04-22 Tuesday 18:10:40  random_test.py : INFO  === Evaluate Testcase === 
 def testcase(self):
    vehicle1 = NPC(lane_id=5, offset=34.02164572, initial_speed=6.53137648)
    ego = NPC(lane_id=4, offset=39.8572431, initial_speed=17.68508754)
    vehicle3 = NPC(lane_id=2, offset=14.09095658, initial_speed=21.8318967)
    vehicle3.changeLane(trigger_sequence=1, target_lane=1, target_speed=57.46362622)
    vehicle1.changeLane(trigger_sequence=2, target_lane=3, target_speed=34.76075403)
    vehicle3.decelerate(trigger_sequence=2, target_speed=26.05044352)
    vehicle1.accelerate(trigger_sequence=3, target_speed=30.0045685)
    vehicle3.decelerate(trigger_sequence=3, target_speed=11.38889503)
    vehicle3.accelerate(trigger_sequence=4, target_speed=51.28178424)
    vehicle1.changeLane(trigger_sequence=5, target_lane=3, target_speed=33.25841131)
    vehicle3.accelerate(trigger_sequence=5, target_speed=40.84796923)

2025-04-22 Tuesday 18:10:40  random_test.py : INFO  === Evaluation Finished === 
 Fitness: [3.4992896292706344, -0.07093425605536333], Collision: False
2025-04-22 Tuesday 18:10:47  random_test.py : INFO  === Evaluate Testcase === 
 def testcase(self):
    vehicle1 = NPC(lane_id=5, offset=24.07401731, initial_speed=31.34514854)
    ego = NPC(lane_id=2, offset=7.98615996, initial_speed=18.28810501)
    vehicle3 = NPC(lane_id=1, offset=34.31928762, initial_speed=8.8280516)
    vehicle1.changeLane(trigger_sequence=2, target_lane=3, target_speed=20.97792967)
    vehicle3.decelerate(trigger_sequence=2, target_speed=19.67701232)
    vehicle3.changeLane(trigger_sequence=3, target_lane=3, target_speed=55.24100316)
    vehicle1.decelerate(trigger_sequence=4, target_speed=25.32114635)
    vehicle3.changeLane(trigger_sequence=5, target_lane=3, target_speed=25.20226273)

2025-04-22 Tuesday 18:10:47  random_test.py : INFO  === Evaluation Finished === 
 Fitness: [3.1316377115664324, -0.5743944636678201], Collision: True
2025-04-22 Tuesday 18:10:47  random_test.py : INFO  === Find a collision ===
2025-04-22 Tuesday 18:10:54  random_test.py : INFO  === Evaluate Testcase === 
 def testcase(self):
    vehicle1 = NPC(lane_id=3, offset=22.78918082, initial_speed=16.36323182)
    vehicle2 = NPC(lane_id=1, offset=30.65709047, initial_speed=33.06511399)
    ego = NPC(lane_id=3, offset=14.67969454, initial_speed=13.48133961)
    vehicle1.decelerate(trigger_sequence=1, target_speed=9.73647754)
    vehicle2.changeLane(trigger_sequence=1, target_lane=3, target_speed=7.34300352)
    vehicle1.decelerate(trigger_sequence=2, target_speed=20.78286218)
    vehicle1.decelerate(trigger_sequence=3, target_speed=1.19820982)
    vehicle2.changeLane(trigger_sequence=3, target_lane=3, target_speed=31.75910406)
    vehicle1.accelerate(trigger_sequence=4, target_speed=31.43694279)
    vehicle2.accelerate(trigger_sequence=4, target_speed=58.7145231)
    vehicle1.decelerate(trigger_sequence=5, target_speed=24.44693411)
    vehicle2.decelerate(trigger_sequence=5, target_speed=19.0050337)

2025-04-22 Tuesday 18:10:54  random_test.py : INFO  === Evaluation Finished === 
 Fitness: [7.000027355983884, -0.05016722408026756], Collision: False
2025-04-22 Tuesday 18:10:58  random_test.py : INFO  === Evaluate Testcase === 
 def testcase(self):
    vehicle1 = NPC(lane_id=1, offset=36.23169228, initial_speed=29.01331222)
    vehicle2 = NPC(lane_id=1, offset=41.29162764, initial_speed=22.0750964)
    ego = NPC(lane_id=3, offset=47.55777248, initial_speed=36.43030127)
    vehicle4 = NPC(lane_id=3, offset=35.40021712, initial_speed=35.89867758)
    vehicle4.changeLane(trigger_sequence=1, target_lane=1, target_speed=40.28064372)
    vehicle1.changeLane(trigger_sequence=5, target_lane=3, target_speed=3.12079965)

2025-04-22 Tuesday 18:10:58  random_test.py : INFO  === Evaluation Finished === 
 Fitness: [inf, 0], Collision: False
2025-04-22 Tuesday 18:11:03  random_test.py : INFO  === Evaluate Testcase === 
 def testcase(self):
    vehicle1 = NPC(lane_id=1, offset=48.87083585, initial_speed=32.1692694)
    ego = NPC(lane_id=4, offset=18.86238245, initial_speed=27.82114549)
    vehicle3 = NPC(lane_id=1, offset=46.86437313, initial_speed=17.07886823)
    vehicle4 = NPC(lane_id=1, offset=41.18310109, initial_speed=23.76815132)
    vehicle1.accelerate(trigger_sequence=1, target_speed=41.0186425)
    vehicle3.accelerate(trigger_sequence=1, target_speed=50.24164143)
    vehicle4.decelerate(trigger_sequence=1, target_speed=2.85910723)
    vehicle1.changeLane(trigger_sequence=2, target_lane=1, target_speed=28.34202526)
    vehicle4.decelerate(trigger_sequence=2, target_speed=12.18699048)
    vehicle1.changeLane(trigger_sequence=3, target_lane=1, target_speed=9.85396947)
    vehicle3.accelerate(trigger_sequence=4, target_speed=51.35494978)
    vehicle4.decelerate(trigger_sequence=4, target_speed=3.83937571)
    vehicle1.changeLane(trigger_sequence=5, target_lane=3, target_speed=55.01000826)
    vehicle4.changeLane(trigger_sequence=5, target_lane=1, target_speed=47.04304405)

2025-04-22 Tuesday 18:11:03  random_test.py : INFO  === Evaluation Finished === 
 Fitness: [inf, 0], Collision: False
2025-04-22 Tuesday 18:11:09  random_test.py : INFO  === Evaluate Testcase === 
 def testcase(self):
    ego = NPC(lane_id=4, offset=34.90756376, initial_speed=26.67257067)
    vehicle2 = NPC(lane_id=2, offset=26.57912673, initial_speed=22.25864134)
    vehicle2.accelerate(trigger_sequence=3, target_speed=52.14664635)
    vehicle2.changeLane(trigger_sequence=5, target_lane=3, target_speed=45.6969251)

2025-04-22 Tuesday 18:11:09  random_test.py : INFO  === Evaluation Finished === 
 Fitness: [7.001322832046721, -0.4645390070921986], Collision: False
2025-04-22 Tuesday 18:11:16  random_test.py : INFO  === Evaluate Testcase === 
 def testcase(self):
    vehicle1 = NPC(lane_id=3, offset=32.18535697, initial_speed=31.55022109)
    ego = NPC(lane_id=4, offset=19.85746578, initial_speed=37.44016371)
    vehicle1.decelerate(trigger_sequence=3, target_speed=15.43722607)
    vehicle1.accelerate(trigger_sequence=5, target_speed=36.79580704)

2025-04-22 Tuesday 18:11:16  random_test.py : INFO  === Evaluation Finished === 
 Fitness: [3.4996474764526746, -0.2768670309653916], Collision: False
2025-04-22 Tuesday 18:11:22  random_test.py : INFO  === Evaluate Testcase === 
 def testcase(self):
    vehicle1 = NPC(lane_id=2, offset=48.32035032, initial_speed=30.5599877)
    ego = NPC(lane_id=5, offset=15.25971678, initial_speed=27.88986298)
    vehicle1.decelerate(trigger_sequence=4, target_speed=4.65854138)
    vehicle1.accelerate(trigger_sequence=5, target_speed=37.10547462)

2025-04-22 Tuesday 18:11:22  random_test.py : INFO  === Evaluation Finished === 
 Fitness: [29.66440879354371, -0.46619217081850534], Collision: False
2025-04-22 Tuesday 18:11:29  random_test.py : INFO  === Evaluate Testcase === 
 def testcase(self):
    ego = NPC(lane_id=3, offset=32.83670331, initial_speed=4.13973414)
    vehicle2 = NPC(lane_id=4, offset=41.0451821, initial_speed=6.86307441)
    vehicle3 = NPC(lane_id=1, offset=15.65660881, initial_speed=14.0709422)
    vehicle2.accelerate(trigger_sequence=1, target_speed=55.59748962)
    vehicle3.accelerate(trigger_sequence=1, target_speed=33.57144558)
    vehicle2.decelerate(trigger_sequence=2, target_speed=24.39385418)
    vehicle3.changeLane(trigger_sequence=2, target_lane=1, target_speed=12.89110994)
    vehicle2.decelerate(trigger_sequence=3, target_speed=2.51343771)
    vehicle3.decelerate(trigger_sequence=4, target_speed=18.38653491)
    vehicle2.changeLane(trigger_sequence=5, target_lane=3, target_speed=58.84627497)

2025-04-22 Tuesday 18:11:29  random_test.py : INFO  === Evaluation Finished === 
 Fitness: [6.99206213877442, -0.4991596638655462], Collision: False
2025-04-22 Tuesday 18:11:36  random_test.py : INFO  === Evaluate Testcase === 
 def testcase(self):
    ego = NPC(lane_id=5, offset=23.25905889, initial_speed=25.11098385)
    vehicle2 = NPC(lane_id=5, offset=46.28432299, initial_speed=23.85646087)
    vehicle2.accelerate(trigger_sequence=3, target_speed=48.05939736)
    vehicle2.accelerate(trigger_sequence=5, target_speed=48.14555887)

2025-04-22 Tuesday 18:11:36  random_test.py : INFO  === Evaluation Finished === 
 Fitness: [19.299760232276185, -0.5053003533568905], Collision: False
2025-04-22 Tuesday 18:11:42  random_test.py : INFO  === Evaluate Testcase === 
 def testcase(self):
    vehicle1 = NPC(lane_id=5, offset=33.12832889, initial_speed=3.02869175)
    ego = NPC(lane_id=5, offset=13.94892268, initial_speed=37.53332015)
    vehicle1.accelerate(trigger_sequence=1, target_speed=54.56367079)
    vehicle1.changeLane(trigger_sequence=3, target_lane=3, target_speed=58.52408716)

2025-04-22 Tuesday 18:11:42  random_test.py : INFO  === Evaluation Finished === 
 Fitness: [8.007362907268545, -0.27380952380952384], Collision: False
2025-04-22 Tuesday 18:11:50  random_test.py : INFO  === Evaluate Testcase === 
 def testcase(self):
    vehicle1 = NPC(lane_id=3, offset=19.88257556, initial_speed=20.66199986)
    vehicle2 = NPC(lane_id=2, offset=5.12288409, initial_speed=20.21961484)
    ego = NPC(lane_id=3, offset=12.43199721, initial_speed=14.18139683)
    vehicle1.changeLane(trigger_sequence=2, target_lane=1, target_speed=59.11112868)
    vehicle2.changeLane(trigger_sequence=2, target_lane=1, target_speed=48.58993005)
    vehicle1.accelerate(trigger_sequence=3, target_speed=32.23281661)
    vehicle2.changeLane(trigger_sequence=3, target_lane=1, target_speed=24.17913134)
    vehicle1.decelerate(trigger_sequence=5, target_speed=2.40223081)
    vehicle2.changeLane(trigger_sequence=5, target_lane=3, target_speed=58.82580677)

2025-04-22 Tuesday 18:11:50  random_test.py : INFO  === Evaluation Finished === 
 Fitness: [3.495928532742967, -0.023411371237458192], Collision: False
2025-04-22 Tuesday 18:11:56  random_test.py : INFO  === Evaluate Testcase === 
 def testcase(self):
    vehicle1 = NPC(lane_id=5, offset=33.52568624, initial_speed=30.42314542)
    ego = NPC(lane_id=5, offset=13.98809661, initial_speed=21.23590526)
    vehicle1.accelerate(trigger_sequence=2, target_speed=47.09229727)
    vehicle1.accelerate(trigger_sequence=5, target_speed=49.89462645)

2025-04-22 Tuesday 18:11:56  random_test.py : INFO  === Evaluation Finished === 
 Fitness: [19.960113669153397, -0.578397212543554], Collision: False
2025-04-22 Tuesday 18:12:01  random_test.py : INFO  === Evaluate Testcase === 
 def testcase(self):
    ego = NPC(lane_id=2, offset=33.21480849, initial_speed=27.08877868)
    vehicle2 = NPC(lane_id=3, offset=12.76016842, initial_speed=27.72692927)
    vehicle3 = NPC(lane_id=4, offset=36.69727071, initial_speed=11.10580269)
    vehicle4 = NPC(lane_id=2, offset=35.42488097, initial_speed=38.13594458)
    vehicle2.accelerate(trigger_sequence=1, target_speed=39.59074399)
    vehicle2.accelerate(trigger_sequence=2, target_speed=31.54264466)
    vehicle3.changeLane(trigger_sequence=2, target_lane=3, target_speed=42.44872061)
    vehicle4.changeLane(trigger_sequence=2, target_lane=3, target_speed=2.64071114)
    vehicle2.decelerate(trigger_sequence=4, target_speed=17.76674809)
    vehicle3.decelerate(trigger_sequence=4, target_speed=0.80072995)
    vehicle3.accelerate(trigger_sequence=5, target_speed=42.3596907)
    vehicle4.decelerate(trigger_sequence=5, target_speed=27.75966513)

2025-04-22 Tuesday 18:12:01  random_test.py : INFO  === Evaluation Finished === 
 Fitness: [inf, 0], Collision: False
2025-04-22 Tuesday 18:12:07  random_test.py : INFO  === Evaluate Testcase === 
 def testcase(self):
    ego = NPC(lane_id=2, offset=49.05007358, initial_speed=24.98953721)
    vehicle2 = NPC(lane_id=2, offset=24.79598944, initial_speed=37.56898306)
    vehicle2.decelerate(trigger_sequence=5, target_speed=28.12023751)

2025-04-22 Tuesday 18:12:07  random_test.py : INFO  === Evaluation Finished === 
 Fitness: [4.758324648058151, -0.49823321554770317], Collision: True
2025-04-22 Tuesday 18:12:07  random_test.py : INFO  === Find a coollision ===
2025-04-22 Tuesday 18:12:12  random_test.py : INFO  === Evaluate Testcase === 
 def testcase(self):
    vehicle1 = NPC(lane_id=5, offset=23.51167218, initial_speed=24.63383096)
    ego = NPC(lane_id=2, offset=15.13191604, initial_speed=25.45626743)
    vehicle3 = NPC(lane_id=2, offset=10.53491045, initial_speed=37.42588877)
    vehicle3.accelerate(trigger_sequence=1, target_speed=54.67432255)
    vehicle1.accelerate(trigger_sequence=3, target_speed=32.79909518)
    vehicle1.decelerate(trigger_sequence=4, target_speed=21.69122158)
    vehicle3.changeLane(trigger_sequence=4, target_lane=3, target_speed=28.77245154)

2025-04-22 Tuesday 18:12:12  random_test.py : INFO  === Evaluation Finished === 
 Fitness: [inf, 0], Collision: False
2025-04-22 Tuesday 18:12:19  random_test.py : INFO  === Evaluate Testcase === 
 def testcase(self):
    ego = NPC(lane_id=1, offset=46.46091913, initial_speed=4.98830102)
    vehicle2 = NPC(lane_id=1, offset=32.51688598, initial_speed=26.66556234)
    vehicle2.changeLane(trigger_sequence=1, target_lane=3, target_speed=33.44964541)
    vehicle2.accelerate(trigger_sequence=2, target_speed=38.07261633)
    vehicle2.changeLane(trigger_sequence=3, target_lane=1, target_speed=8.31510428)
    vehicle2.decelerate(trigger_sequence=5, target_speed=23.14979777)

2025-04-22 Tuesday 18:12:19  random_test.py : INFO  === Evaluation Finished === 
 Fitness: [3.304236747002348, -0.465], Collision: True
2025-04-22 Tuesday 18:12:19  random_test.py : INFO  === Find a coollision ===
2025-04-22 Tuesday 18:12:26  random_test.py : INFO  === Evaluate Testcase === 
 def testcase(self):
    vehicle1 = NPC(lane_id=3, offset=42.64430414, initial_speed=20.99379355)
    vehicle2 = NPC(lane_id=4, offset=6.64092381, initial_speed=11.77293406)
    vehicle3 = NPC(lane_id=5, offset=45.96112726, initial_speed=30.0976204)
    ego = NPC(lane_id=3, offset=1.43859147, initial_speed=9.71367373)
    vehicle1.decelerate(trigger_sequence=1, target_speed=26.89627898)
    vehicle2.changeLane(trigger_sequence=1, target_lane=1, target_speed=56.39115178)
    vehicle3.decelerate(trigger_sequence=1, target_speed=2.90982559)
    vehicle1.changeLane(trigger_sequence=2, target_lane=1, target_speed=58.24419664)
    vehicle3.decelerate(trigger_sequence=2, target_speed=17.46796255)
    vehicle1.changeLane(trigger_sequence=3, target_lane=3, target_speed=52.7074378)
    vehicle3.decelerate(trigger_sequence=3, target_speed=18.97413447)
    vehicle1.changeLane(trigger_sequence=4, target_lane=3, target_speed=41.44746136)
    vehicle2.decelerate(trigger_sequence=5, target_speed=21.09938922)
    vehicle3.accelerate(trigger_sequence=5, target_speed=36.39605552)

2025-04-22 Tuesday 18:12:26  random_test.py : INFO  === Evaluation Finished === 
 Fitness: [6.548953485344967, -0.02], Collision: False
2025-04-22 Tuesday 18:12:33  random_test.py : INFO  === Evaluate Testcase === 
 def testcase(self):
    vehicle1 = NPC(lane_id=5, offset=40.0133135, initial_speed=22.32035638)
    ego = NPC(lane_id=1, offset=23.48062685, initial_speed=35.46722823)
    vehicle1.decelerate(trigger_sequence=2, target_speed=17.44622431)
    vehicle1.changeLane(trigger_sequence=3, target_lane=1, target_speed=20.1179857)
    vehicle1.accelerate(trigger_sequence=4, target_speed=46.78492261)

2025-04-22 Tuesday 18:12:33  random_test.py : INFO  === Evaluation Finished === 
 Fitness: [14.00040778643943, -0.29891304347826086], Collision: False
2025-04-22 Tuesday 18:12:40  random_test.py : INFO  === Evaluate Testcase === 
 def testcase(self):
    ego = NPC(lane_id=2, offset=25.5866235, initial_speed=14.76541826)
    vehicle2 = NPC(lane_id=4, offset=47.43347807, initial_speed=26.48900608)
    vehicle3 = NPC(lane_id=5, offset=4.77326082, initial_speed=32.05885615)
    vehicle2.accelerate(trigger_sequence=1, target_speed=59.57720885)
    vehicle3.accelerate(trigger_sequence=1, target_speed=58.37451984)
    vehicle3.changeLane(trigger_sequence=2, target_lane=3, target_speed=54.82936853)
    vehicle2.decelerate(trigger_sequence=3, target_speed=21.55283245)
    vehicle3.decelerate(trigger_sequence=3, target_speed=3.93845182)
    vehicle2.changeLane(trigger_sequence=4, target_lane=3, target_speed=26.65483693)
    vehicle3.changeLane(trigger_sequence=4, target_lane=1, target_speed=18.08656297)
    vehicle2.accelerate(trigger_sequence=5, target_speed=54.251358)

2025-04-22 Tuesday 18:12:40  random_test.py : INFO  === Evaluation Finished === 
 Fitness: [10.501630875031932, -0.023411371237458192], Collision: False
2025-04-22 Tuesday 18:12:48  random_test.py : INFO  === Evaluate Testcase === 
 def testcase(self):
    vehicle1 = NPC(lane_id=4, offset=5.87776278, initial_speed=13.40164055)
    ego = NPC(lane_id=3, offset=23.27194851, initial_speed=31.50851848)
    vehicle3 = NPC(lane_id=5, offset=20.06869181, initial_speed=32.98843207)
    vehicle4 = NPC(lane_id=4, offset=43.3183546, initial_speed=29.98693343)
    vehicle4.decelerate(trigger_sequence=2, target_speed=7.99929066)
    vehicle1.changeLane(trigger_sequence=3, target_lane=1, target_speed=36.70248421)
    vehicle3.accelerate(trigger_sequence=3, target_speed=41.10745099)
    vehicle1.decelerate(trigger_sequence=4, target_speed=25.46945602)
    vehicle3.accelerate(trigger_sequence=4, target_speed=58.90672064)
    vehicle4.changeLane(trigger_sequence=4, target_lane=3, target_speed=35.71248494)
    vehicle3.accelerate(trigger_sequence=5, target_speed=36.56471397)
    vehicle4.accelerate(trigger_sequence=5, target_speed=53.13243252)

2025-04-22 Tuesday 18:12:48  random_test.py : INFO  === Evaluation Finished === 
 Fitness: [3.5018579020441596, -0.40933572710951527], Collision: True
2025-04-22 Tuesday 18:12:48  random_test.py : INFO  === Find a coollision ===
2025-04-22 Tuesday 18:12:54  random_test.py : INFO  === Evaluate Testcase === 
 def testcase(self):
    ego = NPC(lane_id=4, offset=48.73416125, initial_speed=28.22204716)
    vehicle2 = NPC(lane_id=1, offset=21.243455, initial_speed=39.14133142)
    vehicle2.accelerate(trigger_sequence=1, target_speed=51.303918)
    vehicle2.accelerate(trigger_sequence=2, target_speed=30.38529122)
    vehicle2.decelerate(trigger_sequence=3, target_speed=21.36288587)

2025-04-22 Tuesday 18:12:54  random_test.py : INFO  === Evaluation Finished === 
 Fitness: [10.50047302804862, -0.45907473309608543], Collision: False
2025-04-22 Tuesday 18:13:02  random_test.py : INFO  === Evaluate Testcase === 
 def testcase(self):
    ego = NPC(lane_id=2, offset=1.3104795, initial_speed=0.94726312)
    vehicle2 = NPC(lane_id=4, offset=35.43642198, initial_speed=35.04034309)
    vehicle3 = NPC(lane_id=4, offset=26.08703713, initial_speed=34.73106471)
    vehicle4 = NPC(lane_id=1, offset=40.48992146, initial_speed=20.21427176)
    vehicle2.decelerate(trigger_sequence=1, target_speed=26.96018436)
    vehicle3.accelerate(trigger_sequence=1, target_speed=32.01025741)
    vehicle4.changeLane(trigger_sequence=2, target_lane=3, target_speed=23.87324569)
    vehicle2.changeLane(trigger_sequence=4, target_lane=3, target_speed=8.13830905)
    vehicle4.accelerate(trigger_sequence=4, target_speed=34.39450387)
    vehicle2.decelerate(trigger_sequence=5, target_speed=23.07300859)
    vehicle3.changeLane(trigger_sequence=5, target_lane=1, target_speed=39.04677895)

2025-04-22 Tuesday 18:13:02  random_test.py : INFO  === Evaluation Finished === 
 Fitness: [26.67845659622769, -0.5932773109243697], Collision: False
2025-04-22 Tuesday 18:13:08  random_test.py : INFO  === Evaluate Testcase === 
 def testcase(self):
    vehicle1 = NPC(lane_id=4, offset=30.20367996, initial_speed=10.67192062)
    ego = NPC(lane_id=3, offset=32.41491398, initial_speed=38.03462768)
    vehicle1.decelerate(trigger_sequence=1, target_speed=10.1814505)
    vehicle1.changeLane(trigger_sequence=2, target_lane=3, target_speed=22.12358094)
    vehicle1.accelerate(trigger_sequence=3, target_speed=49.62149402)

2025-04-22 Tuesday 18:13:08  random_test.py : INFO  === Evaluation Finished === 
 Fitness: [3.516322966281802, -0.2572992700729927], Collision: False
2025-04-22 Tuesday 18:13:13  random_test.py : INFO  === Evaluate Testcase === 
 def testcase(self):
    vehicle1 = NPC(lane_id=1, offset=20.71906185, initial_speed=24.50700176)
    ego = NPC(lane_id=2, offset=12.91213981, initial_speed=7.87297858)
    vehicle3 = NPC(lane_id=1, offset=23.10840033, initial_speed=7.33928846)
    vehicle1.changeLane(trigger_sequence=3, target_lane=3, target_speed=16.55321594)
    vehicle3.decelerate(trigger_sequence=3, target_speed=22.62215086)
    vehicle1.decelerate(trigger_sequence=4, target_speed=13.64012772)

2025-04-22 Tuesday 18:13:13  random_test.py : INFO  === Evaluation Finished === 
 Fitness: [inf, 0], Collision: False
2025-04-22 Tuesday 18:13:19  random_test.py : INFO  === Evaluate Testcase === 
 def testcase(self):
    ego = NPC(lane_id=5, offset=0.67241799, initial_speed=22.10904838)
    vehicle2 = NPC(lane_id=3, offset=4.71895537, initial_speed=33.2296726)
    vehicle2.changeLane(trigger_sequence=1, target_lane=3, target_speed=38.67879222)

2025-04-22 Tuesday 18:13:19  random_test.py : INFO  === Evaluation Finished === 
 Fitness: [8.318272441461728, -0.5551663747810858], Collision: False
2025-04-22 Tuesday 18:13:26  random_test.py : INFO  === Evaluate Testcase === 
 def testcase(self):
    vehicle1 = NPC(lane_id=1, offset=14.06542027, initial_speed=27.39518687)
    ego = NPC(lane_id=4, offset=27.68205985, initial_speed=38.43767393)
    vehicle3 = NPC(lane_id=3, offset=32.29428862, initial_speed=23.61160357)
    vehicle1.accelerate(trigger_sequence=1, target_speed=43.58057729)
    vehicle3.changeLane(trigger_sequence=1, target_lane=1, target_speed=57.39361803)
    vehicle3.accelerate(trigger_sequence=2, target_speed=44.04204134)
    vehicle1.changeLane(trigger_sequence=3, target_lane=1, target_speed=21.41667687)
    vehicle3.changeLane(trigger_sequence=4, target_lane=3, target_speed=59.35088757)

2025-04-22 Tuesday 18:13:26  random_test.py : INFO  === Evaluation Finished === 
 Fitness: [3.5001926181854257, -0.23357664233576642], Collision: False
2025-04-22 Tuesday 18:13:31  random_test.py : INFO  === Evaluate Testcase === 
 def testcase(self):
    vehicle1 = NPC(lane_id=2, offset=36.0401135, initial_speed=17.4384836)
    vehicle2 = NPC(lane_id=1, offset=23.81102715, initial_speed=23.07901564)
    ego = NPC(lane_id=1, offset=20.23729199, initial_speed=33.69470988)
    vehicle4 = NPC(lane_id=1, offset=28.51595478, initial_speed=14.25670398)
    vehicle1.decelerate(trigger_sequence=1, target_speed=2.38033814)
    vehicle2.decelerate(trigger_sequence=1, target_speed=25.79109273)
    vehicle4.accelerate(trigger_sequence=1, target_speed=57.61866431)
    vehicle1.decelerate(trigger_sequence=2, target_speed=14.33555837)
    vehicle2.decelerate(trigger_sequence=2, target_speed=24.26827635)
    vehicle1.accelerate(trigger_sequence=3, target_speed=35.45844764)
    vehicle2.changeLane(trigger_sequence=3, target_lane=3, target_speed=53.17635532)
    vehicle4.decelerate(trigger_sequence=3, target_speed=15.45955518)
    vehicle2.accelerate(trigger_sequence=4, target_speed=59.84450132)

2025-04-22 Tuesday 18:13:31  random_test.py : INFO  === Evaluation Finished === 
 Fitness: [inf, 0], Collision: False
2025-04-22 Tuesday 18:13:38  random_test.py : INFO  === Evaluate Testcase === 
 def testcase(self):
    vehicle1 = NPC(lane_id=5, offset=30.62369558, initial_speed=25.3203987)
    vehicle2 = NPC(lane_id=1, offset=30.0227734, initial_speed=39.46709938)
    ego = NPC(lane_id=2, offset=13.00873796, initial_speed=1.16413481)
    vehicle4 = NPC(lane_id=4, offset=30.90812445, initial_speed=26.46701699)
    vehicle1.decelerate(trigger_sequence=1, target_speed=0.83408247)
    vehicle1.accelerate(trigger_sequence=2, target_speed=42.97636156)
    vehicle2.accelerate(trigger_sequence=2, target_speed=58.44427357)
    vehicle4.decelerate(trigger_sequence=2, target_speed=10.339536)
    vehicle1.decelerate(trigger_sequence=3, target_speed=5.26535803)
    vehicle2.changeLane(trigger_sequence=3, target_lane=1, target_speed=24.87514319)
    vehicle4.changeLane(trigger_sequence=3, target_lane=3, target_speed=31.18619437)
    vehicle1.changeLane(trigger_sequence=4, target_lane=3, target_speed=20.26292803)
    vehicle2.accelerate(trigger_sequence=5, target_speed=41.9614637)
    vehicle4.accelerate(trigger_sequence=5, target_speed=41.77368632)

2025-04-22 Tuesday 18:13:38  random_test.py : INFO  === Evaluation Finished === 
 Fitness: [18.44362411091383, -0.653781512605042], Collision: False
2025-04-22 Tuesday 18:13:43  random_test.py : INFO  === Evaluate Testcase === 
 def testcase(self):
    vehicle1 = NPC(lane_id=3, offset=41.15627704, initial_speed=33.36867365)
    ego = NPC(lane_id=3, offset=44.27435968, initial_speed=24.47499248)
    vehicle3 = NPC(lane_id=5, offset=19.75866942, initial_speed=7.58382522)
    vehicle4 = NPC(lane_id=4, offset=9.93575181, initial_speed=2.30521502)
    vehicle1.decelerate(trigger_sequence=1, target_speed=3.08491103)
    vehicle3.changeLane(trigger_sequence=1, target_lane=3, target_speed=41.59502901)
    vehicle4.changeLane(trigger_sequence=1, target_lane=1, target_speed=15.73112341)
    vehicle1.changeLane(trigger_sequence=2, target_lane=1, target_speed=6.23263447)
    vehicle1.decelerate(trigger_sequence=3, target_speed=14.97866017)
    vehicle3.decelerate(trigger_sequence=3, target_speed=7.98060184)
    vehicle3.changeLane(trigger_sequence=4, target_lane=1, target_speed=35.39850366)
    vehicle4.accelerate(trigger_sequence=4, target_speed=39.47254955)
    vehicle3.accelerate(trigger_sequence=5, target_speed=50.49373839)
    vehicle4.changeLane(trigger_sequence=5, target_lane=3, target_speed=53.63954368)

2025-04-22 Tuesday 18:13:43  random_test.py : INFO  === Evaluation Finished === 
 Fitness: [inf, 0], Collision: False
2025-04-22 Tuesday 18:13:50  random_test.py : INFO  === Evaluate Testcase === 
 def testcase(self):
    vehicle1 = NPC(lane_id=5, offset=3.54311463, initial_speed=31.22167684)
    ego = NPC(lane_id=2, offset=11.67635971, initial_speed=18.34040336)
    vehicle3 = NPC(lane_id=2, offset=30.21011217, initial_speed=17.87378405)
    vehicle1.decelerate(trigger_sequence=1, target_speed=14.19471545)
    vehicle3.changeLane(trigger_sequence=1, target_lane=3, target_speed=26.64657147)
    vehicle3.changeLane(trigger_sequence=2, target_lane=3, target_speed=15.14205868)
    vehicle3.decelerate(trigger_sequence=3, target_speed=24.55591995)

2025-04-22 Tuesday 18:13:50  random_test.py : INFO  === Evaluation Finished === 
 Fitness: [10.507551001633345, -0.7058823529411765], Collision: False
2025-04-22 Tuesday 18:13:57  random_test.py : INFO  === Evaluate Testcase === 
 def testcase(self):
    ego = NPC(lane_id=2, offset=44.04000614, initial_speed=17.66491761)
    vehicle2 = NPC(lane_id=2, offset=27.51832154, initial_speed=37.01706332)
    vehicle3 = NPC(lane_id=4, offset=47.43922034, initial_speed=20.36406433)
    vehicle4 = NPC(lane_id=5, offset=42.95927461, initial_speed=14.41241912)
    vehicle3.decelerate(trigger_sequence=1, target_speed=13.37049827)
    vehicle3.decelerate(trigger_sequence=2, target_speed=28.90426464)
    vehicle4.accelerate(trigger_sequence=3, target_speed=51.38791958)
    vehicle2.changeLane(trigger_sequence=4, target_lane=1, target_speed=27.54443875)
    vehicle2.decelerate(trigger_sequence=5, target_speed=26.30553952)
    vehicle4.changeLane(trigger_sequence=5, target_lane=1, target_speed=33.7688866)

2025-04-22 Tuesday 18:13:57  random_test.py : INFO  === Evaluation Finished === 
 Fitness: [3.4993462154503354, -0.06228373702422145], Collision: True
2025-04-22 Tuesday 18:13:57  random_test.py : INFO  === Find a coollision ===
2025-04-22 Tuesday 18:14:04  random_test.py : INFO  === Evaluate Testcase === 
 def testcase(self):
    ego = NPC(lane_id=2, offset=39.54120513, initial_speed=2.32170225)
    vehicle2 = NPC(lane_id=1, offset=17.39628203, initial_speed=20.48146892)
    vehicle3 = NPC(lane_id=4, offset=31.8946392, initial_speed=37.37754533)
    vehicle4 = NPC(lane_id=1, offset=37.70651092, initial_speed=15.69800686)
    vehicle2.decelerate(trigger_sequence=1, target_speed=23.13117053)
    vehicle3.accelerate(trigger_sequence=1, target_speed=38.79943319)
    vehicle2.changeLane(trigger_sequence=2, target_lane=3, target_speed=57.69989384)
    vehicle2.changeLane(trigger_sequence=3, target_lane=1, target_speed=42.72681815)
    vehicle4.decelerate(trigger_sequence=3, target_speed=24.98451991)
    vehicle3.accelerate(trigger_sequence=4, target_speed=42.64788997)
    vehicle4.decelerate(trigger_sequence=4, target_speed=29.75525791)
    vehicle2.decelerate(trigger_sequence=5, target_speed=16.65703245)

2025-04-22 Tuesday 18:14:04  random_test.py : INFO  === Evaluation Finished === 
 Fitness: [3.492338019327527, -0.5536912751677853], Collision: False
2025-04-22 Tuesday 18:14:11  random_test.py : INFO  === Evaluate Testcase === 
 def testcase(self):
    ego = NPC(lane_id=2, offset=20.6792582, initial_speed=26.35798919)
    vehicle2 = NPC(lane_id=1, offset=26.8904935, initial_speed=23.9021423)
    vehicle2.changeLane(trigger_sequence=1, target_lane=3, target_speed=7.06810863)

2025-04-22 Tuesday 18:14:11  random_test.py : INFO  === Evaluation Finished === 
 Fitness: [1.754862342082482, -0.4627659574468085], Collision: True
2025-04-22 Tuesday 18:14:11  random_test.py : INFO  === Find a collision ===
2025-04-22 Tuesday 18:14:18  random_test.py : INFO  === Evaluate Testcase === 
 def testcase(self):
    vehicle1 = NPC(lane_id=1, offset=1.22901307, initial_speed=32.80594464)
    vehicle2 = NPC(lane_id=4, offset=27.30464273, initial_speed=11.55914493)
    ego = NPC(lane_id=5, offset=16.81283415, initial_speed=30.69819712)
    vehicle4 = NPC(lane_id=5, offset=1.24502309, initial_speed=4.9231558)
    vehicle1.accelerate(trigger_sequence=1, target_speed=57.68938456)
    vehicle2.changeLane(trigger_sequence=1, target_lane=1, target_speed=29.20419828)
    vehicle4.accelerate(trigger_sequence=1, target_speed=30.39008151)
    vehicle1.changeLane(trigger_sequence=2, target_lane=1, target_speed=56.61525076)
    vehicle2.decelerate(trigger_sequence=2, target_speed=17.36242732)
    vehicle4.accelerate(trigger_sequence=2, target_speed=54.20638144)
    vehicle1.changeLane(trigger_sequence=3, target_lane=3, target_speed=26.10784389)
    vehicle1.decelerate(trigger_sequence=4, target_speed=29.69675456)
    vehicle4.accelerate(trigger_sequence=4, target_speed=58.76030926)
    vehicle1.changeLane(trigger_sequence=5, target_lane=3, target_speed=56.15338649)
    vehicle2.changeLane(trigger_sequence=5, target_lane=1, target_speed=34.55672752)

2025-04-22 Tuesday 18:14:18  random_test.py : INFO  === Evaluation Finished === 
 Fitness: [3.5016669708895987, -0.3602150537634409], Collision: True
2025-04-22 Tuesday 18:14:18  random_test.py : INFO  === Find a coollision ===
2025-04-22 Tuesday 18:14:23  random_test.py : INFO  === Evaluate Testcase === 
 def testcase(self):
    ego = NPC(lane_id=4, offset=43.09349823, initial_speed=13.58305036)
    vehicle2 = NPC(lane_id=1, offset=45.46095252, initial_speed=29.46133491)
    vehicle3 = NPC(lane_id=1, offset=49.3809155, initial_speed=38.84548945)
    vehicle4 = NPC(lane_id=2, offset=38.6959261, initial_speed=16.39146797)
    vehicle3.accelerate(trigger_sequence=1, target_speed=36.03241169)
    vehicle4.accelerate(trigger_sequence=1, target_speed=47.65772404)
    vehicle3.decelerate(trigger_sequence=2, target_speed=13.3969288)
    vehicle4.decelerate(trigger_sequence=2, target_speed=5.32764071)
    vehicle2.decelerate(trigger_sequence=3, target_speed=6.21276769)
    vehicle4.changeLane(trigger_sequence=3, target_lane=1, target_speed=59.88077943)
    vehicle2.changeLane(trigger_sequence=4, target_lane=1, target_speed=52.59270179)
    vehicle3.decelerate(trigger_sequence=4, target_speed=0.1396875)
    vehicle2.changeLane(trigger_sequence=5, target_lane=1, target_speed=32.78800748)
    vehicle3.decelerate(trigger_sequence=5, target_speed=12.12761804)

2025-04-22 Tuesday 18:14:23  random_test.py : INFO  === Evaluation Finished === 
 Fitness: [inf, 0], Collision: False
2025-04-22 Tuesday 18:14:30  random_test.py : INFO  === Evaluate Testcase === 
 def testcase(self):
    vehicle1 = NPC(lane_id=5, offset=3.15988824, initial_speed=24.67979062)
    vehicle2 = NPC(lane_id=5, offset=22.6516335, initial_speed=10.17026395)
    ego = NPC(lane_id=1, offset=29.34195546, initial_speed=18.9006094)
    vehicle2.accelerate(trigger_sequence=1, target_speed=43.7574179)
    vehicle1.changeLane(trigger_sequence=3, target_lane=3, target_speed=7.02898041)
    vehicle1.changeLane(trigger_sequence=4, target_lane=3, target_speed=56.37353118)
    vehicle2.decelerate(trigger_sequence=5, target_speed=28.02309673)

2025-04-22 Tuesday 18:14:30  random_test.py : INFO  === Evaluation Finished === 
 Fitness: [14.0016897883966, -0.658578856152513], Collision: False
2025-04-22 Tuesday 18:14:37  random_test.py : INFO  === Evaluate Testcase === 
 def testcase(self):
    vehicle1 = NPC(lane_id=3, offset=35.59672198, initial_speed=28.33919108)
    ego = NPC(lane_id=5, offset=3.96434518, initial_speed=0.4746798)
    vehicle3 = NPC(lane_id=1, offset=12.60676233, initial_speed=5.57566212)
    vehicle4 = NPC(lane_id=4, offset=37.80796186, initial_speed=33.78844705)
    vehicle3.changeLane(trigger_sequence=1, target_lane=3, target_speed=16.80305518)

2025-04-22 Tuesday 18:14:37  random_test.py : INFO  === Evaluation Finished === 
 Fitness: [16.526786353646663, -0.653781512605042], Collision: False
2025-04-22 Tuesday 18:14:42  random_test.py : INFO  === Evaluate Testcase === 
 def testcase(self):
    ego = NPC(lane_id=3, offset=45.72879993, initial_speed=36.9759093)
    vehicle2 = NPC(lane_id=3, offset=43.39875354, initial_speed=10.91500893)
    vehicle2.accelerate(trigger_sequence=1, target_speed=33.47592573)

2025-04-22 Tuesday 18:14:42  random_test.py : INFO  === Evaluation Finished === 
 Fitness: [inf, 0], Collision: False
2025-04-22 Tuesday 18:14:48  random_test.py : INFO  === Evaluate Testcase === 
 def testcase(self):
    vehicle1 = NPC(lane_id=3, offset=2.19944792, initial_speed=37.52486393)
    vehicle2 = NPC(lane_id=1, offset=21.71278508, initial_speed=15.90459625)
    ego = NPC(lane_id=5, offset=1.91085556, initial_speed=16.54997411)
    vehicle1.decelerate(trigger_sequence=3, target_speed=8.02929808)
    vehicle1.accelerate(trigger_sequence=4, target_speed=57.97011248)
    vehicle2.accelerate(trigger_sequence=5, target_speed=59.44422591)

2025-04-22 Tuesday 18:14:48  random_test.py : INFO  === Evaluation Finished === 
 Fitness: [7.116342157993257, -0.021775544388609715], Collision: False
2025-04-22 Tuesday 18:14:55  random_test.py : INFO  === Evaluate Testcase === 
 def testcase(self):
    ego = NPC(lane_id=2, offset=1.8795689, initial_speed=37.63372845)
    vehicle2 = NPC(lane_id=5, offset=6.98710723, initial_speed=18.15118874)
    vehicle3 = NPC(lane_id=4, offset=1.87223629, initial_speed=28.42057533)
    vehicle3.changeLane(trigger_sequence=2, target_lane=3, target_speed=3.10591389)
    vehicle3.decelerate(trigger_sequence=3, target_speed=4.51835886)
    vehicle3.decelerate(trigger_sequence=4, target_speed=9.88828756)

2025-04-22 Tuesday 18:14:55  random_test.py : INFO  === Evaluation Finished === 
 Fitness: [7.00074692577466, -0.28233151183970856], Collision: False
2025-04-22 Tuesday 18:15:02  random_test.py : INFO  === Evaluate Testcase === 
 def testcase(self):
    vehicle1 = NPC(lane_id=4, offset=25.7681174, initial_speed=36.85195934)
    ego = NPC(lane_id=4, offset=35.32815696, initial_speed=6.54036772)
    vehicle1.accelerate(trigger_sequence=2, target_speed=38.42243896)
    vehicle1.decelerate(trigger_sequence=4, target_speed=1.44250246)
    vehicle1.changeLane(trigger_sequence=5, target_lane=1, target_speed=55.44208954)

2025-04-22 Tuesday 18:15:02  random_test.py : INFO  === Evaluation Finished === 
 Fitness: [4.804316457929222, -0.965], Collision: True
2025-04-22 Tuesday 18:15:02  random_test.py : INFO  === Find a coollision ===
2025-04-22 Tuesday 18:15:09  random_test.py : INFO  === Evaluate Testcase === 
 def testcase(self):
    vehicle1 = NPC(lane_id=2, offset=32.36273481, initial_speed=11.53019242)
    vehicle2 = NPC(lane_id=3, offset=15.13220908, initial_speed=4.2307846)
    ego = NPC(lane_id=2, offset=44.66658971, initial_speed=32.38973766)
    vehicle4 = NPC(lane_id=3, offset=26.06218136, initial_speed=28.41771184)
    vehicle2.decelerate(trigger_sequence=1, target_speed=9.31556541)
    vehicle1.changeLane(trigger_sequence=2, target_lane=3, target_speed=41.51094156)
    vehicle4.decelerate(trigger_sequence=2, target_speed=0.09697887)
    vehicle1.accelerate(trigger_sequence=3, target_speed=47.44091208)
    vehicle2.changeLane(trigger_sequence=3, target_lane=3, target_speed=37.00244162)
    vehicle4.accelerate(trigger_sequence=3, target_speed=31.33179843)
    vehicle1.decelerate(trigger_sequence=4, target_speed=20.97719149)
    vehicle1.decelerate(trigger_sequence=5, target_speed=4.36068657)

2025-04-22 Tuesday 18:15:09  random_test.py : INFO  === Evaluation Finished === 
 Fitness: [9.803870204756985, -0.35251798561151076], Collision: False
2025-04-22 Tuesday 18:15:16  random_test.py : INFO  === Evaluate Testcase === 
 def testcase(self):
    ego = NPC(lane_id=1, offset=4.08162252, initial_speed=34.47352328)
    vehicle2 = NPC(lane_id=2, offset=19.18545195, initial_speed=8.77996593)
    vehicle3 = NPC(lane_id=5, offset=36.14201759, initial_speed=37.50755045)
    vehicle4 = NPC(lane_id=1, offset=47.79080824, initial_speed=8.99310885)
    vehicle2.changeLane(trigger_sequence=1, target_lane=3, target_speed=40.12658249)
    vehicle2.accelerate(trigger_sequence=2, target_speed=51.25795507)
    vehicle2.decelerate(trigger_sequence=3, target_speed=13.70498727)
    vehicle4.changeLane(trigger_sequence=3, target_lane=3, target_speed=7.06316556)
    vehicle2.accelerate(trigger_sequence=4, target_speed=48.30007384)
    vehicle4.decelerate(trigger_sequence=4, target_speed=28.46661148)
    vehicle2.decelerate(trigger_sequence=5, target_speed=3.37336897)
    vehicle4.decelerate(trigger_sequence=5, target_speed=8.21737866)

2025-04-22 Tuesday 18:15:16  random_test.py : INFO  === Evaluation Finished === 
 Fitness: [3.5031437675903865, -0.33815551537070526], Collision: False
2025-04-22 Tuesday 18:15:23  random_test.py : INFO  === Evaluate Testcase === 
 def testcase(self):
    ego = NPC(lane_id=5, offset=15.74268029, initial_speed=26.98132386)
    vehicle2 = NPC(lane_id=4, offset=6.14468462, initial_speed=34.12765097)
    vehicle3 = NPC(lane_id=2, offset=26.64126479, initial_speed=29.82785178)
    vehicle2.decelerate(trigger_sequence=1, target_speed=29.34809038)
    vehicle3.decelerate(trigger_sequence=1, target_speed=13.30219781)
    vehicle2.changeLane(trigger_sequence=2, target_lane=1, target_speed=58.7296941)
    vehicle3.accelerate(trigger_sequence=2, target_speed=43.07786897)
    vehicle3.accelerate(trigger_sequence=3, target_speed=40.16279297)
    vehicle3.decelerate(trigger_sequence=4, target_speed=15.92930578)
    vehicle2.accelerate(trigger_sequence=5, target_speed=53.50751052)

2025-04-22 Tuesday 18:15:23  random_test.py : INFO  === Evaluation Finished === 
 Fitness: [3.493257309956056, -0.4635879218472469], Collision: False
2025-04-22 Tuesday 18:15:30  random_test.py : INFO  === Evaluate Testcase === 
 def testcase(self):
    vehicle1 = NPC(lane_id=4, offset=31.45722704, initial_speed=18.48066885)
    ego = NPC(lane_id=1, offset=9.32481395, initial_speed=1.98645769)
    vehicle1.accelerate(trigger_sequence=1, target_speed=55.38750959)
    vehicle1.accelerate(trigger_sequence=2, target_speed=36.00639352)
    vehicle1.changeLane(trigger_sequence=3, target_lane=1, target_speed=23.47655239)
    vehicle1.accelerate(trigger_sequence=4, target_speed=46.95610319)

2025-04-22 Tuesday 18:15:30  random_test.py : INFO  === Evaluation Finished === 
 Fitness: [24.73288676201305, -0.6144781144781145], Collision: False
2025-04-22 Tuesday 18:15:37  random_test.py : INFO  === Evaluate Testcase === 
 def testcase(self):
    vehicle1 = NPC(lane_id=2, offset=34.53723074, initial_speed=6.04547213)
    vehicle2 = NPC(lane_id=4, offset=46.13404086, initial_speed=34.7585546)
    vehicle3 = NPC(lane_id=1, offset=0.76865934, initial_speed=30.75649931)
    ego = NPC(lane_id=5, offset=0.80878124, initial_speed=9.45279257)
    vehicle1.changeLane(trigger_sequence=1, target_lane=3, target_speed=31.46887492)
    vehicle1.decelerate(trigger_sequence=2, target_speed=26.15244096)
    vehicle3.accelerate(trigger_sequence=2, target_speed=56.17409845)
    vehicle1.changeLane(trigger_sequence=4, target_lane=1, target_speed=33.61307384)
    vehicle3.accelerate(trigger_sequence=5, target_speed=46.94485321)

2025-04-22 Tuesday 18:15:37  random_test.py : INFO  === Evaluation Finished === 
 Fitness: [13.996141979517196, -0.035], Collision: False
2025-04-22 Tuesday 18:15:42  random_test.py : INFO  === Evaluate Testcase === 
 def testcase(self):
    vehicle1 = NPC(lane_id=1, offset=47.4384365, initial_speed=30.31057232)
    vehicle2 = NPC(lane_id=3, offset=37.52598329, initial_speed=20.32243896)
    vehicle3 = NPC(lane_id=4, offset=8.87463949, initial_speed=30.87493142)
    ego = NPC(lane_id=1, offset=44.15487172, initial_speed=34.92656242)
    vehicle1.decelerate(trigger_sequence=1, target_speed=27.52276994)
    vehicle2.changeLane(trigger_sequence=1, target_lane=1, target_speed=38.22899525)
    vehicle2.decelerate(trigger_sequence=2, target_speed=13.54950723)
    vehicle3.decelerate(trigger_sequence=2, target_speed=12.87612699)
    vehicle2.decelerate(trigger_sequence=3, target_speed=26.29564293)
    vehicle3.decelerate(trigger_sequence=3, target_speed=3.37337157)
    vehicle1.changeLane(trigger_sequence=4, target_lane=3, target_speed=41.72485829)
    vehicle1.accelerate(trigger_sequence=5, target_speed=37.78740503)
    vehicle3.accelerate(trigger_sequence=5, target_speed=48.06159533)

2025-04-22 Tuesday 18:15:42  random_test.py : INFO  === Evaluation Finished === 
 Fitness: [inf, 0], Collision: False
2025-04-22 Tuesday 18:15:49  random_test.py : INFO  === Evaluate Testcase === 
 def testcase(self):
    vehicle1 = NPC(lane_id=5, offset=9.99359811, initial_speed=15.25053092)
    ego = NPC(lane_id=1, offset=2.78095123, initial_speed=19.71788551)
    vehicle1.decelerate(trigger_sequence=2, target_speed=13.12732139)
    vehicle1.decelerate(trigger_sequence=3, target_speed=27.72760016)
    vehicle1.changeLane(trigger_sequence=5, target_lane=3, target_speed=33.17048025)

2025-04-22 Tuesday 18:15:49  random_test.py : INFO  === Evaluation Finished === 
 Fitness: [14.000860457350688, -0.5920138888888888], Collision: False
2025-04-22 Tuesday 18:15:53  random_test.py : INFO  === Evaluate Testcase === 
 def testcase(self):
    ego = NPC(lane_id=2, offset=11.99664052, initial_speed=28.25469393)
    vehicle2 = NPC(lane_id=5, offset=29.56803179, initial_speed=13.89318755)
    vehicle3 = NPC(lane_id=5, offset=26.30243336, initial_speed=24.56069022)
    vehicle2.changeLane(trigger_sequence=1, target_lane=3, target_speed=14.97807305)
    vehicle3.changeLane(trigger_sequence=1, target_lane=3, target_speed=1.42648987)
    vehicle3.decelerate(trigger_sequence=2, target_speed=13.6169498)

2025-04-22 Tuesday 18:15:53  random_test.py : INFO  === Evaluation Finished === 
 Fitness: [inf, 0], Collision: False
2025-04-22 Tuesday 18:16:00  random_test.py : INFO  === Evaluate Testcase === 
 def testcase(self):
    vehicle1 = NPC(lane_id=3, offset=29.57047159, initial_speed=33.08793965)
    ego = NPC(lane_id=5, offset=5.2438757, initial_speed=25.21683237)
    vehicle1.accelerate(trigger_sequence=1, target_speed=31.78048923)
    vehicle1.accelerate(trigger_sequence=2, target_speed=41.96480004)
    vehicle1.accelerate(trigger_sequence=3, target_speed=31.26052173)
    vehicle1.decelerate(trigger_sequence=4, target_speed=27.15792422)
    vehicle1.decelerate(trigger_sequence=5, target_speed=21.58387647)

2025-04-22 Tuesday 18:16:00  random_test.py : INFO  === Evaluation Finished === 
 Fitness: [25.75312679921891, -0.4929328621908127], Collision: False
2025-04-22 Tuesday 18:16:06  random_test.py : INFO  === Evaluate Testcase === 
 def testcase(self):
    vehicle1 = NPC(lane_id=1, offset=30.32475352, initial_speed=5.94910866)
    ego = NPC(lane_id=2, offset=39.887801, initial_speed=15.70112516)
    vehicle1.changeLane(trigger_sequence=1, target_lane=1, target_speed=40.52802902)
    vehicle1.accelerate(trigger_sequence=4, target_speed=46.51217646)
    vehicle1.accelerate(trigger_sequence=5, target_speed=48.98154108)

2025-04-22 Tuesday 18:16:06  random_test.py : INFO  === Evaluation Finished === 
 Fitness: [9.247370128120687, -0.020134228187919462], Collision: False
2025-04-22 Tuesday 18:16:11  random_test.py : INFO  === Evaluate Testcase === 
 def testcase(self):
    vehicle1 = NPC(lane_id=5, offset=45.22261279, initial_speed=18.27076897)
    vehicle2 = NPC(lane_id=1, offset=3.52135041, initial_speed=5.56896167)
    ego = NPC(lane_id=1, offset=5.34976104, initial_speed=28.51697917)
    vehicle4 = NPC(lane_id=4, offset=35.6651327, initial_speed=3.59401643)
    vehicle2.changeLane(trigger_sequence=1, target_lane=3, target_speed=21.13914104)
    vehicle4.accelerate(trigger_sequence=1, target_speed=32.31065853)
    vehicle1.decelerate(trigger_sequence=2, target_speed=19.35742756)
    vehicle4.changeLane(trigger_sequence=2, target_lane=1, target_speed=6.54905719)
    vehicle2.decelerate(trigger_sequence=3, target_speed=20.27163248)
    vehicle2.changeLane(trigger_sequence=4, target_lane=1, target_speed=46.88630458)
    vehicle4.changeLane(trigger_sequence=4, target_lane=3, target_speed=12.10354977)
    vehicle1.accelerate(trigger_sequence=5, target_speed=54.06240511)

2025-04-22 Tuesday 18:16:11  random_test.py : INFO  === Evaluation Finished === 
 Fitness: [inf, 0], Collision: False
2025-04-22 Tuesday 18:16:18  random_test.py : INFO  === Evaluate Testcase === 
 def testcase(self):
    ego = NPC(lane_id=3, offset=1.56162663, initial_speed=30.50936879)
    vehicle2 = NPC(lane_id=2, offset=48.46180016, initial_speed=34.53453672)
    vehicle3 = NPC(lane_id=5, offset=9.92842226, initial_speed=24.84596472)
    vehicle4 = NPC(lane_id=2, offset=16.8492646, initial_speed=10.80446918)
    vehicle3.accelerate(trigger_sequence=1, target_speed=58.65121257)
    vehicle4.decelerate(trigger_sequence=1, target_speed=0.8935354)
    vehicle4.accelerate(trigger_sequence=2, target_speed=52.61859357)
    vehicle2.decelerate(trigger_sequence=3, target_speed=12.67835359)
    vehicle3.decelerate(trigger_sequence=3, target_speed=27.87855642)
    vehicle2.accelerate(trigger_sequence=4, target_speed=50.11678284)
    vehicle3.decelerate(trigger_sequence=4, target_speed=11.83876604)
    vehicle3.changeLane(trigger_sequence=5, target_lane=3, target_speed=37.18994414)

2025-04-22 Tuesday 18:16:18  random_test.py : INFO  === Evaluation Finished === 
 Fitness: [3.50018536769851, -0.5026833631484794], Collision: False
2025-04-22 Tuesday 18:16:24  random_test.py : INFO  === Evaluate Testcase === 
 def testcase(self):
    ego = NPC(lane_id=2, offset=4.01447281, initial_speed=16.96419083)
    vehicle2 = NPC(lane_id=5, offset=16.38697207, initial_speed=22.44002395)
    vehicle2.decelerate(trigger_sequence=4, target_speed=2.04590383)
    vehicle2.accelerate(trigger_sequence=5, target_speed=49.36522617)

2025-04-22 Tuesday 18:16:24  random_test.py : INFO  === Evaluation Finished === 
 Fitness: [16.472140549495137, -0.018998272884283247], Collision: False
2025-04-22 Tuesday 18:16:31  random_test.py : INFO  === Evaluate Testcase === 
 def testcase(self):
    vehicle1 = NPC(lane_id=3, offset=32.17373116, initial_speed=23.08129742)
    ego = NPC(lane_id=5, offset=38.53369904, initial_speed=37.86395362)
    vehicle1.decelerate(trigger_sequence=2, target_speed=23.60372512)

2025-04-22 Tuesday 18:16:31  random_test.py : INFO  === Evaluation Finished === 
 Fitness: [7.001628696850971, -0.273224043715847], Collision: False
2025-04-22 Tuesday 18:16:35  random_test.py : INFO  === Evaluate Testcase === 
 def testcase(self):
    vehicle1 = NPC(lane_id=2, offset=28.33415867, initial_speed=5.29590553)
    vehicle2 = NPC(lane_id=2, offset=30.93159099, initial_speed=31.57393622)
    ego = NPC(lane_id=4, offset=30.73276861, initial_speed=4.23219218)
    vehicle2.accelerate(trigger_sequence=1, target_speed=54.86770743)
    vehicle1.accelerate(trigger_sequence=2, target_speed=45.38659071)
    vehicle2.decelerate(trigger_sequence=2, target_speed=29.93564786)
    vehicle1.decelerate(trigger_sequence=3, target_speed=11.18208717)
    vehicle2.changeLane(trigger_sequence=3, target_lane=1, target_speed=40.73381357)
    vehicle1.decelerate(trigger_sequence=4, target_speed=6.9947525)

2025-04-22 Tuesday 18:16:35  random_test.py : INFO  === Evaluation Finished === 
 Fitness: [inf, 0], Collision: False
2025-04-22 Tuesday 18:16:42  random_test.py : INFO  === Evaluate Testcase === 
 def testcase(self):
    ego = NPC(lane_id=2, offset=12.12215815, initial_speed=25.96796628)
    vehicle2 = NPC(lane_id=3, offset=39.91876336, initial_speed=7.22804556)
    vehicle3 = NPC(lane_id=2, offset=26.38817757, initial_speed=28.84637782)
    vehicle2.accelerate(trigger_sequence=2, target_speed=55.37547956)
    vehicle2.accelerate(trigger_sequence=3, target_speed=47.69114203)

2025-04-22 Tuesday 18:16:42  random_test.py : INFO  === Evaluation Finished === 
 Fitness: [3.5006210987309063, -0.479646017699115], Collision: False
2025-04-22 Tuesday 18:16:49  random_test.py : INFO  === Evaluate Testcase === 
 def testcase(self):
    ego = NPC(lane_id=2, offset=28.47669572, initial_speed=3.37132009)
    vehicle2 = NPC(lane_id=4, offset=35.19908847, initial_speed=28.94671939)
    vehicle3 = NPC(lane_id=5, offset=30.37851434, initial_speed=1.49834875)
    vehicle4 = NPC(lane_id=1, offset=1.42447591, initial_speed=1.00500229)
    vehicle2.decelerate(trigger_sequence=1, target_speed=1.68020413)
    vehicle3.accelerate(trigger_sequence=1, target_speed=40.21941277)
    vehicle2.decelerate(trigger_sequence=2, target_speed=23.95898632)
    vehicle4.accelerate(trigger_sequence=2, target_speed=45.71624115)
    vehicle2.decelerate(trigger_sequence=3, target_speed=0.93764975)
    vehicle3.decelerate(trigger_sequence=3, target_speed=1.17710672)
    vehicle3.changeLane(trigger_sequence=4, target_lane=1, target_speed=5.85189538)
    vehicle4.accelerate(trigger_sequence=4, target_speed=31.73489507)
    vehicle2.changeLane(trigger_sequence=5, target_lane=3, target_speed=31.12321378)
    vehicle3.decelerate(trigger_sequence=5, target_speed=1.21503912)
    vehicle4.decelerate(trigger_sequence=5, target_speed=14.99103457)

2025-04-22 Tuesday 18:16:49  random_test.py : INFO  === Evaluation Finished === 
 Fitness: [3.5027125509030377, -0.49161073825503354], Collision: False
2025-04-22 Tuesday 18:16:56  random_test.py : INFO  === Evaluate Testcase === 
 def testcase(self):
    vehicle1 = NPC(lane_id=4, offset=39.19656919, initial_speed=8.27960983)
    ego = NPC(lane_id=4, offset=32.70172229, initial_speed=7.53385938)
    vehicle1.changeLane(trigger_sequence=1, target_lane=1, target_speed=39.57570888)
    vehicle1.changeLane(trigger_sequence=2, target_lane=1, target_speed=56.82443808)
    vehicle1.decelerate(trigger_sequence=4, target_speed=5.7631185)

2025-04-22 Tuesday 18:16:56  random_test.py : INFO  === Evaluation Finished === 
 Fitness: [6.609836425932407, -0.03], Collision: False
2025-04-22 Tuesday 18:17:03  random_test.py : INFO  === Evaluate Testcase === 
 def testcase(self):
    vehicle1 = NPC(lane_id=3, offset=31.07022211, initial_speed=38.79370238)
    ego = NPC(lane_id=5, offset=49.51422729, initial_speed=24.19455714)
    vehicle3 = NPC(lane_id=5, offset=27.99048691, initial_speed=37.48464294)
    vehicle1.accelerate(trigger_sequence=1, target_speed=52.46518119)
    vehicle3.changeLane(trigger_sequence=2, target_lane=3, target_speed=5.98828225)
    vehicle1.decelerate(trigger_sequence=3, target_speed=9.82639479)
    vehicle3.decelerate(trigger_sequence=4, target_speed=18.88639069)
    vehicle1.decelerate(trigger_sequence=5, target_speed=0.09790628)
    vehicle3.accelerate(trigger_sequence=5, target_speed=50.00135688)

2025-04-22 Tuesday 18:17:03  random_test.py : INFO  === Evaluation Finished === 
 Fitness: [4.7597893056255485, -0.5343915343915344], Collision: True
2025-04-22 Tuesday 18:17:03  random_test.py : INFO  === Find a coollision ===
2025-04-22 Tuesday 18:17:10  random_test.py : INFO  === Evaluate Testcase === 
 def testcase(self):
    vehicle1 = NPC(lane_id=2, offset=2.50308315, initial_speed=37.75773144)
    vehicle2 = NPC(lane_id=3, offset=28.90235058, initial_speed=14.34840713)
    ego = NPC(lane_id=1, offset=7.52608274, initial_speed=7.29491351)
    vehicle1.decelerate(trigger_sequence=1, target_speed=6.88626255)
    vehicle2.decelerate(trigger_sequence=1, target_speed=17.69875899)
    vehicle1.decelerate(trigger_sequence=3, target_speed=0.29852579)
    vehicle2.decelerate(trigger_sequence=4, target_speed=21.83860807)
    vehicle2.decelerate(trigger_sequence=5, target_speed=3.03901662)

2025-04-22 Tuesday 18:17:10  random_test.py : INFO  === Evaluation Finished === 
 Fitness: [3.5146063374968746, -0.04], Collision: False
2025-04-22 Tuesday 18:17:17  random_test.py : INFO  === Evaluate Testcase === 
 def testcase(self):
    ego = NPC(lane_id=5, offset=29.18481338, initial_speed=20.80487306)
    vehicle2 = NPC(lane_id=3, offset=45.14839851, initial_speed=28.80948587)
    vehicle2.accelerate(trigger_sequence=1, target_speed=56.23907817)
    vehicle2.accelerate(trigger_sequence=4, target_speed=39.65603519)
    vehicle2.changeLane(trigger_sequence=5, target_lane=1, target_speed=40.69579565)

2025-04-22 Tuesday 18:17:17  random_test.py : INFO  === Evaluation Finished === 
 Fitness: [17.79442272049247, -0.6104347826086957], Collision: False
2025-04-22 Tuesday 18:17:23  random_test.py : INFO  === Evaluate Testcase === 
 def testcase(self):
    vehicle1 = NPC(lane_id=3, offset=26.34851138, initial_speed=28.76954534)
    ego = NPC(lane_id=3, offset=2.99393769, initial_speed=6.53848682)
    vehicle1.changeLane(trigger_sequence=1, target_lane=3, target_speed=34.94695169)
    vehicle1.decelerate(trigger_sequence=2, target_speed=23.99329362)
    vehicle1.decelerate(trigger_sequence=3, target_speed=24.08422722)
    vehicle1.decelerate(trigger_sequence=4, target_speed=12.24335569)
    vehicle1.changeLane(trigger_sequence=5, target_lane=3, target_speed=43.26877327)

2025-04-22 Tuesday 18:17:23  random_test.py : INFO  === Evaluation Finished === 
 Fitness: [23.754135157241915, -0.9666666666666667], Collision: False
2025-04-22 Tuesday 18:17:31  random_test.py : INFO  === Evaluate Testcase === 
 def testcase(self):
    vehicle1 = NPC(lane_id=5, offset=17.01660525, initial_speed=29.04642752)
    ego = NPC(lane_id=4, offset=42.49608823, initial_speed=17.8795028)
    vehicle3 = NPC(lane_id=5, offset=2.04456093, initial_speed=27.97928175)
    vehicle4 = NPC(lane_id=5, offset=48.55749982, initial_speed=20.38242519)
    vehicle4.changeLane(trigger_sequence=2, target_lane=3, target_speed=23.14778891)
    vehicle3.decelerate(trigger_sequence=3, target_speed=5.30412038)
    vehicle1.changeLane(trigger_sequence=5, target_lane=1, target_speed=35.10243524)
    vehicle3.changeLane(trigger_sequence=5, target_lane=3, target_speed=47.91802353)

2025-04-22 Tuesday 18:17:31  random_test.py : INFO  === Evaluation Finished === 
 Fitness: [3.5007961189449714, -0.10726643598615918], Collision: True
2025-04-22 Tuesday 18:17:31  random_test.py : INFO  === Find a coollision ===
2025-04-22 Tuesday 18:17:38  random_test.py : INFO  === Evaluate Testcase === 
 def testcase(self):
    vehicle1 = NPC(lane_id=4, offset=17.67172307, initial_speed=19.52188393)
    vehicle2 = NPC(lane_id=5, offset=49.56941265, initial_speed=4.41572063)
    vehicle3 = NPC(lane_id=1, offset=30.46828245, initial_speed=39.33332861)
    ego = NPC(lane_id=1, offset=36.83978491, initial_speed=4.90405596)
    vehicle1.accelerate(trigger_sequence=1, target_speed=46.88602533)
    vehicle2.decelerate(trigger_sequence=1, target_speed=7.42813579)
    vehicle1.decelerate(trigger_sequence=2, target_speed=29.12047108)
    vehicle3.decelerate(trigger_sequence=2, target_speed=29.67696712)
    vehicle1.accelerate(trigger_sequence=3, target_speed=48.87635782)
    vehicle2.changeLane(trigger_sequence=5, target_lane=1, target_speed=40.80127702)

2025-04-22 Tuesday 18:17:38  random_test.py : INFO  === Evaluation Finished === 
 Fitness: [4.694474834875513, -0.5008403361344538], Collision: True
2025-04-22 Tuesday 18:17:38  random_test.py : INFO  === Find a coollision ===
2025-04-22 Tuesday 18:17:45  random_test.py : INFO  === Evaluate Testcase === 
 def testcase(self):
    vehicle1 = NPC(lane_id=2, offset=7.91396881, initial_speed=16.74407554)
    vehicle2 = NPC(lane_id=4, offset=48.92223756, initial_speed=30.84469124)
    ego = NPC(lane_id=5, offset=44.45761853, initial_speed=17.41923027)
    vehicle4 = NPC(lane_id=3, offset=29.43798601, initial_speed=24.19103631)
    vehicle2.decelerate(trigger_sequence=1, target_speed=0.51585752)
    vehicle2.accelerate(trigger_sequence=2, target_speed=54.543424)
    vehicle4.changeLane(trigger_sequence=2, target_lane=3, target_speed=35.54605289)
    vehicle2.decelerate(trigger_sequence=3, target_speed=27.61660073)
    vehicle4.changeLane(trigger_sequence=3, target_lane=3, target_speed=5.86985817)
    vehicle1.decelerate(trigger_sequence=4, target_speed=6.59618755)
    vehicle4.changeLane(trigger_sequence=4, target_lane=1, target_speed=36.37469602)
    vehicle1.accelerate(trigger_sequence=5, target_speed=42.32514399)
    vehicle2.accelerate(trigger_sequence=5, target_speed=49.6451816)
    vehicle4.changeLane(trigger_sequence=5, target_lane=1, target_speed=47.51664438)

2025-04-22 Tuesday 18:17:45  random_test.py : INFO  === Evaluation Finished === 
 Fitness: [6.36417975647844, -0.02072538860103627], Collision: False
2025-04-22 Tuesday 18:17:52  random_test.py : INFO  === Evaluate Testcase === 
 def testcase(self):
    ego = NPC(lane_id=1, offset=26.50111261, initial_speed=9.55188614)
    vehicle2 = NPC(lane_id=1, offset=34.79837136, initial_speed=31.17023142)
    vehicle2.decelerate(trigger_sequence=1, target_speed=21.33548405)
    vehicle2.changeLane(trigger_sequence=2, target_lane=3, target_speed=2.06511632)
    vehicle2.accelerate(trigger_sequence=3, target_speed=57.23607751)
    vehicle2.accelerate(trigger_sequence=4, target_speed=47.22818054)

2025-04-22 Tuesday 18:17:52  random_test.py : INFO  === Evaluation Finished === 
 Fitness: [8.730165793989032, -0.03333333333333333], Collision: False
2025-04-22 Tuesday 18:17:58  random_test.py : INFO  === Evaluate Testcase === 
 def testcase(self):
    vehicle1 = NPC(lane_id=4, offset=33.24620101, initial_speed=3.92827784)
    ego = NPC(lane_id=4, offset=38.33672741, initial_speed=24.91597148)

2025-04-22 Tuesday 18:17:58  random_test.py : INFO  === Evaluation Finished === 
 Fitness: [4.744961535102448, -0.4929328621908127], Collision: True
2025-04-22 Tuesday 18:17:58  random_test.py : INFO  === Find a coollision ===
